customer_id,first_name,last_name,email,city,state,zip_code,signup_date,segment
CUST_00001,Ava,Jones,ava.jones1@example-domain.com,San Diego,California,92101,2023-10-10,Consumer
CUST_00002,Olivia,Hernandez,olivia.hernandez2@example-domain.com,Raleigh,North Carolina,27601,2023-10-01,Small Business
CUST_00003,Alex,Martinez,alex.martinez3@example-domain.com,Orlando,Florida,32801,2024-08-24,Corporate
CUST_00004,Mia,Thomas,mia.thomas4@example-domain.com,Buffalo,New York,14201,2024-04-02,Consumer
CUST_00005,Lucas,Thomas,lucas.thomas5@example-domain.com,Seattle,Washington,98101,2023-12-07,Consumer
CUST_00006,Lucas,Moore,lucas.moore6@example-domain.com,Boston,Massachusetts,02108,2024-04-11,Consumer
CUST_00007,Ethan,Miller,ethan.miller7@example-domain.com,Dallas,Texas,75201,2024-08-08,Consumer
CUST_00008,Liam,Davis,liam.davis8@example-domain.com,Atlanta,Georgia,30301,2023-02-14,Corporate
CUST_00009,Ethan,Thomas,ethan.thomas9@example-domain.com,Boston,Massachusetts,02108,2024-01-31,Consumer
CUST_00010,Sam,Thomas,sam.thomas10@example-domain.com,San Francisco,California,94102,2023-05-10,Corporate
CUST_00011,Ava,Jackson,ava.jackson11@example-domain.com,Chicago,Illinois,60601,2023-04-13,Consumer
CUST_00012,Noah,Brown,noah.brown12@example-domain.com,Raleigh,North Carolina,27601,2024-04-12,Small Business
CUST_00013,Alex,Jones,alex.jones13@example-domain.com,Atlanta,Georgia,30301,2024-11-01,Corporate
CUST_00014,Sam,Williams,sam.williams14@example-domain.com,Philadelphia,Pennsylvania,19102,2023-09-29,Consumer
CUST_00015,Ethan,Martin,ethan.martin15@example-domain.com,Boston,Massachusetts,02108,2024-10-27,Consumer
CUST_00016,Taylor,Hernandez,taylor.hernandez16@example-domain.com,Columbus,Ohio,43215,2024-01-25,Consumer
CUST_00017,Ethan,Thomas,ethan.thomas17@example-domain.com,Columbus,Ohio,43215,2023-02-06,Consumer
CUST_00018,Jackson,Williams,jackson.williams18@example-domain.com,Dallas,Texas,75201,2024-10-08,Consumer
CUST_00019,Dakota,Davis,dakota.davis19@example-domain.com,San Diego,California,92101,2024-03-20,Consumer
CUST_00020,Morgan,Brown,morgan.brown20@example-domain.com,Denver,Colorado,80202,2023-06-20,Consumer
CUST_00021,Dakota,Smith,dakota.smith21@example-domain.com,San Francisco,California,94102,2023-11-29,Consumer
CUST_00022,Jordan,Martinez,jordan.martinez22@example-domain.com,Seattle,Washington,98101,2024-01-19,Consumer
CUST_00023,Olivia,Jones,olivia.jones23@example-domain.com,Dallas,Texas,75201,2024-06-27,Consumer
CUST_00024,Olivia,Jackson,olivia.jackson24@example-domain.com,Houston,Texas,77001,2023-06-24,Consumer
CUST_00025,Chris,Williams,chris.williams25@example-domain.com,Boston,Massachusetts,02108,2024-09-26,Consumer
CUST_00026,Riley,Thomas,riley.thomas26@example-domain.com,Buffalo,New York,14201,2023-08-26,Corporate
CUST_00027,Noah,Rodriguez,noah.rodriguez27@example-domain.com,Denver,Colorado,80202,2023-09-19,Consumer
CUST_00028,Alex,Anderson,alex.anderson28@example-domain.com,Orlando,Florida,32801,2024-11-24,Consumer
CUST_00029,Lucas,Garcia,lucas.garcia29@example-domain.com,San Diego,California,92101,2024-03-28,Consumer
CUST_00030,Sophia,Jackson,sophia.jackson30@example-domain.com,Orlando,Florida,32801,2024-10-16,Consumer
CUST_00031,Olivia,Rodriguez,olivia.rodriguez31@example-domain.com,Denver,Colorado,80202,2023-11-06,Consumer
CUST_00032,Pat,Gonzalez,pat.gonzalez32@example-domain.com,Philadelphia,Pennsylvania,19102,2023-04-20,Consumer
CUST_00033,Riley,Gonzalez,riley.gonzalez33@example-domain.com,Seattle,Washington,98101,2024-08-11,Consumer
CUST_00034,Dakota,Martinez,dakota.martinez34@example-domain.com,Los Angeles,California,90001,2024-11-05,Small Business
CUST_00035,Liam,Rodriguez,liam.rodriguez35@example-domain.com,Los Angeles,California,90001,2024-08-02,Small Business
CUST_00036,Jordan,Martin,jordan.martin36@example-domain.com,Philadelphia,Pennsylvania,19102,2023-10-21,Corporate
CUST_00037,Riley,Martin,riley.martin37@example-domain.com,Seattle,Washington,98101,2023-08-13,Consumer
CUST_00038,Pat,Martin,pat.martin38@example-domain.com,Miami,Florida,33101,2024-11-25,Consumer
CUST_00039,Sam,Brown,sam.brown39@example-domain.com,San Francisco,California,94102,2023-11-13,Consumer
CUST_00040,Noah,Johnson,noah.johnson40@example-domain.com,Seattle,Washington,98101,2023-05-15,Consumer
CUST_00041,Taylor,Martinez,taylor.martinez41@example-domain.com,Chicago,Illinois,60601,2024-03-01,Consumer
CUST_00042,Chris,Miller,chris.miller42@example-domain.com,Buffalo,New York,14201,2024-07-06,Consumer
CUST_00043,Sophia,Taylor,sophia.taylor43@example-domain.com,Raleigh,North Carolina,27601,2023-10-07,Consumer
CUST_00044,Chris,Rodriguez,chris.rodriguez44@example-domain.com,Philadelphia,Pennsylvania,19102,2023-10-30,Small Business
CUST_00045,Ethan,Brown,ethan.brown45@example-domain.com,Denver,Colorado,80202,2023-03-19,Consumer
CUST_00046,Sam,Davis,sam.davis46@example-domain.com,Boston,Massachusetts,02108,2024-07-24,Consumer
CUST_00047,Sophia,Williams,sophia.williams47@example-domain.com,Boston,Massachusetts,02108,2023-01-15,Consumer
CUST_00048,Cameron,Moore,cameron.moore48@example-domain.com,New York City,New York,10001,2024-04-10,Consumer
CUST_00049,Sophia,Rodriguez,sophia.rodriguez49@example-domain.com,Boston,Massachusetts,02108,2024-10-15,Consumer
CUST_00050,Sophia,Brown,sophia.brown50@example-domain.com,Dallas,Texas,75201,2024-04-27,Consumer
CUST_00051,Alex,Martin,alex.martin51@example-domain.com,Columbus,Ohio,43215,2023-12-02,Small Business
CUST_00052,Jackson,Davis,jackson.davis52@example-domain.com,San Diego,California,92101,2024-10-12,Corporate
CUST_00053,Noah,Martinez,noah.martinez53@example-domain.com,Atlanta,Georgia,30301,2023-04-30,Small Business
CUST_00054,Sam,Johnson,sam.johnson54@example-domain.com,San Francisco,California,94102,2023-11-08,Corporate
CUST_00055,Emma,Brown,emma.brown55@example-domain.com,New York City,New York,10001,2023-08-29,Consumer
CUST_00056,Lucas,Jones,lucas.jones56@example-domain.com,Boston,Massachusetts,02108,2024-04-09,Small Business
CUST_00057,Sophia,Moore,sophia.moore57@example-domain.com,Atlanta,Georgia,30301,2024-08-24,Consumer
CUST_00058,Sam,Wilson,sam.wilson58@example-domain.com,New York City,New York,10001,2024-05-16,Consumer
CUST_00059,Jackson,Wilson,jackson.wilson59@example-domain.com,Miami,Florida,33101,2023-02-03,Consumer
CUST_00060,Sophia,Miller,sophia.miller60@example-domain.com,Denver,Colorado,80202,2024-03-31,Consumer
CUST_00061,Riley,Lopez,riley.lopez61@example-domain.com,New York City,New York,10001,2024-12-03,Consumer
CUST_00062,Sophia,Moore,sophia.moore62@example-domain.com,Seattle,Washington,98101,2023-03-04,Consumer
CUST_00063,Liam,Rodriguez,liam.rodriguez63@example-domain.com,Austin,Texas,78701,2023-05-06,Corporate
CUST_00064,Noah,Williams,noah.williams64@example-domain.com,Austin,Texas,78701,2024-10-19,Consumer
CUST_00065,Jackson,Smith,jackson.smith65@example-domain.com,San Francisco,California,94102,2023-12-08,Consumer
CUST_00066,Riley,Jones,riley.jones66@example-domain.com,Austin,Texas,78701,2023-03-12,Consumer
CUST_00067,Lucas,Miller,lucas.miller67@example-domain.com,Austin,Texas,78701,2023-08-27,Consumer
CUST_00068,Ethan,Jones,ethan.jones68@example-domain.com,Los Angeles,California,90001,2023-10-11,Corporate
CUST_00069,Sam,Jones,sam.jones69@example-domain.com,Columbus,Ohio,43215,2023-09-14,Consumer
CUST_00070,Chris,Brown,chris.brown70@example-domain.com,Los Angeles,California,90001,2023-05-15,Small Business
CUST_00071,Alex,Lopez,alex.lopez71@example-domain.com,Dallas,Texas,75201,2024-08-25,Corporate
CUST_00072,Ethan,Smith,ethan.smith72@example-domain.com,Houston,Texas,77001,2023-09-29,Consumer
CUST_00073,Jordan,Jones,jordan.jones73@example-domain.com,Atlanta,Georgia,30301,2024-06-22,Consumer
CUST_00074,Morgan,Williams,morgan.williams74@example-domain.com,Philadelphia,Pennsylvania,19102,2024-04-04,Corporate
CUST_00075,Sophia,Taylor,sophia.taylor75@example-domain.com,New York City,New York,10001,2024-04-07,Corporate
CUST_00076,Ava,Davis,ava.davis76@example-domain.com,San Francisco,California,94102,2024-11-05,Corporate
CUST_00077,Ava,Martinez,ava.martinez77@example-domain.com,Denver,Colorado,80202,2024-10-20,Corporate
CUST_00078,Alex,Johnson,alex.johnson78@example-domain.com,Philadelphia,Pennsylvania,19102,2024-02-16,Consumer
CUST_00079,Olivia,Brown,olivia.brown79@example-domain.com,Philadelphia,Pennsylvania,19102,2024-12-30,Consumer
CUST_00080,Noah,Williams,noah.williams80@example-domain.com,San Diego,California,92101,2023-11-26,Consumer
CUST_00081,Jackson,Jones,jackson.jones81@example-domain.com,San Diego,California,92101,2023-05-10,Corporate
CUST_00082,Cameron,Martin,cameron.martin82@example-domain.com,Columbus,Ohio,43215,2024-12-30,Consumer
CUST_00083,Ethan,Gonzalez,ethan.gonzalez83@example-domain.com,Raleigh,North Carolina,27601,2023-10-29,Consumer
CUST_00084,Noah,Taylor,noah.taylor84@example-domain.com,Atlanta,Georgia,30301,2023-04-12,Consumer
CUST_00085,Morgan,Moore,morgan.moore85@example-domain.com,Austin,Texas,78701,2024-03-16,Consumer
CUST_00086,Noah,Davis,noah.davis86@example-domain.com,Atlanta,Georgia,30301,2023-12-14,Consumer
CUST_00087,Noah,Gonzalez,noah.gonzalez87@example-domain.com,Atlanta,Georgia,30301,2023-04-08,Corporate
CUST_00088,Ethan,Wilson,ethan.wilson88@example-domain.com,Chicago,Illinois,60601,2024-11-12,Consumer
CUST_00089,Cameron,Lopez,cameron.lopez89@example-domain.com,Buffalo,New York,14201,2024-12-04,Corporate
CUST_00090,Emma,Williams,emma.williams90@example-domain.com,San Diego,California,92101,2023-03-29,Consumer
CUST_00091,Taylor,Wilson,taylor.wilson91@example-domain.com,New York City,New York,10001,2024-01-17,Consumer
CUST_00092,Sam,Moore,sam.moore92@example-domain.com,San Francisco,California,94102,2024-08-23,Corporate
CUST_00093,Lucas,Moore,lucas.moore93@example-domain.com,Chicago,Illinois,60601,2024-11-17,Corporate
CUST_00094,Morgan,Wilson,morgan.wilson94@example-domain.com,Seattle,Washington,98101,2024-11-12,Consumer
CUST_00095,Olivia,Johnson,olivia.johnson95@example-domain.com,Orlando,Florida,32801,2024-09-06,Corporate
CUST_00096,Dakota,Lopez,dakota.lopez96@example-domain.com,New York City,New York,10001,2024-08-14,Consumer
CUST_00097,Ava,Miller,ava.miller97@example-domain.com,Buffalo,New York,14201,2024-11-03,Consumer
CUST_00098,Emma,Davis,emma.davis98@example-domain.com,New York City,New York,10001,2023-12-25,Consumer
CUST_00099,Lucas,Lopez,lucas.lopez99@example-domain.com,New York City,New York,10001,2023-10-13,Consumer
CUST_00100,Mia,Davis,mia.davis100@example-domain.com,Atlanta,Georgia,30301,2024-07-28,Consumer
CUST_00101,Jackson,Martin,jackson.martin101@example-domain.com,Columbus,Ohio,43215,2023-01-27,Consumer
CUST_00102,Jackson,Rodriguez,jackson.rodriguez102@example-domain.com,Los Angeles,California,90001,2023-07-04,Consumer
CUST_00103,Cameron,Martinez,cameron.martinez103@example-domain.com,Chicago,Illinois,60601,2023-12-26,Consumer
CUST_00104,Alex,Garcia,alex.garcia104@example-domain.com,Buffalo,New York,14201,2024-08-02,Consumer
CUST_00105,Liam,Williams,liam.williams105@example-domain.com,Buffalo,New York,14201,2024-10-10,Small Business
CUST_00106,Alex,Williams,alex.williams106@example-domain.com,Raleigh,North Carolina,27601,2023-08-09,Consumer
CUST_00107,Liam,Wilson,liam.wilson107@example-domain.com,Denver,Colorado,80202,2023-12-16,Consumer
CUST_00108,Chris,Lopez,chris.lopez108@example-domain.com,Orlando,Florida,32801,2023-11-29,Corporate
CUST_00109,Mia,Martin,mia.martin109@example-domain.com,San Diego,California,92101,2023-02-23,Consumer
CUST_00110,Sam,Garcia,sam.garcia110@example-domain.com,San Francisco,California,94102,2024-11-21,Consumer
CUST_00111,Taylor,Rodriguez,taylor.rodriguez111@example-domain.com,Denver,Colorado,80202,2024-11-08,Consumer
CUST_00112,Olivia,Thomas,olivia.thomas112@example-domain.com,Denver,Colorado,80202,2024-02-29,Consumer
CUST_00113,Cameron,Miller,cameron.miller113@example-domain.com,Raleigh,North Carolina,27601,2023-04-27,Small Business
CUST_00114,Sophia,Wilson,sophia.wilson114@example-domain.com,New York City,New York,10001,2023-10-18,Corporate
CUST_00115,Mia,Thomas,mia.thomas115@example-domain.com,Raleigh,North Carolina,27601,2024-11-14,Consumer
CUST_00116,Dakota,Johnson,dakota.johnson116@example-domain.com,Dallas,Texas,75201,2024-02-09,Corporate
CUST_00117,Jackson,Johnson,jackson.johnson117@example-domain.com,Los Angeles,California,90001,2023-07-29,Corporate
CUST_00118,Dakota,Miller,dakota.miller118@example-domain.com,Buffalo,New York,14201,2023-09-19,Consumer
CUST_00119,Dakota,Hernandez,dakota.hernandez119@example-domain.com,New York City,New York,10001,2023-01-08,Corporate
CUST_00120,Emma,Wilson,emma.wilson120@example-domain.com,Houston,Texas,77001,2023-05-13,Consumer
CUST_00121,Liam,Moore,liam.moore121@example-domain.com,Dallas,Texas,75201,2024-05-27,Corporate
CUST_00122,Lucas,Lopez,lucas.lopez122@example-domain.com,San Diego,California,92101,2024-02-11,Corporate
CUST_00123,Jordan,Wilson,jordan.wilson123@example-domain.com,Los Angeles,California,90001,2024-04-15,Consumer
CUST_00124,Taylor,Hernandez,taylor.hernandez124@example-domain.com,Atlanta,Georgia,30301,2024-08-10,Consumer
CUST_00125,Liam,Wilson,liam.wilson125@example-domain.com,Orlando,Florida,32801,2023-04-28,Consumer
CUST_00126,Liam,Smith,liam.smith126@example-domain.com,Chicago,Illinois,60601,2023-06-25,Consumer
CUST_00127,Jackson,Anderson,jackson.anderson127@example-domain.com,Seattle,Washington,98101,2023-04-01,Corporate
CUST_00128,Olivia,Brown,olivia.brown128@example-domain.com,Dallas,Texas,75201,2024-03-22,Corporate
CUST_00129,Mia,Gonzalez,mia.gonzalez129@example-domain.com,Raleigh,North Carolina,27601,2023-03-22,Consumer
CUST_00130,Liam,Martinez,liam.martinez130@example-domain.com,Chicago,Illinois,60601,2023-08-15,Consumer
CUST_00131,Ethan,Garcia,ethan.garcia131@example-domain.com,San Diego,California,92101,2024-06-06,Consumer
CUST_00132,Morgan,Taylor,morgan.taylor132@example-domain.com,Raleigh,North Carolina,27601,2023-07-18,Consumer
CUST_00133,Sophia,Lopez,sophia.lopez133@example-domain.com,Buffalo,New York,14201,2023-08-30,Consumer
CUST_00134,Morgan,Jones,morgan.jones134@example-domain.com,Miami,Florida,33101,2023-07-22,Consumer
CUST_00135,Chris,Martin,chris.martin135@example-domain.com,Buffalo,New York,14201,2024-11-02,Small Business
CUST_00136,Taylor,Garcia,taylor.garcia136@example-domain.com,Philadelphia,Pennsylvania,19102,2024-04-20,Consumer
CUST_00137,Mia,Jackson,mia.jackson137@example-domain.com,Denver,Colorado,80202,2024-11-28,Consumer
CUST_00138,Mia,Martin,mia.martin138@example-domain.com,Chicago,Illinois,60601,2024-10-04,Corporate
CUST_00139,Ethan,Jones,ethan.jones139@example-domain.com,Denver,Colorado,80202,2023-03-11,Consumer
CUST_00140,Emma,Anderson,emma.anderson140@example-domain.com,Orlando,Florida,32801,2023-10-09,Small Business
CUST_00141,Mia,Johnson,mia.johnson141@example-domain.com,Seattle,Washington,98101,2024-06-03,Small Business
CUST_00142,Taylor,Martinez,taylor.martinez142@example-domain.com,Denver,Colorado,80202,2024-04-07,Consumer
CUST_00143,Jordan,Johnson,jordan.johnson143@example-domain.com,Seattle,Washington,98101,2023-10-21,Consumer
CUST_00144,Taylor,Williams,taylor.williams144@example-domain.com,Raleigh,North Carolina,27601,2024-01-29,Consumer
CUST_00145,Noah,Jackson,noah.jackson145@example-domain.com,Columbus,Ohio,43215,2023-02-12,Consumer
CUST_00146,Noah,Jackson,noah.jackson146@example-domain.com,Austin,Texas,78701,2023-11-26,Consumer
CUST_00147,Jackson,Thomas,jackson.thomas147@example-domain.com,Raleigh,North Carolina,27601,2023-06-04,Consumer
CUST_00148,Jordan,Anderson,jordan.anderson148@example-domain.com,New York City,New York,10001,2023-12-18,Consumer
CUST_00149,Taylor,Taylor,taylor.taylor149@example-domain.com,Houston,Texas,77001,2023-02-10,Consumer
CUST_00150,Riley,Anderson,riley.anderson150@example-domain.com,Denver,Colorado,80202,2024-06-20,Consumer
CUST_00151,Ava,Martin,ava.martin151@example-domain.com,Houston,Texas,77001,2024-01-08,Small Business
CUST_00152,Sophia,Martinez,sophia.martinez152@example-domain.com,Boston,Massachusetts,02108,2024-02-23,Consumer
CUST_00153,Ethan,Martin,ethan.martin153@example-domain.com,San Francisco,California,94102,2024-10-08,Consumer
CUST_00154,Ethan,Williams,ethan.williams154@example-domain.com,Chicago,Illinois,60601,2023-04-07,Consumer
CUST_00155,Lucas,Gonzalez,lucas.gonzalez155@example-domain.com,Orlando,Florida,32801,2023-09-16,Small Business
CUST_00156,Jackson,Jones,jackson.jones156@example-domain.com,Chicago,Illinois,60601,2023-03-25,Consumer
CUST_00157,Mia,Jones,mia.jones157@example-domain.com,Seattle,Washington,98101,2023-11-14,Consumer
CUST_00158,Liam,Jones,liam.jones158@example-domain.com,San Diego,California,92101,2023-11-14,Corporate
CUST_00159,Lucas,Gonzalez,lucas.gonzalez159@example-domain.com,Chicago,Illinois,60601,2023-05-11,Consumer
CUST_00160,Ava,Williams,ava.williams160@example-domain.com,Atlanta,Georgia,30301,2024-06-04,Corporate
CUST_00161,Sophia,Smith,sophia.smith161@example-domain.com,Seattle,Washington,98101,2023-11-13,Consumer
CUST_00162,Chris,Miller,chris.miller162@example-domain.com,Chicago,Illinois,60601,2024-05-12,Consumer
CUST_00163,Pat,Davis,pat.davis163@example-domain.com,Buffalo,New York,14201,2023-06-08,Consumer
CUST_00164,Taylor,Martinez,taylor.martinez164@example-domain.com,New York City,New York,10001,2024-06-03,Consumer
CUST_00165,Lucas,Taylor,lucas.taylor165@example-domain.com,San Francisco,California,94102,2024-11-08,Consumer
CUST_00166,Ethan,Martin,ethan.martin166@example-domain.com,Buffalo,New York,14201,2024-09-03,Corporate
CUST_00167,Liam,Jones,liam.jones167@example-domain.com,Houston,Texas,77001,2023-07-05,Consumer
CUST_00168,Jackson,Garcia,jackson.garcia168@example-domain.com,Denver,Colorado,80202,2023-02-14,Consumer
CUST_00169,Olivia,Lopez,olivia.lopez169@example-domain.com,Dallas,Texas,75201,2024-03-30,Consumer
CUST_00170,Jackson,Martinez,jackson.martinez170@example-domain.com,Denver,Colorado,80202,2023-08-28,Consumer
CUST_00171,Lucas,Davis,lucas.davis171@example-domain.com,Orlando,Florida,32801,2024-04-25,Consumer
CUST_00172,Pat,Lopez,pat.lopez172@example-domain.com,Denver,Colorado,80202,2024-04-17,Consumer
CUST_00173,Dakota,Gonzalez,dakota.gonzalez173@example-domain.com,Raleigh,North Carolina,27601,2024-06-24,Consumer
CUST_00174,Olivia,Garcia,olivia.garcia174@example-domain.com,Austin,Texas,78701,2024-09-11,Consumer
CUST_00175,Sam,Rodriguez,sam.rodriguez175@example-domain.com,San Francisco,California,94102,2024-10-18,Consumer
CUST_00176,Emma,Lopez,emma.lopez176@example-domain.com,Columbus,Ohio,43215,2023-04-16,Consumer
CUST_00177,Ava,Brown,ava.brown177@example-domain.com,Orlando,Florida,32801,2023-03-27,Consumer
CUST_00178,Chris,Rodriguez,chris.rodriguez178@example-domain.com,Denver,Colorado,80202,2024-06-09,Consumer
CUST_00179,Sam,Wilson,sam.wilson179@example-domain.com,San Diego,California,92101,2023-08-16,Small Business
CUST_00180,Noah,Lopez,noah.lopez180@example-domain.com,Los Angeles,California,90001,2024-02-29,Consumer
CUST_00181,Jordan,Gonzalez,jordan.gonzalez181@example-domain.com,Raleigh,North Carolina,27601,2024-01-18,Consumer
CUST_00182,Riley,Gonzalez,riley.gonzalez182@example-domain.com,San Diego,California,92101,2024-01-19,Consumer
CUST_00183,Riley,Smith,riley.smith183@example-domain.com,Chicago,Illinois,60601,2023-04-12,Small Business
CUST_00184,Ethan,Jones,ethan.jones184@example-domain.com,Buffalo,New York,14201,2023-02-09,Corporate
CUST_00185,Dakota,Thomas,dakota.thomas185@example-domain.com,Buffalo,New York,14201,2024-12-23,Consumer
CUST_00186,Emma,Anderson,emma.anderson186@example-domain.com,Los Angeles,California,90001,2023-03-23,Consumer
CUST_00187,Alex,Rodriguez,alex.rodriguez187@example-domain.com,Austin,Texas,78701,2023-06-03,Corporate
CUST_00188,Lucas,Martin,lucas.martin188@example-domain.com,Raleigh,North Carolina,27601,2024-03-09,Consumer
CUST_00189,Morgan,Martinez,morgan.martinez189@example-domain.com,Dallas,Texas,75201,2023-11-05,Consumer
CUST_00190,Morgan,Johnson,morgan.johnson190@example-domain.com,Dallas,Texas,75201,2024-03-05,Consumer
CUST_00191,Jackson,Anderson,jackson.anderson191@example-domain.com,San Diego,California,92101,2023-04-24,Consumer
CUST_00192,Emma,Martin,emma.martin192@example-domain.com,Columbus,Ohio,43215,2023-01-17,Corporate
CUST_00193,Ava,Jackson,ava.jackson193@example-domain.com,Dallas,Texas,75201,2023-05-28,Small Business
CUST_00194,Dakota,Wilson,dakota.wilson194@example-domain.com,Los Angeles,California,90001,2024-09-21,Consumer
CUST_00195,Sophia,Davis,sophia.davis195@example-domain.com,Atlanta,Georgia,30301,2023-07-11,Consumer
CUST_00196,Taylor,Taylor,taylor.taylor196@example-domain.com,Seattle,Washington,98101,2023-03-11,Consumer
CUST_00197,Ava,Moore,ava.moore197@example-domain.com,Raleigh,North Carolina,27601,2024-06-03,Corporate
CUST_00198,Lucas,Smith,lucas.smith198@example-domain.com,Boston,Massachusetts,02108,2024-04-26,Corporate
CUST_00199,Jordan,Gonzalez,jordan.gonzalez199@example-domain.com,Seattle,Washington,98101,2023-09-17,Corporate
CUST_00200,Alex,Lopez,alex.lopez200@example-domain.com,San Diego,California,92101,2023-12-20,Corporate
CUST_00201,Riley,Brown,riley.brown201@example-domain.com,Chicago,Illinois,60601,2023-05-17,Consumer
CUST_00202,Jordan,Lopez,jordan.lopez202@example-domain.com,Columbus,Ohio,43215,2023-12-13,Consumer
CUST_00203,Chris,Anderson,chris.anderson203@example-domain.com,Philadelphia,Pennsylvania,19102,2024-10-08,Consumer
CUST_00204,Chris,Jones,chris.jones204@example-domain.com,San Diego,California,92101,2024-04-13,Corporate
CUST_00205,Jordan,Martinez,jordan.martinez205@example-domain.com,Austin,Texas,78701,2023-02-14,Consumer
CUST_00206,Pat,Johnson,pat.johnson206@example-domain.com,Chicago,Illinois,60601,2023-11-14,Consumer
CUST_00207,Ava,Gonzalez,ava.gonzalez207@example-domain.com,Columbus,Ohio,43215,2024-04-29,Consumer
CUST_00208,Cameron,Johnson,cameron.johnson208@example-domain.com,Austin,Texas,78701,2023-10-20,Consumer
CUST_00209,Sophia,Johnson,sophia.johnson209@example-domain.com,Chicago,Illinois,60601,2023-10-07,Consumer
CUST_00210,Morgan,Lopez,morgan.lopez210@example-domain.com,Atlanta,Georgia,30301,2024-02-14,Consumer
CUST_00211,Noah,Gonzalez,noah.gonzalez211@example-domain.com,Chicago,Illinois,60601,2023-07-11,Consumer
CUST_00212,Emma,Thomas,emma.thomas212@example-domain.com,Seattle,Washington,98101,2024-06-15,Consumer
CUST_00213,Cameron,Williams,cameron.williams213@example-domain.com,Atlanta,Georgia,30301,2023-03-22,Consumer
CUST_00214,Olivia,Martin,olivia.martin214@example-domain.com,Houston,Texas,77001,2024-07-12,Consumer
CUST_00215,Dakota,Hernandez,dakota.hernandez215@example-domain.com,New York City,New York,10001,2023-03-23,Corporate
CUST_00216,Ethan,Martinez,ethan.martinez216@example-domain.com,Orlando,Florida,32801,2024-04-01,Consumer
CUST_00217,Jackson,Wilson,jackson.wilson217@example-domain.com,Houston,Texas,77001,2024-12-07,Consumer
CUST_00218,Noah,Lopez,noah.lopez218@example-domain.com,Denver,Colorado,80202,2023-02-13,Corporate
CUST_00219,Sophia,Martin,sophia.martin219@example-domain.com,Atlanta,Georgia,30301,2023-10-09,Consumer
CUST_00220,Jordan,Williams,jordan.williams220@example-domain.com,Boston,Massachusetts,02108,2024-01-08,Corporate
CUST_00221,Ava,Garcia,ava.garcia221@example-domain.com,Los Angeles,California,90001,2023-05-27,Consumer
CUST_00222,Jackson,Anderson,jackson.anderson222@example-domain.com,San Francisco,California,94102,2023-05-10,Consumer
CUST_00223,Taylor,Davis,taylor.davis223@example-domain.com,Seattle,Washington,98101,2024-01-06,Consumer
CUST_00224,Liam,Jackson,liam.jackson224@example-domain.com,San Francisco,California,94102,2024-09-11,Consumer
CUST_00225,Sam,Anderson,sam.anderson225@example-domain.com,Seattle,Washington,98101,2024-01-16,Consumer
CUST_00226,Noah,Williams,noah.williams226@example-domain.com,Buffalo,New York,14201,2024-06-26,Consumer
CUST_00227,Sophia,Gonzalez,sophia.gonzalez227@example-domain.com,Chicago,Illinois,60601,2024-10-27,Small Business
CUST_00228,Cameron,Davis,cameron.davis228@example-domain.com,New York City,New York,10001,2023-01-27,Consumer
CUST_00229,Chris,Thomas,chris.thomas229@example-domain.com,Raleigh,North Carolina,27601,2024-02-01,Corporate
CUST_00230,Lucas,Brown,lucas.brown230@example-domain.com,Miami,Florida,33101,2023-09-24,Consumer
CUST_00231,Noah,Miller,noah.miller231@example-domain.com,Orlando,Florida,32801,2024-12-11,Corporate
CUST_00232,Emma,Miller,emma.miller232@example-domain.com,New York City,New York,10001,2023-05-19,Consumer
CUST_00233,Taylor,Anderson,taylor.anderson233@example-domain.com,Houston,Texas,77001,2024-12-31,Consumer
CUST_00234,Noah,Williams,noah.williams234@example-domain.com,Chicago,Illinois,60601,2024-11-14,Consumer
CUST_00235,Sophia,Williams,sophia.williams235@example-domain.com,Columbus,Ohio,43215,2024-07-09,Consumer
CUST_00236,Dakota,Martinez,dakota.martinez236@example-domain.com,Houston,Texas,77001,2024-12-29,Corporate
CUST_00237,Chris,Lopez,chris.lopez237@example-domain.com,Raleigh,North Carolina,27601,2023-08-18,Consumer
CUST_00238,Morgan,Miller,morgan.miller238@example-domain.com,Buffalo,New York,14201,2023-08-31,Consumer
CUST_00239,Emma,Smith,emma.smith239@example-domain.com,Seattle,Washington,98101,2024-07-21,Consumer
CUST_00240,Mia,Lopez,mia.lopez240@example-domain.com,Denver,Colorado,80202,2024-07-18,Consumer
CUST_00241,Sam,Martin,sam.martin241@example-domain.com,San Diego,California,92101,2023-03-09,Small Business
CUST_00242,Dakota,Gonzalez,dakota.gonzalez242@example-domain.com,Philadelphia,Pennsylvania,19102,2024-06-22,Small Business
CUST_00243,Olivia,Wilson,olivia.wilson243@example-domain.com,San Diego,California,92101,2023-05-09,Small Business
CUST_00244,Ethan,Williams,ethan.williams244@example-domain.com,Denver,Colorado,80202,2024-04-22,Consumer
CUST_00245,Ava,Lopez,ava.lopez245@example-domain.com,Buffalo,New York,14201,2024-07-18,Consumer
CUST_00246,Mia,Garcia,mia.garcia246@example-domain.com,Buffalo,New York,14201,2024-03-19,Small Business
CUST_00247,Ava,Johnson,ava.johnson247@example-domain.com,New York City,New York,10001,2024-06-14,Consumer
CUST_00248,Sam,Martinez,sam.martinez248@example-domain.com,Houston,Texas,77001,2023-06-15,Small Business
CUST_00249,Ethan,Davis,ethan.davis249@example-domain.com,Seattle,Washington,98101,2024-06-15,Small Business
CUST_00250,Dakota,Williams,dakota.williams250@example-domain.com,Miami,Florida,33101,2023-07-21,Corporate
CUST_00251,Lucas,Rodriguez,lucas.rodriguez251@example-domain.com,Buffalo,New York,14201,2024-10-02,Consumer
CUST_00252,Dakota,Martin,dakota.martin252@example-domain.com,Columbus,Ohio,43215,2023-04-06,Consumer
CUST_00253,Ava,Garcia,ava.garcia253@example-domain.com,Buffalo,New York,14201,2023-06-25,Corporate
CUST_00254,Jackson,Martin,jackson.martin254@example-domain.com,Chicago,Illinois,60601,2024-07-31,Consumer
CUST_00255,Jordan,Smith,jordan.smith255@example-domain.com,San Diego,California,92101,2023-02-16,Consumer
CUST_00256,Mia,Rodriguez,mia.rodriguez256@example-domain.com,Austin,Texas,78701,2024-08-08,Consumer
CUST_00257,Olivia,Martin,olivia.martin257@example-domain.com,Los Angeles,California,90001,2024-05-24,Small Business
CUST_00258,Lucas,Martinez,lucas.martinez258@example-domain.com,Orlando,Florida,32801,2024-05-09,Consumer
CUST_00259,Riley,Gonzalez,riley.gonzalez259@example-domain.com,Orlando,Florida,32801,2024-04-09,Consumer
CUST_00260,Taylor,Johnson,taylor.johnson260@example-domain.com,Houston,Texas,77001,2024-03-26,Consumer
CUST_00261,Olivia,Thomas,olivia.thomas261@example-domain.com,Denver,Colorado,80202,2023-07-28,Consumer
CUST_00262,Ethan,Martin,ethan.martin262@example-domain.com,Buffalo,New York,14201,2023-11-17,Small Business
CUST_00263,Ethan,Lopez,ethan.lopez263@example-domain.com,Boston,Massachusetts,02108,2023-05-14,Consumer
CUST_00264,Sophia,Taylor,sophia.taylor264@example-domain.com,Columbus,Ohio,43215,2023-04-19,Consumer
CUST_00265,Ethan,Davis,ethan.davis265@example-domain.com,Denver,Colorado,80202,2023-05-06,Corporate
CUST_00266,Cameron,Anderson,cameron.anderson266@example-domain.com,Dallas,Texas,75201,2023-05-25,Corporate
CUST_00267,Morgan,Johnson,morgan.johnson267@example-domain.com,Orlando,Florida,32801,2024-01-29,Consumer
CUST_00268,Jackson,Wilson,jackson.wilson268@example-domain.com,Dallas,Texas,75201,2023-06-13,Corporate
CUST_00269,Ethan,Jackson,ethan.jackson269@example-domain.com,Chicago,Illinois,60601,2023-07-14,Consumer
CUST_00270,Chris,Thomas,chris.thomas270@example-domain.com,Raleigh,North Carolina,27601,2024-04-23,Consumer
CUST_00271,Emma,Martinez,emma.martinez271@example-domain.com,Philadelphia,Pennsylvania,19102,2023-01-24,Corporate
CUST_00272,Taylor,Gonzalez,taylor.gonzalez272@example-domain.com,Raleigh,North Carolina,27601,2024-04-13,Corporate
CUST_00273,Riley,Miller,riley.miller273@example-domain.com,Seattle,Washington,98101,2023-02-19,Corporate
CUST_00274,Jordan,Martinez,jordan.martinez274@example-domain.com,Philadelphia,Pennsylvania,19102,2024-09-03,Small Business
CUST_00275,Emma,Martinez,emma.martinez275@example-domain.com,Columbus,Ohio,43215,2023-01-09,Consumer
CUST_00276,Morgan,Wilson,morgan.wilson276@example-domain.com,Buffalo,New York,14201,2023-09-28,Consumer
CUST_00277,Sophia,Gonzalez,sophia.gonzalez277@example-domain.com,Seattle,Washington,98101,2023-02-16,Corporate
CUST_00278,Liam,Johnson,liam.johnson278@example-domain.com,Columbus,Ohio,43215,2023-07-19,Consumer
CUST_00279,Sophia,Moore,sophia.moore279@example-domain.com,Orlando,Florida,32801,2023-03-17,Corporate
CUST_00280,Liam,Taylor,liam.taylor280@example-domain.com,Denver,Colorado,80202,2024-07-17,Corporate
CUST_00281,Cameron,Martin,cameron.martin281@example-domain.com,New York City,New York,10001,2023-05-12,Corporate
CUST_00282,Morgan,Gonzalez,morgan.gonzalez282@example-domain.com,Seattle,Washington,98101,2023-12-14,Consumer
CUST_00283,Lucas,Lopez,lucas.lopez283@example-domain.com,Buffalo,New York,14201,2023-07-23,Consumer
CUST_00284,Jackson,Taylor,jackson.taylor284@example-domain.com,Boston,Massachusetts,02108,2024-05-27,Consumer
CUST_00285,Jordan,Johnson,jordan.johnson285@example-domain.com,San Francisco,California,94102,2023-05-21,Consumer
CUST_00286,Ethan,Thomas,ethan.thomas286@example-domain.com,Raleigh,North Carolina,27601,2024-04-12,Consumer
CUST_00287,Sam,Martin,sam.martin287@example-domain.com,Raleigh,North Carolina,27601,2023-05-24,Consumer
CUST_00288,Ethan,Martin,ethan.martin288@example-domain.com,Chicago,Illinois,60601,2023-06-16,Consumer
CUST_00289,Liam,Martin,liam.martin289@example-domain.com,Orlando,Florida,32801,2024-08-30,Consumer
CUST_00290,Ethan,Taylor,ethan.taylor290@example-domain.com,Raleigh,North Carolina,27601,2024-06-29,Consumer
CUST_00291,Emma,Jackson,emma.jackson291@example-domain.com,Orlando,Florida,32801,2024-05-01,Consumer
CUST_00292,Alex,Lopez,alex.lopez292@example-domain.com,Chicago,Illinois,60601,2024-11-20,Consumer
CUST_00293,Morgan,Wilson,morgan.wilson293@example-domain.com,Orlando,Florida,32801,2024-12-05,Corporate
CUST_00294,Alex,Martin,alex.martin294@example-domain.com,Philadelphia,Pennsylvania,19102,2023-09-29,Consumer
CUST_00295,Mia,Jackson,mia.jackson295@example-domain.com,Dallas,Texas,75201,2023-02-22,Consumer
CUST_00296,Mia,Thomas,mia.thomas296@example-domain.com,Houston,Texas,77001,2024-06-20,Consumer
CUST_00297,Jackson,Gonzalez,jackson.gonzalez297@example-domain.com,Buffalo,New York,14201,2024-11-28,Corporate
CUST_00298,Riley,Johnson,riley.johnson298@example-domain.com,New York City,New York,10001,2023-07-15,Consumer
CUST_00299,Alex,Anderson,alex.anderson299@example-domain.com,Chicago,Illinois,60601,2024-03-04,Consumer
CUST_00300,Sam,Wilson,sam.wilson300@example-domain.com,Austin,Texas,78701,2024-02-25,Consumer
CUST_00301,Ava,Martin,ava.martin301@example-domain.com,Philadelphia,Pennsylvania,19102,2023-03-05,Consumer
CUST_00302,Sam,Taylor,sam.taylor302@example-domain.com,Austin,Texas,78701,2024-07-28,Consumer
CUST_00303,Ethan,Thomas,ethan.thomas303@example-domain.com,Raleigh,North Carolina,27601,2024-01-21,Consumer
CUST_00304,Ethan,Garcia,ethan.garcia304@example-domain.com,Denver,Colorado,80202,2024-06-29,Consumer
CUST_00305,Ethan,Moore,ethan.moore305@example-domain.com,Seattle,Washington,98101,2024-11-23,Corporate
CUST_00306,Cameron,Martin,cameron.martin306@example-domain.com,Philadelphia,Pennsylvania,19102,2023-07-16,Small Business
CUST_00307,Riley,Rodriguez,riley.rodriguez307@example-domain.com,Columbus,Ohio,43215,2023-11-02,Consumer
CUST_00308,Riley,Martinez,riley.martinez308@example-domain.com,Orlando,Florida,32801,2024-12-22,Consumer
CUST_00309,Pat,Thomas,pat.thomas309@example-domain.com,Chicago,Illinois,60601,2024-05-06,Corporate
CUST_00310,Sophia,Moore,sophia.moore310@example-domain.com,Miami,Florida,33101,2023-10-22,Consumer
CUST_00311,Morgan,Jackson,morgan.jackson311@example-domain.com,Columbus,Ohio,43215,2024-01-24,Consumer
CUST_00312,Liam,Lopez,liam.lopez312@example-domain.com,Buffalo,New York,14201,2023-10-25,Consumer
CUST_00313,Jordan,Martinez,jordan.martinez313@example-domain.com,San Diego,California,92101,2023-12-21,Consumer
CUST_00314,Noah,Rodriguez,noah.rodriguez314@example-domain.com,Philadelphia,Pennsylvania,19102,2023-08-08,Small Business
CUST_00315,Pat,Moore,pat.moore315@example-domain.com,Miami,Florida,33101,2024-07-29,Corporate
CUST_00316,Cameron,Jones,cameron.jones316@example-domain.com,New York City,New York,10001,2024-09-22,Consumer
CUST_00317,Mia,Davis,mia.davis317@example-domain.com,Dallas,Texas,75201,2023-02-21,Consumer
CUST_00318,Ava,Davis,ava.davis318@example-domain.com,Dallas,Texas,75201,2023-02-23,Consumer
CUST_00319,Morgan,Wilson,morgan.wilson319@example-domain.com,Chicago,Illinois,60601,2024-04-28,Consumer
CUST_00320,Morgan,Jones,morgan.jones320@example-domain.com,Los Angeles,California,90001,2024-07-17,Consumer
CUST_00321,Chris,Wilson,chris.wilson321@example-domain.com,Philadelphia,Pennsylvania,19102,2024-05-03,Consumer
CUST_00322,Pat,Martinez,pat.martinez322@example-domain.com,Chicago,Illinois,60601,2023-10-20,Corporate
CUST_00323,Jordan,Williams,jordan.williams323@example-domain.com,Dallas,Texas,75201,2024-07-01,Consumer
CUST_00324,Jordan,Garcia,jordan.garcia324@example-domain.com,Atlanta,Georgia,30301,2023-06-30,Consumer
CUST_00325,Jordan,Gonzalez,jordan.gonzalez325@example-domain.com,Philadelphia,Pennsylvania,19102,2023-07-10,Small Business
CUST_00326,Dakota,Johnson,dakota.johnson326@example-domain.com,Los Angeles,California,90001,2023-11-02,Corporate
CUST_00327,Mia,Martin,mia.martin327@example-domain.com,New York City,New York,10001,2023-12-10,Consumer
CUST_00328,Dakota,Anderson,dakota.anderson328@example-domain.com,Columbus,Ohio,43215,2024-06-20,Consumer
CUST_00329,Emma,Jones,emma.jones329@example-domain.com,Raleigh,North Carolina,27601,2024-04-24,Consumer
CUST_00330,Cameron,Miller,cameron.miller330@example-domain.com,New York City,New York,10001,2023-12-05,Consumer
CUST_00331,Chris,Anderson,chris.anderson331@example-domain.com,Miami,Florida,33101,2023-07-10,Consumer
CUST_00332,Alex,Hernandez,alex.hernandez332@example-domain.com,Orlando,Florida,32801,2024-08-04,Corporate
CUST_00333,Pat,Garcia,pat.garcia333@example-domain.com,Boston,Massachusetts,02108,2024-03-13,Consumer
CUST_00334,Ava,Hernandez,ava.hernandez334@example-domain.com,San Diego,California,92101,2024-02-15,Consumer
CUST_00335,Morgan,Garcia,morgan.garcia335@example-domain.com,Buffalo,New York,14201,2024-05-03,Consumer
CUST_00336,Ethan,Davis,ethan.davis336@example-domain.com,Los Angeles,California,90001,2023-09-25,Consumer
CUST_00337,Liam,Davis,liam.davis337@example-domain.com,Denver,Colorado,80202,2023-10-01,Corporate
CUST_00338,Ethan,Martinez,ethan.martinez338@example-domain.com,Los Angeles,California,90001,2023-09-25,Corporate
CUST_00339,Sophia,Davis,sophia.davis339@example-domain.com,San Francisco,California,94102,2024-11-14,Consumer
CUST_00340,Morgan,Anderson,morgan.anderson340@example-domain.com,Orlando,Florida,32801,2023-06-13,Consumer
CUST_00341,Liam,Taylor,liam.taylor341@example-domain.com,Orlando,Florida,32801,2024-12-07,Consumer
CUST_00342,Morgan,Martinez,morgan.martinez342@example-domain.com,Seattle,Washington,98101,2024-09-21,Consumer
CUST_00343,Riley,Davis,riley.davis343@example-domain.com,Buffalo,New York,14201,2024-05-04,Consumer
CUST_00344,Sam,Anderson,sam.anderson344@example-domain.com,Seattle,Washington,98101,2024-03-01,Consumer
CUST_00345,Lucas,Thomas,lucas.thomas345@example-domain.com,Columbus,Ohio,43215,2024-11-11,Consumer
CUST_00346,Pat,Davis,pat.davis346@example-domain.com,San Diego,California,92101,2024-06-22,Consumer
CUST_00347,Noah,Taylor,noah.taylor347@example-domain.com,Seattle,Washington,98101,2023-03-21,Consumer
CUST_00348,Mia,Brown,mia.brown348@example-domain.com,San Francisco,California,94102,2024-07-14,Consumer
CUST_00349,Ava,Miller,ava.miller349@example-domain.com,Columbus,Ohio,43215,2023-06-03,Consumer
CUST_00350,Chris,Hernandez,chris.hernandez350@example-domain.com,Raleigh,North Carolina,27601,2024-03-28,Consumer
CUST_00351,Morgan,Miller,morgan.miller351@example-domain.com,Philadelphia,Pennsylvania,19102,2023-04-04,Consumer
CUST_00352,Ava,Anderson,ava.anderson352@example-domain.com,San Francisco,California,94102,2024-04-09,Corporate
CUST_00353,Sam,Taylor,sam.taylor353@example-domain.com,Atlanta,Georgia,30301,2024-04-12,Consumer
CUST_00354,Mia,Johnson,mia.johnson354@example-domain.com,Columbus,Ohio,43215,2024-04-18,Consumer
CUST_00355,Dakota,Smith,dakota.smith355@example-domain.com,Boston,Massachusetts,02108,2023-09-18,Consumer
CUST_00356,Alex,Miller,alex.miller356@example-domain.com,San Diego,California,92101,2023-02-16,Consumer
CUST_00357,Olivia,Lopez,olivia.lopez357@example-domain.com,San Diego,California,92101,2024-07-08,Consumer
CUST_00358,Jordan,Williams,jordan.williams358@example-domain.com,Philadelphia,Pennsylvania,19102,2023-02-02,Consumer
CUST_00359,Dakota,Wilson,dakota.wilson359@example-domain.com,Houston,Texas,77001,2023-05-19,Small Business
CUST_00360,Olivia,Lopez,olivia.lopez360@example-domain.com,Boston,Massachusetts,02108,2024-04-04,Consumer
CUST_00361,Liam,Gonzalez,liam.gonzalez361@example-domain.com,San Diego,California,92101,2024-11-30,Consumer
CUST_00362,Lucas,Jones,lucas.jones362@example-domain.com,Seattle,Washington,98101,2023-05-02,Consumer
CUST_00363,Chris,Moore,chris.moore363@example-domain.com,Boston,Massachusetts,02108,2024-06-25,Consumer
CUST_00364,Sam,Davis,sam.davis364@example-domain.com,Los Angeles,California,90001,2023-01-24,Consumer
CUST_00365,Dakota,Anderson,dakota.anderson365@example-domain.com,Columbus,Ohio,43215,2024-03-10,Small Business
CUST_00366,Lucas,Gonzalez,lucas.gonzalez366@example-domain.com,Dallas,Texas,75201,2023-09-11,Consumer
CUST_00367,Noah,Lopez,noah.lopez367@example-domain.com,Buffalo,New York,14201,2023-10-10,Small Business
CUST_00368,Pat,Brown,pat.brown368@example-domain.com,San Francisco,California,94102,2024-11-07,Small Business
CUST_00369,Olivia,Martin,olivia.martin369@example-domain.com,Los Angeles,California,90001,2023-09-04,Consumer
CUST_00370,Pat,Williams,pat.williams370@example-domain.com,New York City,New York,10001,2024-08-31,Consumer
CUST_00371,Jordan,Anderson,jordan.anderson371@example-domain.com,San Francisco,California,94102,2023-09-08,Consumer
CUST_00372,Jordan,Gonzalez,jordan.gonzalez372@example-domain.com,Denver,Colorado,80202,2023-08-28,Consumer
CUST_00373,Lucas,Miller,lucas.miller373@example-domain.com,San Francisco,California,94102,2023-05-24,Consumer
CUST_00374,Ava,Martinez,ava.martinez374@example-domain.com,Dallas,Texas,75201,2024-08-12,Consumer
CUST_00375,Ethan,Jackson,ethan.jackson375@example-domain.com,Chicago,Illinois,60601,2023-08-31,Consumer
CUST_00376,Dakota,Jones,dakota.jones376@example-domain.com,Raleigh,North Carolina,27601,2023-08-15,Consumer
CUST_00377,Olivia,Martinez,olivia.martinez377@example-domain.com,Miami,Florida,33101,2023-03-04,Corporate
CUST_00378,Lucas,Jackson,lucas.jackson378@example-domain.com,Houston,Texas,77001,2024-10-03,Consumer
CUST_00379,Olivia,Moore,olivia.moore379@example-domain.com,Philadelphia,Pennsylvania,19102,2023-02-18,Corporate
CUST_00380,Sophia,Gonzalez,sophia.gonzalez380@example-domain.com,Raleigh,North Carolina,27601,2023-11-23,Consumer
CUST_00381,Olivia,Wilson,olivia.wilson381@example-domain.com,Buffalo,New York,14201,2023-11-04,Consumer
CUST_00382,Liam,Garcia,liam.garcia382@example-domain.com,Columbus,Ohio,43215,2024-04-29,Consumer
CUST_00383,Riley,Davis,riley.davis383@example-domain.com,Orlando,Florida,32801,2024-12-25,Consumer
CUST_00384,Sam,Anderson,sam.anderson384@example-domain.com,San Francisco,California,94102,2024-07-29,Corporate
CUST_00385,Olivia,Wilson,olivia.wilson385@example-domain.com,Columbus,Ohio,43215,2024-06-26,Corporate
CUST_00386,Sam,Gonzalez,sam.gonzalez386@example-domain.com,Dallas,Texas,75201,2023-09-19,Corporate
CUST_00387,Pat,Hernandez,pat.hernandez387@example-domain.com,San Diego,California,92101,2024-04-05,Consumer
CUST_00388,Sophia,Williams,sophia.williams388@example-domain.com,Columbus,Ohio,43215,2023-07-15,Consumer
CUST_00389,Jordan,Rodriguez,jordan.rodriguez389@example-domain.com,Boston,Massachusetts,02108,2024-11-20,Corporate
CUST_00390,Jackson,Martin,jackson.martin390@example-domain.com,San Francisco,California,94102,2023-03-16,Corporate
CUST_00391,Pat,Jackson,pat.jackson391@example-domain.com,Columbus,Ohio,43215,2023-08-11,Small Business
CUST_00392,Emma,Miller,emma.miller392@example-domain.com,Chicago,Illinois,60601,2023-11-07,Consumer
CUST_00393,Alex,Miller,alex.miller393@example-domain.com,Austin,Texas,78701,2023-05-01,Consumer
CUST_00394,Emma,Davis,emma.davis394@example-domain.com,Austin,Texas,78701,2024-02-11,Corporate
CUST_00395,Riley,Moore,riley.moore395@example-domain.com,Chicago,Illinois,60601,2023-10-17,Consumer
CUST_00396,Liam,Anderson,liam.anderson396@example-domain.com,Columbus,Ohio,43215,2024-10-26,Small Business
CUST_00397,Sophia,Martinez,sophia.martinez397@example-domain.com,Miami,Florida,33101,2024-01-04,Corporate
CUST_00398,Ava,Thomas,ava.thomas398@example-domain.com,Denver,Colorado,80202,2023-04-11,Consumer
CUST_00399,Emma,Hernandez,emma.hernandez399@example-domain.com,Austin,Texas,78701,2024-01-15,Corporate
CUST_00400,Ethan,Wilson,ethan.wilson400@example-domain.com,San Francisco,California,94102,2024-07-30,Corporate
CUST_00401,Riley,Jones,riley.jones401@example-domain.com,Los Angeles,California,90001,2023-09-25,Consumer
CUST_00402,Lucas,Jackson,lucas.jackson402@example-domain.com,Atlanta,Georgia,30301,2023-10-30,Small Business
CUST_00403,Sam,Miller,sam.miller403@example-domain.com,Chicago,Illinois,60601,2023-08-24,Consumer
CUST_00404,Liam,Jackson,liam.jackson404@example-domain.com,Dallas,Texas,75201,2024-05-26,Corporate
CUST_00405,Lucas,Hernandez,lucas.hernandez405@example-domain.com,Miami,Florida,33101,2024-05-15,Consumer
CUST_00406,Emma,Anderson,emma.anderson406@example-domain.com,Houston,Texas,77001,2023-12-27,Corporate
CUST_00407,Chris,Jones,chris.jones407@example-domain.com,Columbus,Ohio,43215,2024-05-15,Consumer
CUST_00408,Chris,Moore,chris.moore408@example-domain.com,San Francisco,California,94102,2024-06-20,Consumer
CUST_00409,Jordan,Williams,jordan.williams409@example-domain.com,San Francisco,California,94102,2023-01-07,Small Business
CUST_00410,Olivia,Jones,olivia.jones410@example-domain.com,Dallas,Texas,75201,2023-03-11,Consumer
CUST_00411,Sam,Smith,sam.smith411@example-domain.com,Austin,Texas,78701,2024-06-01,Consumer
CUST_00412,Noah,Lopez,noah.lopez412@example-domain.com,San Francisco,California,94102,2024-09-24,Small Business
CUST_00413,Jackson,Thomas,jackson.thomas413@example-domain.com,Philadelphia,Pennsylvania,19102,2023-01-17,Small Business
CUST_00414,Alex,Moore,alex.moore414@example-domain.com,Columbus,Ohio,43215,2024-02-26,Consumer
CUST_00415,Alex,Smith,alex.smith415@example-domain.com,Raleigh,North Carolina,27601,2023-10-09,Consumer
CUST_00416,Lucas,Martinez,lucas.martinez416@example-domain.com,Los Angeles,California,90001,2024-05-29,Consumer
CUST_00417,Olivia,Garcia,olivia.garcia417@example-domain.com,New York City,New York,10001,2023-04-09,Consumer
CUST_00418,Ava,Jones,ava.jones418@example-domain.com,Dallas,Texas,75201,2023-07-16,Consumer
CUST_00419,Jackson,Taylor,jackson.taylor419@example-domain.com,Miami,Florida,33101,2023-12-29,Consumer
CUST_00420,Cameron,Gonzalez,cameron.gonzalez420@example-domain.com,San Diego,California,92101,2024-01-18,Corporate
CUST_00421,Liam,Anderson,liam.anderson421@example-domain.com,Dallas,Texas,75201,2024-12-14,Corporate
CUST_00422,Riley,Martinez,riley.martinez422@example-domain.com,San Diego,California,92101,2024-10-31,Corporate
CUST_00423,Jordan,Williams,jordan.williams423@example-domain.com,Boston,Massachusetts,02108,2024-01-24,Consumer
CUST_00424,Liam,Moore,liam.moore424@example-domain.com,Philadelphia,Pennsylvania,19102,2023-02-27,Consumer
CUST_00425,Alex,Garcia,alex.garcia425@example-domain.com,San Diego,California,92101,2024-05-26,Consumer
CUST_00426,Olivia,Hernandez,olivia.hernandez426@example-domain.com,New York City,New York,10001,2024-06-24,Consumer
CUST_00427,Jordan,Davis,jordan.davis427@example-domain.com,Austin,Texas,78701,2024-12-09,Consumer
CUST_00428,Mia,Thomas,mia.thomas428@example-domain.com,Miami,Florida,33101,2023-02-17,Corporate
CUST_00429,Taylor,Rodriguez,taylor.rodriguez429@example-domain.com,Columbus,Ohio,43215,2024-07-31,Consumer
CUST_00430,Jordan,Garcia,jordan.garcia430@example-domain.com,Chicago,Illinois,60601,2023-01-17,Consumer
CUST_00431,Pat,Jackson,pat.jackson431@example-domain.com,Buffalo,New York,14201,2024-12-30,Consumer
CUST_00432,Liam,Williams,liam.williams432@example-domain.com,Orlando,Florida,32801,2023-06-16,Corporate
CUST_00433,Mia,Davis,mia.davis433@example-domain.com,Boston,Massachusetts,02108,2024-11-24,Consumer
CUST_00434,Lucas,Hernandez,lucas.hernandez434@example-domain.com,Boston,Massachusetts,02108,2023-05-24,Consumer
CUST_00435,Taylor,Taylor,taylor.taylor435@example-domain.com,Seattle,Washington,98101,2023-02-24,Consumer
CUST_00436,Morgan,Wilson,morgan.wilson436@example-domain.com,Dallas,Texas,75201,2023-03-19,Corporate
CUST_00437,Ethan,Martin,ethan.martin437@example-domain.com,Boston,Massachusetts,02108,2023-12-01,Consumer
CUST_00438,Alex,Rodriguez,alex.rodriguez438@example-domain.com,Denver,Colorado,80202,2024-05-17,Corporate
CUST_00439,Riley,Lopez,riley.lopez439@example-domain.com,Columbus,Ohio,43215,2024-01-20,Corporate
CUST_00440,Olivia,Garcia,olivia.garcia440@example-domain.com,Boston,Massachusetts,02108,2023-03-29,Consumer
CUST_00441,Jackson,Martinez,jackson.martinez441@example-domain.com,Dallas,Texas,75201,2024-12-31,Consumer
CUST_00442,Taylor,Williams,taylor.williams442@example-domain.com,Miami,Florida,33101,2023-06-07,Small Business
CUST_00443,Liam,Jones,liam.jones443@example-domain.com,Boston,Massachusetts,02108,2023-11-21,Consumer
CUST_00444,Sophia,Brown,sophia.brown444@example-domain.com,San Diego,California,92101,2023-01-06,Consumer
CUST_00445,Dakota,Anderson,dakota.anderson445@example-domain.com,Seattle,Washington,98101,2023-10-04,Corporate
CUST_00446,Morgan,Jones,morgan.jones446@example-domain.com,San Diego,California,92101,2023-07-11,Small Business
CUST_00447,Olivia,Anderson,olivia.anderson447@example-domain.com,Columbus,Ohio,43215,2024-07-22,Small Business
CUST_00448,Ava,Wilson,ava.wilson448@example-domain.com,New York City,New York,10001,2023-01-27,Corporate
CUST_00449,Taylor,Lopez,taylor.lopez449@example-domain.com,Columbus,Ohio,43215,2023-04-06,Consumer
CUST_00450,Jackson,Martin,jackson.martin450@example-domain.com,Chicago,Illinois,60601,2024-01-30,Consumer
CUST_00451,Alex,Martinez,alex.martinez451@example-domain.com,Atlanta,Georgia,30301,2024-02-02,Corporate
CUST_00452,Taylor,Moore,taylor.moore452@example-domain.com,Dallas,Texas,75201,2024-08-08,Consumer
CUST_00453,Ava,Garcia,ava.garcia453@example-domain.com,Boston,Massachusetts,02108,2023-06-23,Consumer
CUST_00454,Sam,Rodriguez,sam.rodriguez454@example-domain.com,Orlando,Florida,32801,2023-10-02,Small Business
CUST_00455,Emma,Jones,emma.jones455@example-domain.com,San Diego,California,92101,2023-06-21,Consumer
CUST_00456,Olivia,Rodriguez,olivia.rodriguez456@example-domain.com,Atlanta,Georgia,30301,2023-11-03,Consumer
CUST_00457,Emma,Williams,emma.williams457@example-domain.com,Seattle,Washington,98101,2023-09-15,Consumer
CUST_00458,Riley,Thomas,riley.thomas458@example-domain.com,Austin,Texas,78701,2024-04-13,Consumer
CUST_00459,Morgan,Jones,morgan.jones459@example-domain.com,Orlando,Florida,32801,2023-01-07,Consumer
CUST_00460,Liam,Hernandez,liam.hernandez460@example-domain.com,Boston,Massachusetts,02108,2023-12-04,Consumer
CUST_00461,Noah,Hernandez,noah.hernandez461@example-domain.com,Atlanta,Georgia,30301,2024-10-28,Consumer
CUST_00462,Jackson,Jones,jackson.jones462@example-domain.com,Orlando,Florida,32801,2023-11-25,Consumer
CUST_00463,Jackson,Miller,jackson.miller463@example-domain.com,Philadelphia,Pennsylvania,19102,2023-11-18,Corporate
CUST_00464,Chris,Gonzalez,chris.gonzalez464@example-domain.com,Chicago,Illinois,60601,2023-10-26,Consumer
CUST_00465,Emma,Jackson,emma.jackson465@example-domain.com,Dallas,Texas,75201,2023-11-30,Small Business
CUST_00466,Liam,Rodriguez,liam.rodriguez466@example-domain.com,Boston,Massachusetts,02108,2024-01-09,Consumer
CUST_00467,Morgan,Jackson,morgan.jackson467@example-domain.com,Austin,Texas,78701,2024-08-29,Consumer
CUST_00468,Lucas,Garcia,lucas.garcia468@example-domain.com,Columbus,Ohio,43215,2023-01-28,Corporate
CUST_00469,Noah,Miller,noah.miller469@example-domain.com,Denver,Colorado,80202,2023-10-26,Consumer
CUST_00470,Taylor,Wilson,taylor.wilson470@example-domain.com,Philadelphia,Pennsylvania,19102,2023-05-23,Small Business
CUST_00471,Dakota,Davis,dakota.davis471@example-domain.com,Miami,Florida,33101,2024-11-05,Consumer
CUST_00472,Sam,Wilson,sam.wilson472@example-domain.com,Boston,Massachusetts,02108,2023-03-17,Small Business
CUST_00473,Noah,Martin,noah.martin473@example-domain.com,Philadelphia,Pennsylvania,19102,2024-08-19,Consumer
CUST_00474,Liam,Moore,liam.moore474@example-domain.com,Raleigh,North Carolina,27601,2024-12-09,Corporate
CUST_00475,Olivia,Moore,olivia.moore475@example-domain.com,San Francisco,California,94102,2024-01-04,Consumer
CUST_00476,Lucas,Martin,lucas.martin476@example-domain.com,San Diego,California,92101,2023-04-22,Small Business
CUST_00477,Riley,Lopez,riley.lopez477@example-domain.com,Houston,Texas,77001,2024-10-24,Consumer
CUST_00478,Jackson,Johnson,jackson.johnson478@example-domain.com,Boston,Massachusetts,02108,2023-12-06,Consumer
CUST_00479,Olivia,Brown,olivia.brown479@example-domain.com,Los Angeles,California,90001,2023-04-11,Small Business
CUST_00480,Cameron,Davis,cameron.davis480@example-domain.com,Raleigh,North Carolina,27601,2024-06-15,Consumer
CUST_00481,Lucas,Jackson,lucas.jackson481@example-domain.com,Dallas,Texas,75201,2024-04-01,Consumer
CUST_00482,Sophia,Gonzalez,sophia.gonzalez482@example-domain.com,Denver,Colorado,80202,2024-11-26,Consumer
CUST_00483,Mia,Taylor,mia.taylor483@example-domain.com,Buffalo,New York,14201,2023-12-20,Consumer
CUST_00484,Alex,Thomas,alex.thomas484@example-domain.com,New York City,New York,10001,2023-10-30,Consumer
CUST_00485,Olivia,Williams,olivia.williams485@example-domain.com,New York City,New York,10001,2023-05-26,Consumer
CUST_00486,Sophia,Martinez,sophia.martinez486@example-domain.com,Chicago,Illinois,60601,2024-04-11,Small Business
CUST_00487,Pat,Taylor,pat.taylor487@example-domain.com,Philadelphia,Pennsylvania,19102,2023-12-23,Consumer
CUST_00488,Emma,Brown,emma.brown488@example-domain.com,Denver,Colorado,80202,2024-12-14,Consumer
CUST_00489,Noah,Hernandez,noah.hernandez489@example-domain.com,San Diego,California,92101,2023-11-04,Small Business
CUST_00490,Jordan,Brown,jordan.brown490@example-domain.com,Los Angeles,California,90001,2023-12-18,Corporate
CUST_00491,Morgan,Garcia,morgan.garcia491@example-domain.com,Dallas,Texas,75201,2024-06-12,Consumer
CUST_00492,Chris,Moore,chris.moore492@example-domain.com,Houston,Texas,77001,2023-12-05,Consumer
CUST_00493,Lucas,Wilson,lucas.wilson493@example-domain.com,Denver,Colorado,80202,2023-08-26,Consumer
CUST_00494,Liam,Garcia,liam.garcia494@example-domain.com,Houston,Texas,77001,2024-10-17,Consumer
CUST_00495,Olivia,Gonzalez,olivia.gonzalez495@example-domain.com,Los Angeles,California,90001,2024-09-20,Consumer
CUST_00496,Pat,Anderson,pat.anderson496@example-domain.com,Atlanta,Georgia,30301,2024-02-03,Consumer
CUST_00497,Alex,Miller,alex.miller497@example-domain.com,Austin,Texas,78701,2023-10-13,Consumer
CUST_00498,Taylor,Jackson,taylor.jackson498@example-domain.com,New York City,New York,10001,2024-07-03,Consumer
CUST_00499,Chris,Lopez,chris.lopez499@example-domain.com,Chicago,Illinois,60601,2023-07-21,Small Business
CUST_00500,Noah,Brown,noah.brown500@example-domain.com,Miami,Florida,33101,2024-11-17,Small Business
CUST_00501,Emma,Taylor,emma.taylor501@example-domain.com,Chicago,Illinois,60601,2024-09-03,Consumer
CUST_00502,Liam,Martin,liam.martin502@example-domain.com,Boston,Massachusetts,02108,2024-08-24,Consumer
CUST_00503,Morgan,Lopez,morgan.lopez503@example-domain.com,Seattle,Washington,98101,2024-04-13,Consumer
CUST_00504,Jackson,Garcia,jackson.garcia504@example-domain.com,Orlando,Florida,32801,2024-09-21,Corporate
CUST_00505,Mia,Williams,mia.williams505@example-domain.com,Buffalo,New York,14201,2023-11-17,Consumer
CUST_00506,Morgan,Davis,morgan.davis506@example-domain.com,Orlando,Florida,32801,2023-04-30,Consumer
CUST_00507,Chris,Lopez,chris.lopez507@example-domain.com,Buffalo,New York,14201,2024-06-07,Small Business
CUST_00508,Liam,Wilson,liam.wilson508@example-domain.com,Buffalo,New York,14201,2024-08-11,Corporate
CUST_00509,Liam,Wilson,liam.wilson509@example-domain.com,Houston,Texas,77001,2024-05-13,Small Business
CUST_00510,Lucas,Garcia,lucas.garcia510@example-domain.com,Columbus,Ohio,43215,2023-06-20,Corporate
CUST_00511,Emma,Martinez,emma.martinez511@example-domain.com,Buffalo,New York,14201,2023-07-11,Consumer
CUST_00512,Ethan,Anderson,ethan.anderson512@example-domain.com,San Francisco,California,94102,2024-01-03,Consumer
CUST_00513,Alex,Thomas,alex.thomas513@example-domain.com,Buffalo,New York,14201,2023-07-19,Small Business
CUST_00514,Liam,Moore,liam.moore514@example-domain.com,Raleigh,North Carolina,27601,2024-10-30,Corporate
CUST_00515,Emma,Wilson,emma.wilson515@example-domain.com,Philadelphia,Pennsylvania,19102,2024-03-01,Consumer
CUST_00516,Noah,Thomas,noah.thomas516@example-domain.com,Houston,Texas,77001,2023-03-26,Consumer
CUST_00517,Mia,Smith,mia.smith517@example-domain.com,Dallas,Texas,75201,2023-10-27,Consumer
CUST_00518,Jordan,Rodriguez,jordan.rodriguez518@example-domain.com,Dallas,Texas,75201,2024-07-04,Corporate
CUST_00519,Dakota,Garcia,dakota.garcia519@example-domain.com,Denver,Colorado,80202,2024-08-02,Small Business
CUST_00520,Emma,Moore,emma.moore520@example-domain.com,Raleigh,North Carolina,27601,2023-04-26,Consumer
CUST_00521,Mia,Brown,mia.brown521@example-domain.com,Miami,Florida,33101,2024-07-10,Consumer
CUST_00522,Sophia,Moore,sophia.moore522@example-domain.com,San Francisco,California,94102,2024-03-27,Consumer
CUST_00523,Lucas,Miller,lucas.miller523@example-domain.com,Atlanta,Georgia,30301,2023-04-15,Small Business
CUST_00524,Riley,Martinez,riley.martinez524@example-domain.com,San Francisco,California,94102,2024-04-05,Corporate
CUST_00525,Cameron,Lopez,cameron.lopez525@example-domain.com,San Diego,California,92101,2024-03-25,Corporate
CUST_00526,Morgan,Davis,morgan.davis526@example-domain.com,Austin,Texas,78701,2024-08-25,Consumer
CUST_00527,Sophia,Martin,sophia.martin527@example-domain.com,Atlanta,Georgia,30301,2023-06-19,Consumer
CUST_00528,Jackson,Jones,jackson.jones528@example-domain.com,Austin,Texas,78701,2023-07-31,Consumer
CUST_00529,Jordan,Jackson,jordan.jackson529@example-domain.com,Seattle,Washington,98101,2024-06-29,Consumer
CUST_00530,Cameron,Martin,cameron.martin530@example-domain.com,Columbus,Ohio,43215,2023-06-22,Corporate
CUST_00531,Ethan,Martinez,ethan.martinez531@example-domain.com,Orlando,Florida,32801,2024-08-09,Corporate
CUST_00532,Cameron,Taylor,cameron.taylor532@example-domain.com,New York City,New York,10001,2023-05-19,Small Business
CUST_00533,Olivia,Johnson,olivia.johnson533@example-domain.com,Miami,Florida,33101,2024-11-02,Small Business
CUST_00534,Sam,Jones,sam.jones534@example-domain.com,Dallas,Texas,75201,2023-05-30,Consumer
CUST_00535,Ethan,Davis,ethan.davis535@example-domain.com,Boston,Massachusetts,02108,2024-05-16,Corporate
CUST_00536,Sam,Jackson,sam.jackson536@example-domain.com,Miami,Florida,33101,2024-10-04,Small Business
CUST_00537,Olivia,Gonzalez,olivia.gonzalez537@example-domain.com,Denver,Colorado,80202,2023-03-19,Corporate
CUST_00538,Taylor,Gonzalez,taylor.gonzalez538@example-domain.com,Raleigh,North Carolina,27601,2023-10-12,Consumer
CUST_00539,Sophia,Anderson,sophia.anderson539@example-domain.com,Philadelphia,Pennsylvania,19102,2023-12-02,Consumer
CUST_00540,Mia,Smith,mia.smith540@example-domain.com,San Diego,California,92101,2024-04-14,Consumer
CUST_00541,Sophia,Williams,sophia.williams541@example-domain.com,Columbus,Ohio,43215,2024-02-12,Small Business
CUST_00542,Pat,Wilson,pat.wilson542@example-domain.com,Austin,Texas,78701,2024-05-21,Consumer
CUST_00543,Cameron,Hernandez,cameron.hernandez543@example-domain.com,Orlando,Florida,32801,2023-12-12,Consumer
CUST_00544,Lucas,Jackson,lucas.jackson544@example-domain.com,Buffalo,New York,14201,2024-08-02,Consumer
CUST_00545,Emma,Hernandez,emma.hernandez545@example-domain.com,San Francisco,California,94102,2023-02-17,Consumer
CUST_00546,Morgan,Anderson,morgan.anderson546@example-domain.com,Los Angeles,California,90001,2023-05-08,Consumer
CUST_00547,Chris,Anderson,chris.anderson547@example-domain.com,Denver,Colorado,80202,2023-01-01,Consumer
CUST_00548,Olivia,Miller,olivia.miller548@example-domain.com,Buffalo,New York,14201,2024-10-27,Consumer
CUST_00549,Dakota,Garcia,dakota.garcia549@example-domain.com,Miami,Florida,33101,2023-04-06,Consumer
CUST_00550,Sophia,Rodriguez,sophia.rodriguez550@example-domain.com,San Diego,California,92101,2024-01-16,Corporate
CUST_00551,Chris,Johnson,chris.johnson551@example-domain.com,Boston,Massachusetts,02108,2024-10-02,Consumer
CUST_00552,Dakota,Davis,dakota.davis552@example-domain.com,Atlanta,Georgia,30301,2024-11-02,Corporate
CUST_00553,Taylor,Brown,taylor.brown553@example-domain.com,Los Angeles,California,90001,2023-08-07,Consumer
CUST_00554,Emma,Williams,emma.williams554@example-domain.com,Buffalo,New York,14201,2024-08-30,Consumer
CUST_00555,Riley,Taylor,riley.taylor555@example-domain.com,Denver,Colorado,80202,2023-01-10,Corporate
CUST_00556,Alex,Hernandez,alex.hernandez556@example-domain.com,New York City,New York,10001,2024-03-08,Consumer
CUST_00557,Sam,Thomas,sam.thomas557@example-domain.com,San Diego,California,92101,2023-08-23,Consumer
CUST_00558,Liam,Williams,liam.williams558@example-domain.com,New York City,New York,10001,2023-04-16,Consumer
CUST_00559,Ethan,Lopez,ethan.lopez559@example-domain.com,Orlando,Florida,32801,2023-05-21,Corporate
CUST_00560,Liam,Jones,liam.jones560@example-domain.com,Buffalo,New York,14201,2023-03-12,Consumer
CUST_00561,Ava,Jackson,ava.jackson561@example-domain.com,Los Angeles,California,90001,2024-09-16,Corporate
CUST_00562,Chris,Anderson,chris.anderson562@example-domain.com,Seattle,Washington,98101,2023-08-07,Consumer
CUST_00563,Sam,Wilson,sam.wilson563@example-domain.com,Denver,Colorado,80202,2023-08-11,Consumer
CUST_00564,Taylor,Brown,taylor.brown564@example-domain.com,Buffalo,New York,14201,2023-05-07,Consumer
CUST_00565,Mia,Gonzalez,mia.gonzalez565@example-domain.com,Seattle,Washington,98101,2024-03-15,Consumer
CUST_00566,Ethan,Jones,ethan.jones566@example-domain.com,Dallas,Texas,75201,2023-10-11,Consumer
CUST_00567,Taylor,Davis,taylor.davis567@example-domain.com,Columbus,Ohio,43215,2024-09-07,Consumer
CUST_00568,Jackson,Martin,jackson.martin568@example-domain.com,Orlando,Florida,32801,2024-12-08,Consumer
CUST_00569,Alex,Martinez,alex.martinez569@example-domain.com,Austin,Texas,78701,2024-06-14,Small Business
CUST_00570,Jackson,Taylor,jackson.taylor570@example-domain.com,Austin,Texas,78701,2024-02-06,Consumer
CUST_00571,Dakota,Johnson,dakota.johnson571@example-domain.com,Dallas,Texas,75201,2024-05-21,Consumer
CUST_00572,Liam,Brown,liam.brown572@example-domain.com,Dallas,Texas,75201,2024-05-26,Corporate
CUST_00573,Jackson,Williams,jackson.williams573@example-domain.com,Raleigh,North Carolina,27601,2023-01-13,Consumer
CUST_00574,Sophia,Hernandez,sophia.hernandez574@example-domain.com,Buffalo,New York,14201,2024-02-01,Consumer
CUST_00575,Mia,Wilson,mia.wilson575@example-domain.com,Seattle,Washington,98101,2024-07-13,Corporate
CUST_00576,Chris,Thomas,chris.thomas576@example-domain.com,San Diego,California,92101,2023-01-18,Small Business
CUST_00577,Mia,Williams,mia.williams577@example-domain.com,Los Angeles,California,90001,2023-09-26,Consumer
CUST_00578,Pat,Johnson,pat.johnson578@example-domain.com,San Francisco,California,94102,2024-02-12,Small Business
CUST_00579,Ava,Martinez,ava.martinez579@example-domain.com,Raleigh,North Carolina,27601,2024-03-01,Consumer
CUST_00580,Olivia,Gonzalez,olivia.gonzalez580@example-domain.com,San Diego,California,92101,2024-10-17,Consumer
CUST_00581,Lucas,Moore,lucas.moore581@example-domain.com,Buffalo,New York,14201,2023-10-12,Consumer
CUST_00582,Taylor,Martinez,taylor.martinez582@example-domain.com,San Diego,California,92101,2024-06-07,Small Business
CUST_00583,Pat,Jones,pat.jones583@example-domain.com,Columbus,Ohio,43215,2023-12-01,Consumer
CUST_00584,Liam,Jackson,liam.jackson584@example-domain.com,San Diego,California,92101,2023-11-14,Consumer
CUST_00585,Olivia,Davis,olivia.davis585@example-domain.com,San Francisco,California,94102,2023-09-08,Consumer
CUST_00586,Taylor,Wilson,taylor.wilson586@example-domain.com,New York City,New York,10001,2024-04-09,Consumer
CUST_00587,Jackson,Martin,jackson.martin587@example-domain.com,San Francisco,California,94102,2023-11-13,Consumer
CUST_00588,Chris,Brown,chris.brown588@example-domain.com,Los Angeles,California,90001,2024-12-25,Consumer
CUST_00589,Sam,Smith,sam.smith589@example-domain.com,Houston,Texas,77001,2024-05-23,Consumer
CUST_00590,Sophia,Taylor,sophia.taylor590@example-domain.com,Raleigh,North Carolina,27601,2023-09-23,Consumer
CUST_00591,Chris,Lopez,chris.lopez591@example-domain.com,Buffalo,New York,14201,2023-10-03,Consumer
CUST_00592,Morgan,Smith,morgan.smith592@example-domain.com,Chicago,Illinois,60601,2024-03-15,Consumer
CUST_00593,Cameron,Taylor,cameron.taylor593@example-domain.com,San Diego,California,92101,2023-09-27,Consumer
CUST_00594,Mia,Williams,mia.williams594@example-domain.com,Philadelphia,Pennsylvania,19102,2024-04-11,Consumer
CUST_00595,Ava,Lopez,ava.lopez595@example-domain.com,San Francisco,California,94102,2024-05-26,Corporate
CUST_00596,Mia,Garcia,mia.garcia596@example-domain.com,Seattle,Washington,98101,2023-06-11,Consumer
CUST_00597,Cameron,Brown,cameron.brown597@example-domain.com,New York City,New York,10001,2023-08-22,Consumer
CUST_00598,Ava,Smith,ava.smith598@example-domain.com,San Francisco,California,94102,2023-01-13,Consumer
CUST_00599,Riley,Johnson,riley.johnson599@example-domain.com,Philadelphia,Pennsylvania,19102,2024-01-08,Consumer
CUST_00600,Liam,Jones,liam.jones600@example-domain.com,Houston,Texas,77001,2023-02-06,Consumer
CUST_00601,Lucas,Wilson,lucas.wilson601@example-domain.com,Dallas,Texas,75201,2023-11-26,Consumer
CUST_00602,Riley,Wilson,riley.wilson602@example-domain.com,Chicago,Illinois,60601,2023-10-05,Consumer
CUST_00603,Taylor,Jackson,taylor.jackson603@example-domain.com,Seattle,Washington,98101,2023-05-03,Consumer
CUST_00604,Ava,Johnson,ava.johnson604@example-domain.com,Houston,Texas,77001,2023-08-17,Consumer
CUST_00605,Ava,Johnson,ava.johnson605@example-domain.com,Boston,Massachusetts,02108,2023-03-12,Consumer
CUST_00606,Noah,Martinez,noah.martinez606@example-domain.com,Orlando,Florida,32801,2023-12-02,Consumer
CUST_00607,Taylor,Moore,taylor.moore607@example-domain.com,Denver,Colorado,80202,2023-01-09,Consumer
CUST_00608,Sophia,Miller,sophia.miller608@example-domain.com,Orlando,Florida,32801,2024-07-31,Consumer
CUST_00609,Dakota,Martin,dakota.martin609@example-domain.com,Dallas,Texas,75201,2024-04-20,Consumer
CUST_00610,Sophia,Jackson,sophia.jackson610@example-domain.com,Philadelphia,Pennsylvania,19102,2023-07-20,Consumer
CUST_00611,Lucas,Davis,lucas.davis611@example-domain.com,Buffalo,New York,14201,2023-01-07,Consumer
CUST_00612,Olivia,Smith,olivia.smith612@example-domain.com,Dallas,Texas,75201,2024-07-08,Corporate
CUST_00613,Sophia,Smith,sophia.smith613@example-domain.com,Chicago,Illinois,60601,2023-01-02,Consumer
CUST_00614,Liam,Martinez,liam.martinez614@example-domain.com,New York City,New York,10001,2023-07-30,Consumer
CUST_00615,Ava,Davis,ava.davis615@example-domain.com,Atlanta,Georgia,30301,2024-05-18,Corporate
CUST_00616,Jordan,Jones,jordan.jones616@example-domain.com,Miami,Florida,33101,2023-04-06,Small Business
CUST_00617,Jordan,Davis,jordan.davis617@example-domain.com,Raleigh,North Carolina,27601,2024-02-27,Consumer
CUST_00618,Sophia,Anderson,sophia.anderson618@example-domain.com,San Diego,California,92101,2024-08-17,Consumer
CUST_00619,Morgan,Taylor,morgan.taylor619@example-domain.com,Buffalo,New York,14201,2024-10-14,Corporate
CUST_00620,Liam,Williams,liam.williams620@example-domain.com,San Francisco,California,94102,2024-03-21,Corporate
CUST_00621,Sam,Davis,sam.davis621@example-domain.com,Orlando,Florida,32801,2023-09-25,Consumer
CUST_00622,Ethan,Gonzalez,ethan.gonzalez622@example-domain.com,Chicago,Illinois,60601,2023-11-22,Consumer
CUST_00623,Noah,Rodriguez,noah.rodriguez623@example-domain.com,Dallas,Texas,75201,2023-03-18,Consumer
CUST_00624,Pat,Jones,pat.jones624@example-domain.com,New York City,New York,10001,2023-06-09,Consumer
CUST_00625,Morgan,Garcia,morgan.garcia625@example-domain.com,Denver,Colorado,80202,2024-04-22,Consumer
CUST_00626,Ethan,Wilson,ethan.wilson626@example-domain.com,New York City,New York,10001,2024-07-02,Consumer
CUST_00627,Sophia,Miller,sophia.miller627@example-domain.com,Denver,Colorado,80202,2023-11-12,Consumer
CUST_00628,Noah,Rodriguez,noah.rodriguez628@example-domain.com,New York City,New York,10001,2023-04-03,Corporate
CUST_00629,Chris,Martinez,chris.martinez629@example-domain.com,San Francisco,California,94102,2023-08-09,Consumer
CUST_00630,Ethan,Jones,ethan.jones630@example-domain.com,San Diego,California,92101,2024-12-29,Consumer
CUST_00631,Riley,Lopez,riley.lopez631@example-domain.com,Boston,Massachusetts,02108,2024-06-09,Corporate
CUST_00632,Jordan,Martinez,jordan.martinez632@example-domain.com,Miami,Florida,33101,2023-06-28,Corporate
CUST_00633,Alex,Gonzalez,alex.gonzalez633@example-domain.com,Denver,Colorado,80202,2024-07-23,Consumer
CUST_00634,Lucas,Davis,lucas.davis634@example-domain.com,New York City,New York,10001,2024-04-18,Consumer
CUST_00635,Morgan,Jones,morgan.jones635@example-domain.com,New York City,New York,10001,2023-01-13,Consumer
CUST_00636,Jordan,Davis,jordan.davis636@example-domain.com,Buffalo,New York,14201,2023-07-22,Consumer
CUST_00637,Liam,Lopez,liam.lopez637@example-domain.com,San Diego,California,92101,2024-08-19,Consumer
CUST_00638,Mia,Rodriguez,mia.rodriguez638@example-domain.com,San Diego,California,92101,2023-01-23,Consumer
CUST_00639,Taylor,Miller,taylor.miller639@example-domain.com,Denver,Colorado,80202,2023-05-12,Consumer
CUST_00640,Taylor,Hernandez,taylor.hernandez640@example-domain.com,New York City,New York,10001,2023-02-13,Consumer
CUST_00641,Noah,Johnson,noah.johnson641@example-domain.com,Houston,Texas,77001,2024-08-10,Consumer
CUST_00642,Olivia,Gonzalez,olivia.gonzalez642@example-domain.com,Philadelphia,Pennsylvania,19102,2023-01-31,Consumer
CUST_00643,Liam,Wilson,liam.wilson643@example-domain.com,Houston,Texas,77001,2023-12-29,Consumer
CUST_00644,Pat,Garcia,pat.garcia644@example-domain.com,Miami,Florida,33101,2023-10-14,Consumer
CUST_00645,Noah,Jones,noah.jones645@example-domain.com,San Francisco,California,94102,2024-09-20,Consumer
CUST_00646,Jackson,Martin,jackson.martin646@example-domain.com,Dallas,Texas,75201,2024-10-24,Corporate
CUST_00647,Dakota,Thomas,dakota.thomas647@example-domain.com,Atlanta,Georgia,30301,2024-07-17,Consumer
CUST_00648,Emma,Johnson,emma.johnson648@example-domain.com,San Diego,California,92101,2023-10-14,Consumer
CUST_00649,Liam,Jones,liam.jones649@example-domain.com,Atlanta,Georgia,30301,2023-07-24,Corporate
CUST_00650,Ava,Davis,ava.davis650@example-domain.com,Columbus,Ohio,43215,2023-01-20,Consumer
CUST_00651,Liam,Lopez,liam.lopez651@example-domain.com,Philadelphia,Pennsylvania,19102,2024-07-11,Consumer
CUST_00652,Emma,Lopez,emma.lopez652@example-domain.com,Raleigh,North Carolina,27601,2023-11-26,Consumer
CUST_00653,Liam,Rodriguez,liam.rodriguez653@example-domain.com,Houston,Texas,77001,2023-01-27,Consumer
CUST_00654,Ethan,Martin,ethan.martin654@example-domain.com,Dallas,Texas,75201,2023-01-31,Corporate
CUST_00655,Cameron,Johnson,cameron.johnson655@example-domain.com,Philadelphia,Pennsylvania,19102,2024-06-26,Consumer
CUST_00656,Sophia,Jackson,sophia.jackson656@example-domain.com,Dallas,Texas,75201,2023-06-13,Consumer
CUST_00657,Morgan,Davis,morgan.davis657@example-domain.com,Dallas,Texas,75201,2023-09-30,Consumer
CUST_00658,Lucas,Johnson,lucas.johnson658@example-domain.com,Dallas,Texas,75201,2024-08-12,Consumer
CUST_00659,Liam,Lopez,liam.lopez659@example-domain.com,Houston,Texas,77001,2023-06-30,Consumer
CUST_00660,Riley,Jackson,riley.jackson660@example-domain.com,Chicago,Illinois,60601,2024-12-15,Consumer
CUST_00661,Sophia,Jackson,sophia.jackson661@example-domain.com,Los Angeles,California,90001,2024-12-21,Consumer
CUST_00662,Sophia,Jackson,sophia.jackson662@example-domain.com,Buffalo,New York,14201,2024-07-30,Small Business
CUST_00663,Pat,Thomas,pat.thomas663@example-domain.com,Columbus,Ohio,43215,2023-11-13,Consumer
CUST_00664,Chris,Thomas,chris.thomas664@example-domain.com,San Francisco,California,94102,2023-04-03,Consumer
CUST_00665,Jordan,Davis,jordan.davis665@example-domain.com,Dallas,Texas,75201,2023-01-21,Consumer
CUST_00666,Ava,Thomas,ava.thomas666@example-domain.com,Los Angeles,California,90001,2023-12-06,Consumer
CUST_00667,Jackson,Miller,jackson.miller667@example-domain.com,Buffalo,New York,14201,2023-12-15,Consumer
CUST_00668,Chris,Hernandez,chris.hernandez668@example-domain.com,San Francisco,California,94102,2023-01-23,Consumer
CUST_00669,Sam,Jackson,sam.jackson669@example-domain.com,Buffalo,New York,14201,2023-04-24,Consumer
CUST_00670,Ava,Lopez,ava.lopez670@example-domain.com,San Diego,California,92101,2024-01-18,Consumer
CUST_00671,Liam,Jackson,liam.jackson671@example-domain.com,New York City,New York,10001,2023-12-11,Consumer
CUST_00672,Dakota,Hernandez,dakota.hernandez672@example-domain.com,Buffalo,New York,14201,2023-06-11,Corporate
CUST_00673,Olivia,Thomas,olivia.thomas673@example-domain.com,Chicago,Illinois,60601,2023-06-28,Consumer
CUST_00674,Lucas,Martin,lucas.martin674@example-domain.com,Seattle,Washington,98101,2023-08-17,Consumer
CUST_00675,Mia,Garcia,mia.garcia675@example-domain.com,Boston,Massachusetts,02108,2023-11-11,Consumer
CUST_00676,Dakota,Jones,dakota.jones676@example-domain.com,Houston,Texas,77001,2023-01-02,Small Business
CUST_00677,Mia,Gonzalez,mia.gonzalez677@example-domain.com,San Francisco,California,94102,2023-07-06,Consumer
CUST_00678,Jackson,Hernandez,jackson.hernandez678@example-domain.com,Dallas,Texas,75201,2024-10-16,Consumer
CUST_00679,Mia,Brown,mia.brown679@example-domain.com,Philadelphia,Pennsylvania,19102,2023-05-25,Small Business
CUST_00680,Ethan,Williams,ethan.williams680@example-domain.com,Dallas,Texas,75201,2023-12-22,Corporate
CUST_00681,Ethan,Garcia,ethan.garcia681@example-domain.com,San Diego,California,92101,2024-12-26,Corporate
CUST_00682,Ethan,Anderson,ethan.anderson682@example-domain.com,Los Angeles,California,90001,2023-09-29,Consumer
CUST_00683,Pat,Davis,pat.davis683@example-domain.com,San Diego,California,92101,2023-12-25,Consumer
CUST_00684,Cameron,Brown,cameron.brown684@example-domain.com,Los Angeles,California,90001,2023-02-19,Consumer
CUST_00685,Liam,Anderson,liam.anderson685@example-domain.com,Atlanta,Georgia,30301,2023-06-20,Small Business
CUST_00686,Olivia,Thomas,olivia.thomas686@example-domain.com,Boston,Massachusetts,02108,2023-12-26,Consumer
CUST_00687,Lucas,Gonzalez,lucas.gonzalez687@example-domain.com,New York City,New York,10001,2024-05-05,Consumer
CUST_00688,Mia,Davis,mia.davis688@example-domain.com,Houston,Texas,77001,2024-04-07,Consumer
CUST_00689,Taylor,Johnson,taylor.johnson689@example-domain.com,Orlando,Florida,32801,2023-01-21,Corporate
CUST_00690,Ethan,Rodriguez,ethan.rodriguez690@example-domain.com,New York City,New York,10001,2023-03-17,Consumer
CUST_00691,Ethan,Garcia,ethan.garcia691@example-domain.com,Boston,Massachusetts,02108,2023-06-14,Consumer
CUST_00692,Taylor,Moore,taylor.moore692@example-domain.com,San Diego,California,92101,2023-12-13,Consumer
CUST_00693,Jackson,Martin,jackson.martin693@example-domain.com,Philadelphia,Pennsylvania,19102,2024-12-22,Consumer
CUST_00694,Alex,Wilson,alex.wilson694@example-domain.com,Houston,Texas,77001,2024-09-13,Consumer
CUST_00695,Olivia,Garcia,olivia.garcia695@example-domain.com,San Francisco,California,94102,2023-04-14,Consumer
CUST_00696,Ethan,Miller,ethan.miller696@example-domain.com,Austin,Texas,78701,2024-02-24,Consumer
CUST_00697,Lucas,Moore,lucas.moore697@example-domain.com,Miami,Florida,33101,2024-11-07,Consumer
CUST_00698,Dakota,Martinez,dakota.martinez698@example-domain.com,Dallas,Texas,75201,2023-04-09,Consumer
CUST_00699,Jordan,Gonzalez,jordan.gonzalez699@example-domain.com,Columbus,Ohio,43215,2024-05-17,Consumer
CUST_00700,Sam,Johnson,sam.johnson700@example-domain.com,Seattle,Washington,98101,2023-01-04,Consumer
CUST_00701,Olivia,Williams,olivia.williams701@example-domain.com,Orlando,Florida,32801,2024-11-08,Consumer
CUST_00702,Jackson,Thomas,jackson.thomas702@example-domain.com,Austin,Texas,78701,2023-04-10,Consumer
CUST_00703,Alex,Miller,alex.miller703@example-domain.com,Houston,Texas,77001,2024-10-15,Consumer
CUST_00704,Dakota,Williams,dakota.williams704@example-domain.com,Philadelphia,Pennsylvania,19102,2023-04-29,Consumer
CUST_00705,Dakota,Gonzalez,dakota.gonzalez705@example-domain.com,Philadelphia,Pennsylvania,19102,2024-05-15,Consumer
CUST_00706,Cameron,Williams,cameron.williams706@example-domain.com,Columbus,Ohio,43215,2024-02-01,Small Business
CUST_00707,Chris,Lopez,chris.lopez707@example-domain.com,Boston,Massachusetts,02108,2024-01-14,Consumer
CUST_00708,Chris,Anderson,chris.anderson708@example-domain.com,San Francisco,California,94102,2023-09-27,Corporate
CUST_00709,Noah,Anderson,noah.anderson709@example-domain.com,Miami,Florida,33101,2023-08-20,Consumer
CUST_00710,Cameron,Jackson,cameron.jackson710@example-domain.com,San Francisco,California,94102,2023-06-04,Consumer
CUST_00711,Morgan,Williams,morgan.williams711@example-domain.com,Seattle,Washington,98101,2024-07-08,Corporate
CUST_00712,Olivia,Jackson,olivia.jackson712@example-domain.com,Dallas,Texas,75201,2024-07-20,Consumer
CUST_00713,Jordan,Gonzalez,jordan.gonzalez713@example-domain.com,Raleigh,North Carolina,27601,2024-03-04,Consumer
CUST_00714,Lucas,Thomas,lucas.thomas714@example-domain.com,Dallas,Texas,75201,2024-05-02,Consumer
CUST_00715,Dakota,Williams,dakota.williams715@example-domain.com,Boston,Massachusetts,02108,2023-02-05,Consumer
CUST_00716,Ava,Jackson,ava.jackson716@example-domain.com,Raleigh,North Carolina,27601,2024-08-08,Small Business
CUST_00717,Jackson,Jones,jackson.jones717@example-domain.com,New York City,New York,10001,2024-04-04,Corporate
CUST_00718,Chris,Garcia,chris.garcia718@example-domain.com,Austin,Texas,78701,2023-07-17,Small Business
CUST_00719,Sam,Johnson,sam.johnson719@example-domain.com,Atlanta,Georgia,30301,2023-03-22,Consumer
CUST_00720,Olivia,Miller,olivia.miller720@example-domain.com,Buffalo,New York,14201,2024-09-01,Corporate
CUST_00721,Cameron,Hernandez,cameron.hernandez721@example-domain.com,San Diego,California,92101,2023-03-31,Small Business
CUST_00722,Liam,Moore,liam.moore722@example-domain.com,Boston,Massachusetts,02108,2024-07-19,Consumer
CUST_00723,Ethan,Rodriguez,ethan.rodriguez723@example-domain.com,Raleigh,North Carolina,27601,2024-04-14,Consumer
CUST_00724,Alex,Martin,alex.martin724@example-domain.com,Raleigh,North Carolina,27601,2024-03-05,Corporate
CUST_00725,Morgan,Wilson,morgan.wilson725@example-domain.com,Buffalo,New York,14201,2023-06-01,Consumer
CUST_00726,Mia,Jackson,mia.jackson726@example-domain.com,New York City,New York,10001,2023-04-19,Corporate
CUST_00727,Mia,Brown,mia.brown727@example-domain.com,Orlando,Florida,32801,2024-07-02,Consumer
CUST_00728,Sophia,Wilson,sophia.wilson728@example-domain.com,Miami,Florida,33101,2024-01-28,Corporate
CUST_00729,Emma,Jackson,emma.jackson729@example-domain.com,Philadelphia,Pennsylvania,19102,2023-02-08,Consumer
CUST_00730,Chris,Rodriguez,chris.rodriguez730@example-domain.com,Boston,Massachusetts,02108,2023-05-28,Consumer
CUST_00731,Jackson,Martin,jackson.martin731@example-domain.com,Boston,Massachusetts,02108,2023-02-09,Consumer
CUST_00732,Liam,Hernandez,liam.hernandez732@example-domain.com,Dallas,Texas,75201,2023-02-20,Corporate
CUST_00733,Emma,Rodriguez,emma.rodriguez733@example-domain.com,Seattle,Washington,98101,2023-01-21,Consumer
CUST_00734,Ethan,Martinez,ethan.martinez734@example-domain.com,Orlando,Florida,32801,2023-10-15,Consumer
CUST_00735,Emma,Brown,emma.brown735@example-domain.com,Dallas,Texas,75201,2023-05-18,Consumer
CUST_00736,Dakota,Anderson,dakota.anderson736@example-domain.com,Chicago,Illinois,60601,2023-10-03,Corporate
CUST_00737,Olivia,Martin,olivia.martin737@example-domain.com,San Diego,California,92101,2023-07-12,Consumer
CUST_00738,Noah,Miller,noah.miller738@example-domain.com,Atlanta,Georgia,30301,2024-05-11,Corporate
CUST_00739,Ava,Lopez,ava.lopez739@example-domain.com,San Francisco,California,94102,2024-06-11,Consumer
CUST_00740,Chris,Williams,chris.williams740@example-domain.com,Orlando,Florida,32801,2024-12-27,Consumer
CUST_00741,Ava,Gonzalez,ava.gonzalez741@example-domain.com,Buffalo,New York,14201,2024-06-20,Consumer
CUST_00742,Mia,Smith,mia.smith742@example-domain.com,Houston,Texas,77001,2023-07-17,Consumer
CUST_00743,Pat,Johnson,pat.johnson743@example-domain.com,Dallas,Texas,75201,2023-02-03,Corporate
CUST_00744,Noah,Johnson,noah.johnson744@example-domain.com,Seattle,Washington,98101,2024-12-22,Consumer
CUST_00745,Pat,Rodriguez,pat.rodriguez745@example-domain.com,Seattle,Washington,98101,2024-04-20,Consumer
CUST_00746,Ava,Gonzalez,ava.gonzalez746@example-domain.com,New York City,New York,10001,2024-11-28,Corporate
CUST_00747,Alex,Davis,alex.davis747@example-domain.com,Seattle,Washington,98101,2024-05-15,Consumer
CUST_00748,Jackson,Anderson,jackson.anderson748@example-domain.com,Houston,Texas,77001,2024-04-30,Consumer
CUST_00749,Mia,Moore,mia.moore749@example-domain.com,Seattle,Washington,98101,2023-12-19,Small Business
CUST_00750,Chris,Rodriguez,chris.rodriguez750@example-domain.com,San Diego,California,92101,2023-10-19,Consumer
CUST_00751,Alex,Gonzalez,alex.gonzalez751@example-domain.com,San Francisco,California,94102,2023-06-16,Consumer
CUST_00752,Mia,Miller,mia.miller752@example-domain.com,Dallas,Texas,75201,2024-10-24,Small Business
CUST_00753,Riley,Miller,riley.miller753@example-domain.com,Miami,Florida,33101,2024-10-29,Consumer
CUST_00754,Olivia,Taylor,olivia.taylor754@example-domain.com,Los Angeles,California,90001,2024-11-29,Consumer
CUST_00755,Alex,Thomas,alex.thomas755@example-domain.com,Buffalo,New York,14201,2024-10-24,Consumer
CUST_00756,Chris,Martin,chris.martin756@example-domain.com,Los Angeles,California,90001,2023-08-18,Corporate
CUST_00757,Cameron,Martin,cameron.martin757@example-domain.com,Orlando,Florida,32801,2024-12-30,Consumer
CUST_00758,Cameron,Wilson,cameron.wilson758@example-domain.com,Boston,Massachusetts,02108,2023-12-24,Consumer
CUST_00759,Noah,Rodriguez,noah.rodriguez759@example-domain.com,Austin,Texas,78701,2024-04-22,Corporate
CUST_00760,Dakota,Taylor,dakota.taylor760@example-domain.com,Boston,Massachusetts,02108,2024-08-21,Corporate
CUST_00761,Morgan,Smith,morgan.smith761@example-domain.com,Raleigh,North Carolina,27601,2024-11-09,Consumer
CUST_00762,Sophia,Moore,sophia.moore762@example-domain.com,Orlando,Florida,32801,2023-11-02,Consumer
CUST_00763,Morgan,Thomas,morgan.thomas763@example-domain.com,San Diego,California,92101,2023-12-11,Consumer
CUST_00764,Cameron,Hernandez,cameron.hernandez764@example-domain.com,Miami,Florida,33101,2023-09-25,Corporate
CUST_00765,Dakota,Miller,dakota.miller765@example-domain.com,Buffalo,New York,14201,2024-06-13,Consumer
CUST_00766,Riley,Johnson,riley.johnson766@example-domain.com,Boston,Massachusetts,02108,2024-11-07,Consumer
CUST_00767,Ethan,Jones,ethan.jones767@example-domain.com,Los Angeles,California,90001,2024-11-02,Corporate
CUST_00768,Emma,Martinez,emma.martinez768@example-domain.com,Miami,Florida,33101,2024-03-04,Corporate
CUST_00769,Liam,Gonzalez,liam.gonzalez769@example-domain.com,San Francisco,California,94102,2024-08-20,Consumer
CUST_00770,Mia,Miller,mia.miller770@example-domain.com,Chicago,Illinois,60601,2024-12-31,Corporate
CUST_00771,Riley,Moore,riley.moore771@example-domain.com,Philadelphia,Pennsylvania,19102,2024-11-18,Consumer
CUST_00772,Sophia,Taylor,sophia.taylor772@example-domain.com,Orlando,Florida,32801,2023-06-24,Corporate
CUST_00773,Lucas,Garcia,lucas.garcia773@example-domain.com,Orlando,Florida,32801,2023-04-10,Consumer
CUST_00774,Emma,Jones,emma.jones774@example-domain.com,Miami,Florida,33101,2024-07-26,Consumer
CUST_00775,Chris,Hernandez,chris.hernandez775@example-domain.com,San Diego,California,92101,2023-08-16,Corporate
CUST_00776,Sophia,Davis,sophia.davis776@example-domain.com,Orlando,Florida,32801,2024-03-06,Consumer
CUST_00777,Ethan,Lopez,ethan.lopez777@example-domain.com,Miami,Florida,33101,2024-08-22,Consumer
CUST_00778,Dakota,Anderson,dakota.anderson778@example-domain.com,New York City,New York,10001,2024-04-26,Corporate
CUST_00779,Jordan,Jackson,jordan.jackson779@example-domain.com,San Diego,California,92101,2024-04-28,Corporate
CUST_00780,Pat,Taylor,pat.taylor780@example-domain.com,New York City,New York,10001,2024-11-28,Consumer
CUST_00781,Liam,Taylor,liam.taylor781@example-domain.com,Orlando,Florida,32801,2024-02-28,Consumer
CUST_00782,Jordan,Jones,jordan.jones782@example-domain.com,Buffalo,New York,14201,2023-07-25,Consumer
CUST_00783,Ethan,Wilson,ethan.wilson783@example-domain.com,Denver,Colorado,80202,2023-05-27,Consumer
CUST_00784,Ethan,Garcia,ethan.garcia784@example-domain.com,San Diego,California,92101,2024-05-14,Consumer
CUST_00785,Ethan,Garcia,ethan.garcia785@example-domain.com,Chicago,Illinois,60601,2024-10-11,Consumer
CUST_00786,Jordan,Smith,jordan.smith786@example-domain.com,Denver,Colorado,80202,2023-10-08,Small Business
CUST_00787,Pat,Garcia,pat.garcia787@example-domain.com,Houston,Texas,77001,2024-05-16,Consumer
CUST_00788,Taylor,Jones,taylor.jones788@example-domain.com,Atlanta,Georgia,30301,2024-10-10,Consumer
CUST_00789,Olivia,Gonzalez,olivia.gonzalez789@example-domain.com,Atlanta,Georgia,30301,2024-05-03,Consumer
CUST_00790,Liam,Smith,liam.smith790@example-domain.com,San Francisco,California,94102,2024-06-30,Small Business
CUST_00791,Pat,Lopez,pat.lopez791@example-domain.com,Los Angeles,California,90001,2023-11-26,Consumer
CUST_00792,Ava,Miller,ava.miller792@example-domain.com,Los Angeles,California,90001,2024-11-23,Consumer
CUST_00793,Alex,Davis,alex.davis793@example-domain.com,Dallas,Texas,75201,2024-12-11,Consumer
CUST_00794,Sophia,Martinez,sophia.martinez794@example-domain.com,Buffalo,New York,14201,2023-04-16,Consumer
CUST_00795,Liam,Taylor,liam.taylor795@example-domain.com,Orlando,Florida,32801,2023-06-21,Consumer
CUST_00796,Taylor,Johnson,taylor.johnson796@example-domain.com,Orlando,Florida,32801,2023-10-25,Corporate
CUST_00797,Noah,Taylor,noah.taylor797@example-domain.com,Raleigh,North Carolina,27601,2023-12-12,Small Business
CUST_00798,Olivia,Jones,olivia.jones798@example-domain.com,Chicago,Illinois,60601,2024-05-16,Consumer
CUST_00799,Sophia,Miller,sophia.miller799@example-domain.com,Houston,Texas,77001,2024-02-18,Consumer
CUST_00800,Alex,Davis,alex.davis800@example-domain.com,Dallas,Texas,75201,2023-05-15,Small Business
CUST_00801,Pat,Smith,pat.smith801@example-domain.com,Raleigh,North Carolina,27601,2023-06-23,Corporate
CUST_00802,Morgan,Lopez,morgan.lopez802@example-domain.com,San Francisco,California,94102,2024-01-20,Consumer
CUST_00803,Cameron,Moore,cameron.moore803@example-domain.com,San Francisco,California,94102,2024-08-31,Consumer
CUST_00804,Jordan,Brown,jordan.brown804@example-domain.com,Los Angeles,California,90001,2023-02-19,Consumer
CUST_00805,Morgan,Wilson,morgan.wilson805@example-domain.com,Denver,Colorado,80202,2024-01-25,Consumer
CUST_00806,Morgan,Moore,morgan.moore806@example-domain.com,Miami,Florida,33101,2024-04-30,Corporate
CUST_00807,Sam,Miller,sam.miller807@example-domain.com,Los Angeles,California,90001,2023-11-05,Small Business
CUST_00808,Olivia,Brown,olivia.brown808@example-domain.com,Raleigh,North Carolina,27601,2023-10-04,Small Business
CUST_00809,Jackson,Martin,jackson.martin809@example-domain.com,Buffalo,New York,14201,2024-03-04,Consumer
CUST_00810,Morgan,Taylor,morgan.taylor810@example-domain.com,New York City,New York,10001,2023-10-17,Consumer
CUST_00811,Morgan,Brown,morgan.brown811@example-domain.com,Philadelphia,Pennsylvania,19102,2023-07-23,Small Business
CUST_00812,Jackson,Miller,jackson.miller812@example-domain.com,Miami,Florida,33101,2024-06-19,Corporate
CUST_00813,Pat,Lopez,pat.lopez813@example-domain.com,Atlanta,Georgia,30301,2023-10-30,Consumer
CUST_00814,Chris,Johnson,chris.johnson814@example-domain.com,Columbus,Ohio,43215,2024-05-23,Small Business
CUST_00815,Pat,Thomas,pat.thomas815@example-domain.com,Chicago,Illinois,60601,2023-08-29,Corporate
CUST_00816,Alex,Smith,alex.smith816@example-domain.com,San Diego,California,92101,2023-04-24,Consumer
CUST_00817,Mia,Thomas,mia.thomas817@example-domain.com,Buffalo,New York,14201,2023-04-03,Consumer
CUST_00818,Ava,Williams,ava.williams818@example-domain.com,New York City,New York,10001,2023-09-20,Consumer
CUST_00819,Riley,Anderson,riley.anderson819@example-domain.com,Orlando,Florida,32801,2023-09-28,Consumer
CUST_00820,Noah,Johnson,noah.johnson820@example-domain.com,New York City,New York,10001,2023-06-28,Consumer
CUST_00821,Jordan,Martinez,jordan.martinez821@example-domain.com,Seattle,Washington,98101,2024-11-24,Corporate
CUST_00822,Ethan,Wilson,ethan.wilson822@example-domain.com,New York City,New York,10001,2023-04-08,Consumer
CUST_00823,Jordan,Smith,jordan.smith823@example-domain.com,Buffalo,New York,14201,2024-11-10,Consumer
CUST_00824,Chris,Hernandez,chris.hernandez824@example-domain.com,Seattle,Washington,98101,2024-03-24,Consumer
CUST_00825,Jackson,Rodriguez,jackson.rodriguez825@example-domain.com,San Diego,California,92101,2024-01-17,Consumer
CUST_00826,Ethan,Garcia,ethan.garcia826@example-domain.com,New York City,New York,10001,2024-02-15,Small Business
CUST_00827,Liam,Anderson,liam.anderson827@example-domain.com,Miami,Florida,33101,2024-01-30,Consumer
CUST_00828,Emma,Wilson,emma.wilson828@example-domain.com,Houston,Texas,77001,2023-04-26,Consumer
CUST_00829,Sam,Johnson,sam.johnson829@example-domain.com,Houston,Texas,77001,2023-04-17,Corporate
CUST_00830,Olivia,Jackson,olivia.jackson830@example-domain.com,Philadelphia,Pennsylvania,19102,2024-08-05,Consumer
CUST_00831,Noah,Garcia,noah.garcia831@example-domain.com,Boston,Massachusetts,02108,2024-01-03,Consumer
CUST_00832,Jackson,Smith,jackson.smith832@example-domain.com,Buffalo,New York,14201,2024-05-09,Consumer
CUST_00833,Emma,Brown,emma.brown833@example-domain.com,Atlanta,Georgia,30301,2024-03-27,Consumer
CUST_00834,Jordan,Williams,jordan.williams834@example-domain.com,Miami,Florida,33101,2024-11-01,Consumer
CUST_00835,Ethan,Smith,ethan.smith835@example-domain.com,Raleigh,North Carolina,27601,2024-08-13,Consumer
CUST_00836,Mia,Davis,mia.davis836@example-domain.com,Chicago,Illinois,60601,2024-06-15,Consumer
CUST_00837,Ava,Martin,ava.martin837@example-domain.com,New York City,New York,10001,2024-03-19,Small Business
CUST_00838,Riley,Thomas,riley.thomas838@example-domain.com,Seattle,Washington,98101,2024-11-10,Consumer
CUST_00839,Liam,Jones,liam.jones839@example-domain.com,Columbus,Ohio,43215,2024-09-19,Consumer
CUST_00840,Jordan,Smith,jordan.smith840@example-domain.com,Houston,Texas,77001,2024-06-01,Consumer
CUST_00841,Emma,Thomas,emma.thomas841@example-domain.com,Houston,Texas,77001,2023-03-18,Consumer
CUST_00842,Emma,Hernandez,emma.hernandez842@example-domain.com,Dallas,Texas,75201,2023-12-05,Consumer
CUST_00843,Cameron,Johnson,cameron.johnson843@example-domain.com,Raleigh,North Carolina,27601,2023-08-17,Consumer
CUST_00844,Lucas,Gonzalez,lucas.gonzalez844@example-domain.com,Boston,Massachusetts,02108,2023-08-29,Small Business
CUST_00845,Taylor,Anderson,taylor.anderson845@example-domain.com,Denver,Colorado,80202,2024-08-09,Consumer
CUST_00846,Noah,Williams,noah.williams846@example-domain.com,Philadelphia,Pennsylvania,19102,2024-04-02,Consumer
CUST_00847,Ethan,Brown,ethan.brown847@example-domain.com,Philadelphia,Pennsylvania,19102,2024-10-31,Consumer
CUST_00848,Alex,Brown,alex.brown848@example-domain.com,Boston,Massachusetts,02108,2024-02-27,Small Business
CUST_00849,Jordan,Moore,jordan.moore849@example-domain.com,Columbus,Ohio,43215,2023-01-01,Consumer
CUST_00850,Taylor,Martin,taylor.martin850@example-domain.com,Orlando,Florida,32801,2024-06-04,Consumer
CUST_00851,Lucas,Miller,lucas.miller851@example-domain.com,Denver,Colorado,80202,2023-12-16,Consumer
CUST_00852,Sophia,Johnson,sophia.johnson852@example-domain.com,Dallas,Texas,75201,2024-04-10,Corporate
CUST_00853,Ethan,Moore,ethan.moore853@example-domain.com,Philadelphia,Pennsylvania,19102,2024-11-03,Consumer
CUST_00854,Sophia,Anderson,sophia.anderson854@example-domain.com,New York City,New York,10001,2023-04-10,Corporate
CUST_00855,Riley,Smith,riley.smith855@example-domain.com,Chicago,Illinois,60601,2023-12-30,Consumer
CUST_00856,Dakota,Moore,dakota.moore856@example-domain.com,Raleigh,North Carolina,27601,2024-01-18,Consumer
CUST_00857,Morgan,Johnson,morgan.johnson857@example-domain.com,Houston,Texas,77001,2024-05-19,Consumer
CUST_00858,Sam,Wilson,sam.wilson858@example-domain.com,New York City,New York,10001,2023-09-18,Consumer
CUST_00859,Jackson,Miller,jackson.miller859@example-domain.com,Austin,Texas,78701,2023-05-04,Consumer
CUST_00860,Liam,Miller,liam.miller860@example-domain.com,Denver,Colorado,80202,2023-07-15,Consumer
CUST_00861,Ethan,Brown,ethan.brown861@example-domain.com,Atlanta,Georgia,30301,2023-02-17,Corporate
CUST_00862,Mia,Brown,mia.brown862@example-domain.com,Denver,Colorado,80202,2024-04-13,Consumer
CUST_00863,Mia,Taylor,mia.taylor863@example-domain.com,Buffalo,New York,14201,2024-05-25,Consumer
CUST_00864,Alex,Taylor,alex.taylor864@example-domain.com,San Francisco,California,94102,2024-07-20,Consumer
CUST_00865,Olivia,Jackson,olivia.jackson865@example-domain.com,Philadelphia,Pennsylvania,19102,2024-06-04,Consumer
CUST_00866,Chris,Jackson,chris.jackson866@example-domain.com,Houston,Texas,77001,2023-05-12,Consumer
CUST_00867,Morgan,Gonzalez,morgan.gonzalez867@example-domain.com,Chicago,Illinois,60601,2024-05-31,Consumer
CUST_00868,Liam,Wilson,liam.wilson868@example-domain.com,Dallas,Texas,75201,2023-10-08,Consumer
CUST_00869,Liam,Hernandez,liam.hernandez869@example-domain.com,Orlando,Florida,32801,2024-04-08,Corporate
CUST_00870,Sam,Jones,sam.jones870@example-domain.com,Atlanta,Georgia,30301,2024-09-08,Small Business
CUST_00871,Ava,Martinez,ava.martinez871@example-domain.com,Columbus,Ohio,43215,2023-11-18,Consumer
CUST_00872,Lucas,Miller,lucas.miller872@example-domain.com,Austin,Texas,78701,2023-08-03,Consumer
CUST_00873,Jackson,Martinez,jackson.martinez873@example-domain.com,Seattle,Washington,98101,2024-11-19,Consumer
CUST_00874,Sam,Garcia,sam.garcia874@example-domain.com,Raleigh,North Carolina,27601,2024-07-09,Consumer
CUST_00875,Ethan,Brown,ethan.brown875@example-domain.com,Seattle,Washington,98101,2024-07-29,Consumer
CUST_00876,Emma,Jackson,emma.jackson876@example-domain.com,Atlanta,Georgia,30301,2024-11-21,Consumer
CUST_00877,Lucas,Martinez,lucas.martinez877@example-domain.com,Atlanta,Georgia,30301,2023-01-14,Corporate
CUST_00878,Ava,Brown,ava.brown878@example-domain.com,Los Angeles,California,90001,2024-01-26,Consumer
CUST_00879,Sam,Johnson,sam.johnson879@example-domain.com,San Francisco,California,94102,2023-07-24,Consumer
CUST_00880,Cameron,Garcia,cameron.garcia880@example-domain.com,Orlando,Florida,32801,2024-11-30,Consumer
CUST_00881,Cameron,Jones,cameron.jones881@example-domain.com,San Francisco,California,94102,2024-12-08,Consumer
CUST_00882,Dakota,Miller,dakota.miller882@example-domain.com,Columbus,Ohio,43215,2023-02-03,Consumer
CUST_00883,Sophia,Anderson,sophia.anderson883@example-domain.com,New York City,New York,10001,2024-09-22,Consumer
CUST_00884,Lucas,Davis,lucas.davis884@example-domain.com,Columbus,Ohio,43215,2024-02-03,Consumer
CUST_00885,Riley,Taylor,riley.taylor885@example-domain.com,Orlando,Florida,32801,2024-12-10,Corporate
CUST_00886,Jordan,Gonzalez,jordan.gonzalez886@example-domain.com,Boston,Massachusetts,02108,2024-03-02,Consumer
CUST_00887,Ethan,Moore,ethan.moore887@example-domain.com,San Francisco,California,94102,2023-01-14,Consumer
CUST_00888,Cameron,Miller,cameron.miller888@example-domain.com,Denver,Colorado,80202,2023-08-19,Consumer
CUST_00889,Sophia,Jackson,sophia.jackson889@example-domain.com,Columbus,Ohio,43215,2024-09-09,Consumer
CUST_00890,Pat,Miller,pat.miller890@example-domain.com,Orlando,Florida,32801,2024-04-04,Consumer
CUST_00891,Chris,Williams,chris.williams891@example-domain.com,Houston,Texas,77001,2023-06-27,Corporate
CUST_00892,Ava,Brown,ava.brown892@example-domain.com,Boston,Massachusetts,02108,2023-02-11,Corporate
CUST_00893,Olivia,Rodriguez,olivia.rodriguez893@example-domain.com,Columbus,Ohio,43215,2023-09-28,Corporate
CUST_00894,Sam,Garcia,sam.garcia894@example-domain.com,Miami,Florida,33101,2023-01-06,Consumer
CUST_00895,Ethan,Anderson,ethan.anderson895@example-domain.com,Buffalo,New York,14201,2023-02-10,Consumer
CUST_00896,Sam,Hernandez,sam.hernandez896@example-domain.com,San Francisco,California,94102,2024-10-02,Consumer
CUST_00897,Jackson,Martinez,jackson.martinez897@example-domain.com,Philadelphia,Pennsylvania,19102,2024-08-09,Consumer
CUST_00898,Lucas,Lopez,lucas.lopez898@example-domain.com,San Diego,California,92101,2024-12-25,Corporate
CUST_00899,Ethan,Taylor,ethan.taylor899@example-domain.com,Dallas,Texas,75201,2023-07-08,Consumer
CUST_00900,Ava,Williams,ava.williams900@example-domain.com,Raleigh,North Carolina,27601,2023-06-13,Consumer
CUST_00901,Olivia,Moore,olivia.moore901@example-domain.com,Columbus,Ohio,43215,2024-02-18,Consumer
CUST_00902,Taylor,Lopez,taylor.lopez902@example-domain.com,Dallas,Texas,75201,2023-08-07,Consumer
CUST_00903,Ethan,Hernandez,ethan.hernandez903@example-domain.com,Seattle,Washington,98101,2023-10-28,Consumer
CUST_00904,Pat,Martin,pat.martin904@example-domain.com,Raleigh,North Carolina,27601,2024-05-01,Consumer
CUST_00905,Lucas,Smith,lucas.smith905@example-domain.com,New York City,New York,10001,2024-11-15,Consumer
CUST_00906,Sophia,Anderson,sophia.anderson906@example-domain.com,Dallas,Texas,75201,2024-10-19,Corporate
CUST_00907,Jackson,Martin,jackson.martin907@example-domain.com,Dallas,Texas,75201,2023-02-10,Corporate
CUST_00908,Ethan,Gonzalez,ethan.gonzalez908@example-domain.com,New York City,New York,10001,2024-01-31,Consumer
CUST_00909,Cameron,Moore,cameron.moore909@example-domain.com,Orlando,Florida,32801,2023-01-26,Consumer
CUST_00910,Ava,Lopez,ava.lopez910@example-domain.com,Raleigh,North Carolina,27601,2024-06-04,Consumer
CUST_00911,Noah,Thomas,noah.thomas911@example-domain.com,San Francisco,California,94102,2023-10-31,Consumer
CUST_00912,Pat,Hernandez,pat.hernandez912@example-domain.com,Raleigh,North Carolina,27601,2023-03-26,Consumer
CUST_00913,Morgan,Garcia,morgan.garcia913@example-domain.com,Columbus,Ohio,43215,2024-06-30,Consumer
CUST_00914,Alex,Williams,alex.williams914@example-domain.com,Austin,Texas,78701,2024-11-17,Consumer
CUST_00915,Pat,Wilson,pat.wilson915@example-domain.com,New York City,New York,10001,2023-07-30,Consumer
CUST_00916,Lucas,Wilson,lucas.wilson916@example-domain.com,San Diego,California,92101,2024-12-03,Consumer
CUST_00917,Sam,Smith,sam.smith917@example-domain.com,Denver,Colorado,80202,2023-12-06,Consumer
CUST_00918,Jordan,Williams,jordan.williams918@example-domain.com,San Diego,California,92101,2023-02-25,Small Business
CUST_00919,Chris,Rodriguez,chris.rodriguez919@example-domain.com,Columbus,Ohio,43215,2023-03-14,Corporate
CUST_00920,Mia,Davis,mia.davis920@example-domain.com,Miami,Florida,33101,2024-02-22,Consumer
CUST_00921,Liam,Anderson,liam.anderson921@example-domain.com,Boston,Massachusetts,02108,2024-03-19,Corporate
CUST_00922,Ethan,Smith,ethan.smith922@example-domain.com,Boston,Massachusetts,02108,2024-11-20,Consumer
CUST_00923,Morgan,Moore,morgan.moore923@example-domain.com,Los Angeles,California,90001,2024-10-18,Corporate
CUST_00924,Jackson,Williams,jackson.williams924@example-domain.com,San Francisco,California,94102,2024-12-18,Corporate
CUST_00925,Taylor,Lopez,taylor.lopez925@example-domain.com,Raleigh,North Carolina,27601,2023-04-19,Consumer
CUST_00926,Dakota,Martinez,dakota.martinez926@example-domain.com,San Diego,California,92101,2023-10-16,Consumer
CUST_00927,Noah,Gonzalez,noah.gonzalez927@example-domain.com,Boston,Massachusetts,02108,2024-11-07,Consumer
CUST_00928,Alex,Thomas,alex.thomas928@example-domain.com,Houston,Texas,77001,2024-06-30,Consumer
CUST_00929,Riley,Jones,riley.jones929@example-domain.com,Boston,Massachusetts,02108,2024-07-12,Consumer
CUST_00930,Dakota,Jones,dakota.jones930@example-domain.com,Orlando,Florida,32801,2024-11-24,Consumer
CUST_00931,Sophia,Smith,sophia.smith931@example-domain.com,Columbus,Ohio,43215,2024-07-22,Consumer
CUST_00932,Sam,Brown,sam.brown932@example-domain.com,San Francisco,California,94102,2023-01-06,Corporate
CUST_00933,Mia,Martin,mia.martin933@example-domain.com,Boston,Massachusetts,02108,2024-07-04,Small Business
CUST_00934,Lucas,Williams,lucas.williams934@example-domain.com,Orlando,Florida,32801,2023-08-04,Consumer
CUST_00935,Sophia,Miller,sophia.miller935@example-domain.com,Atlanta,Georgia,30301,2024-10-23,Consumer
CUST_00936,Ava,Jones,ava.jones936@example-domain.com,Houston,Texas,77001,2023-07-08,Consumer
CUST_00937,Riley,Martin,riley.martin937@example-domain.com,Miami,Florida,33101,2023-07-18,Consumer
CUST_00938,Morgan,Garcia,morgan.garcia938@example-domain.com,San Francisco,California,94102,2024-07-16,Small Business
CUST_00939,Noah,Moore,noah.moore939@example-domain.com,San Diego,California,92101,2023-10-25,Consumer
CUST_00940,Taylor,Rodriguez,taylor.rodriguez940@example-domain.com,New York City,New York,10001,2023-07-22,Consumer
CUST_00941,Mia,Thomas,mia.thomas941@example-domain.com,Chicago,Illinois,60601,2024-01-01,Consumer
CUST_00942,Sam,Davis,sam.davis942@example-domain.com,New York City,New York,10001,2023-10-19,Consumer
CUST_00943,Jackson,Williams,jackson.williams943@example-domain.com,Austin,Texas,78701,2023-11-22,Consumer
CUST_00944,Emma,Anderson,emma.anderson944@example-domain.com,Chicago,Illinois,60601,2024-09-23,Corporate
CUST_00945,Dakota,Jackson,dakota.jackson945@example-domain.com,Buffalo,New York,14201,2024-08-02,Consumer
CUST_00946,Mia,Lopez,mia.lopez946@example-domain.com,Chicago,Illinois,60601,2024-03-14,Consumer
CUST_00947,Chris,Smith,chris.smith947@example-domain.com,Chicago,Illinois,60601,2023-09-10,Consumer
CUST_00948,Riley,Wilson,riley.wilson948@example-domain.com,Miami,Florida,33101,2024-01-04,Small Business
CUST_00949,Sam,Hernandez,sam.hernandez949@example-domain.com,Philadelphia,Pennsylvania,19102,2024-04-18,Corporate
CUST_00950,Noah,Lopez,noah.lopez950@example-domain.com,Orlando,Florida,32801,2024-05-13,Consumer
CUST_00951,Lucas,Brown,lucas.brown951@example-domain.com,Houston,Texas,77001,2024-10-23,Consumer
CUST_00952,Jackson,Williams,jackson.williams952@example-domain.com,Miami,Florida,33101,2023-05-24,Consumer
CUST_00953,Lucas,Miller,lucas.miller953@example-domain.com,Miami,Florida,33101,2024-10-03,Consumer
CUST_00954,Taylor,Williams,taylor.williams954@example-domain.com,Los Angeles,California,90001,2024-06-03,Small Business
CUST_00955,Alex,Jackson,alex.jackson955@example-domain.com,Boston,Massachusetts,02108,2024-08-27,Consumer
CUST_00956,Pat,Johnson,pat.johnson956@example-domain.com,Columbus,Ohio,43215,2023-09-24,Consumer
CUST_00957,Lucas,Moore,lucas.moore957@example-domain.com,Philadelphia,Pennsylvania,19102,2024-10-31,Consumer
CUST_00958,Sam,Lopez,sam.lopez958@example-domain.com,Boston,Massachusetts,02108,2023-08-17,Consumer
CUST_00959,Mia,Martinez,mia.martinez959@example-domain.com,Buffalo,New York,14201,2024-04-20,Consumer
CUST_00960,Ava,Taylor,ava.taylor960@example-domain.com,San Diego,California,92101,2024-02-11,Corporate
CUST_00961,Sophia,Taylor,sophia.taylor961@example-domain.com,Los Angeles,California,90001,2024-11-09,Consumer
CUST_00962,Riley,Martin,riley.martin962@example-domain.com,Houston,Texas,77001,2024-06-10,Consumer
CUST_00963,Sam,Anderson,sam.anderson963@example-domain.com,Houston,Texas,77001,2023-07-03,Consumer
CUST_00964,Mia,Jackson,mia.jackson964@example-domain.com,Buffalo,New York,14201,2024-05-10,Consumer
CUST_00965,Sophia,Johnson,sophia.johnson965@example-domain.com,Dallas,Texas,75201,2024-05-14,Consumer
CUST_00966,Riley,Williams,riley.williams966@example-domain.com,Miami,Florida,33101,2024-01-14,Consumer
CUST_00967,Riley,Johnson,riley.johnson967@example-domain.com,Austin,Texas,78701,2024-06-14,Corporate
CUST_00968,Sophia,Gonzalez,sophia.gonzalez968@example-domain.com,Philadelphia,Pennsylvania,19102,2024-04-10,Consumer
CUST_00969,Jordan,Johnson,jordan.johnson969@example-domain.com,Chicago,Illinois,60601,2023-04-16,Consumer
CUST_00970,Ava,Rodriguez,ava.rodriguez970@example-domain.com,Miami,Florida,33101,2024-08-15,Consumer
CUST_00971,Lucas,Jackson,lucas.jackson971@example-domain.com,Houston,Texas,77001,2024-01-21,Consumer
CUST_00972,Liam,Lopez,liam.lopez972@example-domain.com,San Diego,California,92101,2024-06-13,Small Business
CUST_00973,Cameron,Gonzalez,cameron.gonzalez973@example-domain.com,Dallas,Texas,75201,2024-06-12,Corporate
CUST_00974,Liam,Lopez,liam.lopez974@example-domain.com,Seattle,Washington,98101,2024-05-13,Consumer
CUST_00975,Emma,Martin,emma.martin975@example-domain.com,Los Angeles,California,90001,2024-05-28,Consumer
CUST_00976,Sam,Anderson,sam.anderson976@example-domain.com,Houston,Texas,77001,2023-08-24,Consumer
CUST_00977,Taylor,Taylor,taylor.taylor977@example-domain.com,Miami,Florida,33101,2023-08-05,Consumer
CUST_00978,Sam,Garcia,sam.garcia978@example-domain.com,Houston,Texas,77001,2024-01-06,Consumer
CUST_00979,Jackson,Brown,jackson.brown979@example-domain.com,Dallas,Texas,75201,2024-02-29,Consumer
CUST_00980,Ethan,Brown,ethan.brown980@example-domain.com,Philadelphia,Pennsylvania,19102,2024-11-22,Consumer
CUST_00981,Emma,Thomas,emma.thomas981@example-domain.com,Austin,Texas,78701,2024-08-27,Consumer
CUST_00982,Chris,Wilson,chris.wilson982@example-domain.com,Los Angeles,California,90001,2023-09-07,Corporate
CUST_00983,Jordan,Jones,jordan.jones983@example-domain.com,Houston,Texas,77001,2023-05-18,Consumer
CUST_00984,Ava,Johnson,ava.johnson984@example-domain.com,Buffalo,New York,14201,2023-02-27,Consumer
CUST_00985,Chris,Rodriguez,chris.rodriguez985@example-domain.com,Houston,Texas,77001,2024-06-13,Corporate
CUST_00986,Liam,Martin,liam.martin986@example-domain.com,Los Angeles,California,90001,2024-11-08,Consumer
CUST_00987,Dakota,Williams,dakota.williams987@example-domain.com,Austin,Texas,78701,2024-04-04,Consumer
CUST_00988,Jackson,Thomas,jackson.thomas988@example-domain.com,Philadelphia,Pennsylvania,19102,2023-06-24,Consumer
CUST_00989,Riley,Wilson,riley.wilson989@example-domain.com,Buffalo,New York,14201,2024-08-19,Consumer
CUST_00990,Chris,Martin,chris.martin990@example-domain.com,Raleigh,North Carolina,27601,2023-09-28,Corporate
CUST_00991,Chris,Hernandez,chris.hernandez991@example-domain.com,Denver,Colorado,80202,2024-09-02,Corporate
CUST_00992,Mia,Williams,mia.williams992@example-domain.com,Dallas,Texas,75201,2024-01-23,Consumer
CUST_00993,Liam,Jones,liam.jones993@example-domain.com,New York City,New York,10001,2023-01-17,Consumer
CUST_00994,Pat,Taylor,pat.taylor994@example-domain.com,Raleigh,North Carolina,27601,2024-12-01,Consumer
CUST_00995,Olivia,Jones,olivia.jones995@example-domain.com,New York City,New York,10001,2023-07-01,Consumer
CUST_00996,Emma,Martin,emma.martin996@example-domain.com,San Francisco,California,94102,2024-06-28,Consumer
CUST_00997,Ava,Brown,ava.brown997@example-domain.com,San Diego,California,92101,2024-05-08,Small Business
CUST_00998,Sam,Martin,sam.martin998@example-domain.com,Columbus,Ohio,43215,2023-01-02,Consumer
CUST_00999,Olivia,Taylor,olivia.taylor999@example-domain.com,Atlanta,Georgia,30301,2024-01-15,Small Business
CUST_01000,Jordan,Taylor,jordan.taylor1000@example-domain.com,Atlanta,Georgia,30301,2023-08-23,Consumer
CUST_01001,Emma,Gonzalez,emma.gonzalez1001@example-domain.com,Seattle,Washington,98101,2024-08-26,Consumer
CUST_01002,Mia,Brown,mia.brown1002@example-domain.com,Atlanta,Georgia,30301,2023-05-18,Consumer
CUST_01003,Cameron,Thomas,cameron.thomas1003@example-domain.com,Dallas,Texas,75201,2023-03-27,Corporate
CUST_01004,Dakota,Martin,dakota.martin1004@example-domain.com,Columbus,Ohio,43215,2024-02-23,Corporate
CUST_01005,Cameron,Miller,cameron.miller1005@example-domain.com,Los Angeles,California,90001,2024-12-27,Corporate
CUST_01006,Alex,Jackson,alex.jackson1006@example-domain.com,Raleigh,North Carolina,27601,2023-05-01,Consumer
CUST_01007,Ava,Smith,ava.smith1007@example-domain.com,Boston,Massachusetts,02108,2024-11-01,Consumer
CUST_01008,Pat,Hernandez,pat.hernandez1008@example-domain.com,Atlanta,Georgia,30301,2024-01-06,Corporate
CUST_01009,Morgan,Jones,morgan.jones1009@example-domain.com,Atlanta,Georgia,30301,2024-10-29,Consumer
CUST_01010,Mia,Rodriguez,mia.rodriguez1010@example-domain.com,Miami,Florida,33101,2024-07-02,Consumer
CUST_01011,Olivia,Jackson,olivia.jackson1011@example-domain.com,Seattle,Washington,98101,2024-09-18,Consumer
CUST_01012,Cameron,Gonzalez,cameron.gonzalez1012@example-domain.com,Austin,Texas,78701,2024-02-28,Small Business
CUST_01013,Lucas,Moore,lucas.moore1013@example-domain.com,Philadelphia,Pennsylvania,19102,2023-07-03,Small Business
CUST_01014,Sophia,Moore,sophia.moore1014@example-domain.com,Columbus,Ohio,43215,2024-05-10,Consumer
CUST_01015,Cameron,Martinez,cameron.martinez1015@example-domain.com,Seattle,Washington,98101,2024-12-23,Corporate
CUST_01016,Liam,Jones,liam.jones1016@example-domain.com,New York City,New York,10001,2023-08-24,Small Business
CUST_01017,Noah,Garcia,noah.garcia1017@example-domain.com,New York City,New York,10001,2023-08-08,Consumer
CUST_01018,Ava,Gonzalez,ava.gonzalez1018@example-domain.com,Chicago,Illinois,60601,2024-07-17,Consumer
CUST_01019,Jackson,Johnson,jackson.johnson1019@example-domain.com,Houston,Texas,77001,2024-02-03,Small Business
CUST_01020,Alex,Williams,alex.williams1020@example-domain.com,Buffalo,New York,14201,2024-04-27,Consumer
CUST_01021,Jackson,Wilson,jackson.wilson1021@example-domain.com,San Diego,California,92101,2023-03-07,Consumer
CUST_01022,Cameron,Davis,cameron.davis1022@example-domain.com,Seattle,Washington,98101,2023-03-23,Consumer
CUST_01023,Jackson,Johnson,jackson.johnson1023@example-domain.com,Boston,Massachusetts,02108,2024-02-15,Small Business
CUST_01024,Jackson,Taylor,jackson.taylor1024@example-domain.com,Orlando,Florida,32801,2024-12-29,Small Business
CUST_01025,Jackson,Johnson,jackson.johnson1025@example-domain.com,Houston,Texas,77001,2024-10-17,Small Business
CUST_01026,Emma,Anderson,emma.anderson1026@example-domain.com,Los Angeles,California,90001,2023-07-26,Consumer
CUST_01027,Ava,Martinez,ava.martinez1027@example-domain.com,Austin,Texas,78701,2023-02-04,Corporate
CUST_01028,Jackson,Taylor,jackson.taylor1028@example-domain.com,Raleigh,North Carolina,27601,2024-12-16,Corporate
CUST_01029,Riley,Martin,riley.martin1029@example-domain.com,Houston,Texas,77001,2024-11-21,Consumer
CUST_01030,Jordan,Lopez,jordan.lopez1030@example-domain.com,Dallas,Texas,75201,2024-11-01,Corporate
CUST_01031,Alex,Garcia,alex.garcia1031@example-domain.com,San Diego,California,92101,2023-10-10,Consumer
CUST_01032,Liam,Lopez,liam.lopez1032@example-domain.com,Boston,Massachusetts,02108,2024-02-20,Consumer
CUST_01033,Mia,Miller,mia.miller1033@example-domain.com,Raleigh,North Carolina,27601,2023-01-16,Consumer
CUST_01034,Taylor,Williams,taylor.williams1034@example-domain.com,Columbus,Ohio,43215,2023-10-19,Consumer
CUST_01035,Lucas,Jackson,lucas.jackson1035@example-domain.com,Seattle,Washington,98101,2023-12-22,Consumer
CUST_01036,Cameron,Davis,cameron.davis1036@example-domain.com,Austin,Texas,78701,2024-04-10,Consumer
CUST_01037,Liam,Jackson,liam.jackson1037@example-domain.com,Los Angeles,California,90001,2023-09-25,Consumer
CUST_01038,Chris,Wilson,chris.wilson1038@example-domain.com,Raleigh,North Carolina,27601,2023-04-20,Corporate
CUST_01039,Lucas,Williams,lucas.williams1039@example-domain.com,Raleigh,North Carolina,27601,2023-10-29,Consumer
CUST_01040,Ethan,Brown,ethan.brown1040@example-domain.com,Raleigh,North Carolina,27601,2023-09-21,Consumer
CUST_01041,Lucas,Jackson,lucas.jackson1041@example-domain.com,Miami,Florida,33101,2024-12-11,Consumer
CUST_01042,Noah,Gonzalez,noah.gonzalez1042@example-domain.com,Philadelphia,Pennsylvania,19102,2023-09-07,Corporate
CUST_01043,Ethan,Anderson,ethan.anderson1043@example-domain.com,Denver,Colorado,80202,2024-08-23,Consumer
CUST_01044,Alex,Thomas,alex.thomas1044@example-domain.com,New York City,New York,10001,2023-09-22,Consumer
CUST_01045,Taylor,Gonzalez,taylor.gonzalez1045@example-domain.com,Dallas,Texas,75201,2024-11-24,Corporate
CUST_01046,Riley,Hernandez,riley.hernandez1046@example-domain.com,Atlanta,Georgia,30301,2023-12-28,Consumer
CUST_01047,Ava,Moore,ava.moore1047@example-domain.com,Los Angeles,California,90001,2024-12-18,Consumer
CUST_01048,Cameron,Davis,cameron.davis1048@example-domain.com,Orlando,Florida,32801,2023-04-06,Consumer
CUST_01049,Liam,Hernandez,liam.hernandez1049@example-domain.com,San Diego,California,92101,2024-07-21,Corporate
CUST_01050,Chris,Thomas,chris.thomas1050@example-domain.com,Chicago,Illinois,60601,2023-12-29,Consumer
CUST_01051,Pat,Jackson,pat.jackson1051@example-domain.com,Miami,Florida,33101,2023-07-07,Corporate
CUST_01052,Pat,Thomas,pat.thomas1052@example-domain.com,Austin,Texas,78701,2023-08-29,Consumer
CUST_01053,Riley,Rodriguez,riley.rodriguez1053@example-domain.com,Austin,Texas,78701,2023-08-23,Small Business
CUST_01054,Pat,Davis,pat.davis1054@example-domain.com,Seattle,Washington,98101,2023-06-09,Corporate
CUST_01055,Morgan,Brown,morgan.brown1055@example-domain.com,San Diego,California,92101,2024-11-23,Small Business
CUST_01056,Emma,Martin,emma.martin1056@example-domain.com,Los Angeles,California,90001,2024-07-08,Consumer
CUST_01057,Jordan,Thomas,jordan.thomas1057@example-domain.com,Seattle,Washington,98101,2024-09-27,Corporate
CUST_01058,Ethan,Thomas,ethan.thomas1058@example-domain.com,Miami,Florida,33101,2024-05-17,Consumer
CUST_01059,Chris,Taylor,chris.taylor1059@example-domain.com,Miami,Florida,33101,2024-02-12,Consumer
CUST_01060,Riley,Jackson,riley.jackson1060@example-domain.com,Buffalo,New York,14201,2023-02-25,Consumer
CUST_01061,Ava,Wilson,ava.wilson1061@example-domain.com,Philadelphia,Pennsylvania,19102,2024-07-07,Corporate
CUST_01062,Jordan,Taylor,jordan.taylor1062@example-domain.com,Seattle,Washington,98101,2024-02-08,Small Business
CUST_01063,Chris,Anderson,chris.anderson1063@example-domain.com,New York City,New York,10001,2024-12-16,Corporate
CUST_01064,Ava,Anderson,ava.anderson1064@example-domain.com,Chicago,Illinois,60601,2024-12-06,Consumer
CUST_01065,Alex,Smith,alex.smith1065@example-domain.com,Austin,Texas,78701,2024-01-24,Consumer
CUST_01066,Mia,Brown,mia.brown1066@example-domain.com,Chicago,Illinois,60601,2024-01-06,Corporate
CUST_01067,Jackson,Rodriguez,jackson.rodriguez1067@example-domain.com,Houston,Texas,77001,2024-07-15,Consumer
CUST_01068,Cameron,Davis,cameron.davis1068@example-domain.com,Miami,Florida,33101,2024-04-27,Consumer
CUST_01069,Jackson,Hernandez,jackson.hernandez1069@example-domain.com,Seattle,Washington,98101,2023-07-08,Consumer
CUST_01070,Emma,Wilson,emma.wilson1070@example-domain.com,Austin,Texas,78701,2024-03-05,Consumer
CUST_01071,Sophia,Lopez,sophia.lopez1071@example-domain.com,Boston,Massachusetts,02108,2023-10-14,Consumer
CUST_01072,Noah,Garcia,noah.garcia1072@example-domain.com,Buffalo,New York,14201,2024-08-12,Consumer
CUST_01073,Riley,Brown,riley.brown1073@example-domain.com,Miami,Florida,33101,2023-08-30,Consumer
CUST_01074,Lucas,Wilson,lucas.wilson1074@example-domain.com,Boston,Massachusetts,02108,2023-07-20,Consumer
CUST_01075,Sam,Jones,sam.jones1075@example-domain.com,Philadelphia,Pennsylvania,19102,2023-01-10,Small Business
CUST_01076,Chris,Wilson,chris.wilson1076@example-domain.com,Philadelphia,Pennsylvania,19102,2023-05-18,Consumer
CUST_01077,Ava,Moore,ava.moore1077@example-domain.com,Chicago,Illinois,60601,2024-05-13,Consumer
CUST_01078,Dakota,Rodriguez,dakota.rodriguez1078@example-domain.com,Columbus,Ohio,43215,2024-08-04,Consumer
CUST_01079,Jordan,Gonzalez,jordan.gonzalez1079@example-domain.com,New York City,New York,10001,2024-12-08,Consumer
CUST_01080,Chris,Johnson,chris.johnson1080@example-domain.com,Austin,Texas,78701,2023-09-18,Small Business
CUST_01081,Emma,Brown,emma.brown1081@example-domain.com,Denver,Colorado,80202,2023-12-09,Corporate
CUST_01082,Cameron,Lopez,cameron.lopez1082@example-domain.com,Seattle,Washington,98101,2024-07-27,Consumer
CUST_01083,Lucas,Rodriguez,lucas.rodriguez1083@example-domain.com,Seattle,Washington,98101,2023-01-21,Consumer
CUST_01084,Olivia,Brown,olivia.brown1084@example-domain.com,Seattle,Washington,98101,2024-11-26,Corporate
CUST_01085,Jackson,Miller,jackson.miller1085@example-domain.com,Columbus,Ohio,43215,2023-06-28,Small Business
CUST_01086,Dakota,Lopez,dakota.lopez1086@example-domain.com,Chicago,Illinois,60601,2024-11-20,Consumer
CUST_01087,Ava,Thomas,ava.thomas1087@example-domain.com,Denver,Colorado,80202,2023-03-22,Consumer
CUST_01088,Liam,Martin,liam.martin1088@example-domain.com,Orlando,Florida,32801,2024-04-19,Consumer
CUST_01089,Sam,Garcia,sam.garcia1089@example-domain.com,Chicago,Illinois,60601,2024-03-07,Small Business
CUST_01090,Jackson,Jackson,jackson.jackson1090@example-domain.com,Boston,Massachusetts,02108,2023-03-15,Consumer
CUST_01091,Taylor,Garcia,taylor.garcia1091@example-domain.com,Chicago,Illinois,60601,2023-08-22,Small Business
CUST_01092,Ethan,Hernandez,ethan.hernandez1092@example-domain.com,Orlando,Florida,32801,2024-12-28,Consumer
CUST_01093,Cameron,Martin,cameron.martin1093@example-domain.com,Boston,Massachusetts,02108,2023-10-05,Consumer
CUST_01094,Noah,Lopez,noah.lopez1094@example-domain.com,Raleigh,North Carolina,27601,2024-04-06,Consumer
CUST_01095,Olivia,Garcia,olivia.garcia1095@example-domain.com,Houston,Texas,77001,2023-01-24,Consumer
CUST_01096,Sam,Davis,sam.davis1096@example-domain.com,Miami,Florida,33101,2024-12-18,Consumer
CUST_01097,Taylor,Miller,taylor.miller1097@example-domain.com,Houston,Texas,77001,2024-02-11,Consumer
CUST_01098,Morgan,Brown,morgan.brown1098@example-domain.com,San Diego,California,92101,2024-04-29,Consumer
CUST_01099,Lucas,Johnson,lucas.johnson1099@example-domain.com,Los Angeles,California,90001,2024-02-11,Corporate
CUST_01100,Ava,Williams,ava.williams1100@example-domain.com,New York City,New York,10001,2023-09-26,Consumer
CUST_01101,Jackson,Jones,jackson.jones1101@example-domain.com,San Diego,California,92101,2024-11-01,Consumer
CUST_01102,Liam,Martinez,liam.martinez1102@example-domain.com,Dallas,Texas,75201,2023-09-11,Small Business
CUST_01103,Dakota,Anderson,dakota.anderson1103@example-domain.com,Buffalo,New York,14201,2023-05-15,Corporate
CUST_01104,Ava,Garcia,ava.garcia1104@example-domain.com,Los Angeles,California,90001,2023-02-05,Small Business
CUST_01105,Sophia,Hernandez,sophia.hernandez1105@example-domain.com,Philadelphia,Pennsylvania,19102,2024-04-23,Small Business
CUST_01106,Lucas,Rodriguez,lucas.rodriguez1106@example-domain.com,Columbus,Ohio,43215,2024-03-31,Consumer
CUST_01107,Sam,Moore,sam.moore1107@example-domain.com,Houston,Texas,77001,2024-08-28,Consumer
CUST_01108,Jackson,Anderson,jackson.anderson1108@example-domain.com,Atlanta,Georgia,30301,2024-06-20,Corporate
CUST_01109,Lucas,Martinez,lucas.martinez1109@example-domain.com,Seattle,Washington,98101,2024-05-08,Consumer
CUST_01110,Lucas,Davis,lucas.davis1110@example-domain.com,San Diego,California,92101,2024-03-28,Consumer
CUST_01111,Dakota,Lopez,dakota.lopez1111@example-domain.com,Atlanta,Georgia,30301,2023-09-24,Corporate
CUST_01112,Sam,Martinez,sam.martinez1112@example-domain.com,Los Angeles,California,90001,2023-01-01,Consumer
CUST_01113,Ava,Jones,ava.jones1113@example-domain.com,Seattle,Washington,98101,2023-10-21,Consumer
CUST_01114,Emma,Moore,emma.moore1114@example-domain.com,Los Angeles,California,90001,2024-12-05,Consumer
CUST_01115,Emma,Thomas,emma.thomas1115@example-domain.com,Orlando,Florida,32801,2023-01-10,Consumer
CUST_01116,Olivia,Martinez,olivia.martinez1116@example-domain.com,Dallas,Texas,75201,2023-01-08,Consumer
CUST_01117,Lucas,Lopez,lucas.lopez1117@example-domain.com,Austin,Texas,78701,2024-02-26,Consumer
CUST_01118,Lucas,Wilson,lucas.wilson1118@example-domain.com,Boston,Massachusetts,02108,2023-09-13,Corporate
CUST_01119,Chris,Gonzalez,chris.gonzalez1119@example-domain.com,Boston,Massachusetts,02108,2023-08-14,Consumer
CUST_01120,Cameron,Williams,cameron.williams1120@example-domain.com,Atlanta,Georgia,30301,2024-10-02,Consumer
CUST_01121,Riley,Taylor,riley.taylor1121@example-domain.com,Miami,Florida,33101,2023-10-19,Corporate
CUST_01122,Lucas,Rodriguez,lucas.rodriguez1122@example-domain.com,Atlanta,Georgia,30301,2023-07-12,Small Business
CUST_01123,Taylor,Garcia,taylor.garcia1123@example-domain.com,Buffalo,New York,14201,2023-10-24,Corporate
CUST_01124,Morgan,Anderson,morgan.anderson1124@example-domain.com,Denver,Colorado,80202,2023-10-06,Corporate
CUST_01125,Jackson,Thomas,jackson.thomas1125@example-domain.com,Austin,Texas,78701,2023-11-25,Consumer
CUST_01126,Alex,Jones,alex.jones1126@example-domain.com,San Francisco,California,94102,2024-07-01,Consumer
CUST_01127,Alex,Garcia,alex.garcia1127@example-domain.com,New York City,New York,10001,2023-10-16,Consumer
CUST_01128,Cameron,Jones,cameron.jones1128@example-domain.com,Denver,Colorado,80202,2023-01-09,Consumer
CUST_01129,Riley,Williams,riley.williams1129@example-domain.com,Buffalo,New York,14201,2023-01-16,Consumer
CUST_01130,Emma,Miller,emma.miller1130@example-domain.com,Chicago,Illinois,60601,2024-03-06,Consumer
CUST_01131,Dakota,Thomas,dakota.thomas1131@example-domain.com,Seattle,Washington,98101,2024-04-19,Corporate
CUST_01132,Jordan,Hernandez,jordan.hernandez1132@example-domain.com,San Diego,California,92101,2023-05-30,Consumer
CUST_01133,Jordan,Rodriguez,jordan.rodriguez1133@example-domain.com,Boston,Massachusetts,02108,2023-03-15,Consumer
CUST_01134,Lucas,Thomas,lucas.thomas1134@example-domain.com,Houston,Texas,77001,2023-07-16,Consumer
CUST_01135,Cameron,Gonzalez,cameron.gonzalez1135@example-domain.com,Los Angeles,California,90001,2023-05-05,Consumer
CUST_01136,Riley,Gonzalez,riley.gonzalez1136@example-domain.com,Denver,Colorado,80202,2023-09-11,Consumer
CUST_01137,Jordan,Miller,jordan.miller1137@example-domain.com,Denver,Colorado,80202,2023-04-07,Corporate
CUST_01138,Ava,Miller,ava.miller1138@example-domain.com,Philadelphia,Pennsylvania,19102,2024-02-03,Consumer
CUST_01139,Dakota,Hernandez,dakota.hernandez1139@example-domain.com,Houston,Texas,77001,2024-10-06,Consumer
CUST_01140,Jordan,Moore,jordan.moore1140@example-domain.com,Raleigh,North Carolina,27601,2023-05-06,Consumer
CUST_01141,Cameron,Thomas,cameron.thomas1141@example-domain.com,Orlando,Florida,32801,2023-07-23,Corporate
CUST_01142,Sophia,Johnson,sophia.johnson1142@example-domain.com,Austin,Texas,78701,2023-04-26,Consumer
CUST_01143,Riley,Wilson,riley.wilson1143@example-domain.com,Chicago,Illinois,60601,2023-01-16,Consumer
CUST_01144,Chris,Rodriguez,chris.rodriguez1144@example-domain.com,New York City,New York,10001,2024-02-10,Consumer
CUST_01145,Riley,Smith,riley.smith1145@example-domain.com,San Francisco,California,94102,2024-08-18,Consumer
CUST_01146,Emma,Martin,emma.martin1146@example-domain.com,Buffalo,New York,14201,2024-01-16,Corporate
CUST_01147,Taylor,Davis,taylor.davis1147@example-domain.com,Houston,Texas,77001,2024-05-26,Corporate
CUST_01148,Taylor,Martin,taylor.martin1148@example-domain.com,Chicago,Illinois,60601,2024-10-02,Consumer
CUST_01149,Jordan,Johnson,jordan.johnson1149@example-domain.com,Seattle,Washington,98101,2024-10-22,Corporate
CUST_01150,Sam,Moore,sam.moore1150@example-domain.com,New York City,New York,10001,2023-05-09,Corporate
CUST_01151,Emma,Davis,emma.davis1151@example-domain.com,Chicago,Illinois,60601,2024-07-25,Corporate
CUST_01152,Sophia,Anderson,sophia.anderson1152@example-domain.com,Austin,Texas,78701,2023-01-22,Corporate
CUST_01153,Liam,Lopez,liam.lopez1153@example-domain.com,Buffalo,New York,14201,2023-09-14,Consumer
CUST_01154,Jordan,Thomas,jordan.thomas1154@example-domain.com,Denver,Colorado,80202,2024-07-26,Consumer
CUST_01155,Dakota,Moore,dakota.moore1155@example-domain.com,Philadelphia,Pennsylvania,19102,2023-07-14,Consumer
CUST_01156,Mia,Garcia,mia.garcia1156@example-domain.com,Columbus,Ohio,43215,2023-12-23,Corporate
CUST_01157,Ethan,Anderson,ethan.anderson1157@example-domain.com,Miami,Florida,33101,2024-09-05,Consumer
CUST_01158,Lucas,Garcia,lucas.garcia1158@example-domain.com,San Diego,California,92101,2024-06-27,Corporate
CUST_01159,Sam,Anderson,sam.anderson1159@example-domain.com,Orlando,Florida,32801,2023-09-27,Corporate
CUST_01160,Lucas,Lopez,lucas.lopez1160@example-domain.com,Denver,Colorado,80202,2023-01-01,Consumer
CUST_01161,Ava,Gonzalez,ava.gonzalez1161@example-domain.com,Houston,Texas,77001,2023-01-20,Corporate
CUST_01162,Jackson,Lopez,jackson.lopez1162@example-domain.com,Dallas,Texas,75201,2023-11-25,Consumer
CUST_01163,Taylor,Moore,taylor.moore1163@example-domain.com,Boston,Massachusetts,02108,2023-07-14,Consumer
CUST_01164,Ava,Thomas,ava.thomas1164@example-domain.com,Columbus,Ohio,43215,2023-06-07,Corporate
CUST_01165,Jackson,Martinez,jackson.martinez1165@example-domain.com,Chicago,Illinois,60601,2024-02-24,Consumer
CUST_01166,Ethan,Brown,ethan.brown1166@example-domain.com,New York City,New York,10001,2024-06-19,Corporate
CUST_01167,Taylor,Johnson,taylor.johnson1167@example-domain.com,Buffalo,New York,14201,2023-07-02,Corporate
CUST_01168,Jordan,Miller,jordan.miller1168@example-domain.com,New York City,New York,10001,2024-05-12,Consumer
CUST_01169,Pat,Brown,pat.brown1169@example-domain.com,San Francisco,California,94102,2024-08-07,Consumer
CUST_01170,Liam,Thomas,liam.thomas1170@example-domain.com,Raleigh,North Carolina,27601,2024-09-30,Consumer
CUST_01171,Mia,Rodriguez,mia.rodriguez1171@example-domain.com,San Francisco,California,94102,2024-01-11,Consumer
CUST_01172,Riley,Martin,riley.martin1172@example-domain.com,San Diego,California,92101,2023-01-14,Small Business
CUST_01173,Pat,Thomas,pat.thomas1173@example-domain.com,San Diego,California,92101,2024-04-24,Consumer
CUST_01174,Jordan,Lopez,jordan.lopez1174@example-domain.com,Columbus,Ohio,43215,2024-03-01,Consumer
CUST_01175,Sophia,Johnson,sophia.johnson1175@example-domain.com,Miami,Florida,33101,2024-06-25,Consumer
CUST_01176,Jordan,Williams,jordan.williams1176@example-domain.com,Orlando,Florida,32801,2023-03-21,Consumer
CUST_01177,Pat,Taylor,pat.taylor1177@example-domain.com,New York City,New York,10001,2023-04-14,Corporate
CUST_01178,Riley,Moore,riley.moore1178@example-domain.com,Boston,Massachusetts,02108,2023-07-14,Consumer
CUST_01179,Pat,Taylor,pat.taylor1179@example-domain.com,Dallas,Texas,75201,2024-08-06,Corporate
CUST_01180,Chris,Moore,chris.moore1180@example-domain.com,Columbus,Ohio,43215,2024-03-01,Consumer
CUST_01181,Morgan,Jackson,morgan.jackson1181@example-domain.com,Seattle,Washington,98101,2024-11-21,Small Business
CUST_01182,Noah,Wilson,noah.wilson1182@example-domain.com,New York City,New York,10001,2023-06-20,Consumer
CUST_01183,Chris,Moore,chris.moore1183@example-domain.com,Boston,Massachusetts,02108,2024-05-31,Consumer
CUST_01184,Ethan,Garcia,ethan.garcia1184@example-domain.com,Columbus,Ohio,43215,2024-09-06,Small Business
CUST_01185,Noah,Lopez,noah.lopez1185@example-domain.com,Chicago,Illinois,60601,2024-07-17,Consumer
CUST_01186,Ethan,Lopez,ethan.lopez1186@example-domain.com,Atlanta,Georgia,30301,2024-10-10,Small Business
CUST_01187,Olivia,Hernandez,olivia.hernandez1187@example-domain.com,Dallas,Texas,75201,2024-07-30,Consumer
CUST_01188,Lucas,Miller,lucas.miller1188@example-domain.com,Boston,Massachusetts,02108,2024-07-17,Consumer
CUST_01189,Cameron,Lopez,cameron.lopez1189@example-domain.com,Denver,Colorado,80202,2024-04-03,Consumer
CUST_01190,Liam,Smith,liam.smith1190@example-domain.com,San Francisco,California,94102,2023-10-19,Corporate
CUST_01191,Jackson,Smith,jackson.smith1191@example-domain.com,Raleigh,North Carolina,27601,2023-05-19,Consumer
CUST_01192,Dakota,Smith,dakota.smith1192@example-domain.com,Orlando,Florida,32801,2023-08-16,Consumer
CUST_01193,Pat,Hernandez,pat.hernandez1193@example-domain.com,Los Angeles,California,90001,2024-12-07,Consumer
CUST_01194,Cameron,Moore,cameron.moore1194@example-domain.com,Raleigh,North Carolina,27601,2024-07-23,Consumer
CUST_01195,Mia,Jackson,mia.jackson1195@example-domain.com,Buffalo,New York,14201,2023-04-07,Consumer
CUST_01196,Jordan,Anderson,jordan.anderson1196@example-domain.com,Seattle,Washington,98101,2023-06-09,Corporate
CUST_01197,Sam,Rodriguez,sam.rodriguez1197@example-domain.com,Seattle,Washington,98101,2024-08-19,Small Business
CUST_01198,Riley,Davis,riley.davis1198@example-domain.com,Miami,Florida,33101,2023-11-04,Small Business
CUST_01199,Taylor,Jackson,taylor.jackson1199@example-domain.com,Boston,Massachusetts,02108,2024-08-05,Corporate
CUST_01200,Pat,Williams,pat.williams1200@example-domain.com,Chicago,Illinois,60601,2024-05-09,Consumer
CUST_01201,Chris,Thomas,chris.thomas1201@example-domain.com,New York City,New York,10001,2024-09-01,Corporate
CUST_01202,Dakota,Johnson,dakota.johnson1202@example-domain.com,Boston,Massachusetts,02108,2023-03-22,Consumer
CUST_01203,Jordan,Hernandez,jordan.hernandez1203@example-domain.com,Seattle,Washington,98101,2024-03-20,Consumer
CUST_01204,Olivia,Brown,olivia.brown1204@example-domain.com,Dallas,Texas,75201,2024-10-30,Consumer
CUST_01205,Jackson,Smith,jackson.smith1205@example-domain.com,Boston,Massachusetts,02108,2023-02-25,Consumer
CUST_01206,Dakota,Taylor,dakota.taylor1206@example-domain.com,San Francisco,California,94102,2023-11-23,Corporate
CUST_01207,Lucas,Jackson,lucas.jackson1207@example-domain.com,Buffalo,New York,14201,2023-12-01,Consumer
CUST_01208,Ava,Davis,ava.davis1208@example-domain.com,Buffalo,New York,14201,2023-02-21,Consumer
CUST_01209,Liam,Anderson,liam.anderson1209@example-domain.com,Raleigh,North Carolina,27601,2023-04-03,Consumer
CUST_01210,Riley,Wilson,riley.wilson1210@example-domain.com,Orlando,Florida,32801,2024-02-08,Small Business
CUST_01211,Sam,Jones,sam.jones1211@example-domain.com,Chicago,Illinois,60601,2023-03-26,Consumer
CUST_01212,Emma,Jackson,emma.jackson1212@example-domain.com,San Francisco,California,94102,2024-07-15,Consumer
CUST_01213,Liam,Rodriguez,liam.rodriguez1213@example-domain.com,San Diego,California,92101,2024-02-13,Consumer
CUST_01214,Ava,Wilson,ava.wilson1214@example-domain.com,Buffalo,New York,14201,2023-05-19,Corporate
CUST_01215,Emma,Moore,emma.moore1215@example-domain.com,Austin,Texas,78701,2024-05-14,Consumer
CUST_01216,Liam,Jackson,liam.jackson1216@example-domain.com,Austin,Texas,78701,2024-07-28,Consumer
CUST_01217,Jackson,Taylor,jackson.taylor1217@example-domain.com,Dallas,Texas,75201,2023-09-06,Consumer
CUST_01218,Taylor,Rodriguez,taylor.rodriguez1218@example-domain.com,Atlanta,Georgia,30301,2023-11-28,Consumer
CUST_01219,Mia,Williams,mia.williams1219@example-domain.com,New York City,New York,10001,2024-11-18,Consumer
CUST_01220,Olivia,Wilson,olivia.wilson1220@example-domain.com,Seattle,Washington,98101,2023-12-23,Consumer
CUST_01221,Pat,Hernandez,pat.hernandez1221@example-domain.com,Seattle,Washington,98101,2024-08-31,Small Business
CUST_01222,Alex,Martinez,alex.martinez1222@example-domain.com,Houston,Texas,77001,2023-12-25,Consumer
CUST_01223,Jackson,Anderson,jackson.anderson1223@example-domain.com,Buffalo,New York,14201,2024-03-27,Consumer
CUST_01224,Jordan,Davis,jordan.davis1224@example-domain.com,Austin,Texas,78701,2024-12-02,Small Business
CUST_01225,Sophia,Jones,sophia.jones1225@example-domain.com,San Diego,California,92101,2023-04-26,Consumer
CUST_01226,Jordan,Davis,jordan.davis1226@example-domain.com,Buffalo,New York,14201,2023-10-22,Consumer
CUST_01227,Alex,Hernandez,alex.hernandez1227@example-domain.com,New York City,New York,10001,2023-11-09,Consumer
CUST_01228,Noah,Thomas,noah.thomas1228@example-domain.com,Los Angeles,California,90001,2023-12-06,Consumer
CUST_01229,Pat,Moore,pat.moore1229@example-domain.com,Austin,Texas,78701,2023-07-28,Small Business
CUST_01230,Lucas,Taylor,lucas.taylor1230@example-domain.com,Miami,Florida,33101,2024-07-15,Consumer
CUST_01231,Emma,Martin,emma.martin1231@example-domain.com,Buffalo,New York,14201,2024-12-12,Corporate
CUST_01232,Alex,Gonzalez,alex.gonzalez1232@example-domain.com,Raleigh,North Carolina,27601,2023-02-14,Consumer
CUST_01233,Cameron,Garcia,cameron.garcia1233@example-domain.com,San Francisco,California,94102,2023-10-18,Consumer
CUST_01234,Pat,Martin,pat.martin1234@example-domain.com,Miami,Florida,33101,2023-02-24,Consumer
CUST_01235,Noah,Smith,noah.smith1235@example-domain.com,San Diego,California,92101,2024-02-02,Consumer
CUST_01236,Cameron,Lopez,cameron.lopez1236@example-domain.com,New York City,New York,10001,2023-01-20,Consumer
CUST_01237,Dakota,Gonzalez,dakota.gonzalez1237@example-domain.com,Dallas,Texas,75201,2024-01-25,Corporate
CUST_01238,Ava,Brown,ava.brown1238@example-domain.com,Chicago,Illinois,60601,2024-05-11,Consumer
CUST_01239,Jackson,Moore,jackson.moore1239@example-domain.com,San Diego,California,92101,2023-07-10,Small Business
CUST_01240,Pat,Taylor,pat.taylor1240@example-domain.com,Denver,Colorado,80202,2024-07-28,Consumer
CUST_01241,Alex,Johnson,alex.johnson1241@example-domain.com,Dallas,Texas,75201,2024-06-26,Corporate
CUST_01242,Dakota,Hernandez,dakota.hernandez1242@example-domain.com,Philadelphia,Pennsylvania,19102,2024-02-07,Corporate
CUST_01243,Chris,Smith,chris.smith1243@example-domain.com,Seattle,Washington,98101,2024-12-01,Corporate
CUST_01244,Sophia,Lopez,sophia.lopez1244@example-domain.com,Orlando,Florida,32801,2023-08-30,Corporate
CUST_01245,Ava,Rodriguez,ava.rodriguez1245@example-domain.com,San Francisco,California,94102,2024-10-02,Corporate
CUST_01246,Cameron,Gonzalez,cameron.gonzalez1246@example-domain.com,Los Angeles,California,90001,2024-07-22,Consumer
CUST_01247,Cameron,Davis,cameron.davis1247@example-domain.com,Buffalo,New York,14201,2023-12-16,Consumer
CUST_01248,Liam,Jones,liam.jones1248@example-domain.com,San Diego,California,92101,2024-01-27,Consumer
CUST_01249,Ava,Martin,ava.martin1249@example-domain.com,Dallas,Texas,75201,2024-03-03,Small Business
CUST_01250,Riley,Jackson,riley.jackson1250@example-domain.com,Buffalo,New York,14201,2024-03-12,Consumer
CUST_01251,Dakota,Martin,dakota.martin1251@example-domain.com,Chicago,Illinois,60601,2024-04-04,Corporate
CUST_01252,Lucas,Jones,lucas.jones1252@example-domain.com,Austin,Texas,78701,2024-10-30,Consumer
CUST_01253,Sam,Jackson,sam.jackson1253@example-domain.com,Columbus,Ohio,43215,2024-12-01,Consumer
CUST_01254,Pat,Jones,pat.jones1254@example-domain.com,Orlando,Florida,32801,2024-12-06,Consumer
CUST_01255,Ava,Jones,ava.jones1255@example-domain.com,Atlanta,Georgia,30301,2023-05-29,Consumer
CUST_01256,Mia,Garcia,mia.garcia1256@example-domain.com,Chicago,Illinois,60601,2023-03-11,Consumer
CUST_01257,Lucas,Moore,lucas.moore1257@example-domain.com,New York City,New York,10001,2023-07-08,Consumer
CUST_01258,Ethan,Jones,ethan.jones1258@example-domain.com,Los Angeles,California,90001,2023-11-23,Consumer
CUST_01259,Olivia,Wilson,olivia.wilson1259@example-domain.com,Orlando,Florida,32801,2024-03-29,Consumer
CUST_01260,Cameron,Jones,cameron.jones1260@example-domain.com,Austin,Texas,78701,2023-04-20,Consumer
CUST_01261,Sam,Garcia,sam.garcia1261@example-domain.com,Los Angeles,California,90001,2024-09-18,Consumer
CUST_01262,Jackson,Rodriguez,jackson.rodriguez1262@example-domain.com,Dallas,Texas,75201,2024-09-02,Corporate
CUST_01263,Riley,Davis,riley.davis1263@example-domain.com,Los Angeles,California,90001,2024-01-03,Consumer
CUST_01264,Taylor,Thomas,taylor.thomas1264@example-domain.com,Buffalo,New York,14201,2024-05-29,Consumer
CUST_01265,Jackson,Thomas,jackson.thomas1265@example-domain.com,Seattle,Washington,98101,2023-07-08,Consumer
CUST_01266,Liam,Thomas,liam.thomas1266@example-domain.com,Philadelphia,Pennsylvania,19102,2023-05-21,Consumer
CUST_01267,Chris,Miller,chris.miller1267@example-domain.com,Dallas,Texas,75201,2023-02-03,Consumer
CUST_01268,Olivia,Smith,olivia.smith1268@example-domain.com,Miami,Florida,33101,2024-02-27,Consumer
CUST_01269,Riley,Miller,riley.miller1269@example-domain.com,Austin,Texas,78701,2023-03-09,Consumer
CUST_01270,Chris,Anderson,chris.anderson1270@example-domain.com,Philadelphia,Pennsylvania,19102,2024-12-05,Consumer
CUST_01271,Ethan,Anderson,ethan.anderson1271@example-domain.com,Dallas,Texas,75201,2024-03-13,Consumer
CUST_01272,Liam,Johnson,liam.johnson1272@example-domain.com,Boston,Massachusetts,02108,2023-11-17,Corporate
CUST_01273,Liam,Martin,liam.martin1273@example-domain.com,Columbus,Ohio,43215,2024-06-21,Corporate
CUST_01274,Jordan,Taylor,jordan.taylor1274@example-domain.com,New York City,New York,10001,2024-04-07,Consumer
CUST_01275,Noah,Johnson,noah.johnson1275@example-domain.com,Dallas,Texas,75201,2024-06-15,Consumer
CUST_01276,Lucas,Gonzalez,lucas.gonzalez1276@example-domain.com,San Francisco,California,94102,2024-07-25,Consumer
CUST_01277,Liam,Taylor,liam.taylor1277@example-domain.com,San Francisco,California,94102,2023-07-14,Consumer
CUST_01278,Dakota,Anderson,dakota.anderson1278@example-domain.com,Boston,Massachusetts,02108,2023-11-08,Small Business
CUST_01279,Dakota,Anderson,dakota.anderson1279@example-domain.com,Houston,Texas,77001,2024-03-08,Consumer
CUST_01280,Dakota,Martin,dakota.martin1280@example-domain.com,San Francisco,California,94102,2024-12-07,Consumer
CUST_01281,Ava,Jones,ava.jones1281@example-domain.com,Denver,Colorado,80202,2024-10-23,Consumer
CUST_01282,Noah,Williams,noah.williams1282@example-domain.com,Raleigh,North Carolina,27601,2023-04-26,Corporate
CUST_01283,Chris,Jackson,chris.jackson1283@example-domain.com,Columbus,Ohio,43215,2023-05-19,Consumer
CUST_01284,Liam,Wilson,liam.wilson1284@example-domain.com,Chicago,Illinois,60601,2024-04-06,Consumer
CUST_01285,Alex,Garcia,alex.garcia1285@example-domain.com,Denver,Colorado,80202,2024-08-27,Consumer
CUST_01286,Pat,Anderson,pat.anderson1286@example-domain.com,San Diego,California,92101,2023-09-14,Consumer
CUST_01287,Ethan,Garcia,ethan.garcia1287@example-domain.com,New York City,New York,10001,2023-04-04,Consumer
CUST_01288,Morgan,Anderson,morgan.anderson1288@example-domain.com,Seattle,Washington,98101,2023-03-29,Consumer
CUST_01289,Ava,Gonzalez,ava.gonzalez1289@example-domain.com,Raleigh,North Carolina,27601,2024-09-18,Consumer
CUST_01290,Chris,Gonzalez,chris.gonzalez1290@example-domain.com,Columbus,Ohio,43215,2024-01-25,Consumer
CUST_01291,Jordan,Garcia,jordan.garcia1291@example-domain.com,Chicago,Illinois,60601,2024-08-02,Consumer
CUST_01292,Sam,Garcia,sam.garcia1292@example-domain.com,Buffalo,New York,14201,2023-07-03,Consumer
CUST_01293,Jordan,Wilson,jordan.wilson1293@example-domain.com,Orlando,Florida,32801,2023-11-13,Consumer
CUST_01294,Noah,Martinez,noah.martinez1294@example-domain.com,Houston,Texas,77001,2023-05-01,Consumer
CUST_01295,Sam,Miller,sam.miller1295@example-domain.com,Los Angeles,California,90001,2024-09-29,Corporate
CUST_01296,Cameron,Smith,cameron.smith1296@example-domain.com,Denver,Colorado,80202,2024-05-24,Consumer
CUST_01297,Emma,Moore,emma.moore1297@example-domain.com,Los Angeles,California,90001,2024-09-14,Consumer
CUST_01298,Emma,Davis,emma.davis1298@example-domain.com,Austin,Texas,78701,2024-08-25,Consumer
CUST_01299,Emma,Anderson,emma.anderson1299@example-domain.com,Atlanta,Georgia,30301,2024-03-28,Consumer
CUST_01300,Taylor,Martin,taylor.martin1300@example-domain.com,Los Angeles,California,90001,2023-09-08,Corporate
CUST_01301,Lucas,Rodriguez,lucas.rodriguez1301@example-domain.com,Columbus,Ohio,43215,2023-08-01,Consumer
CUST_01302,Jordan,Garcia,jordan.garcia1302@example-domain.com,Buffalo,New York,14201,2023-02-26,Small Business
CUST_01303,Sophia,Johnson,sophia.johnson1303@example-domain.com,Buffalo,New York,14201,2023-02-03,Consumer
CUST_01304,Mia,Martin,mia.martin1304@example-domain.com,Orlando,Florida,32801,2023-12-06,Consumer
CUST_01305,Taylor,Johnson,taylor.johnson1305@example-domain.com,New York City,New York,10001,2024-03-02,Corporate
CUST_01306,Chris,Garcia,chris.garcia1306@example-domain.com,Orlando,Florida,32801,2024-09-17,Corporate
CUST_01307,Jackson,Jackson,jackson.jackson1307@example-domain.com,Columbus,Ohio,43215,2023-07-01,Corporate
CUST_01308,Noah,Jackson,noah.jackson1308@example-domain.com,Seattle,Washington,98101,2023-02-06,Corporate
CUST_01309,Taylor,Martinez,taylor.martinez1309@example-domain.com,Chicago,Illinois,60601,2024-01-13,Consumer
CUST_01310,Liam,Williams,liam.williams1310@example-domain.com,Atlanta,Georgia,30301,2024-07-17,Corporate
CUST_01311,Taylor,Martinez,taylor.martinez1311@example-domain.com,Philadelphia,Pennsylvania,19102,2023-05-18,Consumer
CUST_01312,Morgan,Rodriguez,morgan.rodriguez1312@example-domain.com,Chicago,Illinois,60601,2024-06-23,Corporate
CUST_01313,Olivia,Taylor,olivia.taylor1313@example-domain.com,Austin,Texas,78701,2024-12-13,Consumer
CUST_01314,Pat,Martin,pat.martin1314@example-domain.com,San Francisco,California,94102,2023-04-22,Corporate
CUST_01315,Mia,Taylor,mia.taylor1315@example-domain.com,San Diego,California,92101,2024-05-10,Consumer
CUST_01316,Jackson,Martinez,jackson.martinez1316@example-domain.com,Atlanta,Georgia,30301,2024-09-15,Consumer
CUST_01317,Ethan,Rodriguez,ethan.rodriguez1317@example-domain.com,Raleigh,North Carolina,27601,2024-08-11,Consumer
CUST_01318,Jackson,Lopez,jackson.lopez1318@example-domain.com,Buffalo,New York,14201,2024-09-21,Corporate
CUST_01319,Mia,Thomas,mia.thomas1319@example-domain.com,Raleigh,North Carolina,27601,2024-10-09,Consumer
CUST_01320,Emma,Thomas,emma.thomas1320@example-domain.com,Houston,Texas,77001,2024-09-16,Consumer
CUST_01321,Riley,Martinez,riley.martinez1321@example-domain.com,Austin,Texas,78701,2023-01-02,Consumer
CUST_01322,Morgan,Smith,morgan.smith1322@example-domain.com,Denver,Colorado,80202,2024-10-02,Consumer
CUST_01323,Morgan,Miller,morgan.miller1323@example-domain.com,Atlanta,Georgia,30301,2024-02-28,Corporate
CUST_01324,Jordan,Hernandez,jordan.hernandez1324@example-domain.com,Seattle,Washington,98101,2024-07-27,Consumer
CUST_01325,Pat,Smith,pat.smith1325@example-domain.com,Austin,Texas,78701,2024-12-07,Small Business
CUST_01326,Dakota,Rodriguez,dakota.rodriguez1326@example-domain.com,San Diego,California,92101,2023-11-12,Consumer
CUST_01327,Dakota,Taylor,dakota.taylor1327@example-domain.com,Columbus,Ohio,43215,2023-11-28,Consumer
CUST_01328,Alex,Brown,alex.brown1328@example-domain.com,Chicago,Illinois,60601,2023-12-16,Corporate
CUST_01329,Liam,Jackson,liam.jackson1329@example-domain.com,Los Angeles,California,90001,2023-06-29,Consumer
CUST_01330,Pat,Hernandez,pat.hernandez1330@example-domain.com,Chicago,Illinois,60601,2024-11-19,Consumer
CUST_01331,Emma,Thomas,emma.thomas1331@example-domain.com,San Francisco,California,94102,2024-10-23,Consumer
CUST_01332,Sam,Thomas,sam.thomas1332@example-domain.com,Buffalo,New York,14201,2024-10-04,Corporate
CUST_01333,Noah,Moore,noah.moore1333@example-domain.com,Chicago,Illinois,60601,2024-04-18,Consumer
CUST_01334,Olivia,Johnson,olivia.johnson1334@example-domain.com,Raleigh,North Carolina,27601,2023-11-03,Small Business
CUST_01335,Mia,Hernandez,mia.hernandez1335@example-domain.com,Columbus,Ohio,43215,2024-07-02,Small Business
CUST_01336,Alex,Miller,alex.miller1336@example-domain.com,Chicago,Illinois,60601,2023-12-29,Consumer
CUST_01337,Taylor,Jones,taylor.jones1337@example-domain.com,Miami,Florida,33101,2023-02-01,Consumer
CUST_01338,Ethan,Gonzalez,ethan.gonzalez1338@example-domain.com,Columbus,Ohio,43215,2023-06-19,Consumer
CUST_01339,Mia,Martin,mia.martin1339@example-domain.com,Boston,Massachusetts,02108,2023-07-11,Consumer
CUST_01340,Jackson,Brown,jackson.brown1340@example-domain.com,Orlando,Florida,32801,2024-12-23,Consumer
CUST_01341,Ethan,Johnson,ethan.johnson1341@example-domain.com,Miami,Florida,33101,2024-02-28,Consumer
CUST_01342,Taylor,Thomas,taylor.thomas1342@example-domain.com,Dallas,Texas,75201,2024-01-16,Consumer
CUST_01343,Noah,Martinez,noah.martinez1343@example-domain.com,Austin,Texas,78701,2024-06-21,Corporate
CUST_01344,Dakota,Garcia,dakota.garcia1344@example-domain.com,New York City,New York,10001,2024-01-19,Corporate
CUST_01345,Jordan,Miller,jordan.miller1345@example-domain.com,San Diego,California,92101,2024-03-30,Corporate
CUST_01346,Ava,Smith,ava.smith1346@example-domain.com,Philadelphia,Pennsylvania,19102,2024-05-27,Consumer
CUST_01347,Sam,Miller,sam.miller1347@example-domain.com,Chicago,Illinois,60601,2024-05-10,Consumer
CUST_01348,Ava,Martinez,ava.martinez1348@example-domain.com,Chicago,Illinois,60601,2023-05-27,Consumer
CUST_01349,Morgan,Taylor,morgan.taylor1349@example-domain.com,Buffalo,New York,14201,2023-07-30,Small Business
CUST_01350,Jordan,Anderson,jordan.anderson1350@example-domain.com,Boston,Massachusetts,02108,2024-12-31,Consumer
CUST_01351,Ava,Brown,ava.brown1351@example-domain.com,Los Angeles,California,90001,2023-11-15,Corporate
CUST_01352,Jordan,Martin,jordan.martin1352@example-domain.com,San Diego,California,92101,2023-12-08,Consumer
CUST_01353,Noah,Johnson,noah.johnson1353@example-domain.com,New York City,New York,10001,2024-06-17,Consumer
CUST_01354,Dakota,Smith,dakota.smith1354@example-domain.com,Orlando,Florida,32801,2024-10-16,Corporate
CUST_01355,Pat,Hernandez,pat.hernandez1355@example-domain.com,Austin,Texas,78701,2023-07-17,Consumer
CUST_01356,Dakota,Rodriguez,dakota.rodriguez1356@example-domain.com,Columbus,Ohio,43215,2023-11-23,Corporate
CUST_01357,Noah,Brown,noah.brown1357@example-domain.com,Miami,Florida,33101,2023-06-02,Small Business
CUST_01358,Chris,Rodriguez,chris.rodriguez1358@example-domain.com,New York City,New York,10001,2023-01-16,Consumer
CUST_01359,Jackson,Moore,jackson.moore1359@example-domain.com,Raleigh,North Carolina,27601,2023-04-15,Consumer
CUST_01360,Pat,Moore,pat.moore1360@example-domain.com,Seattle,Washington,98101,2024-07-16,Consumer
CUST_01361,Ethan,Rodriguez,ethan.rodriguez1361@example-domain.com,Buffalo,New York,14201,2024-12-22,Small Business
CUST_01362,Dakota,Jackson,dakota.jackson1362@example-domain.com,Dallas,Texas,75201,2023-06-25,Consumer
CUST_01363,Taylor,Martinez,taylor.martinez1363@example-domain.com,Chicago,Illinois,60601,2024-07-07,Consumer
CUST_01364,Noah,Johnson,noah.johnson1364@example-domain.com,Buffalo,New York,14201,2023-01-30,Consumer
CUST_01365,Emma,Johnson,emma.johnson1365@example-domain.com,New York City,New York,10001,2024-01-28,Corporate
CUST_01366,Jordan,Williams,jordan.williams1366@example-domain.com,Atlanta,Georgia,30301,2024-02-06,Consumer
CUST_01367,Chris,Martin,chris.martin1367@example-domain.com,Denver,Colorado,80202,2024-09-23,Corporate
CUST_01368,Sophia,Martinez,sophia.martinez1368@example-domain.com,Chicago,Illinois,60601,2023-07-22,Small Business
CUST_01369,Lucas,Williams,lucas.williams1369@example-domain.com,Denver,Colorado,80202,2024-08-04,Consumer
CUST_01370,Sam,Williams,sam.williams1370@example-domain.com,Denver,Colorado,80202,2023-04-10,Consumer
CUST_01371,Noah,Martinez,noah.martinez1371@example-domain.com,Denver,Colorado,80202,2024-04-26,Small Business
CUST_01372,Riley,Davis,riley.davis1372@example-domain.com,Buffalo,New York,14201,2024-09-23,Consumer
CUST_01373,Cameron,Lopez,cameron.lopez1373@example-domain.com,Boston,Massachusetts,02108,2023-07-07,Corporate
CUST_01374,Ethan,Hernandez,ethan.hernandez1374@example-domain.com,Denver,Colorado,80202,2024-05-14,Consumer
CUST_01375,Alex,Williams,alex.williams1375@example-domain.com,Philadelphia,Pennsylvania,19102,2023-04-26,Consumer
CUST_01376,Sophia,Thomas,sophia.thomas1376@example-domain.com,Denver,Colorado,80202,2023-06-24,Corporate
CUST_01377,Dakota,Lopez,dakota.lopez1377@example-domain.com,Buffalo,New York,14201,2024-06-04,Consumer
CUST_01378,Morgan,Gonzalez,morgan.gonzalez1378@example-domain.com,New York City,New York,10001,2023-11-30,Consumer
CUST_01379,Lucas,Williams,lucas.williams1379@example-domain.com,Orlando,Florida,32801,2024-06-29,Consumer
CUST_01380,Noah,Gonzalez,noah.gonzalez1380@example-domain.com,Atlanta,Georgia,30301,2023-09-02,Consumer
CUST_01381,Jackson,Davis,jackson.davis1381@example-domain.com,Columbus,Ohio,43215,2023-06-12,Consumer
CUST_01382,Emma,Gonzalez,emma.gonzalez1382@example-domain.com,San Diego,California,92101,2023-12-15,Consumer
CUST_01383,Pat,Jackson,pat.jackson1383@example-domain.com,Atlanta,Georgia,30301,2024-03-21,Small Business
CUST_01384,Mia,Hernandez,mia.hernandez1384@example-domain.com,Columbus,Ohio,43215,2024-12-11,Consumer
CUST_01385,Riley,Garcia,riley.garcia1385@example-domain.com,San Diego,California,92101,2024-12-29,Consumer
CUST_01386,Mia,Thomas,mia.thomas1386@example-domain.com,New York City,New York,10001,2024-08-29,Consumer
CUST_01387,Jackson,Anderson,jackson.anderson1387@example-domain.com,Chicago,Illinois,60601,2024-07-22,Corporate
CUST_01388,Morgan,Anderson,morgan.anderson1388@example-domain.com,Houston,Texas,77001,2023-11-12,Consumer
CUST_01389,Liam,Williams,liam.williams1389@example-domain.com,New York City,New York,10001,2024-12-02,Small Business
CUST_01390,Jackson,Gonzalez,jackson.gonzalez1390@example-domain.com,Chicago,Illinois,60601,2024-05-21,Consumer
CUST_01391,Jordan,Williams,jordan.williams1391@example-domain.com,Austin,Texas,78701,2023-05-23,Consumer
CUST_01392,Mia,Smith,mia.smith1392@example-domain.com,Buffalo,New York,14201,2024-11-07,Consumer
CUST_01393,Sam,Anderson,sam.anderson1393@example-domain.com,Columbus,Ohio,43215,2023-10-26,Consumer
CUST_01394,Liam,Martin,liam.martin1394@example-domain.com,Denver,Colorado,80202,2023-07-20,Consumer
CUST_01395,Pat,Hernandez,pat.hernandez1395@example-domain.com,Orlando,Florida,32801,2024-08-06,Consumer
CUST_01396,Dakota,Wilson,dakota.wilson1396@example-domain.com,Seattle,Washington,98101,2023-04-02,Corporate
CUST_01397,Mia,Smith,mia.smith1397@example-domain.com,Raleigh,North Carolina,27601,2024-02-18,Consumer
CUST_01398,Sam,Martinez,sam.martinez1398@example-domain.com,San Francisco,California,94102,2024-01-14,Consumer
CUST_01399,Lucas,Johnson,lucas.johnson1399@example-domain.com,Los Angeles,California,90001,2024-12-21,Consumer
CUST_01400,Lucas,Lopez,lucas.lopez1400@example-domain.com,New York City,New York,10001,2023-10-16,Corporate
CUST_01401,Alex,Davis,alex.davis1401@example-domain.com,Atlanta,Georgia,30301,2024-12-20,Consumer
CUST_01402,Mia,Gonzalez,mia.gonzalez1402@example-domain.com,Chicago,Illinois,60601,2024-12-29,Consumer
CUST_01403,Liam,Gonzalez,liam.gonzalez1403@example-domain.com,Boston,Massachusetts,02108,2024-03-21,Consumer
CUST_01404,Lucas,Miller,lucas.miller1404@example-domain.com,Houston,Texas,77001,2024-05-01,Corporate
CUST_01405,Sam,Miller,sam.miller1405@example-domain.com,Columbus,Ohio,43215,2024-01-29,Consumer
CUST_01406,Sophia,Wilson,sophia.wilson1406@example-domain.com,Buffalo,New York,14201,2023-10-23,Consumer
CUST_01407,Sam,Jones,sam.jones1407@example-domain.com,Los Angeles,California,90001,2023-03-15,Corporate
CUST_01408,Alex,Jones,alex.jones1408@example-domain.com,Philadelphia,Pennsylvania,19102,2024-11-04,Corporate
CUST_01409,Olivia,Jones,olivia.jones1409@example-domain.com,San Diego,California,92101,2023-05-21,Consumer
CUST_01410,Olivia,Anderson,olivia.anderson1410@example-domain.com,Atlanta,Georgia,30301,2024-09-30,Corporate
CUST_01411,Chris,Anderson,chris.anderson1411@example-domain.com,Raleigh,North Carolina,27601,2024-03-10,Consumer
CUST_01412,Lucas,Anderson,lucas.anderson1412@example-domain.com,Boston,Massachusetts,02108,2023-12-30,Consumer
CUST_01413,Riley,Garcia,riley.garcia1413@example-domain.com,Atlanta,Georgia,30301,2024-09-11,Consumer
CUST_01414,Alex,Jackson,alex.jackson1414@example-domain.com,Philadelphia,Pennsylvania,19102,2023-08-31,Consumer
CUST_01415,Ava,Rodriguez,ava.rodriguez1415@example-domain.com,Atlanta,Georgia,30301,2024-07-13,Consumer
CUST_01416,Mia,Lopez,mia.lopez1416@example-domain.com,San Francisco,California,94102,2023-02-08,Small Business
CUST_01417,Mia,Thomas,mia.thomas1417@example-domain.com,Seattle,Washington,98101,2023-04-26,Consumer
CUST_01418,Mia,Thomas,mia.thomas1418@example-domain.com,San Diego,California,92101,2023-05-26,Consumer
CUST_01419,Ava,Rodriguez,ava.rodriguez1419@example-domain.com,Denver,Colorado,80202,2024-06-13,Consumer
CUST_01420,Taylor,Taylor,taylor.taylor1420@example-domain.com,San Diego,California,92101,2023-09-09,Small Business
CUST_01421,Emma,Williams,emma.williams1421@example-domain.com,Columbus,Ohio,43215,2024-08-16,Consumer
CUST_01422,Dakota,Martin,dakota.martin1422@example-domain.com,San Francisco,California,94102,2023-12-18,Consumer
CUST_01423,Lucas,Smith,lucas.smith1423@example-domain.com,Philadelphia,Pennsylvania,19102,2024-04-09,Consumer
CUST_01424,Ava,Thomas,ava.thomas1424@example-domain.com,Chicago,Illinois,60601,2024-03-07,Consumer
CUST_01425,Sophia,Martinez,sophia.martinez1425@example-domain.com,Orlando,Florida,32801,2023-06-21,Small Business
CUST_01426,Jordan,Martin,jordan.martin1426@example-domain.com,Orlando,Florida,32801,2024-07-31,Small Business
CUST_01427,Cameron,Johnson,cameron.johnson1427@example-domain.com,Philadelphia,Pennsylvania,19102,2024-08-15,Consumer
CUST_01428,Chris,Jackson,chris.jackson1428@example-domain.com,San Francisco,California,94102,2024-11-03,Small Business
CUST_01429,Dakota,Martin,dakota.martin1429@example-domain.com,Los Angeles,California,90001,2023-10-21,Consumer
CUST_01430,Emma,Williams,emma.williams1430@example-domain.com,Buffalo,New York,14201,2024-06-01,Corporate
CUST_01431,Taylor,Rodriguez,taylor.rodriguez1431@example-domain.com,Miami,Florida,33101,2023-05-16,Consumer
CUST_01432,Jackson,Rodriguez,jackson.rodriguez1432@example-domain.com,Miami,Florida,33101,2023-09-21,Consumer
CUST_01433,Alex,Brown,alex.brown1433@example-domain.com,Houston,Texas,77001,2024-08-28,Consumer
CUST_01434,Sam,Anderson,sam.anderson1434@example-domain.com,Seattle,Washington,98101,2023-06-29,Consumer
CUST_01435,Cameron,Davis,cameron.davis1435@example-domain.com,Philadelphia,Pennsylvania,19102,2023-07-05,Consumer
CUST_01436,Ava,Johnson,ava.johnson1436@example-domain.com,Chicago,Illinois,60601,2023-03-28,Consumer
CUST_01437,Sam,Martin,sam.martin1437@example-domain.com,Buffalo,New York,14201,2024-05-22,Consumer
CUST_01438,Olivia,Gonzalez,olivia.gonzalez1438@example-domain.com,Dallas,Texas,75201,2024-11-07,Corporate
CUST_01439,Noah,Garcia,noah.garcia1439@example-domain.com,Austin,Texas,78701,2024-08-14,Consumer
CUST_01440,Sophia,Johnson,sophia.johnson1440@example-domain.com,Miami,Florida,33101,2023-04-29,Consumer
CUST_01441,Jordan,Garcia,jordan.garcia1441@example-domain.com,Denver,Colorado,80202,2024-02-13,Small Business
CUST_01442,Emma,Martinez,emma.martinez1442@example-domain.com,Philadelphia,Pennsylvania,19102,2024-06-29,Consumer
CUST_01443,Riley,Gonzalez,riley.gonzalez1443@example-domain.com,Boston,Massachusetts,02108,2024-04-30,Consumer
CUST_01444,Cameron,Jones,cameron.jones1444@example-domain.com,Raleigh,North Carolina,27601,2024-03-21,Consumer
CUST_01445,Alex,Martinez,alex.martinez1445@example-domain.com,Denver,Colorado,80202,2024-01-27,Corporate
CUST_01446,Ethan,Taylor,ethan.taylor1446@example-domain.com,San Francisco,California,94102,2023-04-10,Consumer
CUST_01447,Lucas,Lopez,lucas.lopez1447@example-domain.com,Atlanta,Georgia,30301,2024-09-17,Consumer
CUST_01448,Cameron,Hernandez,cameron.hernandez1448@example-domain.com,Miami,Florida,33101,2023-10-01,Corporate
CUST_01449,Morgan,Rodriguez,morgan.rodriguez1449@example-domain.com,Boston,Massachusetts,02108,2024-04-17,Small Business
CUST_01450,Riley,Jackson,riley.jackson1450@example-domain.com,Austin,Texas,78701,2024-06-16,Consumer
CUST_01451,Ethan,Garcia,ethan.garcia1451@example-domain.com,Chicago,Illinois,60601,2024-07-14,Consumer
CUST_01452,Alex,Smith,alex.smith1452@example-domain.com,San Diego,California,92101,2023-01-13,Consumer
CUST_01453,Olivia,Brown,olivia.brown1453@example-domain.com,Raleigh,North Carolina,27601,2023-04-17,Corporate
CUST_01454,Noah,Lopez,noah.lopez1454@example-domain.com,Dallas,Texas,75201,2023-10-18,Consumer
CUST_01455,Cameron,Miller,cameron.miller1455@example-domain.com,San Francisco,California,94102,2023-01-25,Consumer
CUST_01456,Jackson,Williams,jackson.williams1456@example-domain.com,San Francisco,California,94102,2024-08-31,Small Business
CUST_01457,Pat,Martin,pat.martin1457@example-domain.com,New York City,New York,10001,2024-12-26,Consumer
CUST_01458,Morgan,Williams,morgan.williams1458@example-domain.com,Buffalo,New York,14201,2024-01-20,Consumer
CUST_01459,Mia,Garcia,mia.garcia1459@example-domain.com,New York City,New York,10001,2024-12-13,Consumer
CUST_01460,Chris,Rodriguez,chris.rodriguez1460@example-domain.com,Orlando,Florida,32801,2024-04-23,Consumer
CUST_01461,Taylor,Anderson,taylor.anderson1461@example-domain.com,Miami,Florida,33101,2024-03-13,Consumer
CUST_01462,Ethan,Rodriguez,ethan.rodriguez1462@example-domain.com,Houston,Texas,77001,2023-03-17,Consumer
CUST_01463,Cameron,Johnson,cameron.johnson1463@example-domain.com,Boston,Massachusetts,02108,2024-02-02,Consumer
CUST_01464,Ethan,Johnson,ethan.johnson1464@example-domain.com,Miami,Florida,33101,2023-09-29,Consumer
CUST_01465,Chris,Anderson,chris.anderson1465@example-domain.com,San Diego,California,92101,2024-05-18,Small Business
CUST_01466,Pat,Martin,pat.martin1466@example-domain.com,Boston,Massachusetts,02108,2023-07-02,Consumer
CUST_01467,Emma,Brown,emma.brown1467@example-domain.com,Buffalo,New York,14201,2024-07-07,Small Business
CUST_01468,Olivia,Miller,olivia.miller1468@example-domain.com,New York City,New York,10001,2024-03-28,Consumer
CUST_01469,Cameron,Brown,cameron.brown1469@example-domain.com,San Francisco,California,94102,2023-03-16,Corporate
CUST_01470,Taylor,Jackson,taylor.jackson1470@example-domain.com,Miami,Florida,33101,2024-04-01,Corporate
CUST_01471,Alex,Thomas,alex.thomas1471@example-domain.com,Buffalo,New York,14201,2024-10-30,Consumer
CUST_01472,Alex,Johnson,alex.johnson1472@example-domain.com,Boston,Massachusetts,02108,2023-09-30,Corporate
CUST_01473,Sam,Hernandez,sam.hernandez1473@example-domain.com,Boston,Massachusetts,02108,2024-08-11,Corporate
CUST_01474,Alex,Taylor,alex.taylor1474@example-domain.com,Philadelphia,Pennsylvania,19102,2024-05-04,Consumer
CUST_01475,Olivia,Gonzalez,olivia.gonzalez1475@example-domain.com,San Diego,California,92101,2024-07-07,Consumer
CUST_01476,Riley,Smith,riley.smith1476@example-domain.com,Boston,Massachusetts,02108,2024-12-06,Consumer
CUST_01477,Emma,Brown,emma.brown1477@example-domain.com,Columbus,Ohio,43215,2024-01-03,Corporate
CUST_01478,Ethan,Martinez,ethan.martinez1478@example-domain.com,Boston,Massachusetts,02108,2023-02-26,Corporate
CUST_01479,Taylor,Lopez,taylor.lopez1479@example-domain.com,Columbus,Ohio,43215,2023-12-15,Corporate
CUST_01480,Taylor,Anderson,taylor.anderson1480@example-domain.com,Orlando,Florida,32801,2024-10-25,Consumer
CUST_01481,Pat,Garcia,pat.garcia1481@example-domain.com,Columbus,Ohio,43215,2023-02-10,Corporate
CUST_01482,Liam,Miller,liam.miller1482@example-domain.com,Orlando,Florida,32801,2024-12-13,Consumer
CUST_01483,Liam,Brown,liam.brown1483@example-domain.com,Seattle,Washington,98101,2024-05-13,Consumer
CUST_01484,Taylor,Anderson,taylor.anderson1484@example-domain.com,Austin,Texas,78701,2023-05-24,Consumer
CUST_01485,Jordan,Miller,jordan.miller1485@example-domain.com,Los Angeles,California,90001,2024-08-30,Consumer
CUST_01486,Riley,Thomas,riley.thomas1486@example-domain.com,Boston,Massachusetts,02108,2023-03-06,Consumer
CUST_01487,Lucas,Martinez,lucas.martinez1487@example-domain.com,Philadelphia,Pennsylvania,19102,2024-06-30,Consumer
CUST_01488,Noah,Smith,noah.smith1488@example-domain.com,San Francisco,California,94102,2023-12-14,Consumer
CUST_01489,Jordan,Hernandez,jordan.hernandez1489@example-domain.com,San Francisco,California,94102,2024-02-20,Consumer
CUST_01490,Morgan,Miller,morgan.miller1490@example-domain.com,Raleigh,North Carolina,27601,2024-04-14,Consumer
CUST_01491,Lucas,Jones,lucas.jones1491@example-domain.com,Dallas,Texas,75201,2023-03-15,Consumer
CUST_01492,Jordan,Jones,jordan.jones1492@example-domain.com,Philadelphia,Pennsylvania,19102,2024-10-31,Consumer
CUST_01493,Alex,Thomas,alex.thomas1493@example-domain.com,San Francisco,California,94102,2023-09-06,Consumer
CUST_01494,Sam,Smith,sam.smith1494@example-domain.com,Houston,Texas,77001,2024-10-09,Consumer
CUST_01495,Jordan,Martinez,jordan.martinez1495@example-domain.com,New York City,New York,10001,2024-04-12,Consumer
CUST_01496,Jackson,Garcia,jackson.garcia1496@example-domain.com,San Diego,California,92101,2023-04-19,Consumer
CUST_01497,Morgan,Thomas,morgan.thomas1497@example-domain.com,Dallas,Texas,75201,2023-03-06,Consumer
CUST_01498,Pat,Wilson,pat.wilson1498@example-domain.com,Chicago,Illinois,60601,2024-11-25,Consumer
CUST_01499,Liam,Hernandez,liam.hernandez1499@example-domain.com,New York City,New York,10001,2024-12-01,Consumer
CUST_01500,Mia,Moore,mia.moore1500@example-domain.com,Buffalo,New York,14201,2023-11-26,Corporate
CUST_01501,Pat,Johnson,pat.johnson1501@example-domain.com,Houston,Texas,77001,2023-12-10,Consumer
CUST_01502,Taylor,Brown,taylor.brown1502@example-domain.com,Miami,Florida,33101,2023-05-25,Consumer
CUST_01503,Olivia,Garcia,olivia.garcia1503@example-domain.com,Seattle,Washington,98101,2024-07-20,Consumer
CUST_01504,Chris,Anderson,chris.anderson1504@example-domain.com,Dallas,Texas,75201,2024-08-18,Consumer
CUST_01505,Jordan,Jones,jordan.jones1505@example-domain.com,New York City,New York,10001,2024-10-09,Consumer
CUST_01506,Jackson,Gonzalez,jackson.gonzalez1506@example-domain.com,Houston,Texas,77001,2023-01-17,Consumer
CUST_01507,Emma,Williams,emma.williams1507@example-domain.com,Los Angeles,California,90001,2023-01-08,Consumer
CUST_01508,Chris,Williams,chris.williams1508@example-domain.com,Orlando,Florida,32801,2024-03-02,Consumer
CUST_01509,Emma,Jones,emma.jones1509@example-domain.com,Austin,Texas,78701,2023-05-27,Consumer
CUST_01510,Cameron,Taylor,cameron.taylor1510@example-domain.com,Denver,Colorado,80202,2024-02-26,Corporate
CUST_01511,Riley,Garcia,riley.garcia1511@example-domain.com,San Francisco,California,94102,2024-09-02,Corporate
CUST_01512,Chris,Thomas,chris.thomas1512@example-domain.com,San Diego,California,92101,2024-10-04,Corporate
CUST_01513,Dakota,Lopez,dakota.lopez1513@example-domain.com,Atlanta,Georgia,30301,2023-01-05,Small Business
CUST_01514,Lucas,Davis,lucas.davis1514@example-domain.com,Austin,Texas,78701,2023-05-01,Consumer
CUST_01515,Ava,Brown,ava.brown1515@example-domain.com,Seattle,Washington,98101,2024-07-06,Consumer
CUST_01516,Ava,Davis,ava.davis1516@example-domain.com,Denver,Colorado,80202,2024-10-03,Consumer
CUST_01517,Pat,Rodriguez,pat.rodriguez1517@example-domain.com,San Francisco,California,94102,2023-07-18,Consumer
CUST_01518,Morgan,Jones,morgan.jones1518@example-domain.com,Philadelphia,Pennsylvania,19102,2024-05-24,Corporate
CUST_01519,Chris,Garcia,chris.garcia1519@example-domain.com,San Francisco,California,94102,2023-02-25,Consumer
CUST_01520,Sophia,Martinez,sophia.martinez1520@example-domain.com,Austin,Texas,78701,2024-03-21,Small Business
CUST_01521,Cameron,Hernandez,cameron.hernandez1521@example-domain.com,Denver,Colorado,80202,2023-02-14,Consumer
CUST_01522,Morgan,Johnson,morgan.johnson1522@example-domain.com,Columbus,Ohio,43215,2023-06-30,Small Business
CUST_01523,Chris,Smith,chris.smith1523@example-domain.com,Philadelphia,Pennsylvania,19102,2024-06-11,Consumer
CUST_01524,Morgan,Williams,morgan.williams1524@example-domain.com,Dallas,Texas,75201,2024-03-31,Consumer
CUST_01525,Mia,Jackson,mia.jackson1525@example-domain.com,Chicago,Illinois,60601,2024-03-05,Consumer
CUST_01526,Pat,Hernandez,pat.hernandez1526@example-domain.com,Dallas,Texas,75201,2023-04-23,Consumer
CUST_01527,Ethan,Davis,ethan.davis1527@example-domain.com,New York City,New York,10001,2023-08-31,Consumer
CUST_01528,Olivia,Miller,olivia.miller1528@example-domain.com,Boston,Massachusetts,02108,2023-08-14,Consumer
CUST_01529,Taylor,Thomas,taylor.thomas1529@example-domain.com,Philadelphia,Pennsylvania,19102,2023-02-25,Corporate
CUST_01530,Olivia,Jones,olivia.jones1530@example-domain.com,Austin,Texas,78701,2024-09-16,Consumer
CUST_01531,Noah,Garcia,noah.garcia1531@example-domain.com,Boston,Massachusetts,02108,2024-01-18,Consumer
CUST_01532,Sam,Anderson,sam.anderson1532@example-domain.com,Austin,Texas,78701,2024-10-09,Consumer
CUST_01533,Sophia,Rodriguez,sophia.rodriguez1533@example-domain.com,Austin,Texas,78701,2023-12-10,Corporate
CUST_01534,Sam,Johnson,sam.johnson1534@example-domain.com,San Francisco,California,94102,2023-10-15,Consumer
CUST_01535,Sam,Brown,sam.brown1535@example-domain.com,Denver,Colorado,80202,2024-04-14,Consumer
CUST_01536,Olivia,Garcia,olivia.garcia1536@example-domain.com,Chicago,Illinois,60601,2023-08-14,Consumer
CUST_01537,Dakota,Martin,dakota.martin1537@example-domain.com,Houston,Texas,77001,2024-10-15,Consumer
CUST_01538,Jackson,Garcia,jackson.garcia1538@example-domain.com,Columbus,Ohio,43215,2023-08-24,Consumer
CUST_01539,Taylor,Wilson,taylor.wilson1539@example-domain.com,Raleigh,North Carolina,27601,2024-05-15,Consumer
CUST_01540,Pat,Jackson,pat.jackson1540@example-domain.com,Philadelphia,Pennsylvania,19102,2024-04-18,Consumer
CUST_01541,Cameron,Smith,cameron.smith1541@example-domain.com,Atlanta,Georgia,30301,2023-09-10,Corporate
CUST_01542,Riley,Hernandez,riley.hernandez1542@example-domain.com,Atlanta,Georgia,30301,2024-08-16,Consumer
CUST_01543,Riley,Jackson,riley.jackson1543@example-domain.com,Buffalo,New York,14201,2024-08-10,Consumer
CUST_01544,Alex,Wilson,alex.wilson1544@example-domain.com,San Francisco,California,94102,2023-02-11,Consumer
CUST_01545,Emma,Taylor,emma.taylor1545@example-domain.com,San Francisco,California,94102,2024-03-11,Small Business
CUST_01546,Ava,Gonzalez,ava.gonzalez1546@example-domain.com,Philadelphia,Pennsylvania,19102,2024-12-14,Consumer
CUST_01547,Morgan,Anderson,morgan.anderson1547@example-domain.com,Philadelphia,Pennsylvania,19102,2023-09-04,Corporate
CUST_01548,Taylor,Moore,taylor.moore1548@example-domain.com,Los Angeles,California,90001,2024-12-10,Consumer
CUST_01549,Olivia,Miller,olivia.miller1549@example-domain.com,Buffalo,New York,14201,2024-01-03,Consumer
CUST_01550,Dakota,Davis,dakota.davis1550@example-domain.com,San Diego,California,92101,2023-01-17,Consumer
CUST_01551,Emma,Martinez,emma.martinez1551@example-domain.com,Houston,Texas,77001,2024-12-21,Small Business
CUST_01552,Noah,Jackson,noah.jackson1552@example-domain.com,Los Angeles,California,90001,2024-04-10,Consumer
CUST_01553,Noah,Jones,noah.jones1553@example-domain.com,Boston,Massachusetts,02108,2023-07-09,Corporate
CUST_01554,Sophia,Anderson,sophia.anderson1554@example-domain.com,Los Angeles,California,90001,2024-10-04,Corporate
CUST_01555,Taylor,Gonzalez,taylor.gonzalez1555@example-domain.com,Chicago,Illinois,60601,2024-06-27,Consumer
CUST_01556,Jordan,Martinez,jordan.martinez1556@example-domain.com,Atlanta,Georgia,30301,2023-10-04,Consumer
CUST_01557,Jackson,Moore,jackson.moore1557@example-domain.com,Austin,Texas,78701,2024-12-02,Consumer
CUST_01558,Taylor,Martin,taylor.martin1558@example-domain.com,Chicago,Illinois,60601,2023-02-26,Consumer
CUST_01559,Ava,Lopez,ava.lopez1559@example-domain.com,San Francisco,California,94102,2023-04-24,Corporate
CUST_01560,Liam,Lopez,liam.lopez1560@example-domain.com,Denver,Colorado,80202,2024-09-25,Small Business
CUST_01561,Jordan,Lopez,jordan.lopez1561@example-domain.com,Seattle,Washington,98101,2023-06-29,Consumer
CUST_01562,Lucas,Williams,lucas.williams1562@example-domain.com,Columbus,Ohio,43215,2024-12-27,Consumer
CUST_01563,Pat,Jones,pat.jones1563@example-domain.com,Chicago,Illinois,60601,2023-09-02,Corporate
CUST_01564,Lucas,Brown,lucas.brown1564@example-domain.com,Philadelphia,Pennsylvania,19102,2024-08-17,Consumer
CUST_01565,Pat,Davis,pat.davis1565@example-domain.com,Chicago,Illinois,60601,2023-12-28,Corporate
CUST_01566,Cameron,Taylor,cameron.taylor1566@example-domain.com,Atlanta,Georgia,30301,2023-10-11,Consumer
CUST_01567,Jordan,Williams,jordan.williams1567@example-domain.com,Seattle,Washington,98101,2023-12-20,Consumer
CUST_01568,Noah,Thomas,noah.thomas1568@example-domain.com,Raleigh,North Carolina,27601,2024-06-23,Consumer
CUST_01569,Morgan,Thomas,morgan.thomas1569@example-domain.com,Columbus,Ohio,43215,2024-11-25,Consumer
CUST_01570,Lucas,Martinez,lucas.martinez1570@example-domain.com,Denver,Colorado,80202,2024-09-27,Consumer
CUST_01571,Sophia,Williams,sophia.williams1571@example-domain.com,Austin,Texas,78701,2024-04-13,Consumer
CUST_01572,Taylor,Williams,taylor.williams1572@example-domain.com,Boston,Massachusetts,02108,2023-07-03,Consumer
CUST_01573,Dakota,Williams,dakota.williams1573@example-domain.com,New York City,New York,10001,2023-06-18,Corporate
CUST_01574,Cameron,Brown,cameron.brown1574@example-domain.com,Buffalo,New York,14201,2024-05-23,Corporate
CUST_01575,Sam,Miller,sam.miller1575@example-domain.com,Raleigh,North Carolina,27601,2024-10-04,Consumer
CUST_01576,Alex,Martinez,alex.martinez1576@example-domain.com,Atlanta,Georgia,30301,2024-11-29,Consumer
CUST_01577,Lucas,Jones,lucas.jones1577@example-domain.com,Philadelphia,Pennsylvania,19102,2023-12-22,Consumer
CUST_01578,Olivia,Anderson,olivia.anderson1578@example-domain.com,Los Angeles,California,90001,2023-10-26,Consumer
CUST_01579,Pat,Williams,pat.williams1579@example-domain.com,Los Angeles,California,90001,2023-08-26,Consumer
CUST_01580,Ava,Hernandez,ava.hernandez1580@example-domain.com,Atlanta,Georgia,30301,2024-08-15,Consumer
CUST_01581,Ethan,Hernandez,ethan.hernandez1581@example-domain.com,Philadelphia,Pennsylvania,19102,2024-08-30,Consumer
CUST_01582,Ava,Moore,ava.moore1582@example-domain.com,Denver,Colorado,80202,2024-04-13,Consumer
CUST_01583,Dakota,Jackson,dakota.jackson1583@example-domain.com,Buffalo,New York,14201,2023-11-10,Consumer
CUST_01584,Chris,Rodriguez,chris.rodriguez1584@example-domain.com,Dallas,Texas,75201,2024-05-10,Consumer
CUST_01585,Sophia,Martinez,sophia.martinez1585@example-domain.com,San Francisco,California,94102,2023-06-01,Small Business
CUST_01586,Sophia,Martinez,sophia.martinez1586@example-domain.com,Denver,Colorado,80202,2023-06-20,Consumer
CUST_01587,Jackson,Garcia,jackson.garcia1587@example-domain.com,Columbus,Ohio,43215,2023-10-20,Consumer
CUST_01588,Chris,Garcia,chris.garcia1588@example-domain.com,Buffalo,New York,14201,2023-06-15,Consumer
CUST_01589,Riley,Brown,riley.brown1589@example-domain.com,San Francisco,California,94102,2023-11-21,Consumer
CUST_01590,Mia,Jones,mia.jones1590@example-domain.com,Denver,Colorado,80202,2023-09-24,Corporate
CUST_01591,Sophia,Garcia,sophia.garcia1591@example-domain.com,Austin,Texas,78701,2024-07-29,Consumer
CUST_01592,Jordan,Hernandez,jordan.hernandez1592@example-domain.com,Seattle,Washington,98101,2023-06-01,Small Business
CUST_01593,Sophia,Anderson,sophia.anderson1593@example-domain.com,Columbus,Ohio,43215,2023-06-16,Consumer
CUST_01594,Lucas,Martinez,lucas.martinez1594@example-domain.com,New York City,New York,10001,2023-01-26,Consumer
CUST_01595,Liam,Thomas,liam.thomas1595@example-domain.com,Buffalo,New York,14201,2024-04-14,Corporate
CUST_01596,Ethan,Jones,ethan.jones1596@example-domain.com,Los Angeles,California,90001,2024-07-13,Consumer
CUST_01597,Ava,Hernandez,ava.hernandez1597@example-domain.com,Orlando,Florida,32801,2024-04-30,Consumer
CUST_01598,Dakota,Jackson,dakota.jackson1598@example-domain.com,Buffalo,New York,14201,2024-08-01,Consumer
CUST_01599,Noah,Hernandez,noah.hernandez1599@example-domain.com,New York City,New York,10001,2024-05-05,Consumer
CUST_01600,Jordan,Jones,jordan.jones1600@example-domain.com,Columbus,Ohio,43215,2023-04-30,Corporate
CUST_01601,Dakota,Smith,dakota.smith1601@example-domain.com,Boston,Massachusetts,02108,2024-09-24,Consumer
CUST_01602,Riley,Anderson,riley.anderson1602@example-domain.com,Seattle,Washington,98101,2023-04-05,Consumer
CUST_01603,Ethan,Johnson,ethan.johnson1603@example-domain.com,Austin,Texas,78701,2024-08-20,Consumer
CUST_01604,Ava,Davis,ava.davis1604@example-domain.com,Miami,Florida,33101,2023-07-20,Consumer
CUST_01605,Alex,Williams,alex.williams1605@example-domain.com,Columbus,Ohio,43215,2024-04-01,Consumer
CUST_01606,Taylor,Taylor,taylor.taylor1606@example-domain.com,Boston,Massachusetts,02108,2023-07-19,Consumer
CUST_01607,Emma,Hernandez,emma.hernandez1607@example-domain.com,Raleigh,North Carolina,27601,2023-02-27,Consumer
CUST_01608,Sophia,Gonzalez,sophia.gonzalez1608@example-domain.com,Buffalo,New York,14201,2024-03-13,Corporate
CUST_01609,Sophia,Gonzalez,sophia.gonzalez1609@example-domain.com,Seattle,Washington,98101,2023-01-13,Consumer
CUST_01610,Dakota,Lopez,dakota.lopez1610@example-domain.com,Seattle,Washington,98101,2023-11-12,Consumer
CUST_01611,Noah,Moore,noah.moore1611@example-domain.com,San Diego,California,92101,2023-08-09,Corporate
CUST_01612,Noah,Wilson,noah.wilson1612@example-domain.com,Denver,Colorado,80202,2023-10-23,Consumer
CUST_01613,Chris,Wilson,chris.wilson1613@example-domain.com,Atlanta,Georgia,30301,2023-05-23,Consumer
CUST_01614,Mia,Martin,mia.martin1614@example-domain.com,San Diego,California,92101,2023-05-28,Consumer
CUST_01615,Pat,Martinez,pat.martinez1615@example-domain.com,Philadelphia,Pennsylvania,19102,2024-06-21,Consumer
CUST_01616,Ethan,Williams,ethan.williams1616@example-domain.com,Boston,Massachusetts,02108,2023-04-01,Consumer
CUST_01617,Alex,Wilson,alex.wilson1617@example-domain.com,Miami,Florida,33101,2024-02-29,Small Business
CUST_01618,Chris,Moore,chris.moore1618@example-domain.com,Denver,Colorado,80202,2024-12-28,Consumer
CUST_01619,Mia,Jones,mia.jones1619@example-domain.com,Austin,Texas,78701,2023-07-10,Consumer
CUST_01620,Liam,Martinez,liam.martinez1620@example-domain.com,Columbus,Ohio,43215,2024-05-17,Corporate
CUST_01621,Jordan,Martinez,jordan.martinez1621@example-domain.com,Orlando,Florida,32801,2024-05-20,Consumer
CUST_01622,Lucas,Anderson,lucas.anderson1622@example-domain.com,Dallas,Texas,75201,2023-01-28,Consumer
CUST_01623,Alex,Jones,alex.jones1623@example-domain.com,Miami,Florida,33101,2023-11-04,Consumer
CUST_01624,Emma,Brown,emma.brown1624@example-domain.com,Orlando,Florida,32801,2024-03-03,Small Business
CUST_01625,Chris,Thomas,chris.thomas1625@example-domain.com,Dallas,Texas,75201,2023-01-30,Consumer
CUST_01626,Morgan,Rodriguez,morgan.rodriguez1626@example-domain.com,Philadelphia,Pennsylvania,19102,2023-03-10,Consumer
CUST_01627,Jackson,Lopez,jackson.lopez1627@example-domain.com,Philadelphia,Pennsylvania,19102,2024-08-02,Consumer
CUST_01628,Olivia,Rodriguez,olivia.rodriguez1628@example-domain.com,Philadelphia,Pennsylvania,19102,2024-12-11,Consumer
CUST_01629,Morgan,Lopez,morgan.lopez1629@example-domain.com,Raleigh,North Carolina,27601,2024-08-12,Consumer
CUST_01630,Alex,Rodriguez,alex.rodriguez1630@example-domain.com,Houston,Texas,77001,2024-08-18,Consumer
CUST_01631,Jordan,Jones,jordan.jones1631@example-domain.com,Chicago,Illinois,60601,2024-04-17,Corporate
CUST_01632,Sam,Lopez,sam.lopez1632@example-domain.com,Houston,Texas,77001,2023-02-24,Consumer
CUST_01633,Cameron,Lopez,cameron.lopez1633@example-domain.com,Atlanta,Georgia,30301,2024-10-13,Consumer
CUST_01634,Sophia,Johnson,sophia.johnson1634@example-domain.com,Orlando,Florida,32801,2023-10-26,Corporate
CUST_01635,Ava,Williams,ava.williams1635@example-domain.com,Raleigh,North Carolina,27601,2023-07-18,Small Business
CUST_01636,Chris,Brown,chris.brown1636@example-domain.com,Houston,Texas,77001,2024-07-10,Consumer
CUST_01637,Ethan,Hernandez,ethan.hernandez1637@example-domain.com,Orlando,Florida,32801,2023-10-05,Consumer
CUST_01638,Sophia,Brown,sophia.brown1638@example-domain.com,Columbus,Ohio,43215,2024-08-16,Consumer
CUST_01639,Sophia,Jones,sophia.jones1639@example-domain.com,Los Angeles,California,90001,2023-05-21,Small Business
CUST_01640,Ava,Martinez,ava.martinez1640@example-domain.com,Seattle,Washington,98101,2024-05-11,Small Business
CUST_01641,Olivia,Hernandez,olivia.hernandez1641@example-domain.com,Houston,Texas,77001,2023-04-15,Consumer
CUST_01642,Pat,Jones,pat.jones1642@example-domain.com,Raleigh,North Carolina,27601,2023-08-15,Corporate
CUST_01643,Pat,Moore,pat.moore1643@example-domain.com,Raleigh,North Carolina,27601,2024-06-28,Consumer
CUST_01644,Lucas,Brown,lucas.brown1644@example-domain.com,Atlanta,Georgia,30301,2024-04-16,Consumer
CUST_01645,Taylor,Brown,taylor.brown1645@example-domain.com,Buffalo,New York,14201,2023-01-18,Consumer
CUST_01646,Emma,Lopez,emma.lopez1646@example-domain.com,Orlando,Florida,32801,2024-12-08,Corporate
CUST_01647,Sophia,Jones,sophia.jones1647@example-domain.com,Denver,Colorado,80202,2024-09-03,Consumer
CUST_01648,Ava,Hernandez,ava.hernandez1648@example-domain.com,Houston,Texas,77001,2024-12-27,Corporate
CUST_01649,Dakota,Smith,dakota.smith1649@example-domain.com,New York City,New York,10001,2023-08-16,Corporate
CUST_01650,Sam,Jones,sam.jones1650@example-domain.com,Dallas,Texas,75201,2023-11-11,Corporate
CUST_01651,Sam,Miller,sam.miller1651@example-domain.com,Buffalo,New York,14201,2023-03-22,Consumer
CUST_01652,Olivia,Brown,olivia.brown1652@example-domain.com,San Diego,California,92101,2023-01-20,Consumer
CUST_01653,Emma,Wilson,emma.wilson1653@example-domain.com,San Francisco,California,94102,2023-07-21,Consumer
CUST_01654,Morgan,Johnson,morgan.johnson1654@example-domain.com,Raleigh,North Carolina,27601,2024-08-30,Consumer
CUST_01655,Jordan,Thomas,jordan.thomas1655@example-domain.com,New York City,New York,10001,2023-09-17,Consumer
CUST_01656,Jordan,Williams,jordan.williams1656@example-domain.com,Orlando,Florida,32801,2024-11-14,Small Business
CUST_01657,Alex,Brown,alex.brown1657@example-domain.com,New York City,New York,10001,2024-09-08,Consumer
CUST_01658,Pat,Jackson,pat.jackson1658@example-domain.com,Austin,Texas,78701,2023-07-09,Consumer
CUST_01659,Sophia,Smith,sophia.smith1659@example-domain.com,San Diego,California,92101,2023-05-30,Consumer
CUST_01660,Cameron,Jackson,cameron.jackson1660@example-domain.com,Seattle,Washington,98101,2023-12-27,Consumer
CUST_01661,Chris,Taylor,chris.taylor1661@example-domain.com,Dallas,Texas,75201,2024-06-01,Consumer
CUST_01662,Mia,Williams,mia.williams1662@example-domain.com,New York City,New York,10001,2024-08-15,Consumer
CUST_01663,Alex,Taylor,alex.taylor1663@example-domain.com,Austin,Texas,78701,2023-07-16,Small Business
CUST_01664,Dakota,Garcia,dakota.garcia1664@example-domain.com,Columbus,Ohio,43215,2023-01-05,Consumer
CUST_01665,Morgan,Miller,morgan.miller1665@example-domain.com,Raleigh,North Carolina,27601,2024-12-25,Small Business
CUST_01666,Emma,Lopez,emma.lopez1666@example-domain.com,Houston,Texas,77001,2024-03-26,Corporate
CUST_01667,Morgan,Garcia,morgan.garcia1667@example-domain.com,Seattle,Washington,98101,2024-01-24,Consumer
CUST_01668,Olivia,Miller,olivia.miller1668@example-domain.com,Raleigh,North Carolina,27601,2023-08-22,Small Business
CUST_01669,Olivia,Brown,olivia.brown1669@example-domain.com,Chicago,Illinois,60601,2023-05-07,Consumer
CUST_01670,Noah,Brown,noah.brown1670@example-domain.com,Raleigh,North Carolina,27601,2023-05-20,Corporate
CUST_01671,Emma,Lopez,emma.lopez1671@example-domain.com,Orlando,Florida,32801,2024-07-24,Consumer
CUST_01672,Jordan,Williams,jordan.williams1672@example-domain.com,Chicago,Illinois,60601,2024-05-20,Corporate
CUST_01673,Morgan,Gonzalez,morgan.gonzalez1673@example-domain.com,Orlando,Florida,32801,2024-04-12,Corporate
CUST_01674,Jackson,Martinez,jackson.martinez1674@example-domain.com,Denver,Colorado,80202,2023-08-20,Corporate
CUST_01675,Lucas,Wilson,lucas.wilson1675@example-domain.com,Orlando,Florida,32801,2024-03-14,Corporate
CUST_01676,Pat,Williams,pat.williams1676@example-domain.com,Philadelphia,Pennsylvania,19102,2024-11-26,Consumer
CUST_01677,Sophia,Garcia,sophia.garcia1677@example-domain.com,Los Angeles,California,90001,2024-11-21,Consumer
CUST_01678,Emma,Brown,emma.brown1678@example-domain.com,Boston,Massachusetts,02108,2024-03-24,Consumer
CUST_01679,Ava,Williams,ava.williams1679@example-domain.com,New York City,New York,10001,2023-05-27,Consumer
CUST_01680,Liam,Gonzalez,liam.gonzalez1680@example-domain.com,New York City,New York,10001,2023-06-22,Consumer
CUST_01681,Taylor,Lopez,taylor.lopez1681@example-domain.com,Austin,Texas,78701,2023-12-13,Consumer
CUST_01682,Pat,Martin,pat.martin1682@example-domain.com,Boston,Massachusetts,02108,2023-05-06,Small Business
CUST_01683,Riley,Wilson,riley.wilson1683@example-domain.com,Philadelphia,Pennsylvania,19102,2023-10-13,Consumer
CUST_01684,Mia,Jackson,mia.jackson1684@example-domain.com,Miami,Florida,33101,2024-10-21,Corporate
CUST_01685,Liam,Lopez,liam.lopez1685@example-domain.com,Philadelphia,Pennsylvania,19102,2024-11-13,Consumer
CUST_01686,Jackson,Gonzalez,jackson.gonzalez1686@example-domain.com,Philadelphia,Pennsylvania,19102,2024-06-07,Corporate
CUST_01687,Cameron,Jones,cameron.jones1687@example-domain.com,Denver,Colorado,80202,2023-04-21,Small Business
CUST_01688,Morgan,Rodriguez,morgan.rodriguez1688@example-domain.com,Philadelphia,Pennsylvania,19102,2024-05-24,Consumer
CUST_01689,Riley,Jones,riley.jones1689@example-domain.com,Los Angeles,California,90001,2023-04-12,Consumer
CUST_01690,Jordan,Williams,jordan.williams1690@example-domain.com,Philadelphia,Pennsylvania,19102,2024-11-25,Corporate
CUST_01691,Alex,Garcia,alex.garcia1691@example-domain.com,Boston,Massachusetts,02108,2024-09-11,Consumer
CUST_01692,Ethan,Jones,ethan.jones1692@example-domain.com,Orlando,Florida,32801,2024-09-28,Consumer
CUST_01693,Jackson,Brown,jackson.brown1693@example-domain.com,San Diego,California,92101,2024-11-07,Consumer
CUST_01694,Ava,Thomas,ava.thomas1694@example-domain.com,Denver,Colorado,80202,2023-07-26,Consumer
CUST_01695,Dakota,Thomas,dakota.thomas1695@example-domain.com,Philadelphia,Pennsylvania,19102,2024-05-31,Consumer
CUST_01696,Cameron,Moore,cameron.moore1696@example-domain.com,Chicago,Illinois,60601,2024-07-07,Consumer
CUST_01697,Lucas,Smith,lucas.smith1697@example-domain.com,San Francisco,California,94102,2024-03-16,Consumer
CUST_01698,Morgan,Gonzalez,morgan.gonzalez1698@example-domain.com,Denver,Colorado,80202,2023-11-19,Consumer
CUST_01699,Liam,Anderson,liam.anderson1699@example-domain.com,Denver,Colorado,80202,2023-02-06,Small Business
CUST_01700,Jordan,Garcia,jordan.garcia1700@example-domain.com,Columbus,Ohio,43215,2024-11-06,Consumer
CUST_01701,Dakota,Garcia,dakota.garcia1701@example-domain.com,Philadelphia,Pennsylvania,19102,2024-03-17,Small Business
CUST_01702,Sam,Martinez,sam.martinez1702@example-domain.com,Boston,Massachusetts,02108,2024-05-14,Consumer
CUST_01703,Morgan,Jackson,morgan.jackson1703@example-domain.com,Philadelphia,Pennsylvania,19102,2024-11-06,Consumer
CUST_01704,Lucas,Moore,lucas.moore1704@example-domain.com,Philadelphia,Pennsylvania,19102,2024-05-02,Consumer
CUST_01705,Lucas,Garcia,lucas.garcia1705@example-domain.com,Raleigh,North Carolina,27601,2023-02-27,Consumer
CUST_01706,Liam,Rodriguez,liam.rodriguez1706@example-domain.com,Philadelphia,Pennsylvania,19102,2024-08-28,Consumer
CUST_01707,Liam,Martin,liam.martin1707@example-domain.com,Seattle,Washington,98101,2023-10-19,Consumer
CUST_01708,Ethan,Johnson,ethan.johnson1708@example-domain.com,Los Angeles,California,90001,2024-08-27,Consumer
CUST_01709,Jordan,Jones,jordan.jones1709@example-domain.com,Seattle,Washington,98101,2023-12-24,Consumer
CUST_01710,Mia,Smith,mia.smith1710@example-domain.com,Chicago,Illinois,60601,2024-01-25,Consumer
CUST_01711,Morgan,Wilson,morgan.wilson1711@example-domain.com,Seattle,Washington,98101,2024-01-01,Consumer
CUST_01712,Olivia,Lopez,olivia.lopez1712@example-domain.com,San Francisco,California,94102,2024-11-08,Consumer
CUST_01713,Riley,Davis,riley.davis1713@example-domain.com,Dallas,Texas,75201,2024-10-25,Corporate
CUST_01714,Dakota,Jackson,dakota.jackson1714@example-domain.com,San Diego,California,92101,2024-12-05,Consumer
CUST_01715,Taylor,Martinez,taylor.martinez1715@example-domain.com,New York City,New York,10001,2023-12-12,Consumer
CUST_01716,Chris,Smith,chris.smith1716@example-domain.com,Columbus,Ohio,43215,2023-11-30,Small Business
CUST_01717,Jordan,Anderson,jordan.anderson1717@example-domain.com,Atlanta,Georgia,30301,2024-08-04,Consumer
CUST_01718,Ava,Wilson,ava.wilson1718@example-domain.com,Miami,Florida,33101,2023-01-21,Consumer
CUST_01719,Emma,Jackson,emma.jackson1719@example-domain.com,Los Angeles,California,90001,2023-11-21,Small Business
CUST_01720,Liam,Jackson,liam.jackson1720@example-domain.com,Boston,Massachusetts,02108,2023-11-27,Consumer
CUST_01721,Mia,Brown,mia.brown1721@example-domain.com,Philadelphia,Pennsylvania,19102,2023-04-13,Consumer
CUST_01722,Pat,Hernandez,pat.hernandez1722@example-domain.com,Philadelphia,Pennsylvania,19102,2024-05-29,Consumer
CUST_01723,Ethan,Garcia,ethan.garcia1723@example-domain.com,Orlando,Florida,32801,2024-01-08,Consumer
CUST_01724,Olivia,Miller,olivia.miller1724@example-domain.com,Philadelphia,Pennsylvania,19102,2024-10-12,Consumer
CUST_01725,Taylor,Moore,taylor.moore1725@example-domain.com,Austin,Texas,78701,2023-10-22,Consumer
CUST_01726,Cameron,Johnson,cameron.johnson1726@example-domain.com,Orlando,Florida,32801,2024-08-10,Consumer
CUST_01727,Liam,Davis,liam.davis1727@example-domain.com,San Diego,California,92101,2024-08-15,Consumer
CUST_01728,Morgan,Jackson,morgan.jackson1728@example-domain.com,Chicago,Illinois,60601,2023-10-07,Small Business
CUST_01729,Taylor,Jackson,taylor.jackson1729@example-domain.com,Raleigh,North Carolina,27601,2024-05-01,Corporate
CUST_01730,Olivia,Miller,olivia.miller1730@example-domain.com,Seattle,Washington,98101,2023-03-20,Consumer
CUST_01731,Dakota,Taylor,dakota.taylor1731@example-domain.com,Orlando,Florida,32801,2024-03-19,Consumer
CUST_01732,Lucas,Hernandez,lucas.hernandez1732@example-domain.com,Austin,Texas,78701,2024-02-29,Consumer
CUST_01733,Liam,Rodriguez,liam.rodriguez1733@example-domain.com,Raleigh,North Carolina,27601,2024-04-09,Consumer
CUST_01734,Lucas,Garcia,lucas.garcia1734@example-domain.com,Los Angeles,California,90001,2024-10-04,Consumer
CUST_01735,Ava,Garcia,ava.garcia1735@example-domain.com,Philadelphia,Pennsylvania,19102,2023-08-07,Consumer
CUST_01736,Noah,Rodriguez,noah.rodriguez1736@example-domain.com,Columbus,Ohio,43215,2024-09-21,Corporate
CUST_01737,Olivia,Jackson,olivia.jackson1737@example-domain.com,San Francisco,California,94102,2024-06-18,Consumer
CUST_01738,Pat,Lopez,pat.lopez1738@example-domain.com,Denver,Colorado,80202,2023-06-01,Consumer
CUST_01739,Riley,Jones,riley.jones1739@example-domain.com,Orlando,Florida,32801,2024-03-21,Consumer
CUST_01740,Olivia,Hernandez,olivia.hernandez1740@example-domain.com,San Diego,California,92101,2024-10-11,Consumer
CUST_01741,Pat,Wilson,pat.wilson1741@example-domain.com,Miami,Florida,33101,2023-10-21,Corporate
CUST_01742,Chris,Rodriguez,chris.rodriguez1742@example-domain.com,Dallas,Texas,75201,2024-02-20,Corporate
CUST_01743,Riley,Brown,riley.brown1743@example-domain.com,Buffalo,New York,14201,2023-07-16,Corporate
CUST_01744,Alex,Davis,alex.davis1744@example-domain.com,Orlando,Florida,32801,2024-04-20,Consumer
CUST_01745,Emma,Moore,emma.moore1745@example-domain.com,Atlanta,Georgia,30301,2024-03-08,Consumer
CUST_01746,Jordan,Miller,jordan.miller1746@example-domain.com,Houston,Texas,77001,2023-10-07,Consumer
CUST_01747,Sam,Smith,sam.smith1747@example-domain.com,Miami,Florida,33101,2023-10-12,Consumer
CUST_01748,Lucas,Garcia,lucas.garcia1748@example-domain.com,San Francisco,California,94102,2024-05-12,Consumer
CUST_01749,Alex,Johnson,alex.johnson1749@example-domain.com,San Diego,California,92101,2023-11-18,Corporate
CUST_01750,Jackson,Martinez,jackson.martinez1750@example-domain.com,San Diego,California,92101,2024-02-21,Consumer
CUST_01751,Sophia,Williams,sophia.williams1751@example-domain.com,Boston,Massachusetts,02108,2023-05-24,Consumer
CUST_01752,Riley,Brown,riley.brown1752@example-domain.com,Raleigh,North Carolina,27601,2023-05-04,Consumer
CUST_01753,Ava,Jackson,ava.jackson1753@example-domain.com,Raleigh,North Carolina,27601,2023-09-15,Consumer
CUST_01754,Emma,Williams,emma.williams1754@example-domain.com,Dallas,Texas,75201,2024-09-06,Consumer
CUST_01755,Morgan,Hernandez,morgan.hernandez1755@example-domain.com,Chicago,Illinois,60601,2024-08-21,Small Business
CUST_01756,Liam,Davis,liam.davis1756@example-domain.com,Atlanta,Georgia,30301,2023-08-12,Corporate
CUST_01757,Sam,Brown,sam.brown1757@example-domain.com,Houston,Texas,77001,2023-08-08,Small Business
CUST_01758,Cameron,Anderson,cameron.anderson1758@example-domain.com,Atlanta,Georgia,30301,2023-09-18,Consumer
CUST_01759,Mia,Johnson,mia.johnson1759@example-domain.com,Philadelphia,Pennsylvania,19102,2024-06-30,Consumer
CUST_01760,Sophia,Brown,sophia.brown1760@example-domain.com,Chicago,Illinois,60601,2024-07-12,Consumer
CUST_01761,Olivia,Thomas,olivia.thomas1761@example-domain.com,Dallas,Texas,75201,2023-10-12,Consumer
CUST_01762,Sam,Lopez,sam.lopez1762@example-domain.com,Philadelphia,Pennsylvania,19102,2024-01-12,Corporate
CUST_01763,Dakota,Smith,dakota.smith1763@example-domain.com,San Francisco,California,94102,2024-11-09,Consumer
CUST_01764,Jordan,Davis,jordan.davis1764@example-domain.com,Miami,Florida,33101,2024-07-19,Consumer
CUST_01765,Liam,Martinez,liam.martinez1765@example-domain.com,Seattle,Washington,98101,2024-12-02,Consumer
CUST_01766,Morgan,Moore,morgan.moore1766@example-domain.com,Dallas,Texas,75201,2024-03-29,Consumer
CUST_01767,Liam,Smith,liam.smith1767@example-domain.com,Boston,Massachusetts,02108,2023-09-19,Corporate
CUST_01768,Dakota,Williams,dakota.williams1768@example-domain.com,Dallas,Texas,75201,2023-11-01,Consumer
CUST_01769,Pat,Garcia,pat.garcia1769@example-domain.com,Denver,Colorado,80202,2024-10-08,Consumer
CUST_01770,Ethan,Wilson,ethan.wilson1770@example-domain.com,San Francisco,California,94102,2023-10-08,Consumer
CUST_01771,Taylor,Thomas,taylor.thomas1771@example-domain.com,Philadelphia,Pennsylvania,19102,2024-02-27,Consumer
CUST_01772,Ethan,Wilson,ethan.wilson1772@example-domain.com,New York City,New York,10001,2023-06-14,Corporate
CUST_01773,Cameron,Taylor,cameron.taylor1773@example-domain.com,San Diego,California,92101,2023-12-27,Corporate
CUST_01774,Olivia,Martin,olivia.martin1774@example-domain.com,Columbus,Ohio,43215,2023-12-01,Small Business
CUST_01775,Noah,Smith,noah.smith1775@example-domain.com,San Francisco,California,94102,2024-10-18,Corporate
CUST_01776,Chris,Anderson,chris.anderson1776@example-domain.com,Buffalo,New York,14201,2023-01-04,Consumer
CUST_01777,Liam,Miller,liam.miller1777@example-domain.com,Orlando,Florida,32801,2023-11-18,Consumer
CUST_01778,Mia,Williams,mia.williams1778@example-domain.com,New York City,New York,10001,2023-06-11,Consumer
CUST_01779,Riley,Taylor,riley.taylor1779@example-domain.com,Buffalo,New York,14201,2024-08-31,Consumer
CUST_01780,Olivia,Hernandez,olivia.hernandez1780@example-domain.com,Denver,Colorado,80202,2024-05-04,Corporate
CUST_01781,Sam,Rodriguez,sam.rodriguez1781@example-domain.com,Houston,Texas,77001,2024-12-04,Consumer
CUST_01782,Mia,Hernandez,mia.hernandez1782@example-domain.com,Orlando,Florida,32801,2023-07-23,Small Business
CUST_01783,Taylor,Wilson,taylor.wilson1783@example-domain.com,Seattle,Washington,98101,2023-07-06,Consumer
CUST_01784,Liam,Gonzalez,liam.gonzalez1784@example-domain.com,Dallas,Texas,75201,2023-01-22,Consumer
CUST_01785,Alex,Moore,alex.moore1785@example-domain.com,Dallas,Texas,75201,2023-04-02,Consumer
CUST_01786,Noah,Miller,noah.miller1786@example-domain.com,Miami,Florida,33101,2024-12-19,Corporate
CUST_01787,Chris,Johnson,chris.johnson1787@example-domain.com,Boston,Massachusetts,02108,2024-09-24,Consumer
CUST_01788,Olivia,Martin,olivia.martin1788@example-domain.com,Miami,Florida,33101,2023-06-02,Consumer
CUST_01789,Taylor,Lopez,taylor.lopez1789@example-domain.com,Houston,Texas,77001,2024-08-03,Consumer
CUST_01790,Morgan,Smith,morgan.smith1790@example-domain.com,Raleigh,North Carolina,27601,2024-03-21,Consumer
CUST_01791,Noah,Thomas,noah.thomas1791@example-domain.com,New York City,New York,10001,2023-08-18,Consumer
CUST_01792,Pat,Miller,pat.miller1792@example-domain.com,Miami,Florida,33101,2023-10-22,Corporate
CUST_01793,Emma,Gonzalez,emma.gonzalez1793@example-domain.com,Buffalo,New York,14201,2024-03-17,Consumer
CUST_01794,Pat,Martin,pat.martin1794@example-domain.com,Austin,Texas,78701,2023-10-17,Consumer
CUST_01795,Pat,Wilson,pat.wilson1795@example-domain.com,Houston,Texas,77001,2024-02-23,Consumer
CUST_01796,Sam,Smith,sam.smith1796@example-domain.com,Orlando,Florida,32801,2023-09-26,Consumer
CUST_01797,Riley,Martin,riley.martin1797@example-domain.com,Denver,Colorado,80202,2023-09-12,Corporate
CUST_01798,Sophia,Jackson,sophia.jackson1798@example-domain.com,Denver,Colorado,80202,2023-03-29,Consumer
CUST_01799,Alex,Thomas,alex.thomas1799@example-domain.com,Buffalo,New York,14201,2023-11-28,Consumer
CUST_01800,Liam,Miller,liam.miller1800@example-domain.com,Boston,Massachusetts,02108,2024-12-26,Consumer
CUST_01801,Olivia,Martin,olivia.martin1801@example-domain.com,Miami,Florida,33101,2023-03-16,Small Business
CUST_01802,Morgan,Moore,morgan.moore1802@example-domain.com,San Francisco,California,94102,2023-02-23,Corporate
CUST_01803,Ethan,Davis,ethan.davis1803@example-domain.com,Philadelphia,Pennsylvania,19102,2023-12-29,Consumer
CUST_01804,Jackson,Martin,jackson.martin1804@example-domain.com,San Francisco,California,94102,2023-01-06,Consumer
CUST_01805,Cameron,Taylor,cameron.taylor1805@example-domain.com,Boston,Massachusetts,02108,2023-11-06,Consumer
CUST_01806,Liam,Lopez,liam.lopez1806@example-domain.com,Buffalo,New York,14201,2024-07-26,Corporate
CUST_01807,Jordan,Jackson,jordan.jackson1807@example-domain.com,Houston,Texas,77001,2023-09-24,Consumer
CUST_01808,Chris,Taylor,chris.taylor1808@example-domain.com,Philadelphia,Pennsylvania,19102,2023-12-14,Consumer
CUST_01809,Noah,Jones,noah.jones1809@example-domain.com,San Diego,California,92101,2023-11-21,Consumer
CUST_01810,Ava,Wilson,ava.wilson1810@example-domain.com,Buffalo,New York,14201,2023-09-24,Consumer
CUST_01811,Morgan,Hernandez,morgan.hernandez1811@example-domain.com,San Francisco,California,94102,2023-05-11,Consumer
CUST_01812,Emma,Rodriguez,emma.rodriguez1812@example-domain.com,Seattle,Washington,98101,2024-03-16,Corporate
CUST_01813,Dakota,Rodriguez,dakota.rodriguez1813@example-domain.com,Miami,Florida,33101,2024-06-13,Consumer
CUST_01814,Ethan,Wilson,ethan.wilson1814@example-domain.com,Houston,Texas,77001,2023-11-20,Consumer
CUST_01815,Emma,Jones,emma.jones1815@example-domain.com,Columbus,Ohio,43215,2024-11-04,Consumer
CUST_01816,Noah,Johnson,noah.johnson1816@example-domain.com,Austin,Texas,78701,2023-06-02,Small Business
CUST_01817,Jordan,Davis,jordan.davis1817@example-domain.com,Houston,Texas,77001,2023-02-06,Consumer
CUST_01818,Emma,Rodriguez,emma.rodriguez1818@example-domain.com,Houston,Texas,77001,2024-12-23,Corporate
CUST_01819,Noah,Wilson,noah.wilson1819@example-domain.com,New York City,New York,10001,2024-05-21,Consumer
CUST_01820,Jordan,Anderson,jordan.anderson1820@example-domain.com,Seattle,Washington,98101,2024-12-27,Consumer
CUST_01821,Lucas,Thomas,lucas.thomas1821@example-domain.com,Denver,Colorado,80202,2024-05-19,Consumer
CUST_01822,Morgan,Jones,morgan.jones1822@example-domain.com,New York City,New York,10001,2023-12-24,Consumer
CUST_01823,Taylor,Miller,taylor.miller1823@example-domain.com,Orlando,Florida,32801,2023-07-04,Consumer
CUST_01824,Chris,Taylor,chris.taylor1824@example-domain.com,Miami,Florida,33101,2024-07-30,Corporate
CUST_01825,Mia,Miller,mia.miller1825@example-domain.com,Los Angeles,California,90001,2024-06-22,Consumer
CUST_01826,Mia,Garcia,mia.garcia1826@example-domain.com,Atlanta,Georgia,30301,2023-03-20,Consumer
CUST_01827,Riley,Thomas,riley.thomas1827@example-domain.com,New York City,New York,10001,2023-12-03,Consumer
CUST_01828,Alex,Martinez,alex.martinez1828@example-domain.com,New York City,New York,10001,2024-02-08,Small Business
CUST_01829,Sophia,Jackson,sophia.jackson1829@example-domain.com,New York City,New York,10001,2023-11-28,Corporate
CUST_01830,Sam,Smith,sam.smith1830@example-domain.com,San Diego,California,92101,2024-04-16,Consumer
CUST_01831,Emma,Anderson,emma.anderson1831@example-domain.com,Miami,Florida,33101,2024-08-31,Small Business
CUST_01832,Alex,Hernandez,alex.hernandez1832@example-domain.com,San Francisco,California,94102,2024-11-02,Consumer
CUST_01833,Jackson,Anderson,jackson.anderson1833@example-domain.com,Chicago,Illinois,60601,2024-08-05,Consumer
CUST_01834,Sam,Miller,sam.miller1834@example-domain.com,San Francisco,California,94102,2024-10-21,Corporate
CUST_01835,Dakota,Hernandez,dakota.hernandez1835@example-domain.com,San Francisco,California,94102,2023-03-14,Corporate
CUST_01836,Lucas,Martin,lucas.martin1836@example-domain.com,Boston,Massachusetts,02108,2023-04-05,Consumer
CUST_01837,Liam,Rodriguez,liam.rodriguez1837@example-domain.com,Houston,Texas,77001,2023-09-03,Consumer
CUST_01838,Liam,Williams,liam.williams1838@example-domain.com,Los Angeles,California,90001,2023-08-02,Consumer
CUST_01839,Chris,Gonzalez,chris.gonzalez1839@example-domain.com,Boston,Massachusetts,02108,2023-10-19,Small Business
CUST_01840,Sam,Brown,sam.brown1840@example-domain.com,Orlando,Florida,32801,2024-05-17,Consumer
CUST_01841,Olivia,Martinez,olivia.martinez1841@example-domain.com,Buffalo,New York,14201,2024-01-03,Consumer
CUST_01842,Morgan,Lopez,morgan.lopez1842@example-domain.com,Raleigh,North Carolina,27601,2023-07-24,Consumer
CUST_01843,Emma,Anderson,emma.anderson1843@example-domain.com,Boston,Massachusetts,02108,2024-05-02,Consumer
CUST_01844,Cameron,Jackson,cameron.jackson1844@example-domain.com,Atlanta,Georgia,30301,2023-04-03,Consumer
CUST_01845,Olivia,Lopez,olivia.lopez1845@example-domain.com,Houston,Texas,77001,2024-03-20,Small Business
CUST_01846,Olivia,Williams,olivia.williams1846@example-domain.com,San Francisco,California,94102,2024-06-09,Consumer
CUST_01847,Ethan,Anderson,ethan.anderson1847@example-domain.com,Dallas,Texas,75201,2024-10-25,Consumer
CUST_01848,Sam,Thomas,sam.thomas1848@example-domain.com,Raleigh,North Carolina,27601,2024-10-06,Consumer
CUST_01849,Ava,Williams,ava.williams1849@example-domain.com,Orlando,Florida,32801,2024-04-24,Corporate
CUST_01850,Olivia,Williams,olivia.williams1850@example-domain.com,Philadelphia,Pennsylvania,19102,2023-11-04,Consumer
CUST_01851,Sam,Jones,sam.jones1851@example-domain.com,Orlando,Florida,32801,2023-09-12,Consumer
CUST_01852,Ava,Wilson,ava.wilson1852@example-domain.com,Orlando,Florida,32801,2024-08-05,Corporate
CUST_01853,Jordan,Moore,jordan.moore1853@example-domain.com,San Diego,California,92101,2023-02-16,Corporate
CUST_01854,Ava,Brown,ava.brown1854@example-domain.com,Raleigh,North Carolina,27601,2024-03-11,Corporate
CUST_01855,Olivia,Brown,olivia.brown1855@example-domain.com,Denver,Colorado,80202,2024-11-07,Small Business
CUST_01856,Mia,Rodriguez,mia.rodriguez1856@example-domain.com,Seattle,Washington,98101,2023-09-18,Consumer
CUST_01857,Mia,Williams,mia.williams1857@example-domain.com,Raleigh,North Carolina,27601,2023-01-17,Corporate
CUST_01858,Morgan,Anderson,morgan.anderson1858@example-domain.com,Houston,Texas,77001,2023-07-06,Consumer
CUST_01859,Liam,Johnson,liam.johnson1859@example-domain.com,San Diego,California,92101,2024-03-02,Corporate
CUST_01860,Dakota,Hernandez,dakota.hernandez1860@example-domain.com,Denver,Colorado,80202,2024-11-17,Corporate
CUST_01861,Noah,Martin,noah.martin1861@example-domain.com,Miami,Florida,33101,2023-12-16,Corporate
CUST_01862,Chris,Miller,chris.miller1862@example-domain.com,Houston,Texas,77001,2023-03-22,Consumer
CUST_01863,Jackson,Rodriguez,jackson.rodriguez1863@example-domain.com,New York City,New York,10001,2024-03-20,Consumer
CUST_01864,Lucas,Smith,lucas.smith1864@example-domain.com,Los Angeles,California,90001,2024-02-09,Consumer
CUST_01865,Morgan,Smith,morgan.smith1865@example-domain.com,Houston,Texas,77001,2024-11-02,Small Business
CUST_01866,Emma,Anderson,emma.anderson1866@example-domain.com,Boston,Massachusetts,02108,2024-11-04,Small Business
CUST_01867,Jackson,Thomas,jackson.thomas1867@example-domain.com,Orlando,Florida,32801,2024-09-25,Consumer
CUST_01868,Jackson,Lopez,jackson.lopez1868@example-domain.com,Boston,Massachusetts,02108,2023-11-06,Consumer
CUST_01869,Taylor,Jones,taylor.jones1869@example-domain.com,Buffalo,New York,14201,2023-01-15,Consumer
CUST_01870,Pat,Brown,pat.brown1870@example-domain.com,Los Angeles,California,90001,2024-12-13,Corporate
CUST_01871,Pat,Smith,pat.smith1871@example-domain.com,Austin,Texas,78701,2024-05-07,Corporate
CUST_01872,Sam,Davis,sam.davis1872@example-domain.com,Atlanta,Georgia,30301,2024-10-03,Consumer
CUST_01873,Lucas,Miller,lucas.miller1873@example-domain.com,San Diego,California,92101,2023-11-05,Consumer
CUST_01874,Noah,Jones,noah.jones1874@example-domain.com,Philadelphia,Pennsylvania,19102,2024-03-08,Corporate
CUST_01875,Alex,Brown,alex.brown1875@example-domain.com,Houston,Texas,77001,2023-06-06,Corporate
CUST_01876,Noah,Thomas,noah.thomas1876@example-domain.com,Philadelphia,Pennsylvania,19102,2023-01-21,Consumer
CUST_01877,Noah,Jackson,noah.jackson1877@example-domain.com,Dallas,Texas,75201,2023-07-26,Consumer
CUST_01878,Dakota,Jackson,dakota.jackson1878@example-domain.com,Boston,Massachusetts,02108,2023-02-22,Consumer
CUST_01879,Ethan,Smith,ethan.smith1879@example-domain.com,New York City,New York,10001,2024-10-07,Consumer
CUST_01880,Olivia,Wilson,olivia.wilson1880@example-domain.com,Philadelphia,Pennsylvania,19102,2024-08-15,Consumer
CUST_01881,Jackson,Moore,jackson.moore1881@example-domain.com,Orlando,Florida,32801,2023-02-07,Consumer
CUST_01882,Emma,Gonzalez,emma.gonzalez1882@example-domain.com,Philadelphia,Pennsylvania,19102,2024-06-09,Corporate
CUST_01883,Mia,Martin,mia.martin1883@example-domain.com,Philadelphia,Pennsylvania,19102,2023-08-26,Consumer
CUST_01884,Jordan,Taylor,jordan.taylor1884@example-domain.com,Los Angeles,California,90001,2024-03-08,Corporate
CUST_01885,Mia,Hernandez,mia.hernandez1885@example-domain.com,Columbus,Ohio,43215,2023-03-07,Consumer
CUST_01886,Cameron,Wilson,cameron.wilson1886@example-domain.com,Philadelphia,Pennsylvania,19102,2023-04-30,Consumer
CUST_01887,Emma,Martin,emma.martin1887@example-domain.com,Seattle,Washington,98101,2024-04-04,Consumer
CUST_01888,Olivia,Smith,olivia.smith1888@example-domain.com,Houston,Texas,77001,2023-10-22,Consumer
CUST_01889,Pat,Thomas,pat.thomas1889@example-domain.com,Seattle,Washington,98101,2024-03-24,Corporate
CUST_01890,Riley,Taylor,riley.taylor1890@example-domain.com,Dallas,Texas,75201,2024-08-24,Small Business
CUST_01891,Ethan,Martin,ethan.martin1891@example-domain.com,Denver,Colorado,80202,2023-05-15,Consumer
CUST_01892,Dakota,Gonzalez,dakota.gonzalez1892@example-domain.com,Atlanta,Georgia,30301,2024-11-20,Consumer
CUST_01893,Sophia,Thomas,sophia.thomas1893@example-domain.com,Houston,Texas,77001,2024-09-28,Corporate
CUST_01894,Pat,Martinez,pat.martinez1894@example-domain.com,San Diego,California,92101,2024-11-14,Consumer
CUST_01895,Emma,Jones,emma.jones1895@example-domain.com,Houston,Texas,77001,2023-07-24,Consumer
CUST_01896,Chris,Martin,chris.martin1896@example-domain.com,Philadelphia,Pennsylvania,19102,2023-04-14,Corporate
CUST_01897,Olivia,Thomas,olivia.thomas1897@example-domain.com,Orlando,Florida,32801,2023-08-29,Consumer
CUST_01898,Pat,Moore,pat.moore1898@example-domain.com,San Francisco,California,94102,2023-01-19,Consumer
CUST_01899,Sophia,Rodriguez,sophia.rodriguez1899@example-domain.com,Seattle,Washington,98101,2024-11-24,Consumer
CUST_01900,Chris,Garcia,chris.garcia1900@example-domain.com,Raleigh,North Carolina,27601,2023-02-02,Corporate
CUST_01901,Taylor,Hernandez,taylor.hernandez1901@example-domain.com,Atlanta,Georgia,30301,2023-04-27,Consumer
CUST_01902,Jackson,Davis,jackson.davis1902@example-domain.com,New York City,New York,10001,2024-07-29,Consumer
CUST_01903,Riley,Thomas,riley.thomas1903@example-domain.com,Miami,Florida,33101,2023-12-15,Corporate
CUST_01904,Sophia,Johnson,sophia.johnson1904@example-domain.com,Columbus,Ohio,43215,2023-10-01,Consumer
CUST_01905,Sam,Taylor,sam.taylor1905@example-domain.com,New York City,New York,10001,2024-12-24,Corporate
CUST_01906,Jordan,Anderson,jordan.anderson1906@example-domain.com,Denver,Colorado,80202,2023-04-24,Consumer
CUST_01907,Morgan,Martin,morgan.martin1907@example-domain.com,New York City,New York,10001,2024-07-29,Small Business
CUST_01908,Jordan,Taylor,jordan.taylor1908@example-domain.com,New York City,New York,10001,2023-06-21,Consumer
CUST_01909,Morgan,Miller,morgan.miller1909@example-domain.com,Seattle,Washington,98101,2023-06-10,Consumer
CUST_01910,Dakota,Anderson,dakota.anderson1910@example-domain.com,Raleigh,North Carolina,27601,2024-05-25,Consumer
CUST_01911,Morgan,Jones,morgan.jones1911@example-domain.com,Seattle,Washington,98101,2023-12-09,Consumer
CUST_01912,Sam,Brown,sam.brown1912@example-domain.com,Austin,Texas,78701,2024-03-25,Corporate
CUST_01913,Olivia,Smith,olivia.smith1913@example-domain.com,Dallas,Texas,75201,2024-04-30,Small Business
CUST_01914,Ethan,Martinez,ethan.martinez1914@example-domain.com,Raleigh,North Carolina,27601,2023-06-25,Consumer
CUST_01915,Taylor,Rodriguez,taylor.rodriguez1915@example-domain.com,Seattle,Washington,98101,2024-02-29,Consumer
CUST_01916,Sophia,Davis,sophia.davis1916@example-domain.com,Buffalo,New York,14201,2024-06-26,Corporate
CUST_01917,Olivia,Davis,olivia.davis1917@example-domain.com,Buffalo,New York,14201,2024-03-15,Corporate
CUST_01918,Olivia,Wilson,olivia.wilson1918@example-domain.com,Denver,Colorado,80202,2024-06-12,Consumer
CUST_01919,Sophia,Smith,sophia.smith1919@example-domain.com,Denver,Colorado,80202,2023-05-30,Consumer
CUST_01920,Alex,Taylor,alex.taylor1920@example-domain.com,San Diego,California,92101,2023-03-28,Consumer
CUST_01921,Ethan,Hernandez,ethan.hernandez1921@example-domain.com,Boston,Massachusetts,02108,2023-06-18,Consumer
CUST_01922,Olivia,Johnson,olivia.johnson1922@example-domain.com,Boston,Massachusetts,02108,2023-02-07,Consumer
CUST_01923,Sam,Jackson,sam.jackson1923@example-domain.com,San Francisco,California,94102,2024-10-08,Consumer
CUST_01924,Ava,Martinez,ava.martinez1924@example-domain.com,Atlanta,Georgia,30301,2024-02-16,Consumer
CUST_01925,Lucas,Martinez,lucas.martinez1925@example-domain.com,Chicago,Illinois,60601,2023-12-19,Corporate
CUST_01926,Alex,Rodriguez,alex.rodriguez1926@example-domain.com,Raleigh,North Carolina,27601,2024-09-17,Consumer
CUST_01927,Sam,Gonzalez,sam.gonzalez1927@example-domain.com,Denver,Colorado,80202,2024-10-21,Consumer
CUST_01928,Pat,Moore,pat.moore1928@example-domain.com,Denver,Colorado,80202,2024-12-15,Consumer
CUST_01929,Sophia,Gonzalez,sophia.gonzalez1929@example-domain.com,Austin,Texas,78701,2023-11-05,Consumer
CUST_01930,Taylor,Johnson,taylor.johnson1930@example-domain.com,Columbus,Ohio,43215,2023-12-09,Consumer
CUST_01931,Liam,Jones,liam.jones1931@example-domain.com,Raleigh,North Carolina,27601,2024-07-07,Consumer
CUST_01932,Dakota,Miller,dakota.miller1932@example-domain.com,San Diego,California,92101,2024-06-07,Consumer
CUST_01933,Lucas,Martinez,lucas.martinez1933@example-domain.com,Raleigh,North Carolina,27601,2023-12-15,Consumer
CUST_01934,Chris,Smith,chris.smith1934@example-domain.com,Los Angeles,California,90001,2024-07-06,Consumer
CUST_01935,Mia,Rodriguez,mia.rodriguez1935@example-domain.com,Dallas,Texas,75201,2023-11-08,Consumer
CUST_01936,Olivia,Taylor,olivia.taylor1936@example-domain.com,New York City,New York,10001,2023-03-03,Corporate
CUST_01937,Sophia,Rodriguez,sophia.rodriguez1937@example-domain.com,Raleigh,North Carolina,27601,2023-12-29,Consumer
CUST_01938,Morgan,Johnson,morgan.johnson1938@example-domain.com,New York City,New York,10001,2024-04-04,Corporate
CUST_01939,Dakota,Jackson,dakota.jackson1939@example-domain.com,Los Angeles,California,90001,2024-04-09,Consumer
CUST_01940,Ethan,Davis,ethan.davis1940@example-domain.com,Columbus,Ohio,43215,2024-09-01,Consumer
CUST_01941,Riley,Lopez,riley.lopez1941@example-domain.com,Orlando,Florida,32801,2023-10-19,Consumer
CUST_01942,Mia,Jones,mia.jones1942@example-domain.com,Boston,Massachusetts,02108,2024-06-16,Consumer
CUST_01943,Riley,Brown,riley.brown1943@example-domain.com,Chicago,Illinois,60601,2024-06-12,Corporate
CUST_01944,Mia,Miller,mia.miller1944@example-domain.com,Seattle,Washington,98101,2024-04-10,Corporate
CUST_01945,Morgan,Jones,morgan.jones1945@example-domain.com,Atlanta,Georgia,30301,2024-02-26,Corporate
CUST_01946,Taylor,Williams,taylor.williams1946@example-domain.com,San Francisco,California,94102,2024-03-11,Consumer
CUST_01947,Sam,Thomas,sam.thomas1947@example-domain.com,Austin,Texas,78701,2024-04-01,Consumer
CUST_01948,Taylor,Lopez,taylor.lopez1948@example-domain.com,Raleigh,North Carolina,27601,2024-02-17,Consumer
CUST_01949,Mia,Moore,mia.moore1949@example-domain.com,Raleigh,North Carolina,27601,2024-02-09,Consumer
CUST_01950,Cameron,Jackson,cameron.jackson1950@example-domain.com,Philadelphia,Pennsylvania,19102,2024-10-13,Consumer
CUST_01951,Olivia,Anderson,olivia.anderson1951@example-domain.com,Philadelphia,Pennsylvania,19102,2024-03-02,Consumer
CUST_01952,Chris,Jones,chris.jones1952@example-domain.com,Raleigh,North Carolina,27601,2023-05-11,Consumer
CUST_01953,Emma,Anderson,emma.anderson1953@example-domain.com,Buffalo,New York,14201,2024-12-22,Consumer
CUST_01954,Ava,Taylor,ava.taylor1954@example-domain.com,New York City,New York,10001,2024-12-12,Corporate
CUST_01955,Pat,Anderson,pat.anderson1955@example-domain.com,Philadelphia,Pennsylvania,19102,2023-02-03,Small Business
CUST_01956,Chris,Moore,chris.moore1956@example-domain.com,Seattle,Washington,98101,2023-05-02,Small Business
CUST_01957,Jackson,Wilson,jackson.wilson1957@example-domain.com,New York City,New York,10001,2023-05-04,Consumer
CUST_01958,Sophia,Jackson,sophia.jackson1958@example-domain.com,Orlando,Florida,32801,2023-02-11,Consumer
CUST_01959,Ava,Jones,ava.jones1959@example-domain.com,New York City,New York,10001,2024-01-16,Consumer
CUST_01960,Dakota,Lopez,dakota.lopez1960@example-domain.com,Orlando,Florida,32801,2023-10-29,Corporate
CUST_01961,Emma,Smith,emma.smith1961@example-domain.com,Buffalo,New York,14201,2023-05-26,Consumer
CUST_01962,Mia,Wilson,mia.wilson1962@example-domain.com,San Francisco,California,94102,2023-11-09,Consumer
CUST_01963,Dakota,Miller,dakota.miller1963@example-domain.com,Houston,Texas,77001,2024-05-15,Corporate
CUST_01964,Alex,Brown,alex.brown1964@example-domain.com,Columbus,Ohio,43215,2023-12-24,Consumer
CUST_01965,Taylor,Johnson,taylor.johnson1965@example-domain.com,Atlanta,Georgia,30301,2024-05-07,Consumer
CUST_01966,Mia,Martinez,mia.martinez1966@example-domain.com,Denver,Colorado,80202,2023-12-12,Consumer
CUST_01967,Liam,Thomas,liam.thomas1967@example-domain.com,Buffalo,New York,14201,2023-05-22,Consumer
CUST_01968,Ava,Anderson,ava.anderson1968@example-domain.com,Denver,Colorado,80202,2024-11-14,Consumer
CUST_01969,Noah,Jones,noah.jones1969@example-domain.com,Chicago,Illinois,60601,2023-04-02,Consumer
CUST_01970,Jackson,Martin,jackson.martin1970@example-domain.com,Atlanta,Georgia,30301,2024-02-01,Consumer
CUST_01971,Riley,Gonzalez,riley.gonzalez1971@example-domain.com,Chicago,Illinois,60601,2024-07-07,Consumer
CUST_01972,Jordan,Anderson,jordan.anderson1972@example-domain.com,Miami,Florida,33101,2024-10-23,Corporate
CUST_01973,Taylor,Garcia,taylor.garcia1973@example-domain.com,Los Angeles,California,90001,2024-08-08,Consumer
CUST_01974,Dakota,Moore,dakota.moore1974@example-domain.com,New York City,New York,10001,2024-10-21,Consumer
CUST_01975,Lucas,Williams,lucas.williams1975@example-domain.com,Austin,Texas,78701,2024-09-25,Consumer
CUST_01976,Lucas,Jackson,lucas.jackson1976@example-domain.com,San Francisco,California,94102,2024-08-06,Small Business
CUST_01977,Ava,Miller,ava.miller1977@example-domain.com,Philadelphia,Pennsylvania,19102,2024-05-29,Consumer
CUST_01978,Alex,Brown,alex.brown1978@example-domain.com,Columbus,Ohio,43215,2023-07-04,Consumer
CUST_01979,Alex,Rodriguez,alex.rodriguez1979@example-domain.com,Austin,Texas,78701,2023-09-09,Corporate
CUST_01980,Mia,Anderson,mia.anderson1980@example-domain.com,San Diego,California,92101,2024-06-30,Corporate
CUST_01981,Jackson,Hernandez,jackson.hernandez1981@example-domain.com,Boston,Massachusetts,02108,2024-08-26,Consumer
CUST_01982,Jordan,Thomas,jordan.thomas1982@example-domain.com,Los Angeles,California,90001,2023-12-15,Corporate
CUST_01983,Olivia,Garcia,olivia.garcia1983@example-domain.com,Atlanta,Georgia,30301,2023-01-25,Consumer
CUST_01984,Ava,Hernandez,ava.hernandez1984@example-domain.com,Boston,Massachusetts,02108,2023-09-21,Consumer
CUST_01985,Taylor,Brown,taylor.brown1985@example-domain.com,New York City,New York,10001,2024-07-08,Consumer
CUST_01986,Chris,Martinez,chris.martinez1986@example-domain.com,Buffalo,New York,14201,2023-07-07,Consumer
CUST_01987,Cameron,Williams,cameron.williams1987@example-domain.com,Buffalo,New York,14201,2023-11-11,Corporate
CUST_01988,Olivia,Garcia,olivia.garcia1988@example-domain.com,San Francisco,California,94102,2024-09-21,Consumer
CUST_01989,Ethan,Garcia,ethan.garcia1989@example-domain.com,Los Angeles,California,90001,2024-12-31,Consumer
CUST_01990,Jordan,Martinez,jordan.martinez1990@example-domain.com,Boston,Massachusetts,02108,2023-04-12,Corporate
CUST_01991,Ethan,Jones,ethan.jones1991@example-domain.com,Atlanta,Georgia,30301,2023-11-28,Corporate
CUST_01992,Cameron,Gonzalez,cameron.gonzalez1992@example-domain.com,New York City,New York,10001,2023-02-23,Consumer
CUST_01993,Pat,Davis,pat.davis1993@example-domain.com,Dallas,Texas,75201,2024-05-19,Consumer
CUST_01994,Ava,Taylor,ava.taylor1994@example-domain.com,Boston,Massachusetts,02108,2023-04-28,Consumer
CUST_01995,Cameron,Johnson,cameron.johnson1995@example-domain.com,Chicago,Illinois,60601,2024-04-20,Corporate
CUST_01996,Lucas,Wilson,lucas.wilson1996@example-domain.com,San Diego,California,92101,2024-05-10,Consumer
CUST_01997,Alex,Wilson,alex.wilson1997@example-domain.com,Dallas,Texas,75201,2023-01-20,Small Business
CUST_01998,Cameron,Moore,cameron.moore1998@example-domain.com,New York City,New York,10001,2023-09-10,Consumer
CUST_01999,Lucas,Jones,lucas.jones1999@example-domain.com,Orlando,Florida,32801,2024-08-04,Consumer
CUST_02000,Olivia,Anderson,olivia.anderson2000@example-domain.com,San Diego,California,92101,2024-10-13,Consumer
CUST_02001,Ava,Miller,ava.miller2001@example-domain.com,Buffalo,New York,14201,2024-01-18,Consumer
CUST_02002,Lucas,Garcia,lucas.garcia2002@example-domain.com,Dallas,Texas,75201,2024-07-04,Consumer
CUST_02003,Olivia,Moore,olivia.moore2003@example-domain.com,Denver,Colorado,80202,2023-02-12,Small Business
CUST_02004,Alex,Anderson,alex.anderson2004@example-domain.com,Orlando,Florida,32801,2024-10-30,Consumer
CUST_02005,Chris,Smith,chris.smith2005@example-domain.com,San Francisco,California,94102,2024-05-08,Consumer
CUST_02006,Cameron,Martin,cameron.martin2006@example-domain.com,Miami,Florida,33101,2024-11-27,Corporate
CUST_02007,Liam,Lopez,liam.lopez2007@example-domain.com,Austin,Texas,78701,2024-08-22,Consumer
CUST_02008,Ava,Martinez,ava.martinez2008@example-domain.com,San Francisco,California,94102,2023-06-15,Corporate
CUST_02009,Lucas,Jackson,lucas.jackson2009@example-domain.com,San Diego,California,92101,2023-11-04,Consumer
CUST_02010,Taylor,Gonzalez,taylor.gonzalez2010@example-domain.com,New York City,New York,10001,2023-05-24,Consumer
CUST_02011,Lucas,Rodriguez,lucas.rodriguez2011@example-domain.com,Atlanta,Georgia,30301,2023-08-04,Consumer
CUST_02012,Jackson,Taylor,jackson.taylor2012@example-domain.com,Chicago,Illinois,60601,2024-11-29,Consumer
CUST_02013,Ethan,Rodriguez,ethan.rodriguez2013@example-domain.com,Denver,Colorado,80202,2023-10-07,Small Business
CUST_02014,Riley,Hernandez,riley.hernandez2014@example-domain.com,Chicago,Illinois,60601,2023-08-04,Consumer
CUST_02015,Noah,Martin,noah.martin2015@example-domain.com,Chicago,Illinois,60601,2023-01-17,Consumer
CUST_02016,Sam,Smith,sam.smith2016@example-domain.com,Philadelphia,Pennsylvania,19102,2023-01-05,Consumer
CUST_02017,Alex,Garcia,alex.garcia2017@example-domain.com,Atlanta,Georgia,30301,2024-07-23,Consumer
CUST_02018,Emma,Gonzalez,emma.gonzalez2018@example-domain.com,Columbus,Ohio,43215,2023-03-25,Corporate
CUST_02019,Taylor,Moore,taylor.moore2019@example-domain.com,Los Angeles,California,90001,2024-11-18,Consumer
CUST_02020,Noah,Brown,noah.brown2020@example-domain.com,Seattle,Washington,98101,2024-01-21,Consumer
CUST_02021,Jackson,Lopez,jackson.lopez2021@example-domain.com,Boston,Massachusetts,02108,2023-07-01,Small Business
CUST_02022,Alex,Brown,alex.brown2022@example-domain.com,Denver,Colorado,80202,2024-01-15,Consumer
CUST_02023,Pat,Anderson,pat.anderson2023@example-domain.com,Los Angeles,California,90001,2023-08-15,Small Business
CUST_02024,Alex,Rodriguez,alex.rodriguez2024@example-domain.com,Seattle,Washington,98101,2023-07-16,Consumer
CUST_02025,Taylor,Martin,taylor.martin2025@example-domain.com,Orlando,Florida,32801,2023-08-15,Consumer
CUST_02026,Riley,Thomas,riley.thomas2026@example-domain.com,Seattle,Washington,98101,2023-02-07,Consumer
CUST_02027,Cameron,Thomas,cameron.thomas2027@example-domain.com,Austin,Texas,78701,2023-01-08,Corporate
CUST_02028,Pat,Gonzalez,pat.gonzalez2028@example-domain.com,New York City,New York,10001,2023-10-12,Small Business
CUST_02029,Mia,Taylor,mia.taylor2029@example-domain.com,Philadelphia,Pennsylvania,19102,2023-06-24,Consumer
CUST_02030,Lucas,Miller,lucas.miller2030@example-domain.com,Houston,Texas,77001,2023-03-08,Consumer
CUST_02031,Mia,Jones,mia.jones2031@example-domain.com,San Diego,California,92101,2023-05-11,Consumer
CUST_02032,Cameron,Jackson,cameron.jackson2032@example-domain.com,Dallas,Texas,75201,2024-06-19,Consumer
CUST_02033,Cameron,Miller,cameron.miller2033@example-domain.com,Los Angeles,California,90001,2024-12-10,Consumer
CUST_02034,Lucas,Martin,lucas.martin2034@example-domain.com,Miami,Florida,33101,2024-11-28,Small Business
CUST_02035,Lucas,Anderson,lucas.anderson2035@example-domain.com,Los Angeles,California,90001,2024-03-13,Consumer
CUST_02036,Jordan,Hernandez,jordan.hernandez2036@example-domain.com,Atlanta,Georgia,30301,2024-02-21,Consumer
CUST_02037,Cameron,Brown,cameron.brown2037@example-domain.com,Raleigh,North Carolina,27601,2024-04-22,Consumer
CUST_02038,Emma,Lopez,emma.lopez2038@example-domain.com,Raleigh,North Carolina,27601,2023-02-14,Consumer
CUST_02039,Riley,Johnson,riley.johnson2039@example-domain.com,Miami,Florida,33101,2024-03-06,Consumer
CUST_02040,Lucas,Anderson,lucas.anderson2040@example-domain.com,Chicago,Illinois,60601,2023-01-06,Consumer
CUST_02041,Liam,Miller,liam.miller2041@example-domain.com,Chicago,Illinois,60601,2023-03-25,Corporate
CUST_02042,Mia,Smith,mia.smith2042@example-domain.com,Dallas,Texas,75201,2024-12-07,Consumer
CUST_02043,Olivia,Williams,olivia.williams2043@example-domain.com,Dallas,Texas,75201,2023-07-21,Consumer
CUST_02044,Chris,Hernandez,chris.hernandez2044@example-domain.com,Orlando,Florida,32801,2023-03-06,Consumer
CUST_02045,Morgan,Smith,morgan.smith2045@example-domain.com,Philadelphia,Pennsylvania,19102,2024-03-18,Corporate
CUST_02046,Alex,Jackson,alex.jackson2046@example-domain.com,Chicago,Illinois,60601,2023-09-14,Corporate
CUST_02047,Riley,Brown,riley.brown2047@example-domain.com,Philadelphia,Pennsylvania,19102,2023-09-02,Consumer
CUST_02048,Ethan,Johnson,ethan.johnson2048@example-domain.com,Chicago,Illinois,60601,2024-06-16,Corporate
CUST_02049,Riley,Williams,riley.williams2049@example-domain.com,Denver,Colorado,80202,2023-04-08,Consumer
CUST_02050,Noah,Jackson,noah.jackson2050@example-domain.com,New York City,New York,10001,2023-03-29,Consumer
CUST_02051,Jordan,Johnson,jordan.johnson2051@example-domain.com,Boston,Massachusetts,02108,2023-11-17,Consumer
CUST_02052,Taylor,Jones,taylor.jones2052@example-domain.com,San Francisco,California,94102,2024-03-28,Consumer
CUST_02053,Jordan,Martinez,jordan.martinez2053@example-domain.com,Atlanta,Georgia,30301,2023-03-09,Consumer
CUST_02054,Morgan,Johnson,morgan.johnson2054@example-domain.com,Columbus,Ohio,43215,2023-02-23,Small Business
CUST_02055,Dakota,Gonzalez,dakota.gonzalez2055@example-domain.com,Boston,Massachusetts,02108,2023-04-09,Corporate
CUST_02056,Jackson,Wilson,jackson.wilson2056@example-domain.com,Dallas,Texas,75201,2024-09-05,Consumer
CUST_02057,Jackson,Smith,jackson.smith2057@example-domain.com,Denver,Colorado,80202,2024-01-29,Consumer
CUST_02058,Noah,Wilson,noah.wilson2058@example-domain.com,New York City,New York,10001,2023-12-14,Consumer
CUST_02059,Alex,Anderson,alex.anderson2059@example-domain.com,Raleigh,North Carolina,27601,2023-12-03,Consumer
CUST_02060,Mia,Miller,mia.miller2060@example-domain.com,New York City,New York,10001,2023-04-16,Consumer
CUST_02061,Alex,Martin,alex.martin2061@example-domain.com,San Diego,California,92101,2024-08-30,Consumer
CUST_02062,Pat,Jackson,pat.jackson2062@example-domain.com,Buffalo,New York,14201,2024-10-14,Consumer
CUST_02063,Ava,Rodriguez,ava.rodriguez2063@example-domain.com,Seattle,Washington,98101,2024-03-07,Corporate
CUST_02064,Emma,Martin,emma.martin2064@example-domain.com,Denver,Colorado,80202,2023-07-10,Consumer
CUST_02065,Riley,Jones,riley.jones2065@example-domain.com,San Francisco,California,94102,2023-03-03,Consumer
CUST_02066,Sam,Martinez,sam.martinez2066@example-domain.com,Atlanta,Georgia,30301,2024-06-09,Corporate
CUST_02067,Sophia,Martinez,sophia.martinez2067@example-domain.com,Columbus,Ohio,43215,2023-05-30,Consumer
CUST_02068,Sam,Thomas,sam.thomas2068@example-domain.com,Orlando,Florida,32801,2024-09-09,Consumer
CUST_02069,Ethan,Martinez,ethan.martinez2069@example-domain.com,Seattle,Washington,98101,2023-01-09,Consumer
CUST_02070,Ava,Jackson,ava.jackson2070@example-domain.com,Buffalo,New York,14201,2023-02-28,Consumer
CUST_02071,Riley,Taylor,riley.taylor2071@example-domain.com,Columbus,Ohio,43215,2023-02-25,Corporate
CUST_02072,Olivia,Lopez,olivia.lopez2072@example-domain.com,Austin,Texas,78701,2023-07-25,Consumer
CUST_02073,Pat,Williams,pat.williams2073@example-domain.com,Chicago,Illinois,60601,2023-07-13,Consumer
CUST_02074,Emma,Anderson,emma.anderson2074@example-domain.com,Chicago,Illinois,60601,2024-08-15,Corporate
CUST_02075,Mia,Hernandez,mia.hernandez2075@example-domain.com,Orlando,Florida,32801,2024-03-04,Corporate
CUST_02076,Ethan,Garcia,ethan.garcia2076@example-domain.com,New York City,New York,10001,2024-04-10,Corporate
CUST_02077,Jordan,Thomas,jordan.thomas2077@example-domain.com,Dallas,Texas,75201,2023-01-04,Consumer
CUST_02078,Riley,Davis,riley.davis2078@example-domain.com,Denver,Colorado,80202,2024-09-30,Consumer
CUST_02079,Pat,Davis,pat.davis2079@example-domain.com,Philadelphia,Pennsylvania,19102,2023-12-06,Small Business
CUST_02080,Liam,Miller,liam.miller2080@example-domain.com,Boston,Massachusetts,02108,2023-07-08,Corporate
CUST_02081,Alex,Lopez,alex.lopez2081@example-domain.com,Los Angeles,California,90001,2023-03-17,Consumer
CUST_02082,Sophia,Smith,sophia.smith2082@example-domain.com,Columbus,Ohio,43215,2023-04-28,Consumer
CUST_02083,Sam,Martinez,sam.martinez2083@example-domain.com,Denver,Colorado,80202,2023-07-19,Consumer
CUST_02084,Mia,Lopez,mia.lopez2084@example-domain.com,San Francisco,California,94102,2023-01-31,Small Business
CUST_02085,Pat,Miller,pat.miller2085@example-domain.com,Orlando,Florida,32801,2023-06-28,Consumer
CUST_02086,Riley,Rodriguez,riley.rodriguez2086@example-domain.com,Houston,Texas,77001,2023-12-14,Consumer
CUST_02087,Lucas,Davis,lucas.davis2087@example-domain.com,Houston,Texas,77001,2023-07-20,Consumer
CUST_02088,Alex,Garcia,alex.garcia2088@example-domain.com,Miami,Florida,33101,2023-04-14,Consumer
CUST_02089,Alex,Jones,alex.jones2089@example-domain.com,Boston,Massachusetts,02108,2024-11-01,Corporate
CUST_02090,Morgan,Hernandez,morgan.hernandez2090@example-domain.com,Austin,Texas,78701,2023-11-09,Consumer
CUST_02091,Noah,Davis,noah.davis2091@example-domain.com,Seattle,Washington,98101,2024-01-17,Corporate
CUST_02092,Chris,Taylor,chris.taylor2092@example-domain.com,Atlanta,Georgia,30301,2024-12-29,Small Business
CUST_02093,Taylor,Brown,taylor.brown2093@example-domain.com,Buffalo,New York,14201,2023-05-14,Consumer
CUST_02094,Pat,Miller,pat.miller2094@example-domain.com,Columbus,Ohio,43215,2024-01-23,Consumer
CUST_02095,Sophia,Hernandez,sophia.hernandez2095@example-domain.com,Atlanta,Georgia,30301,2024-10-13,Consumer
CUST_02096,Riley,Johnson,riley.johnson2096@example-domain.com,Austin,Texas,78701,2024-07-02,Corporate
CUST_02097,Dakota,Jones,dakota.jones2097@example-domain.com,Chicago,Illinois,60601,2023-09-11,Consumer
CUST_02098,Jordan,Rodriguez,jordan.rodriguez2098@example-domain.com,Buffalo,New York,14201,2024-06-04,Consumer
CUST_02099,Mia,Thomas,mia.thomas2099@example-domain.com,Austin,Texas,78701,2023-03-25,Corporate
CUST_02100,Emma,Martin,emma.martin2100@example-domain.com,San Diego,California,92101,2023-06-21,Consumer
CUST_02101,Ava,Gonzalez,ava.gonzalez2101@example-domain.com,Raleigh,North Carolina,27601,2024-01-19,Small Business
CUST_02102,Emma,Taylor,emma.taylor2102@example-domain.com,Denver,Colorado,80202,2023-07-03,Consumer
CUST_02103,Ethan,Lopez,ethan.lopez2103@example-domain.com,Raleigh,North Carolina,27601,2024-12-12,Consumer
CUST_02104,Emma,Thomas,emma.thomas2104@example-domain.com,Philadelphia,Pennsylvania,19102,2023-10-02,Consumer
CUST_02105,Mia,Gonzalez,mia.gonzalez2105@example-domain.com,San Francisco,California,94102,2023-08-01,Corporate
CUST_02106,Riley,Miller,riley.miller2106@example-domain.com,Denver,Colorado,80202,2023-08-29,Consumer
CUST_02107,Liam,Miller,liam.miller2107@example-domain.com,Orlando,Florida,32801,2024-03-11,Corporate
CUST_02108,Liam,Jackson,liam.jackson2108@example-domain.com,Houston,Texas,77001,2024-01-19,Small Business
CUST_02109,Cameron,Moore,cameron.moore2109@example-domain.com,San Diego,California,92101,2023-05-18,Consumer
CUST_02110,Taylor,Martinez,taylor.martinez2110@example-domain.com,Denver,Colorado,80202,2024-06-15,Small Business
CUST_02111,Sophia,Davis,sophia.davis2111@example-domain.com,San Francisco,California,94102,2024-04-21,Consumer
CUST_02112,Ava,Martin,ava.martin2112@example-domain.com,Chicago,Illinois,60601,2024-03-12,Consumer
CUST_02113,Noah,Anderson,noah.anderson2113@example-domain.com,Atlanta,Georgia,30301,2024-02-23,Consumer
CUST_02114,Sophia,Thomas,sophia.thomas2114@example-domain.com,Chicago,Illinois,60601,2023-10-07,Corporate
CUST_02115,Liam,Smith,liam.smith2115@example-domain.com,Houston,Texas,77001,2024-03-28,Consumer
CUST_02116,Riley,Rodriguez,riley.rodriguez2116@example-domain.com,San Diego,California,92101,2024-01-03,Consumer
CUST_02117,Taylor,Martinez,taylor.martinez2117@example-domain.com,Raleigh,North Carolina,27601,2024-06-09,Consumer
CUST_02118,Lucas,Williams,lucas.williams2118@example-domain.com,Miami,Florida,33101,2023-08-22,Consumer
CUST_02119,Morgan,Brown,morgan.brown2119@example-domain.com,San Diego,California,92101,2024-01-04,Consumer
CUST_02120,Jordan,Moore,jordan.moore2120@example-domain.com,Austin,Texas,78701,2023-12-08,Corporate
CUST_02121,Pat,Hernandez,pat.hernandez2121@example-domain.com,Miami,Florida,33101,2023-11-06,Corporate
CUST_02122,Cameron,Miller,cameron.miller2122@example-domain.com,Buffalo,New York,14201,2024-07-10,Consumer
CUST_02123,Cameron,Smith,cameron.smith2123@example-domain.com,Orlando,Florida,32801,2023-10-16,Small Business
CUST_02124,Sophia,Gonzalez,sophia.gonzalez2124@example-domain.com,Boston,Massachusetts,02108,2024-08-16,Consumer
CUST_02125,Alex,Thomas,alex.thomas2125@example-domain.com,Raleigh,North Carolina,27601,2023-06-02,Small Business
CUST_02126,Liam,Davis,liam.davis2126@example-domain.com,Dallas,Texas,75201,2023-08-03,Consumer
CUST_02127,Emma,Davis,emma.davis2127@example-domain.com,Raleigh,North Carolina,27601,2024-08-24,Consumer
CUST_02128,Lucas,Anderson,lucas.anderson2128@example-domain.com,Denver,Colorado,80202,2023-12-15,Consumer
CUST_02129,Taylor,Hernandez,taylor.hernandez2129@example-domain.com,Austin,Texas,78701,2024-03-15,Corporate
CUST_02130,Olivia,Miller,olivia.miller2130@example-domain.com,Denver,Colorado,80202,2024-04-05,Consumer
CUST_02131,Lucas,Smith,lucas.smith2131@example-domain.com,Seattle,Washington,98101,2023-05-23,Consumer
CUST_02132,Mia,Jones,mia.jones2132@example-domain.com,Orlando,Florida,32801,2023-01-10,Consumer
CUST_02133,Emma,Lopez,emma.lopez2133@example-domain.com,Chicago,Illinois,60601,2023-08-19,Consumer
CUST_02134,Olivia,Wilson,olivia.wilson2134@example-domain.com,Boston,Massachusetts,02108,2024-12-08,Consumer
CUST_02135,Lucas,Martinez,lucas.martinez2135@example-domain.com,Chicago,Illinois,60601,2024-08-24,Corporate
CUST_02136,Alex,Jackson,alex.jackson2136@example-domain.com,San Francisco,California,94102,2023-05-23,Corporate
CUST_02137,Sam,Hernandez,sam.hernandez2137@example-domain.com,Boston,Massachusetts,02108,2024-01-26,Consumer
CUST_02138,Pat,Gonzalez,pat.gonzalez2138@example-domain.com,San Diego,California,92101,2024-07-01,Corporate
CUST_02139,Liam,Miller,liam.miller2139@example-domain.com,Philadelphia,Pennsylvania,19102,2023-04-22,Consumer
CUST_02140,Ethan,Jackson,ethan.jackson2140@example-domain.com,Denver,Colorado,80202,2024-10-16,Corporate
CUST_02141,Dakota,Williams,dakota.williams2141@example-domain.com,Houston,Texas,77001,2023-04-17,Corporate
CUST_02142,Lucas,Garcia,lucas.garcia2142@example-domain.com,San Francisco,California,94102,2024-12-06,Consumer
CUST_02143,Jackson,Thomas,jackson.thomas2143@example-domain.com,Los Angeles,California,90001,2023-07-11,Corporate
CUST_02144,Pat,Williams,pat.williams2144@example-domain.com,Boston,Massachusetts,02108,2023-10-18,Consumer
CUST_02145,Pat,Davis,pat.davis2145@example-domain.com,Orlando,Florida,32801,2024-11-06,Consumer
CUST_02146,Ava,Williams,ava.williams2146@example-domain.com,Denver,Colorado,80202,2023-02-28,Corporate
CUST_02147,Sophia,Taylor,sophia.taylor2147@example-domain.com,Los Angeles,California,90001,2023-06-25,Consumer
CUST_02148,Ethan,Wilson,ethan.wilson2148@example-domain.com,Boston,Massachusetts,02108,2023-06-10,Consumer
CUST_02149,Morgan,Jones,morgan.jones2149@example-domain.com,Columbus,Ohio,43215,2024-03-04,Consumer
CUST_02150,Emma,Williams,emma.williams2150@example-domain.com,Boston,Massachusetts,02108,2023-07-31,Corporate
CUST_02151,Sam,Miller,sam.miller2151@example-domain.com,Orlando,Florida,32801,2024-03-18,Consumer
CUST_02152,Emma,Garcia,emma.garcia2152@example-domain.com,Orlando,Florida,32801,2024-08-24,Consumer
CUST_02153,Pat,Taylor,pat.taylor2153@example-domain.com,Denver,Colorado,80202,2023-10-10,Corporate
CUST_02154,Pat,Smith,pat.smith2154@example-domain.com,Buffalo,New York,14201,2024-04-01,Corporate
CUST_02155,Taylor,Gonzalez,taylor.gonzalez2155@example-domain.com,Dallas,Texas,75201,2024-06-22,Consumer
CUST_02156,Ethan,Jackson,ethan.jackson2156@example-domain.com,Philadelphia,Pennsylvania,19102,2024-04-16,Consumer
CUST_02157,Noah,Jackson,noah.jackson2157@example-domain.com,San Francisco,California,94102,2023-04-04,Consumer
CUST_02158,Dakota,Anderson,dakota.anderson2158@example-domain.com,Seattle,Washington,98101,2024-12-18,Consumer
CUST_02159,Dakota,Gonzalez,dakota.gonzalez2159@example-domain.com,Houston,Texas,77001,2024-03-01,Consumer
CUST_02160,Riley,Garcia,riley.garcia2160@example-domain.com,Atlanta,Georgia,30301,2024-04-13,Corporate
CUST_02161,Liam,Garcia,liam.garcia2161@example-domain.com,New York City,New York,10001,2024-02-07,Consumer
CUST_02162,Jordan,Davis,jordan.davis2162@example-domain.com,Houston,Texas,77001,2023-10-08,Consumer
CUST_02163,Lucas,Martinez,lucas.martinez2163@example-domain.com,San Diego,California,92101,2024-12-15,Consumer
CUST_02164,Pat,Thomas,pat.thomas2164@example-domain.com,Atlanta,Georgia,30301,2024-07-20,Corporate
CUST_02165,Morgan,Lopez,morgan.lopez2165@example-domain.com,San Diego,California,92101,2023-04-18,Consumer
CUST_02166,Ava,Hernandez,ava.hernandez2166@example-domain.com,Atlanta,Georgia,30301,2024-04-06,Small Business
CUST_02167,Chris,Rodriguez,chris.rodriguez2167@example-domain.com,Austin,Texas,78701,2024-06-02,Consumer
CUST_02168,Jordan,Anderson,jordan.anderson2168@example-domain.com,Los Angeles,California,90001,2023-03-16,Consumer
CUST_02169,Noah,Gonzalez,noah.gonzalez2169@example-domain.com,Chicago,Illinois,60601,2024-02-13,Consumer
CUST_02170,Pat,Gonzalez,pat.gonzalez2170@example-domain.com,San Francisco,California,94102,2023-01-11,Consumer
CUST_02171,Cameron,Brown,cameron.brown2171@example-domain.com,Buffalo,New York,14201,2023-12-01,Consumer
CUST_02172,Noah,Thomas,noah.thomas2172@example-domain.com,Denver,Colorado,80202,2023-03-11,Consumer
CUST_02173,Taylor,Moore,taylor.moore2173@example-domain.com,Dallas,Texas,75201,2024-12-31,Consumer
CUST_02174,Noah,Jones,noah.jones2174@example-domain.com,Philadelphia,Pennsylvania,19102,2023-10-13,Corporate
CUST_02175,Chris,Garcia,chris.garcia2175@example-domain.com,Los Angeles,California,90001,2024-09-13,Consumer
CUST_02176,Morgan,Garcia,morgan.garcia2176@example-domain.com,Orlando,Florida,32801,2023-05-08,Corporate
CUST_02177,Lucas,Gonzalez,lucas.gonzalez2177@example-domain.com,Houston,Texas,77001,2023-03-21,Consumer
CUST_02178,Alex,Rodriguez,alex.rodriguez2178@example-domain.com,Buffalo,New York,14201,2024-03-27,Consumer
CUST_02179,Sophia,Garcia,sophia.garcia2179@example-domain.com,Austin,Texas,78701,2023-02-05,Consumer
CUST_02180,Lucas,Miller,lucas.miller2180@example-domain.com,Denver,Colorado,80202,2024-12-14,Consumer
CUST_02181,Jordan,Taylor,jordan.taylor2181@example-domain.com,New York City,New York,10001,2024-02-04,Consumer
CUST_02182,Dakota,Anderson,dakota.anderson2182@example-domain.com,San Francisco,California,94102,2024-09-04,Consumer
CUST_02183,Alex,Johnson,alex.johnson2183@example-domain.com,Boston,Massachusetts,02108,2023-07-26,Consumer
CUST_02184,Riley,Lopez,riley.lopez2184@example-domain.com,Dallas,Texas,75201,2023-07-24,Consumer
CUST_02185,Taylor,Smith,taylor.smith2185@example-domain.com,Atlanta,Georgia,30301,2023-01-29,Consumer
CUST_02186,Alex,Hernandez,alex.hernandez2186@example-domain.com,Austin,Texas,78701,2024-11-27,Small Business
CUST_02187,Taylor,Davis,taylor.davis2187@example-domain.com,New York City,New York,10001,2024-11-11,Corporate
CUST_02188,Chris,Garcia,chris.garcia2188@example-domain.com,San Francisco,California,94102,2024-03-01,Corporate
CUST_02189,Ava,Brown,ava.brown2189@example-domain.com,Chicago,Illinois,60601,2023-11-27,Corporate
CUST_02190,Lucas,Miller,lucas.miller2190@example-domain.com,Austin,Texas,78701,2024-07-08,Consumer
CUST_02191,Liam,Wilson,liam.wilson2191@example-domain.com,New York City,New York,10001,2023-08-26,Consumer
CUST_02192,Pat,Brown,pat.brown2192@example-domain.com,Seattle,Washington,98101,2023-11-28,Small Business
CUST_02193,Chris,Smith,chris.smith2193@example-domain.com,Boston,Massachusetts,02108,2024-10-31,Consumer
CUST_02194,Ethan,Smith,ethan.smith2194@example-domain.com,Boston,Massachusetts,02108,2023-08-06,Consumer
CUST_02195,Noah,Davis,noah.davis2195@example-domain.com,San Diego,California,92101,2024-11-04,Consumer
CUST_02196,Cameron,Martin,cameron.martin2196@example-domain.com,Seattle,Washington,98101,2023-02-14,Consumer
CUST_02197,Taylor,Miller,taylor.miller2197@example-domain.com,Atlanta,Georgia,30301,2023-11-05,Consumer
CUST_02198,Jackson,Thomas,jackson.thomas2198@example-domain.com,New York City,New York,10001,2024-12-30,Corporate
CUST_02199,Lucas,Jackson,lucas.jackson2199@example-domain.com,Houston,Texas,77001,2023-09-15,Consumer
CUST_02200,Morgan,Martin,morgan.martin2200@example-domain.com,Chicago,Illinois,60601,2024-10-08,Consumer
CUST_02201,Liam,Jones,liam.jones2201@example-domain.com,Chicago,Illinois,60601,2023-06-29,Small Business
CUST_02202,Ethan,Thomas,ethan.thomas2202@example-domain.com,San Diego,California,92101,2023-12-10,Consumer
CUST_02203,Alex,Martin,alex.martin2203@example-domain.com,Denver,Colorado,80202,2024-01-27,Consumer
CUST_02204,Ava,Davis,ava.davis2204@example-domain.com,Raleigh,North Carolina,27601,2024-08-24,Consumer
CUST_02205,Alex,Davis,alex.davis2205@example-domain.com,Los Angeles,California,90001,2024-09-23,Corporate
CUST_02206,Morgan,Martinez,morgan.martinez2206@example-domain.com,Dallas,Texas,75201,2024-03-14,Small Business
CUST_02207,Riley,Martin,riley.martin2207@example-domain.com,San Diego,California,92101,2023-03-03,Consumer
CUST_02208,Sam,Lopez,sam.lopez2208@example-domain.com,Philadelphia,Pennsylvania,19102,2023-10-31,Corporate
CUST_02209,Pat,Jones,pat.jones2209@example-domain.com,Boston,Massachusetts,02108,2023-07-29,Consumer
CUST_02210,Jordan,Davis,jordan.davis2210@example-domain.com,Denver,Colorado,80202,2023-12-03,Small Business
CUST_02211,Sam,Rodriguez,sam.rodriguez2211@example-domain.com,Chicago,Illinois,60601,2024-10-21,Corporate
CUST_02212,Jordan,Taylor,jordan.taylor2212@example-domain.com,Atlanta,Georgia,30301,2024-10-25,Corporate
CUST_02213,Dakota,Smith,dakota.smith2213@example-domain.com,Dallas,Texas,75201,2023-12-06,Consumer
CUST_02214,Ethan,Davis,ethan.davis2214@example-domain.com,Austin,Texas,78701,2024-07-06,Small Business
CUST_02215,Jordan,Davis,jordan.davis2215@example-domain.com,Dallas,Texas,75201,2024-09-14,Corporate
CUST_02216,Liam,Taylor,liam.taylor2216@example-domain.com,Chicago,Illinois,60601,2023-07-07,Consumer
CUST_02217,Noah,Smith,noah.smith2217@example-domain.com,San Diego,California,92101,2024-05-18,Corporate
CUST_02218,Taylor,Miller,taylor.miller2218@example-domain.com,San Francisco,California,94102,2024-10-11,Consumer
CUST_02219,Sam,Miller,sam.miller2219@example-domain.com,Buffalo,New York,14201,2023-04-04,Corporate
CUST_02220,Chris,Jackson,chris.jackson2220@example-domain.com,Columbus,Ohio,43215,2023-07-29,Consumer
CUST_02221,Riley,Taylor,riley.taylor2221@example-domain.com,San Diego,California,92101,2024-03-12,Corporate
CUST_02222,Noah,Martinez,noah.martinez2222@example-domain.com,Houston,Texas,77001,2023-07-22,Consumer
CUST_02223,Riley,Wilson,riley.wilson2223@example-domain.com,Houston,Texas,77001,2024-09-12,Consumer
CUST_02224,Riley,Martinez,riley.martinez2224@example-domain.com,Orlando,Florida,32801,2024-08-13,Consumer
CUST_02225,Noah,Miller,noah.miller2225@example-domain.com,Miami,Florida,33101,2024-05-07,Consumer
CUST_02226,Taylor,Lopez,taylor.lopez2226@example-domain.com,Boston,Massachusetts,02108,2024-01-22,Consumer
CUST_02227,Chris,Thomas,chris.thomas2227@example-domain.com,Denver,Colorado,80202,2024-03-08,Consumer
CUST_02228,Ava,Martin,ava.martin2228@example-domain.com,Atlanta,Georgia,30301,2023-06-09,Consumer
CUST_02229,Emma,Smith,emma.smith2229@example-domain.com,Boston,Massachusetts,02108,2024-03-13,Consumer
CUST_02230,Taylor,Martinez,taylor.martinez2230@example-domain.com,Columbus,Ohio,43215,2023-06-06,Consumer
CUST_02231,Lucas,Garcia,lucas.garcia2231@example-domain.com,Miami,Florida,33101,2024-01-25,Corporate
CUST_02232,Noah,Martinez,noah.martinez2232@example-domain.com,Denver,Colorado,80202,2023-10-18,Consumer
CUST_02233,Liam,Moore,liam.moore2233@example-domain.com,Philadelphia,Pennsylvania,19102,2023-03-15,Small Business
CUST_02234,Ethan,Jones,ethan.jones2234@example-domain.com,Philadelphia,Pennsylvania,19102,2023-07-20,Corporate
CUST_02235,Sam,Miller,sam.miller2235@example-domain.com,Los Angeles,California,90001,2023-01-14,Consumer
CUST_02236,Ava,Lopez,ava.lopez2236@example-domain.com,Philadelphia,Pennsylvania,19102,2024-02-19,Consumer
CUST_02237,Olivia,Gonzalez,olivia.gonzalez2237@example-domain.com,Seattle,Washington,98101,2024-01-29,Corporate
CUST_02238,Emma,Martinez,emma.martinez2238@example-domain.com,San Diego,California,92101,2024-02-23,Consumer
CUST_02239,Jordan,Brown,jordan.brown2239@example-domain.com,Boston,Massachusetts,02108,2024-08-02,Consumer
CUST_02240,Chris,Miller,chris.miller2240@example-domain.com,Atlanta,Georgia,30301,2023-09-19,Consumer
CUST_02241,Sophia,Taylor,sophia.taylor2241@example-domain.com,Philadelphia,Pennsylvania,19102,2024-10-12,Corporate
CUST_02242,Sophia,Johnson,sophia.johnson2242@example-domain.com,Boston,Massachusetts,02108,2024-03-10,Consumer
CUST_02243,Riley,Davis,riley.davis2243@example-domain.com,Philadelphia,Pennsylvania,19102,2023-02-05,Consumer
CUST_02244,Sophia,Smith,sophia.smith2244@example-domain.com,Buffalo,New York,14201,2023-09-25,Small Business
CUST_02245,Jackson,Anderson,jackson.anderson2245@example-domain.com,Buffalo,New York,14201,2023-09-18,Corporate
CUST_02246,Riley,Martin,riley.martin2246@example-domain.com,Houston,Texas,77001,2023-01-13,Consumer
CUST_02247,Morgan,Williams,morgan.williams2247@example-domain.com,Boston,Massachusetts,02108,2024-02-12,Consumer
CUST_02248,Mia,Williams,mia.williams2248@example-domain.com,Raleigh,North Carolina,27601,2023-07-13,Corporate
CUST_02249,Olivia,Garcia,olivia.garcia2249@example-domain.com,Atlanta,Georgia,30301,2023-09-16,Consumer
CUST_02250,Dakota,Taylor,dakota.taylor2250@example-domain.com,Columbus,Ohio,43215,2024-11-05,Consumer
CUST_02251,Liam,Jackson,liam.jackson2251@example-domain.com,Orlando,Florida,32801,2024-02-26,Consumer
CUST_02252,Taylor,Brown,taylor.brown2252@example-domain.com,Seattle,Washington,98101,2023-05-27,Small Business
CUST_02253,Cameron,Miller,cameron.miller2253@example-domain.com,Boston,Massachusetts,02108,2024-12-16,Consumer
CUST_02254,Dakota,Smith,dakota.smith2254@example-domain.com,Houston,Texas,77001,2024-05-18,Corporate
CUST_02255,Alex,Brown,alex.brown2255@example-domain.com,San Diego,California,92101,2024-12-14,Corporate
CUST_02256,Olivia,Taylor,olivia.taylor2256@example-domain.com,Atlanta,Georgia,30301,2024-11-01,Consumer
CUST_02257,Dakota,Wilson,dakota.wilson2257@example-domain.com,Houston,Texas,77001,2023-06-30,Consumer
CUST_02258,Sophia,Garcia,sophia.garcia2258@example-domain.com,Buffalo,New York,14201,2023-07-22,Consumer
CUST_02259,Emma,Garcia,emma.garcia2259@example-domain.com,Raleigh,North Carolina,27601,2023-04-23,Consumer
CUST_02260,Noah,Jackson,noah.jackson2260@example-domain.com,Austin,Texas,78701,2023-07-10,Consumer
CUST_02261,Pat,Johnson,pat.johnson2261@example-domain.com,Houston,Texas,77001,2023-07-16,Corporate
CUST_02262,Cameron,Wilson,cameron.wilson2262@example-domain.com,Denver,Colorado,80202,2024-10-03,Consumer
CUST_02263,Jackson,Brown,jackson.brown2263@example-domain.com,Houston,Texas,77001,2023-03-23,Corporate
CUST_02264,Dakota,Williams,dakota.williams2264@example-domain.com,Boston,Massachusetts,02108,2023-05-08,Consumer
CUST_02265,Cameron,Williams,cameron.williams2265@example-domain.com,Chicago,Illinois,60601,2023-01-31,Consumer
CUST_02266,Mia,Davis,mia.davis2266@example-domain.com,Philadelphia,Pennsylvania,19102,2024-05-11,Consumer
CUST_02267,Morgan,Smith,morgan.smith2267@example-domain.com,San Francisco,California,94102,2023-09-30,Consumer
CUST_02268,Alex,Jackson,alex.jackson2268@example-domain.com,San Francisco,California,94102,2023-04-10,Corporate
CUST_02269,Pat,Taylor,pat.taylor2269@example-domain.com,Los Angeles,California,90001,2024-01-20,Consumer
CUST_02270,Jackson,Taylor,jackson.taylor2270@example-domain.com,Miami,Florida,33101,2024-05-12,Consumer
CUST_02271,Emma,Hernandez,emma.hernandez2271@example-domain.com,Atlanta,Georgia,30301,2023-12-11,Consumer
CUST_02272,Sophia,Hernandez,sophia.hernandez2272@example-domain.com,Chicago,Illinois,60601,2023-09-03,Consumer
CUST_02273,Sophia,Gonzalez,sophia.gonzalez2273@example-domain.com,Boston,Massachusetts,02108,2024-09-17,Consumer
CUST_02274,Jordan,Lopez,jordan.lopez2274@example-domain.com,Chicago,Illinois,60601,2023-04-13,Consumer
CUST_02275,Alex,Anderson,alex.anderson2275@example-domain.com,Boston,Massachusetts,02108,2023-05-23,Small Business
CUST_02276,Alex,Martin,alex.martin2276@example-domain.com,New York City,New York,10001,2024-06-27,Consumer
CUST_02277,Cameron,Davis,cameron.davis2277@example-domain.com,Seattle,Washington,98101,2024-04-07,Corporate
CUST_02278,Jackson,Thomas,jackson.thomas2278@example-domain.com,Raleigh,North Carolina,27601,2024-02-28,Consumer
CUST_02279,Pat,Smith,pat.smith2279@example-domain.com,Chicago,Illinois,60601,2023-01-18,Consumer
CUST_02280,Sophia,Johnson,sophia.johnson2280@example-domain.com,Chicago,Illinois,60601,2024-11-25,Consumer
CUST_02281,Noah,Davis,noah.davis2281@example-domain.com,Philadelphia,Pennsylvania,19102,2024-02-14,Consumer
CUST_02282,Jackson,Williams,jackson.williams2282@example-domain.com,Seattle,Washington,98101,2024-03-14,Consumer
CUST_02283,Emma,Brown,emma.brown2283@example-domain.com,Boston,Massachusetts,02108,2023-10-28,Consumer
CUST_02284,Jackson,Miller,jackson.miller2284@example-domain.com,Buffalo,New York,14201,2024-06-16,Consumer
CUST_02285,Mia,Taylor,mia.taylor2285@example-domain.com,San Francisco,California,94102,2023-05-11,Consumer
CUST_02286,Emma,Williams,emma.williams2286@example-domain.com,Orlando,Florida,32801,2024-11-20,Consumer
CUST_02287,Lucas,Anderson,lucas.anderson2287@example-domain.com,Houston,Texas,77001,2024-04-01,Small Business
CUST_02288,Morgan,Thomas,morgan.thomas2288@example-domain.com,Columbus,Ohio,43215,2023-09-04,Consumer
CUST_02289,Riley,Miller,riley.miller2289@example-domain.com,Houston,Texas,77001,2024-11-06,Consumer
CUST_02290,Taylor,Brown,taylor.brown2290@example-domain.com,Atlanta,Georgia,30301,2023-01-30,Consumer
CUST_02291,Chris,Hernandez,chris.hernandez2291@example-domain.com,Boston,Massachusetts,02108,2023-10-15,Consumer
CUST_02292,Riley,Rodriguez,riley.rodriguez2292@example-domain.com,Philadelphia,Pennsylvania,19102,2024-11-17,Consumer
CUST_02293,Morgan,Jones,morgan.jones2293@example-domain.com,Columbus,Ohio,43215,2024-10-10,Consumer
CUST_02294,Emma,Williams,emma.williams2294@example-domain.com,Chicago,Illinois,60601,2023-08-18,Consumer
CUST_02295,Mia,Martin,mia.martin2295@example-domain.com,San Diego,California,92101,2024-10-21,Consumer
CUST_02296,Ethan,Gonzalez,ethan.gonzalez2296@example-domain.com,Boston,Massachusetts,02108,2024-10-31,Consumer
CUST_02297,Lucas,Wilson,lucas.wilson2297@example-domain.com,Dallas,Texas,75201,2023-08-17,Consumer
CUST_02298,Cameron,Brown,cameron.brown2298@example-domain.com,Orlando,Florida,32801,2023-03-31,Consumer
CUST_02299,Morgan,Williams,morgan.williams2299@example-domain.com,Chicago,Illinois,60601,2024-08-29,Consumer
CUST_02300,Pat,Brown,pat.brown2300@example-domain.com,Seattle,Washington,98101,2023-05-11,Consumer
CUST_02301,Ethan,Gonzalez,ethan.gonzalez2301@example-domain.com,Los Angeles,California,90001,2023-11-15,Corporate
CUST_02302,Jordan,Jackson,jordan.jackson2302@example-domain.com,Columbus,Ohio,43215,2023-07-14,Consumer
CUST_02303,Liam,Wilson,liam.wilson2303@example-domain.com,Chicago,Illinois,60601,2024-01-09,Consumer
CUST_02304,Sam,Taylor,sam.taylor2304@example-domain.com,Dallas,Texas,75201,2023-04-20,Consumer
CUST_02305,Liam,Smith,liam.smith2305@example-domain.com,Columbus,Ohio,43215,2024-04-16,Small Business
CUST_02306,Ethan,Jones,ethan.jones2306@example-domain.com,Orlando,Florida,32801,2023-08-13,Consumer
CUST_02307,Emma,Anderson,emma.anderson2307@example-domain.com,Buffalo,New York,14201,2024-09-07,Consumer
CUST_02308,Dakota,Jones,dakota.jones2308@example-domain.com,San Francisco,California,94102,2024-09-05,Consumer
CUST_02309,Ethan,Martinez,ethan.martinez2309@example-domain.com,Raleigh,North Carolina,27601,2024-12-06,Consumer
CUST_02310,Morgan,Rodriguez,morgan.rodriguez2310@example-domain.com,Philadelphia,Pennsylvania,19102,2024-10-08,Consumer
CUST_02311,Pat,Thomas,pat.thomas2311@example-domain.com,Orlando,Florida,32801,2024-12-22,Consumer
CUST_02312,Liam,Johnson,liam.johnson2312@example-domain.com,Chicago,Illinois,60601,2023-06-06,Corporate
CUST_02313,Pat,Davis,pat.davis2313@example-domain.com,San Francisco,California,94102,2023-07-03,Consumer
CUST_02314,Emma,Gonzalez,emma.gonzalez2314@example-domain.com,Orlando,Florida,32801,2024-11-06,Corporate
CUST_02315,Chris,Smith,chris.smith2315@example-domain.com,Columbus,Ohio,43215,2024-02-06,Small Business
CUST_02316,Ethan,Wilson,ethan.wilson2316@example-domain.com,Philadelphia,Pennsylvania,19102,2023-12-23,Consumer
CUST_02317,Liam,Gonzalez,liam.gonzalez2317@example-domain.com,San Diego,California,92101,2024-06-24,Consumer
CUST_02318,Dakota,Martinez,dakota.martinez2318@example-domain.com,Austin,Texas,78701,2024-12-18,Consumer
CUST_02319,Lucas,Gonzalez,lucas.gonzalez2319@example-domain.com,New York City,New York,10001,2023-05-15,Consumer
CUST_02320,Ethan,Jackson,ethan.jackson2320@example-domain.com,San Francisco,California,94102,2024-12-27,Consumer
CUST_02321,Dakota,Anderson,dakota.anderson2321@example-domain.com,Houston,Texas,77001,2024-08-14,Small Business
CUST_02322,Sam,Anderson,sam.anderson2322@example-domain.com,Philadelphia,Pennsylvania,19102,2023-10-26,Corporate
CUST_02323,Sam,Miller,sam.miller2323@example-domain.com,Austin,Texas,78701,2023-07-20,Consumer
CUST_02324,Alex,Lopez,alex.lopez2324@example-domain.com,New York City,New York,10001,2024-11-25,Consumer
CUST_02325,Sam,Gonzalez,sam.gonzalez2325@example-domain.com,Atlanta,Georgia,30301,2024-11-26,Corporate
CUST_02326,Chris,Johnson,chris.johnson2326@example-domain.com,New York City,New York,10001,2023-12-31,Small Business
CUST_02327,Emma,Garcia,emma.garcia2327@example-domain.com,San Francisco,California,94102,2023-05-01,Corporate
CUST_02328,Ava,Hernandez,ava.hernandez2328@example-domain.com,Atlanta,Georgia,30301,2023-06-02,Consumer
CUST_02329,Liam,Davis,liam.davis2329@example-domain.com,San Francisco,California,94102,2023-05-02,Consumer
CUST_02330,Riley,Gonzalez,riley.gonzalez2330@example-domain.com,Philadelphia,Pennsylvania,19102,2023-11-06,Consumer
CUST_02331,Jackson,Garcia,jackson.garcia2331@example-domain.com,Boston,Massachusetts,02108,2024-12-09,Consumer
CUST_02332,Taylor,Anderson,taylor.anderson2332@example-domain.com,Boston,Massachusetts,02108,2023-10-09,Consumer
CUST_02333,Noah,Lopez,noah.lopez2333@example-domain.com,Los Angeles,California,90001,2023-05-03,Consumer
CUST_02334,Morgan,Williams,morgan.williams2334@example-domain.com,New York City,New York,10001,2024-05-15,Consumer
CUST_02335,Ava,Davis,ava.davis2335@example-domain.com,Los Angeles,California,90001,2024-08-23,Consumer
CUST_02336,Mia,Jackson,mia.jackson2336@example-domain.com,Philadelphia,Pennsylvania,19102,2023-10-08,Consumer
CUST_02337,Morgan,Jackson,morgan.jackson2337@example-domain.com,Houston,Texas,77001,2024-01-29,Consumer
CUST_02338,Emma,Wilson,emma.wilson2338@example-domain.com,Orlando,Florida,32801,2024-08-08,Consumer
CUST_02339,Sam,Brown,sam.brown2339@example-domain.com,Chicago,Illinois,60601,2023-03-07,Consumer
CUST_02340,Lucas,Garcia,lucas.garcia2340@example-domain.com,Boston,Massachusetts,02108,2024-12-18,Consumer
CUST_02341,Alex,Gonzalez,alex.gonzalez2341@example-domain.com,Columbus,Ohio,43215,2024-07-03,Corporate
CUST_02342,Ava,Thomas,ava.thomas2342@example-domain.com,San Diego,California,92101,2024-06-15,Consumer
CUST_02343,Mia,Moore,mia.moore2343@example-domain.com,New York City,New York,10001,2023-08-01,Consumer
CUST_02344,Morgan,Garcia,morgan.garcia2344@example-domain.com,Houston,Texas,77001,2023-01-06,Consumer
CUST_02345,Lucas,Anderson,lucas.anderson2345@example-domain.com,Chicago,Illinois,60601,2023-05-06,Small Business
CUST_02346,Jordan,Jones,jordan.jones2346@example-domain.com,Austin,Texas,78701,2024-10-30,Consumer
CUST_02347,Chris,Williams,chris.williams2347@example-domain.com,Columbus,Ohio,43215,2023-09-20,Consumer
CUST_02348,Jordan,Williams,jordan.williams2348@example-domain.com,New York City,New York,10001,2024-06-02,Consumer
CUST_02349,Dakota,Lopez,dakota.lopez2349@example-domain.com,Columbus,Ohio,43215,2023-06-25,Consumer
CUST_02350,Olivia,Smith,olivia.smith2350@example-domain.com,Dallas,Texas,75201,2023-11-04,Consumer
CUST_02351,Jordan,Taylor,jordan.taylor2351@example-domain.com,Orlando,Florida,32801,2024-11-05,Consumer
CUST_02352,Lucas,Anderson,lucas.anderson2352@example-domain.com,Buffalo,New York,14201,2024-08-13,Small Business
CUST_02353,Emma,Hernandez,emma.hernandez2353@example-domain.com,Raleigh,North Carolina,27601,2023-12-27,Consumer
CUST_02354,Jackson,Moore,jackson.moore2354@example-domain.com,Raleigh,North Carolina,27601,2023-08-03,Corporate
CUST_02355,Morgan,Johnson,morgan.johnson2355@example-domain.com,Dallas,Texas,75201,2023-02-07,Corporate
CUST_02356,Pat,Jones,pat.jones2356@example-domain.com,Orlando,Florida,32801,2023-08-09,Consumer
CUST_02357,Sam,Martin,sam.martin2357@example-domain.com,Columbus,Ohio,43215,2023-08-10,Small Business
CUST_02358,Mia,Lopez,mia.lopez2358@example-domain.com,Miami,Florida,33101,2023-05-12,Consumer
CUST_02359,Jackson,Wilson,jackson.wilson2359@example-domain.com,San Diego,California,92101,2024-07-17,Consumer
CUST_02360,Cameron,Rodriguez,cameron.rodriguez2360@example-domain.com,Boston,Massachusetts,02108,2024-10-27,Consumer
CUST_02361,Chris,Gonzalez,chris.gonzalez2361@example-domain.com,Denver,Colorado,80202,2023-03-27,Consumer
CUST_02362,Cameron,Wilson,cameron.wilson2362@example-domain.com,Buffalo,New York,14201,2024-07-02,Consumer
CUST_02363,Pat,Williams,pat.williams2363@example-domain.com,Miami,Florida,33101,2024-10-10,Consumer
CUST_02364,Pat,Lopez,pat.lopez2364@example-domain.com,Raleigh,North Carolina,27601,2024-09-11,Consumer
CUST_02365,Chris,Wilson,chris.wilson2365@example-domain.com,Buffalo,New York,14201,2023-11-20,Consumer
CUST_02366,Olivia,Gonzalez,olivia.gonzalez2366@example-domain.com,Los Angeles,California,90001,2024-09-10,Consumer
CUST_02367,Riley,Williams,riley.williams2367@example-domain.com,Miami,Florida,33101,2023-05-08,Consumer
CUST_02368,Lucas,Brown,lucas.brown2368@example-domain.com,Columbus,Ohio,43215,2024-02-21,Consumer
CUST_02369,Taylor,Hernandez,taylor.hernandez2369@example-domain.com,San Diego,California,92101,2024-01-07,Consumer
CUST_02370,Ethan,Rodriguez,ethan.rodriguez2370@example-domain.com,Buffalo,New York,14201,2023-08-20,Corporate
CUST_02371,Cameron,Smith,cameron.smith2371@example-domain.com,New York City,New York,10001,2024-01-22,Consumer
CUST_02372,Riley,Gonzalez,riley.gonzalez2372@example-domain.com,New York City,New York,10001,2023-05-07,Corporate
CUST_02373,Chris,Taylor,chris.taylor2373@example-domain.com,Orlando,Florida,32801,2024-08-25,Consumer
CUST_02374,Emma,Brown,emma.brown2374@example-domain.com,Raleigh,North Carolina,27601,2023-12-24,Consumer
CUST_02375,Mia,Martinez,mia.martinez2375@example-domain.com,Columbus,Ohio,43215,2023-10-05,Consumer
CUST_02376,Jackson,Brown,jackson.brown2376@example-domain.com,San Francisco,California,94102,2023-06-24,Consumer
CUST_02377,Ethan,Gonzalez,ethan.gonzalez2377@example-domain.com,Houston,Texas,77001,2023-12-20,Consumer
CUST_02378,Lucas,Moore,lucas.moore2378@example-domain.com,Boston,Massachusetts,02108,2024-05-03,Corporate
CUST_02379,Mia,Jones,mia.jones2379@example-domain.com,Miami,Florida,33101,2023-01-10,Consumer
CUST_02380,Ava,Jones,ava.jones2380@example-domain.com,Buffalo,New York,14201,2023-05-27,Corporate
CUST_02381,Liam,Jackson,liam.jackson2381@example-domain.com,Miami,Florida,33101,2023-02-24,Corporate
CUST_02382,Sophia,Davis,sophia.davis2382@example-domain.com,Atlanta,Georgia,30301,2024-12-24,Corporate
CUST_02383,Noah,Garcia,noah.garcia2383@example-domain.com,Denver,Colorado,80202,2023-12-29,Small Business
CUST_02384,Noah,Taylor,noah.taylor2384@example-domain.com,Orlando,Florida,32801,2023-10-10,Consumer
CUST_02385,Olivia,Taylor,olivia.taylor2385@example-domain.com,Dallas,Texas,75201,2023-11-09,Consumer
CUST_02386,Taylor,Martinez,taylor.martinez2386@example-domain.com,Atlanta,Georgia,30301,2023-11-17,Consumer
CUST_02387,Taylor,Williams,taylor.williams2387@example-domain.com,San Diego,California,92101,2023-09-03,Consumer
CUST_02388,Taylor,Garcia,taylor.garcia2388@example-domain.com,San Francisco,California,94102,2023-03-28,Consumer
CUST_02389,Dakota,Moore,dakota.moore2389@example-domain.com,Philadelphia,Pennsylvania,19102,2023-01-11,Corporate
CUST_02390,Olivia,Taylor,olivia.taylor2390@example-domain.com,Buffalo,New York,14201,2024-05-06,Consumer
CUST_02391,Emma,Taylor,emma.taylor2391@example-domain.com,Columbus,Ohio,43215,2024-12-15,Consumer
CUST_02392,Morgan,Gonzalez,morgan.gonzalez2392@example-domain.com,Los Angeles,California,90001,2024-09-23,Consumer
CUST_02393,Pat,Smith,pat.smith2393@example-domain.com,Atlanta,Georgia,30301,2024-12-20,Consumer
CUST_02394,Lucas,Lopez,lucas.lopez2394@example-domain.com,Dallas,Texas,75201,2024-11-08,Consumer
CUST_02395,Ava,Martin,ava.martin2395@example-domain.com,San Francisco,California,94102,2024-09-13,Corporate
CUST_02396,Noah,Garcia,noah.garcia2396@example-domain.com,Raleigh,North Carolina,27601,2023-08-19,Consumer
CUST_02397,Chris,Williams,chris.williams2397@example-domain.com,Seattle,Washington,98101,2023-05-17,Consumer
CUST_02398,Ava,Lopez,ava.lopez2398@example-domain.com,San Francisco,California,94102,2024-03-08,Consumer
CUST_02399,Emma,Gonzalez,emma.gonzalez2399@example-domain.com,Houston,Texas,77001,2024-01-18,Consumer
CUST_02400,Morgan,Hernandez,morgan.hernandez2400@example-domain.com,Dallas,Texas,75201,2024-07-06,Consumer
CUST_02401,Morgan,Martinez,morgan.martinez2401@example-domain.com,Orlando,Florida,32801,2024-05-09,Consumer
CUST_02402,Dakota,Rodriguez,dakota.rodriguez2402@example-domain.com,Austin,Texas,78701,2023-01-03,Consumer
CUST_02403,Mia,Gonzalez,mia.gonzalez2403@example-domain.com,Austin,Texas,78701,2023-11-09,Consumer
CUST_02404,Ava,Johnson,ava.johnson2404@example-domain.com,Denver,Colorado,80202,2024-09-24,Consumer
CUST_02405,Emma,Johnson,emma.johnson2405@example-domain.com,Seattle,Washington,98101,2023-01-07,Consumer
CUST_02406,Jackson,Anderson,jackson.anderson2406@example-domain.com,Chicago,Illinois,60601,2023-11-02,Consumer
CUST_02407,Sophia,Brown,sophia.brown2407@example-domain.com,Los Angeles,California,90001,2023-12-25,Consumer
CUST_02408,Chris,Gonzalez,chris.gonzalez2408@example-domain.com,Seattle,Washington,98101,2023-01-10,Consumer
CUST_02409,Morgan,Wilson,morgan.wilson2409@example-domain.com,Philadelphia,Pennsylvania,19102,2023-07-22,Small Business
CUST_02410,Taylor,Taylor,taylor.taylor2410@example-domain.com,Raleigh,North Carolina,27601,2023-06-07,Consumer
CUST_02411,Olivia,Brown,olivia.brown2411@example-domain.com,Philadelphia,Pennsylvania,19102,2023-01-08,Consumer
CUST_02412,Sam,Rodriguez,sam.rodriguez2412@example-domain.com,Dallas,Texas,75201,2024-04-26,Consumer
CUST_02413,Liam,Lopez,liam.lopez2413@example-domain.com,Orlando,Florida,32801,2024-01-09,Consumer
CUST_02414,Olivia,Garcia,olivia.garcia2414@example-domain.com,Columbus,Ohio,43215,2023-10-03,Consumer
CUST_02415,Morgan,Anderson,morgan.anderson2415@example-domain.com,Denver,Colorado,80202,2023-06-15,Consumer
CUST_02416,Sam,Lopez,sam.lopez2416@example-domain.com,Atlanta,Georgia,30301,2023-01-06,Small Business
CUST_02417,Sophia,Miller,sophia.miller2417@example-domain.com,New York City,New York,10001,2023-07-14,Consumer
CUST_02418,Dakota,Johnson,dakota.johnson2418@example-domain.com,Buffalo,New York,14201,2024-02-09,Consumer
CUST_02419,Olivia,Hernandez,olivia.hernandez2419@example-domain.com,San Francisco,California,94102,2023-06-14,Consumer
CUST_02420,Pat,Thomas,pat.thomas2420@example-domain.com,Miami,Florida,33101,2023-05-02,Consumer
CUST_02421,Olivia,Thomas,olivia.thomas2421@example-domain.com,Columbus,Ohio,43215,2024-05-22,Consumer
CUST_02422,Sam,Hernandez,sam.hernandez2422@example-domain.com,Boston,Massachusetts,02108,2024-05-28,Consumer
CUST_02423,Liam,Jones,liam.jones2423@example-domain.com,New York City,New York,10001,2023-04-21,Corporate
CUST_02424,Alex,Jones,alex.jones2424@example-domain.com,Buffalo,New York,14201,2023-12-19,Consumer
CUST_02425,Ava,Smith,ava.smith2425@example-domain.com,Dallas,Texas,75201,2023-02-23,Consumer
CUST_02426,Ethan,Wilson,ethan.wilson2426@example-domain.com,Los Angeles,California,90001,2024-03-20,Small Business
CUST_02427,Emma,Martinez,emma.martinez2427@example-domain.com,Orlando,Florida,32801,2024-05-12,Consumer
CUST_02428,Taylor,Wilson,taylor.wilson2428@example-domain.com,Dallas,Texas,75201,2024-09-24,Small Business
CUST_02429,Sam,Taylor,sam.taylor2429@example-domain.com,Houston,Texas,77001,2023-09-13,Consumer
CUST_02430,Cameron,Brown,cameron.brown2430@example-domain.com,Miami,Florida,33101,2024-12-18,Corporate
CUST_02431,Riley,Wilson,riley.wilson2431@example-domain.com,Austin,Texas,78701,2024-04-30,Consumer
CUST_02432,Morgan,Taylor,morgan.taylor2432@example-domain.com,Houston,Texas,77001,2023-07-13,Corporate
CUST_02433,Mia,Jones,mia.jones2433@example-domain.com,Dallas,Texas,75201,2023-05-04,Small Business
CUST_02434,Sam,Gonzalez,sam.gonzalez2434@example-domain.com,San Francisco,California,94102,2023-10-08,Consumer
CUST_02435,Pat,Jones,pat.jones2435@example-domain.com,Atlanta,Georgia,30301,2023-01-19,Small Business
CUST_02436,Jackson,Miller,jackson.miller2436@example-domain.com,San Diego,California,92101,2023-02-22,Consumer
CUST_02437,Liam,Wilson,liam.wilson2437@example-domain.com,Raleigh,North Carolina,27601,2023-11-10,Consumer
CUST_02438,Riley,Davis,riley.davis2438@example-domain.com,Chicago,Illinois,60601,2024-03-12,Consumer
CUST_02439,Emma,Johnson,emma.johnson2439@example-domain.com,Raleigh,North Carolina,27601,2024-03-13,Consumer
CUST_02440,Jordan,Martinez,jordan.martinez2440@example-domain.com,New York City,New York,10001,2023-10-03,Consumer
CUST_02441,Sophia,Rodriguez,sophia.rodriguez2441@example-domain.com,Seattle,Washington,98101,2024-12-29,Consumer
CUST_02442,Olivia,Davis,olivia.davis2442@example-domain.com,Chicago,Illinois,60601,2023-02-18,Consumer
CUST_02443,Chris,Johnson,chris.johnson2443@example-domain.com,Los Angeles,California,90001,2023-02-23,Corporate
CUST_02444,Ethan,Miller,ethan.miller2444@example-domain.com,Orlando,Florida,32801,2024-04-28,Corporate
CUST_02445,Cameron,Martin,cameron.martin2445@example-domain.com,New York City,New York,10001,2024-03-17,Consumer
CUST_02446,Chris,Rodriguez,chris.rodriguez2446@example-domain.com,Philadelphia,Pennsylvania,19102,2024-01-08,Consumer
CUST_02447,Ethan,Martinez,ethan.martinez2447@example-domain.com,New York City,New York,10001,2023-04-10,Consumer
CUST_02448,Alex,Moore,alex.moore2448@example-domain.com,Buffalo,New York,14201,2023-12-06,Consumer
CUST_02449,Sophia,Lopez,sophia.lopez2449@example-domain.com,Raleigh,North Carolina,27601,2024-09-11,Consumer
CUST_02450,Sophia,Davis,sophia.davis2450@example-domain.com,Miami,Florida,33101,2023-08-04,Consumer
CUST_02451,Mia,Gonzalez,mia.gonzalez2451@example-domain.com,San Diego,California,92101,2023-04-19,Consumer
CUST_02452,Sam,Martin,sam.martin2452@example-domain.com,New York City,New York,10001,2023-02-12,Small Business
CUST_02453,Mia,Miller,mia.miller2453@example-domain.com,Austin,Texas,78701,2024-12-22,Consumer
CUST_02454,Noah,Brown,noah.brown2454@example-domain.com,San Diego,California,92101,2024-07-13,Consumer
CUST_02455,Jackson,Hernandez,jackson.hernandez2455@example-domain.com,Orlando,Florida,32801,2024-04-30,Consumer
CUST_02456,Pat,Moore,pat.moore2456@example-domain.com,Buffalo,New York,14201,2023-02-14,Consumer
CUST_02457,Sam,Miller,sam.miller2457@example-domain.com,Atlanta,Georgia,30301,2024-07-17,Consumer
CUST_02458,Cameron,Moore,cameron.moore2458@example-domain.com,Seattle,Washington,98101,2024-01-10,Consumer
CUST_02459,Noah,Brown,noah.brown2459@example-domain.com,Atlanta,Georgia,30301,2023-03-11,Consumer
CUST_02460,Emma,Wilson,emma.wilson2460@example-domain.com,Raleigh,North Carolina,27601,2024-05-30,Consumer
CUST_02461,Alex,Garcia,alex.garcia2461@example-domain.com,Miami,Florida,33101,2024-12-14,Small Business
CUST_02462,Sam,Martinez,sam.martinez2462@example-domain.com,San Francisco,California,94102,2024-08-02,Corporate
CUST_02463,Jordan,Miller,jordan.miller2463@example-domain.com,Boston,Massachusetts,02108,2024-05-21,Consumer
CUST_02464,Lucas,Taylor,lucas.taylor2464@example-domain.com,San Diego,California,92101,2023-06-19,Consumer
CUST_02465,Noah,Taylor,noah.taylor2465@example-domain.com,Boston,Massachusetts,02108,2024-07-29,Consumer
CUST_02466,Liam,Gonzalez,liam.gonzalez2466@example-domain.com,Miami,Florida,33101,2023-07-31,Consumer
CUST_02467,Chris,Smith,chris.smith2467@example-domain.com,Houston,Texas,77001,2024-08-08,Consumer
CUST_02468,Pat,Jackson,pat.jackson2468@example-domain.com,Los Angeles,California,90001,2024-06-09,Consumer
CUST_02469,Noah,Taylor,noah.taylor2469@example-domain.com,Raleigh,North Carolina,27601,2023-09-23,Consumer
CUST_02470,Dakota,Davis,dakota.davis2470@example-domain.com,Orlando,Florida,32801,2024-12-26,Consumer
CUST_02471,Cameron,Moore,cameron.moore2471@example-domain.com,New York City,New York,10001,2023-06-25,Consumer
CUST_02472,Riley,Johnson,riley.johnson2472@example-domain.com,Columbus,Ohio,43215,2023-09-01,Small Business
CUST_02473,Dakota,Johnson,dakota.johnson2473@example-domain.com,Buffalo,New York,14201,2023-10-12,Small Business
CUST_02474,Sam,Rodriguez,sam.rodriguez2474@example-domain.com,San Francisco,California,94102,2024-10-19,Corporate
CUST_02475,Riley,Miller,riley.miller2475@example-domain.com,Columbus,Ohio,43215,2023-04-29,Consumer
CUST_02476,Alex,Lopez,alex.lopez2476@example-domain.com,Seattle,Washington,98101,2023-11-29,Corporate
CUST_02477,Taylor,Moore,taylor.moore2477@example-domain.com,Miami,Florida,33101,2023-05-17,Consumer
CUST_02478,Olivia,Martin,olivia.martin2478@example-domain.com,Orlando,Florida,32801,2023-11-29,Corporate
CUST_02479,Jordan,Smith,jordan.smith2479@example-domain.com,Seattle,Washington,98101,2023-08-13,Consumer
CUST_02480,Cameron,Garcia,cameron.garcia2480@example-domain.com,Miami,Florida,33101,2023-01-17,Corporate
CUST_02481,Lucas,Jackson,lucas.jackson2481@example-domain.com,New York City,New York,10001,2024-12-05,Consumer
CUST_02482,Liam,Rodriguez,liam.rodriguez2482@example-domain.com,Columbus,Ohio,43215,2023-07-31,Corporate
CUST_02483,Noah,Davis,noah.davis2483@example-domain.com,Chicago,Illinois,60601,2023-10-03,Small Business
CUST_02484,Pat,Jackson,pat.jackson2484@example-domain.com,Boston,Massachusetts,02108,2023-06-09,Consumer
CUST_02485,Noah,Davis,noah.davis2485@example-domain.com,Atlanta,Georgia,30301,2024-01-13,Consumer
CUST_02486,Sam,Thomas,sam.thomas2486@example-domain.com,San Diego,California,92101,2024-05-22,Small Business
CUST_02487,Chris,Anderson,chris.anderson2487@example-domain.com,Houston,Texas,77001,2023-06-30,Consumer
CUST_02488,Pat,Jackson,pat.jackson2488@example-domain.com,Philadelphia,Pennsylvania,19102,2023-07-04,Corporate
CUST_02489,Dakota,Smith,dakota.smith2489@example-domain.com,Orlando,Florida,32801,2023-06-16,Consumer
CUST_02490,Chris,Gonzalez,chris.gonzalez2490@example-domain.com,Austin,Texas,78701,2023-03-13,Consumer
CUST_02491,Sam,Williams,sam.williams2491@example-domain.com,Atlanta,Georgia,30301,2023-09-09,Consumer
CUST_02492,Noah,Gonzalez,noah.gonzalez2492@example-domain.com,New York City,New York,10001,2024-06-23,Consumer
CUST_02493,Sam,Smith,sam.smith2493@example-domain.com,New York City,New York,10001,2024-01-22,Corporate
CUST_02494,Liam,Smith,liam.smith2494@example-domain.com,New York City,New York,10001,2023-01-14,Consumer
CUST_02495,Jordan,Jones,jordan.jones2495@example-domain.com,Dallas,Texas,75201,2023-03-27,Consumer
CUST_02496,Cameron,Jones,cameron.jones2496@example-domain.com,Los Angeles,California,90001,2023-01-10,Consumer
CUST_02497,Morgan,Moore,morgan.moore2497@example-domain.com,Chicago,Illinois,60601,2024-12-25,Consumer
CUST_02498,Taylor,Miller,taylor.miller2498@example-domain.com,Buffalo,New York,14201,2024-05-06,Corporate
CUST_02499,Mia,Anderson,mia.anderson2499@example-domain.com,Houston,Texas,77001,2023-11-11,Small Business
CUST_02500,Ethan,Thomas,ethan.thomas2500@example-domain.com,Buffalo,New York,14201,2023-09-07,Consumer
CUST_02501,Jordan,Moore,jordan.moore2501@example-domain.com,Miami,Florida,33101,2024-10-04,Corporate
CUST_02502,Lucas,Brown,lucas.brown2502@example-domain.com,Los Angeles,California,90001,2023-02-15,Corporate
CUST_02503,Morgan,Moore,morgan.moore2503@example-domain.com,Orlando,Florida,32801,2023-04-16,Consumer
CUST_02504,Ava,Wilson,ava.wilson2504@example-domain.com,Buffalo,New York,14201,2023-01-02,Small Business
CUST_02505,Riley,Smith,riley.smith2505@example-domain.com,Dallas,Texas,75201,2024-03-13,Consumer
CUST_02506,Liam,Jones,liam.jones2506@example-domain.com,Seattle,Washington,98101,2024-11-02,Consumer
CUST_02507,Dakota,Davis,dakota.davis2507@example-domain.com,Boston,Massachusetts,02108,2024-12-04,Corporate
CUST_02508,Morgan,Thomas,morgan.thomas2508@example-domain.com,Houston,Texas,77001,2023-04-23,Consumer
CUST_02509,Riley,Brown,riley.brown2509@example-domain.com,Orlando,Florida,32801,2024-01-01,Corporate
CUST_02510,Taylor,Martin,taylor.martin2510@example-domain.com,Chicago,Illinois,60601,2023-05-02,Corporate
CUST_02511,Sophia,Williams,sophia.williams2511@example-domain.com,San Francisco,California,94102,2024-09-11,Consumer
CUST_02512,Sam,Garcia,sam.garcia2512@example-domain.com,Atlanta,Georgia,30301,2024-06-27,Corporate
CUST_02513,Ethan,Martin,ethan.martin2513@example-domain.com,Houston,Texas,77001,2024-11-26,Consumer
CUST_02514,Olivia,Jones,olivia.jones2514@example-domain.com,Orlando,Florida,32801,2024-10-01,Consumer
CUST_02515,Dakota,Lopez,dakota.lopez2515@example-domain.com,New York City,New York,10001,2023-10-05,Consumer
CUST_02516,Emma,Lopez,emma.lopez2516@example-domain.com,Miami,Florida,33101,2024-12-29,Small Business
CUST_02517,Taylor,Smith,taylor.smith2517@example-domain.com,Buffalo,New York,14201,2024-11-02,Consumer
CUST_02518,Sam,Hernandez,sam.hernandez2518@example-domain.com,Buffalo,New York,14201,2024-02-04,Consumer
CUST_02519,Noah,Thomas,noah.thomas2519@example-domain.com,San Diego,California,92101,2023-04-26,Consumer
CUST_02520,Mia,Wilson,mia.wilson2520@example-domain.com,Miami,Florida,33101,2023-05-29,Corporate
CUST_02521,Taylor,Hernandez,taylor.hernandez2521@example-domain.com,Buffalo,New York,14201,2023-07-06,Consumer
CUST_02522,Liam,Lopez,liam.lopez2522@example-domain.com,Chicago,Illinois,60601,2024-05-21,Consumer
CUST_02523,Olivia,Thomas,olivia.thomas2523@example-domain.com,Atlanta,Georgia,30301,2024-09-08,Consumer
CUST_02524,Ethan,Jones,ethan.jones2524@example-domain.com,Dallas,Texas,75201,2024-01-28,Consumer
CUST_02525,Olivia,Moore,olivia.moore2525@example-domain.com,Philadelphia,Pennsylvania,19102,2024-07-05,Corporate
CUST_02526,Lucas,Thomas,lucas.thomas2526@example-domain.com,Columbus,Ohio,43215,2024-07-03,Consumer
CUST_02527,Riley,Gonzalez,riley.gonzalez2527@example-domain.com,San Diego,California,92101,2024-08-17,Consumer
CUST_02528,Olivia,Taylor,olivia.taylor2528@example-domain.com,Dallas,Texas,75201,2024-12-20,Small Business
CUST_02529,Taylor,Davis,taylor.davis2529@example-domain.com,Seattle,Washington,98101,2023-01-03,Consumer
CUST_02530,Pat,Smith,pat.smith2530@example-domain.com,Seattle,Washington,98101,2024-07-25,Small Business
CUST_02531,Emma,Jones,emma.jones2531@example-domain.com,New York City,New York,10001,2023-03-03,Consumer
CUST_02532,Sophia,Lopez,sophia.lopez2532@example-domain.com,Buffalo,New York,14201,2023-10-29,Corporate
CUST_02533,Noah,Jones,noah.jones2533@example-domain.com,Columbus,Ohio,43215,2024-03-07,Consumer
CUST_02534,Riley,Miller,riley.miller2534@example-domain.com,Dallas,Texas,75201,2023-02-27,Consumer
CUST_02535,Sam,Brown,sam.brown2535@example-domain.com,Buffalo,New York,14201,2024-01-22,Corporate
CUST_02536,Alex,Wilson,alex.wilson2536@example-domain.com,Seattle,Washington,98101,2023-02-25,Corporate
CUST_02537,Morgan,Jackson,morgan.jackson2537@example-domain.com,San Diego,California,92101,2024-05-03,Corporate
CUST_02538,Jackson,Garcia,jackson.garcia2538@example-domain.com,Los Angeles,California,90001,2023-05-31,Consumer
CUST_02539,Sophia,Jones,sophia.jones2539@example-domain.com,San Diego,California,92101,2023-09-08,Corporate
CUST_02540,Taylor,Smith,taylor.smith2540@example-domain.com,Atlanta,Georgia,30301,2023-06-03,Corporate
CUST_02541,Chris,Thomas,chris.thomas2541@example-domain.com,Buffalo,New York,14201,2024-06-24,Consumer
CUST_02542,Dakota,Thomas,dakota.thomas2542@example-domain.com,Atlanta,Georgia,30301,2023-12-12,Corporate
CUST_02543,Noah,Smith,noah.smith2543@example-domain.com,Orlando,Florida,32801,2023-04-24,Corporate
CUST_02544,Sam,Johnson,sam.johnson2544@example-domain.com,San Francisco,California,94102,2024-09-10,Consumer
CUST_02545,Chris,Taylor,chris.taylor2545@example-domain.com,Houston,Texas,77001,2023-01-12,Consumer
CUST_02546,Liam,Wilson,liam.wilson2546@example-domain.com,Denver,Colorado,80202,2024-07-21,Consumer
CUST_02547,Cameron,Jackson,cameron.jackson2547@example-domain.com,Raleigh,North Carolina,27601,2023-11-10,Consumer
CUST_02548,Riley,Wilson,riley.wilson2548@example-domain.com,Houston,Texas,77001,2023-10-06,Consumer
CUST_02549,Taylor,Taylor,taylor.taylor2549@example-domain.com,Boston,Massachusetts,02108,2023-05-09,Consumer
CUST_02550,Pat,Gonzalez,pat.gonzalez2550@example-domain.com,San Francisco,California,94102,2023-08-13,Consumer
CUST_02551,Liam,Garcia,liam.garcia2551@example-domain.com,Columbus,Ohio,43215,2024-09-11,Consumer
CUST_02552,Taylor,Anderson,taylor.anderson2552@example-domain.com,Philadelphia,Pennsylvania,19102,2023-11-17,Consumer
CUST_02553,Liam,Gonzalez,liam.gonzalez2553@example-domain.com,Houston,Texas,77001,2023-02-25,Corporate
CUST_02554,Sophia,Wilson,sophia.wilson2554@example-domain.com,Austin,Texas,78701,2023-10-04,Small Business
CUST_02555,Morgan,Brown,morgan.brown2555@example-domain.com,San Diego,California,92101,2024-01-07,Consumer
CUST_02556,Jackson,Hernandez,jackson.hernandez2556@example-domain.com,Los Angeles,California,90001,2023-09-03,Small Business
CUST_02557,Dakota,Garcia,dakota.garcia2557@example-domain.com,Columbus,Ohio,43215,2023-04-20,Consumer
CUST_02558,Taylor,Miller,taylor.miller2558@example-domain.com,Los Angeles,California,90001,2023-11-13,Consumer
CUST_02559,Pat,Moore,pat.moore2559@example-domain.com,Austin,Texas,78701,2024-10-15,Consumer
CUST_02560,Jordan,Davis,jordan.davis2560@example-domain.com,Miami,Florida,33101,2023-03-29,Consumer
CUST_02561,Mia,Jackson,mia.jackson2561@example-domain.com,San Francisco,California,94102,2024-07-31,Corporate
CUST_02562,Emma,Johnson,emma.johnson2562@example-domain.com,San Francisco,California,94102,2023-11-19,Corporate
CUST_02563,Taylor,Martinez,taylor.martinez2563@example-domain.com,Los Angeles,California,90001,2024-01-01,Consumer
CUST_02564,Dakota,Gonzalez,dakota.gonzalez2564@example-domain.com,Raleigh,North Carolina,27601,2023-07-19,Consumer
CUST_02565,Ethan,Gonzalez,ethan.gonzalez2565@example-domain.com,Seattle,Washington,98101,2023-05-13,Consumer
CUST_02566,Morgan,Hernandez,morgan.hernandez2566@example-domain.com,Atlanta,Georgia,30301,2024-05-30,Consumer
CUST_02567,Morgan,Taylor,morgan.taylor2567@example-domain.com,Buffalo,New York,14201,2023-01-25,Consumer
CUST_02568,Mia,Gonzalez,mia.gonzalez2568@example-domain.com,Philadelphia,Pennsylvania,19102,2024-08-23,Consumer
CUST_02569,Jordan,Martinez,jordan.martinez2569@example-domain.com,Houston,Texas,77001,2023-06-05,Corporate
CUST_02570,Noah,Williams,noah.williams2570@example-domain.com,San Diego,California,92101,2023-08-26,Small Business
CUST_02571,Pat,Jones,pat.jones2571@example-domain.com,Houston,Texas,77001,2024-05-28,Consumer
CUST_02572,Ava,Martin,ava.martin2572@example-domain.com,Raleigh,North Carolina,27601,2023-12-16,Small Business
CUST_02573,Noah,Jones,noah.jones2573@example-domain.com,Chicago,Illinois,60601,2023-10-25,Consumer
CUST_02574,Sophia,Martin,sophia.martin2574@example-domain.com,Atlanta,Georgia,30301,2023-02-10,Consumer
CUST_02575,Liam,Davis,liam.davis2575@example-domain.com,Austin,Texas,78701,2024-09-17,Consumer
CUST_02576,Jackson,Williams,jackson.williams2576@example-domain.com,Buffalo,New York,14201,2024-08-03,Consumer
CUST_02577,Emma,Brown,emma.brown2577@example-domain.com,Los Angeles,California,90001,2023-05-27,Small Business
CUST_02578,Dakota,Moore,dakota.moore2578@example-domain.com,San Diego,California,92101,2024-05-25,Consumer
CUST_02579,Morgan,Anderson,morgan.anderson2579@example-domain.com,Chicago,Illinois,60601,2023-06-23,Consumer
CUST_02580,Dakota,Garcia,dakota.garcia2580@example-domain.com,San Diego,California,92101,2023-10-14,Consumer
CUST_02581,Mia,Lopez,mia.lopez2581@example-domain.com,Seattle,Washington,98101,2023-04-02,Consumer
CUST_02582,Taylor,Garcia,taylor.garcia2582@example-domain.com,Denver,Colorado,80202,2023-09-22,Corporate
CUST_02583,Emma,Rodriguez,emma.rodriguez2583@example-domain.com,Denver,Colorado,80202,2024-10-27,Consumer
CUST_02584,Sam,Brown,sam.brown2584@example-domain.com,Philadelphia,Pennsylvania,19102,2023-02-10,Consumer
CUST_02585,Sophia,Martinez,sophia.martinez2585@example-domain.com,Boston,Massachusetts,02108,2024-02-23,Consumer
CUST_02586,Jackson,Jones,jackson.jones2586@example-domain.com,Denver,Colorado,80202,2024-01-11,Consumer
CUST_02587,Ava,Martin,ava.martin2587@example-domain.com,Chicago,Illinois,60601,2024-01-18,Consumer
CUST_02588,Taylor,Wilson,taylor.wilson2588@example-domain.com,Raleigh,North Carolina,27601,2024-04-05,Consumer
CUST_02589,Cameron,Johnson,cameron.johnson2589@example-domain.com,San Francisco,California,94102,2023-09-08,Consumer
CUST_02590,Lucas,Smith,lucas.smith2590@example-domain.com,Buffalo,New York,14201,2023-04-18,Corporate
CUST_02591,Dakota,Gonzalez,dakota.gonzalez2591@example-domain.com,Houston,Texas,77001,2024-08-06,Corporate
CUST_02592,Liam,Williams,liam.williams2592@example-domain.com,Dallas,Texas,75201,2024-02-02,Corporate
CUST_02593,Noah,Williams,noah.williams2593@example-domain.com,Seattle,Washington,98101,2024-04-22,Consumer
CUST_02594,Noah,Moore,noah.moore2594@example-domain.com,Denver,Colorado,80202,2023-04-22,Consumer
CUST_02595,Taylor,Garcia,taylor.garcia2595@example-domain.com,New York City,New York,10001,2024-02-11,Consumer
CUST_02596,Olivia,Miller,olivia.miller2596@example-domain.com,Boston,Massachusetts,02108,2023-12-03,Corporate
CUST_02597,Taylor,Hernandez,taylor.hernandez2597@example-domain.com,Chicago,Illinois,60601,2024-09-10,Consumer
CUST_02598,Emma,Miller,emma.miller2598@example-domain.com,Philadelphia,Pennsylvania,19102,2023-04-28,Consumer
CUST_02599,Cameron,Anderson,cameron.anderson2599@example-domain.com,San Francisco,California,94102,2024-07-12,Consumer
CUST_02600,Sam,Thomas,sam.thomas2600@example-domain.com,Buffalo,New York,14201,2024-10-17,Consumer
CUST_02601,Pat,Hernandez,pat.hernandez2601@example-domain.com,San Francisco,California,94102,2024-09-07,Consumer
CUST_02602,Liam,Johnson,liam.johnson2602@example-domain.com,Seattle,Washington,98101,2024-03-16,Consumer
CUST_02603,Emma,Miller,emma.miller2603@example-domain.com,San Francisco,California,94102,2023-08-05,Corporate
CUST_02604,Alex,Wilson,alex.wilson2604@example-domain.com,Miami,Florida,33101,2023-09-16,Consumer
CUST_02605,Chris,Williams,chris.williams2605@example-domain.com,Buffalo,New York,14201,2023-03-12,Consumer
CUST_02606,Cameron,Gonzalez,cameron.gonzalez2606@example-domain.com,San Diego,California,92101,2023-11-02,Consumer
CUST_02607,Noah,Wilson,noah.wilson2607@example-domain.com,Raleigh,North Carolina,27601,2023-08-08,Consumer
CUST_02608,Cameron,Garcia,cameron.garcia2608@example-domain.com,San Francisco,California,94102,2023-04-05,Consumer
CUST_02609,Olivia,Hernandez,olivia.hernandez2609@example-domain.com,Orlando,Florida,32801,2023-06-18,Corporate
CUST_02610,Pat,Lopez,pat.lopez2610@example-domain.com,Atlanta,Georgia,30301,2024-05-08,Consumer
CUST_02611,Emma,Moore,emma.moore2611@example-domain.com,Houston,Texas,77001,2024-12-14,Corporate
CUST_02612,Olivia,Lopez,olivia.lopez2612@example-domain.com,Boston,Massachusetts,02108,2023-01-11,Consumer
CUST_02613,Lucas,Martin,lucas.martin2613@example-domain.com,Austin,Texas,78701,2023-03-21,Consumer
CUST_02614,Mia,Martin,mia.martin2614@example-domain.com,Buffalo,New York,14201,2023-11-28,Corporate
CUST_02615,Ethan,Smith,ethan.smith2615@example-domain.com,Buffalo,New York,14201,2024-04-14,Consumer
CUST_02616,Sam,Thomas,sam.thomas2616@example-domain.com,Chicago,Illinois,60601,2023-04-27,Consumer
CUST_02617,Olivia,Rodriguez,olivia.rodriguez2617@example-domain.com,Raleigh,North Carolina,27601,2023-01-04,Consumer
CUST_02618,Noah,Jones,noah.jones2618@example-domain.com,Denver,Colorado,80202,2024-10-16,Consumer
CUST_02619,Mia,Brown,mia.brown2619@example-domain.com,San Francisco,California,94102,2023-08-12,Corporate
CUST_02620,Pat,Wilson,pat.wilson2620@example-domain.com,Columbus,Ohio,43215,2023-06-20,Consumer
CUST_02621,Jackson,Gonzalez,jackson.gonzalez2621@example-domain.com,Austin,Texas,78701,2023-12-23,Corporate
CUST_02622,Pat,Miller,pat.miller2622@example-domain.com,Los Angeles,California,90001,2024-01-15,Corporate
CUST_02623,Sophia,Smith,sophia.smith2623@example-domain.com,Orlando,Florida,32801,2023-11-11,Consumer
CUST_02624,Ava,Brown,ava.brown2624@example-domain.com,Philadelphia,Pennsylvania,19102,2024-10-26,Small Business
CUST_02625,Noah,Wilson,noah.wilson2625@example-domain.com,Atlanta,Georgia,30301,2023-12-27,Consumer
CUST_02626,Sophia,Moore,sophia.moore2626@example-domain.com,Atlanta,Georgia,30301,2024-06-19,Small Business
CUST_02627,Ethan,Brown,ethan.brown2627@example-domain.com,Houston,Texas,77001,2024-04-14,Consumer
CUST_02628,Olivia,Lopez,olivia.lopez2628@example-domain.com,Houston,Texas,77001,2024-07-20,Consumer
CUST_02629,Jackson,Garcia,jackson.garcia2629@example-domain.com,Columbus,Ohio,43215,2024-03-22,Consumer
CUST_02630,Liam,Martinez,liam.martinez2630@example-domain.com,Atlanta,Georgia,30301,2024-10-11,Consumer
CUST_02631,Dakota,Martin,dakota.martin2631@example-domain.com,New York City,New York,10001,2023-03-31,Consumer
CUST_02632,Morgan,Williams,morgan.williams2632@example-domain.com,Los Angeles,California,90001,2024-09-23,Corporate
CUST_02633,Olivia,Brown,olivia.brown2633@example-domain.com,Philadelphia,Pennsylvania,19102,2024-09-30,Consumer
CUST_02634,Lucas,Brown,lucas.brown2634@example-domain.com,Denver,Colorado,80202,2024-05-30,Consumer
CUST_02635,Mia,Johnson,mia.johnson2635@example-domain.com,Orlando,Florida,32801,2024-03-06,Corporate
CUST_02636,Pat,Davis,pat.davis2636@example-domain.com,Denver,Colorado,80202,2024-07-18,Consumer
CUST_02637,Liam,Brown,liam.brown2637@example-domain.com,Austin,Texas,78701,2024-04-25,Small Business
CUST_02638,Morgan,Lopez,morgan.lopez2638@example-domain.com,Denver,Colorado,80202,2024-02-27,Corporate
CUST_02639,Liam,Smith,liam.smith2639@example-domain.com,Seattle,Washington,98101,2023-08-18,Small Business
CUST_02640,Ava,Martinez,ava.martinez2640@example-domain.com,Miami,Florida,33101,2024-11-05,Corporate
CUST_02641,Cameron,Martinez,cameron.martinez2641@example-domain.com,Atlanta,Georgia,30301,2024-11-20,Consumer
CUST_02642,Riley,Smith,riley.smith2642@example-domain.com,Atlanta,Georgia,30301,2023-02-03,Consumer
CUST_02643,Alex,Smith,alex.smith2643@example-domain.com,Buffalo,New York,14201,2024-01-19,Corporate
CUST_02644,Ava,Martin,ava.martin2644@example-domain.com,Chicago,Illinois,60601,2023-12-10,Consumer
CUST_02645,Chris,Jackson,chris.jackson2645@example-domain.com,Atlanta,Georgia,30301,2023-09-05,Consumer
CUST_02646,Lucas,Gonzalez,lucas.gonzalez2646@example-domain.com,Austin,Texas,78701,2024-09-23,Consumer
CUST_02647,Liam,Johnson,liam.johnson2647@example-domain.com,Atlanta,Georgia,30301,2023-05-12,Small Business
CUST_02648,Liam,Garcia,liam.garcia2648@example-domain.com,Boston,Massachusetts,02108,2023-11-22,Consumer
CUST_02649,Ava,Garcia,ava.garcia2649@example-domain.com,Atlanta,Georgia,30301,2023-08-25,Consumer
CUST_02650,Morgan,Jones,morgan.jones2650@example-domain.com,Raleigh,North Carolina,27601,2023-05-02,Consumer
CUST_02651,Mia,Gonzalez,mia.gonzalez2651@example-domain.com,Miami,Florida,33101,2024-07-20,Consumer
CUST_02652,Chris,Hernandez,chris.hernandez2652@example-domain.com,Austin,Texas,78701,2023-04-06,Consumer
CUST_02653,Taylor,Smith,taylor.smith2653@example-domain.com,Atlanta,Georgia,30301,2023-01-12,Consumer
CUST_02654,Mia,Jones,mia.jones2654@example-domain.com,Los Angeles,California,90001,2024-09-24,Consumer
CUST_02655,Lucas,Williams,lucas.williams2655@example-domain.com,Boston,Massachusetts,02108,2023-01-26,Corporate
CUST_02656,Sam,Anderson,sam.anderson2656@example-domain.com,Seattle,Washington,98101,2023-07-11,Consumer
CUST_02657,Riley,Davis,riley.davis2657@example-domain.com,Orlando,Florida,32801,2023-07-18,Corporate
CUST_02658,Lucas,Davis,lucas.davis2658@example-domain.com,Boston,Massachusetts,02108,2023-09-24,Corporate
CUST_02659,Jordan,Rodriguez,jordan.rodriguez2659@example-domain.com,San Diego,California,92101,2023-05-28,Consumer
CUST_02660,Alex,Jackson,alex.jackson2660@example-domain.com,New York City,New York,10001,2023-04-24,Consumer
CUST_02661,Noah,Martin,noah.martin2661@example-domain.com,New York City,New York,10001,2023-04-20,Consumer
CUST_02662,Sam,Martinez,sam.martinez2662@example-domain.com,Miami,Florida,33101,2023-07-04,Corporate
CUST_02663,Taylor,Williams,taylor.williams2663@example-domain.com,Philadelphia,Pennsylvania,19102,2024-01-06,Consumer
CUST_02664,Pat,Gonzalez,pat.gonzalez2664@example-domain.com,New York City,New York,10001,2024-05-17,Consumer
CUST_02665,Alex,Wilson,alex.wilson2665@example-domain.com,San Diego,California,92101,2024-05-13,Consumer
CUST_02666,Taylor,Miller,taylor.miller2666@example-domain.com,Atlanta,Georgia,30301,2024-01-20,Consumer
CUST_02667,Ethan,Anderson,ethan.anderson2667@example-domain.com,Houston,Texas,77001,2023-07-04,Consumer
CUST_02668,Dakota,Smith,dakota.smith2668@example-domain.com,Houston,Texas,77001,2024-11-06,Consumer
CUST_02669,Mia,Martin,mia.martin2669@example-domain.com,San Francisco,California,94102,2023-05-01,Corporate
CUST_02670,Ethan,Lopez,ethan.lopez2670@example-domain.com,Philadelphia,Pennsylvania,19102,2024-09-20,Consumer
CUST_02671,Jackson,Moore,jackson.moore2671@example-domain.com,Los Angeles,California,90001,2023-06-12,Consumer
CUST_02672,Ava,Rodriguez,ava.rodriguez2672@example-domain.com,New York City,New York,10001,2023-07-17,Consumer
CUST_02673,Jackson,Smith,jackson.smith2673@example-domain.com,Columbus,Ohio,43215,2023-01-24,Corporate
CUST_02674,Ava,Taylor,ava.taylor2674@example-domain.com,Buffalo,New York,14201,2023-08-10,Consumer
CUST_02675,Sophia,Brown,sophia.brown2675@example-domain.com,Austin,Texas,78701,2023-01-31,Corporate
CUST_02676,Ethan,Jones,ethan.jones2676@example-domain.com,Dallas,Texas,75201,2023-03-27,Consumer
CUST_02677,Sam,Rodriguez,sam.rodriguez2677@example-domain.com,Miami,Florida,33101,2024-05-08,Consumer
CUST_02678,Pat,Williams,pat.williams2678@example-domain.com,Seattle,Washington,98101,2024-12-26,Consumer
CUST_02679,Lucas,Martinez,lucas.martinez2679@example-domain.com,Denver,Colorado,80202,2024-05-22,Consumer
CUST_02680,Olivia,Taylor,olivia.taylor2680@example-domain.com,Boston,Massachusetts,02108,2023-07-17,Consumer
CUST_02681,Cameron,Garcia,cameron.garcia2681@example-domain.com,Austin,Texas,78701,2024-12-04,Consumer
CUST_02682,Cameron,Gonzalez,cameron.gonzalez2682@example-domain.com,New York City,New York,10001,2024-08-20,Corporate
CUST_02683,Mia,Martinez,mia.martinez2683@example-domain.com,Houston,Texas,77001,2023-07-30,Consumer
CUST_02684,Emma,Wilson,emma.wilson2684@example-domain.com,Denver,Colorado,80202,2024-03-09,Consumer
CUST_02685,Jackson,Rodriguez,jackson.rodriguez2685@example-domain.com,Chicago,Illinois,60601,2024-09-29,Consumer
CUST_02686,Morgan,Martin,morgan.martin2686@example-domain.com,Boston,Massachusetts,02108,2024-03-15,Consumer
CUST_02687,Pat,Jackson,pat.jackson2687@example-domain.com,Seattle,Washington,98101,2024-01-18,Consumer
CUST_02688,Taylor,Anderson,taylor.anderson2688@example-domain.com,Houston,Texas,77001,2023-02-04,Consumer
CUST_02689,Ava,Rodriguez,ava.rodriguez2689@example-domain.com,Atlanta,Georgia,30301,2023-10-28,Consumer
CUST_02690,Jackson,Taylor,jackson.taylor2690@example-domain.com,Seattle,Washington,98101,2024-02-12,Consumer
CUST_02691,Alex,Brown,alex.brown2691@example-domain.com,Houston,Texas,77001,2023-11-27,Consumer
CUST_02692,Olivia,Garcia,olivia.garcia2692@example-domain.com,Seattle,Washington,98101,2023-09-09,Consumer
CUST_02693,Taylor,Miller,taylor.miller2693@example-domain.com,Seattle,Washington,98101,2024-01-16,Consumer
CUST_02694,Sam,Hernandez,sam.hernandez2694@example-domain.com,New York City,New York,10001,2023-01-10,Consumer
CUST_02695,Ethan,Smith,ethan.smith2695@example-domain.com,Chicago,Illinois,60601,2023-08-07,Small Business
CUST_02696,Noah,Jackson,noah.jackson2696@example-domain.com,Chicago,Illinois,60601,2023-08-27,Consumer
CUST_02697,Lucas,Williams,lucas.williams2697@example-domain.com,Boston,Massachusetts,02108,2023-10-18,Consumer
CUST_02698,Jackson,Miller,jackson.miller2698@example-domain.com,Raleigh,North Carolina,27601,2023-08-11,Consumer
CUST_02699,Morgan,Moore,morgan.moore2699@example-domain.com,Miami,Florida,33101,2024-09-14,Corporate
CUST_02700,Taylor,Jackson,taylor.jackson2700@example-domain.com,Atlanta,Georgia,30301,2024-11-29,Corporate
CUST_02701,Olivia,Hernandez,olivia.hernandez2701@example-domain.com,Chicago,Illinois,60601,2023-07-22,Consumer
CUST_02702,Pat,Johnson,pat.johnson2702@example-domain.com,Philadelphia,Pennsylvania,19102,2024-05-25,Small Business
CUST_02703,Jordan,Rodriguez,jordan.rodriguez2703@example-domain.com,Atlanta,Georgia,30301,2023-05-03,Consumer
CUST_02704,Morgan,Anderson,morgan.anderson2704@example-domain.com,Houston,Texas,77001,2024-09-07,Consumer
CUST_02705,Ethan,Jackson,ethan.jackson2705@example-domain.com,Boston,Massachusetts,02108,2023-08-31,Corporate
CUST_02706,Mia,Smith,mia.smith2706@example-domain.com,Orlando,Florida,32801,2023-01-19,Corporate
CUST_02707,Mia,Smith,mia.smith2707@example-domain.com,Denver,Colorado,80202,2023-10-19,Consumer
CUST_02708,Sam,Gonzalez,sam.gonzalez2708@example-domain.com,San Francisco,California,94102,2024-06-30,Consumer
CUST_02709,Ava,Johnson,ava.johnson2709@example-domain.com,Chicago,Illinois,60601,2024-10-22,Consumer
CUST_02710,Alex,Williams,alex.williams2710@example-domain.com,Philadelphia,Pennsylvania,19102,2023-04-08,Consumer
CUST_02711,Olivia,Martinez,olivia.martinez2711@example-domain.com,Miami,Florida,33101,2023-11-21,Corporate
CUST_02712,Sophia,Gonzalez,sophia.gonzalez2712@example-domain.com,San Diego,California,92101,2024-07-23,Consumer
CUST_02713,Ethan,Thomas,ethan.thomas2713@example-domain.com,San Francisco,California,94102,2024-02-07,Consumer
CUST_02714,Dakota,Anderson,dakota.anderson2714@example-domain.com,Philadelphia,Pennsylvania,19102,2024-10-18,Consumer
CUST_02715,Morgan,Lopez,morgan.lopez2715@example-domain.com,New York City,New York,10001,2023-01-30,Consumer
CUST_02716,Riley,Johnson,riley.johnson2716@example-domain.com,Los Angeles,California,90001,2023-05-23,Consumer
CUST_02717,Morgan,Hernandez,morgan.hernandez2717@example-domain.com,Atlanta,Georgia,30301,2023-08-20,Consumer
CUST_02718,Chris,Williams,chris.williams2718@example-domain.com,Austin,Texas,78701,2024-01-13,Small Business
CUST_02719,Lucas,Smith,lucas.smith2719@example-domain.com,San Francisco,California,94102,2023-09-23,Corporate
CUST_02720,Jordan,Brown,jordan.brown2720@example-domain.com,San Francisco,California,94102,2023-11-08,Consumer
CUST_02721,Taylor,Rodriguez,taylor.rodriguez2721@example-domain.com,Chicago,Illinois,60601,2024-12-05,Corporate
CUST_02722,Jackson,Gonzalez,jackson.gonzalez2722@example-domain.com,Miami,Florida,33101,2024-12-16,Corporate
CUST_02723,Chris,Jones,chris.jones2723@example-domain.com,Denver,Colorado,80202,2023-05-03,Corporate
CUST_02724,Sam,Hernandez,sam.hernandez2724@example-domain.com,Buffalo,New York,14201,2024-08-21,Consumer
CUST_02725,Olivia,Anderson,olivia.anderson2725@example-domain.com,New York City,New York,10001,2024-06-18,Consumer
CUST_02726,Ava,Davis,ava.davis2726@example-domain.com,Philadelphia,Pennsylvania,19102,2024-11-08,Consumer
CUST_02727,Emma,Rodriguez,emma.rodriguez2727@example-domain.com,Chicago,Illinois,60601,2024-05-09,Consumer
CUST_02728,Riley,Williams,riley.williams2728@example-domain.com,Miami,Florida,33101,2023-10-31,Consumer
CUST_02729,Taylor,Lopez,taylor.lopez2729@example-domain.com,Columbus,Ohio,43215,2023-09-06,Consumer
CUST_02730,Pat,Williams,pat.williams2730@example-domain.com,San Diego,California,92101,2024-05-21,Consumer
CUST_02731,Jordan,Miller,jordan.miller2731@example-domain.com,Los Angeles,California,90001,2024-11-17,Corporate
CUST_02732,Pat,Anderson,pat.anderson2732@example-domain.com,Boston,Massachusetts,02108,2023-07-12,Consumer
CUST_02733,Emma,Brown,emma.brown2733@example-domain.com,Chicago,Illinois,60601,2023-08-02,Consumer
CUST_02734,Mia,Taylor,mia.taylor2734@example-domain.com,Raleigh,North Carolina,27601,2023-11-17,Small Business
CUST_02735,Dakota,Anderson,dakota.anderson2735@example-domain.com,Buffalo,New York,14201,2024-05-31,Small Business
CUST_02736,Morgan,Jones,morgan.jones2736@example-domain.com,Dallas,Texas,75201,2024-01-08,Corporate
CUST_02737,Liam,Anderson,liam.anderson2737@example-domain.com,Raleigh,North Carolina,27601,2023-07-27,Small Business
CUST_02738,Liam,Miller,liam.miller2738@example-domain.com,San Diego,California,92101,2023-10-12,Consumer
CUST_02739,Olivia,Garcia,olivia.garcia2739@example-domain.com,Orlando,Florida,32801,2024-08-14,Small Business
CUST_02740,Morgan,Jones,morgan.jones2740@example-domain.com,Denver,Colorado,80202,2023-04-20,Consumer
CUST_02741,Morgan,Davis,morgan.davis2741@example-domain.com,Los Angeles,California,90001,2024-04-16,Consumer
CUST_02742,Chris,Rodriguez,chris.rodriguez2742@example-domain.com,Los Angeles,California,90001,2024-05-02,Consumer
CUST_02743,Ava,Anderson,ava.anderson2743@example-domain.com,Seattle,Washington,98101,2023-09-29,Consumer
CUST_02744,Morgan,Moore,morgan.moore2744@example-domain.com,San Diego,California,92101,2023-12-29,Consumer
CUST_02745,Olivia,Miller,olivia.miller2745@example-domain.com,Buffalo,New York,14201,2024-02-11,Consumer
CUST_02746,Ava,Wilson,ava.wilson2746@example-domain.com,Raleigh,North Carolina,27601,2023-12-08,Corporate
CUST_02747,Jordan,Anderson,jordan.anderson2747@example-domain.com,Miami,Florida,33101,2024-01-14,Consumer
CUST_02748,Morgan,Johnson,morgan.johnson2748@example-domain.com,Boston,Massachusetts,02108,2024-03-08,Consumer
CUST_02749,Pat,Martinez,pat.martinez2749@example-domain.com,Austin,Texas,78701,2024-02-17,Corporate
CUST_02750,Chris,Martin,chris.martin2750@example-domain.com,Miami,Florida,33101,2024-06-26,Consumer
CUST_02751,Jackson,Thomas,jackson.thomas2751@example-domain.com,Raleigh,North Carolina,27601,2024-03-19,Consumer
CUST_02752,Morgan,Johnson,morgan.johnson2752@example-domain.com,Dallas,Texas,75201,2023-04-24,Consumer
CUST_02753,Riley,Brown,riley.brown2753@example-domain.com,San Francisco,California,94102,2023-02-06,Consumer
CUST_02754,Mia,Rodriguez,mia.rodriguez2754@example-domain.com,Dallas,Texas,75201,2023-03-09,Consumer
CUST_02755,Lucas,Brown,lucas.brown2755@example-domain.com,Miami,Florida,33101,2023-08-20,Small Business
CUST_02756,Jackson,Gonzalez,jackson.gonzalez2756@example-domain.com,Boston,Massachusetts,02108,2024-02-07,Consumer
CUST_02757,Morgan,Davis,morgan.davis2757@example-domain.com,Miami,Florida,33101,2024-05-22,Consumer
CUST_02758,Pat,Garcia,pat.garcia2758@example-domain.com,Austin,Texas,78701,2023-12-22,Corporate
CUST_02759,Dakota,Martin,dakota.martin2759@example-domain.com,Orlando,Florida,32801,2023-01-04,Corporate
CUST_02760,Morgan,Garcia,morgan.garcia2760@example-domain.com,Raleigh,North Carolina,27601,2024-12-18,Consumer
CUST_02761,Jackson,Thomas,jackson.thomas2761@example-domain.com,Orlando,Florida,32801,2024-12-05,Consumer
CUST_02762,Riley,Garcia,riley.garcia2762@example-domain.com,Chicago,Illinois,60601,2024-11-28,Consumer
CUST_02763,Taylor,Garcia,taylor.garcia2763@example-domain.com,Houston,Texas,77001,2023-12-07,Consumer
CUST_02764,Noah,Jones,noah.jones2764@example-domain.com,Los Angeles,California,90001,2024-11-13,Consumer
CUST_02765,Emma,Wilson,emma.wilson2765@example-domain.com,Chicago,Illinois,60601,2023-01-22,Consumer
CUST_02766,Chris,Rodriguez,chris.rodriguez2766@example-domain.com,San Diego,California,92101,2023-06-24,Small Business
CUST_02767,Alex,Martin,alex.martin2767@example-domain.com,Seattle,Washington,98101,2024-04-30,Consumer
CUST_02768,Mia,Smith,mia.smith2768@example-domain.com,Philadelphia,Pennsylvania,19102,2023-09-11,Consumer
CUST_02769,Emma,Brown,emma.brown2769@example-domain.com,San Francisco,California,94102,2023-01-18,Consumer
CUST_02770,Mia,Martinez,mia.martinez2770@example-domain.com,Dallas,Texas,75201,2024-06-21,Consumer
CUST_02771,Ava,Garcia,ava.garcia2771@example-domain.com,Buffalo,New York,14201,2023-04-07,Consumer
CUST_02772,Morgan,Martinez,morgan.martinez2772@example-domain.com,Chicago,Illinois,60601,2024-04-08,Consumer
CUST_02773,Emma,Lopez,emma.lopez2773@example-domain.com,Columbus,Ohio,43215,2023-09-21,Corporate
CUST_02774,Emma,Rodriguez,emma.rodriguez2774@example-domain.com,Seattle,Washington,98101,2024-04-14,Consumer
CUST_02775,Alex,Lopez,alex.lopez2775@example-domain.com,Orlando,Florida,32801,2024-12-28,Consumer
CUST_02776,Ethan,Taylor,ethan.taylor2776@example-domain.com,Philadelphia,Pennsylvania,19102,2023-04-26,Consumer
CUST_02777,Cameron,Taylor,cameron.taylor2777@example-domain.com,Los Angeles,California,90001,2023-06-01,Consumer
CUST_02778,Olivia,Davis,olivia.davis2778@example-domain.com,Buffalo,New York,14201,2024-01-01,Consumer
CUST_02779,Emma,Smith,emma.smith2779@example-domain.com,Dallas,Texas,75201,2024-08-14,Consumer
CUST_02780,Olivia,Lopez,olivia.lopez2780@example-domain.com,Austin,Texas,78701,2023-04-02,Consumer
CUST_02781,Pat,Gonzalez,pat.gonzalez2781@example-domain.com,New York City,New York,10001,2023-10-08,Consumer
CUST_02782,Lucas,Anderson,lucas.anderson2782@example-domain.com,Raleigh,North Carolina,27601,2023-06-29,Corporate
CUST_02783,Cameron,Lopez,cameron.lopez2783@example-domain.com,Chicago,Illinois,60601,2024-02-05,Small Business
CUST_02784,Mia,Wilson,mia.wilson2784@example-domain.com,Miami,Florida,33101,2023-11-13,Corporate
CUST_02785,Pat,Johnson,pat.johnson2785@example-domain.com,Raleigh,North Carolina,27601,2024-12-19,Corporate
CUST_02786,Ethan,Martin,ethan.martin2786@example-domain.com,New York City,New York,10001,2024-03-19,Consumer
CUST_02787,Noah,Jackson,noah.jackson2787@example-domain.com,Seattle,Washington,98101,2023-10-23,Small Business
CUST_02788,Morgan,Smith,morgan.smith2788@example-domain.com,Philadelphia,Pennsylvania,19102,2024-12-02,Consumer
CUST_02789,Sam,Anderson,sam.anderson2789@example-domain.com,Buffalo,New York,14201,2024-06-19,Small Business
CUST_02790,Dakota,Martin,dakota.martin2790@example-domain.com,Columbus,Ohio,43215,2024-11-11,Small Business
CUST_02791,Chris,Martinez,chris.martinez2791@example-domain.com,Philadelphia,Pennsylvania,19102,2023-10-23,Corporate
CUST_02792,Taylor,Martinez,taylor.martinez2792@example-domain.com,Los Angeles,California,90001,2024-04-09,Small Business
CUST_02793,Jordan,Miller,jordan.miller2793@example-domain.com,Orlando,Florida,32801,2024-08-30,Consumer
CUST_02794,Morgan,Johnson,morgan.johnson2794@example-domain.com,Philadelphia,Pennsylvania,19102,2023-11-10,Consumer
CUST_02795,Alex,Wilson,alex.wilson2795@example-domain.com,Seattle,Washington,98101,2024-11-07,Consumer
CUST_02796,Alex,Johnson,alex.johnson2796@example-domain.com,Miami,Florida,33101,2023-05-22,Consumer
CUST_02797,Sophia,Martinez,sophia.martinez2797@example-domain.com,Raleigh,North Carolina,27601,2024-11-12,Consumer
CUST_02798,Lucas,Jones,lucas.jones2798@example-domain.com,San Diego,California,92101,2024-12-31,Consumer
CUST_02799,Cameron,Jones,cameron.jones2799@example-domain.com,Austin,Texas,78701,2024-03-18,Small Business
CUST_02800,Mia,Williams,mia.williams2800@example-domain.com,Orlando,Florida,32801,2023-08-13,Consumer
CUST_02801,Jordan,Thomas,jordan.thomas2801@example-domain.com,Seattle,Washington,98101,2023-09-12,Corporate
CUST_02802,Liam,Wilson,liam.wilson2802@example-domain.com,Boston,Massachusetts,02108,2023-04-11,Small Business
CUST_02803,Cameron,Martinez,cameron.martinez2803@example-domain.com,Orlando,Florida,32801,2023-06-27,Small Business
CUST_02804,Mia,Wilson,mia.wilson2804@example-domain.com,Chicago,Illinois,60601,2024-08-15,Small Business
CUST_02805,Sam,Miller,sam.miller2805@example-domain.com,Miami,Florida,33101,2023-05-19,Consumer
CUST_02806,Olivia,Moore,olivia.moore2806@example-domain.com,Austin,Texas,78701,2023-11-05,Small Business
CUST_02807,Dakota,Williams,dakota.williams2807@example-domain.com,Orlando,Florida,32801,2024-08-03,Corporate
CUST_02808,Noah,Moore,noah.moore2808@example-domain.com,Houston,Texas,77001,2024-01-20,Consumer
CUST_02809,Olivia,Brown,olivia.brown2809@example-domain.com,Buffalo,New York,14201,2024-06-23,Consumer
CUST_02810,Noah,Hernandez,noah.hernandez2810@example-domain.com,Raleigh,North Carolina,27601,2024-12-02,Corporate
CUST_02811,Sophia,Anderson,sophia.anderson2811@example-domain.com,Seattle,Washington,98101,2024-03-13,Consumer
CUST_02812,Noah,Wilson,noah.wilson2812@example-domain.com,Atlanta,Georgia,30301,2024-04-17,Consumer
CUST_02813,Alex,Moore,alex.moore2813@example-domain.com,Los Angeles,California,90001,2024-03-07,Consumer
CUST_02814,Taylor,Jones,taylor.jones2814@example-domain.com,Orlando,Florida,32801,2023-09-06,Consumer
CUST_02815,Mia,Taylor,mia.taylor2815@example-domain.com,Seattle,Washington,98101,2023-05-11,Consumer
CUST_02816,Jackson,Moore,jackson.moore2816@example-domain.com,Orlando,Florida,32801,2023-02-24,Corporate
CUST_02817,Liam,Jones,liam.jones2817@example-domain.com,Boston,Massachusetts,02108,2024-11-17,Consumer
CUST_02818,Alex,Anderson,alex.anderson2818@example-domain.com,Raleigh,North Carolina,27601,2024-04-16,Consumer
CUST_02819,Jordan,Williams,jordan.williams2819@example-domain.com,San Francisco,California,94102,2023-10-04,Consumer
CUST_02820,Morgan,Hernandez,morgan.hernandez2820@example-domain.com,New York City,New York,10001,2023-10-25,Consumer
CUST_02821,Mia,Thomas,mia.thomas2821@example-domain.com,Chicago,Illinois,60601,2023-03-04,Small Business
CUST_02822,Morgan,Jackson,morgan.jackson2822@example-domain.com,Raleigh,North Carolina,27601,2023-02-24,Consumer
CUST_02823,Pat,Taylor,pat.taylor2823@example-domain.com,Buffalo,New York,14201,2024-07-29,Consumer
CUST_02824,Emma,Jones,emma.jones2824@example-domain.com,Dallas,Texas,75201,2024-11-22,Consumer
CUST_02825,Sam,Martinez,sam.martinez2825@example-domain.com,Orlando,Florida,32801,2023-01-07,Consumer
CUST_02826,Emma,Martin,emma.martin2826@example-domain.com,Austin,Texas,78701,2023-04-28,Corporate
CUST_02827,Taylor,Smith,taylor.smith2827@example-domain.com,Buffalo,New York,14201,2024-09-10,Corporate
CUST_02828,Morgan,Taylor,morgan.taylor2828@example-domain.com,New York City,New York,10001,2023-09-11,Consumer
CUST_02829,Pat,Brown,pat.brown2829@example-domain.com,Philadelphia,Pennsylvania,19102,2023-01-26,Consumer
CUST_02830,Ava,Anderson,ava.anderson2830@example-domain.com,Boston,Massachusetts,02108,2023-02-26,Consumer
CUST_02831,Morgan,Martinez,morgan.martinez2831@example-domain.com,Boston,Massachusetts,02108,2024-05-10,Consumer
CUST_02832,Chris,Davis,chris.davis2832@example-domain.com,Columbus,Ohio,43215,2023-09-24,Consumer
CUST_02833,Jackson,Anderson,jackson.anderson2833@example-domain.com,New York City,New York,10001,2024-03-18,Consumer
CUST_02834,Sam,Smith,sam.smith2834@example-domain.com,Houston,Texas,77001,2023-05-26,Consumer
CUST_02835,Riley,Garcia,riley.garcia2835@example-domain.com,Raleigh,North Carolina,27601,2024-12-17,Consumer
CUST_02836,Lucas,Miller,lucas.miller2836@example-domain.com,Philadelphia,Pennsylvania,19102,2024-05-06,Small Business
CUST_02837,Dakota,Martinez,dakota.martinez2837@example-domain.com,New York City,New York,10001,2024-08-25,Small Business
CUST_02838,Emma,Lopez,emma.lopez2838@example-domain.com,Miami,Florida,33101,2024-02-05,Consumer
CUST_02839,Liam,Brown,liam.brown2839@example-domain.com,Denver,Colorado,80202,2024-03-02,Corporate
CUST_02840,Olivia,Jones,olivia.jones2840@example-domain.com,Los Angeles,California,90001,2023-10-18,Consumer
CUST_02841,Noah,Brown,noah.brown2841@example-domain.com,Boston,Massachusetts,02108,2023-01-12,Consumer
CUST_02842,Mia,Martinez,mia.martinez2842@example-domain.com,San Francisco,California,94102,2024-10-22,Corporate
CUST_02843,Jackson,Anderson,jackson.anderson2843@example-domain.com,San Francisco,California,94102,2023-12-30,Small Business
CUST_02844,Sam,Anderson,sam.anderson2844@example-domain.com,Denver,Colorado,80202,2023-10-11,Small Business
CUST_02845,Alex,Garcia,alex.garcia2845@example-domain.com,Seattle,Washington,98101,2024-05-27,Consumer
CUST_02846,Ava,Miller,ava.miller2846@example-domain.com,Seattle,Washington,98101,2024-12-24,Consumer
CUST_02847,Ava,Gonzalez,ava.gonzalez2847@example-domain.com,Raleigh,North Carolina,27601,2023-03-06,Corporate
CUST_02848,Chris,Jones,chris.jones2848@example-domain.com,Seattle,Washington,98101,2024-11-02,Consumer
CUST_02849,Mia,Hernandez,mia.hernandez2849@example-domain.com,Denver,Colorado,80202,2023-05-24,Consumer
CUST_02850,Cameron,Martinez,cameron.martinez2850@example-domain.com,Boston,Massachusetts,02108,2023-03-11,Consumer
CUST_02851,Emma,Gonzalez,emma.gonzalez2851@example-domain.com,Philadelphia,Pennsylvania,19102,2024-09-12,Consumer
CUST_02852,Chris,Jackson,chris.jackson2852@example-domain.com,Raleigh,North Carolina,27601,2024-11-05,Consumer
CUST_02853,Ava,Rodriguez,ava.rodriguez2853@example-domain.com,Buffalo,New York,14201,2024-12-15,Consumer
CUST_02854,Ethan,Jackson,ethan.jackson2854@example-domain.com,Seattle,Washington,98101,2024-08-21,Small Business
CUST_02855,Jackson,Gonzalez,jackson.gonzalez2855@example-domain.com,San Diego,California,92101,2023-02-16,Consumer
CUST_02856,Alex,Garcia,alex.garcia2856@example-domain.com,Dallas,Texas,75201,2023-04-09,Consumer
CUST_02857,Morgan,Thomas,morgan.thomas2857@example-domain.com,Philadelphia,Pennsylvania,19102,2023-11-28,Consumer
CUST_02858,Riley,Davis,riley.davis2858@example-domain.com,New York City,New York,10001,2023-06-28,Consumer
CUST_02859,Liam,Wilson,liam.wilson2859@example-domain.com,San Diego,California,92101,2023-03-05,Consumer
CUST_02860,Jackson,Rodriguez,jackson.rodriguez2860@example-domain.com,New York City,New York,10001,2023-02-08,Consumer
CUST_02861,Taylor,Anderson,taylor.anderson2861@example-domain.com,Seattle,Washington,98101,2024-09-13,Corporate
CUST_02862,Alex,Garcia,alex.garcia2862@example-domain.com,Chicago,Illinois,60601,2023-04-21,Consumer
CUST_02863,Noah,Gonzalez,noah.gonzalez2863@example-domain.com,Buffalo,New York,14201,2024-10-14,Small Business
CUST_02864,Mia,Moore,mia.moore2864@example-domain.com,Austin,Texas,78701,2023-07-20,Consumer
CUST_02865,Cameron,Thomas,cameron.thomas2865@example-domain.com,Denver,Colorado,80202,2024-11-26,Consumer
CUST_02866,Dakota,Davis,dakota.davis2866@example-domain.com,Austin,Texas,78701,2023-06-15,Consumer
CUST_02867,Olivia,Taylor,olivia.taylor2867@example-domain.com,Austin,Texas,78701,2023-03-30,Consumer
CUST_02868,Mia,Smith,mia.smith2868@example-domain.com,New York City,New York,10001,2023-07-28,Corporate
CUST_02869,Jordan,Jones,jordan.jones2869@example-domain.com,Los Angeles,California,90001,2024-01-04,Consumer
CUST_02870,Olivia,Jackson,olivia.jackson2870@example-domain.com,Columbus,Ohio,43215,2023-03-15,Consumer
CUST_02871,Ethan,Garcia,ethan.garcia2871@example-domain.com,Raleigh,North Carolina,27601,2024-05-23,Corporate
CUST_02872,Pat,Miller,pat.miller2872@example-domain.com,Philadelphia,Pennsylvania,19102,2024-05-27,Small Business
CUST_02873,Sophia,Lopez,sophia.lopez2873@example-domain.com,Columbus,Ohio,43215,2023-05-22,Corporate
CUST_02874,Taylor,Anderson,taylor.anderson2874@example-domain.com,Atlanta,Georgia,30301,2024-10-02,Consumer
CUST_02875,Liam,Williams,liam.williams2875@example-domain.com,San Diego,California,92101,2023-05-11,Corporate
CUST_02876,Ava,Martinez,ava.martinez2876@example-domain.com,New York City,New York,10001,2023-05-01,Consumer
CUST_02877,Emma,Davis,emma.davis2877@example-domain.com,San Francisco,California,94102,2024-09-07,Consumer
CUST_02878,Lucas,Hernandez,lucas.hernandez2878@example-domain.com,Los Angeles,California,90001,2023-08-18,Consumer
CUST_02879,Dakota,Rodriguez,dakota.rodriguez2879@example-domain.com,Boston,Massachusetts,02108,2024-12-21,Consumer
CUST_02880,Sophia,Williams,sophia.williams2880@example-domain.com,Houston,Texas,77001,2023-10-22,Consumer
CUST_02881,Taylor,Moore,taylor.moore2881@example-domain.com,Dallas,Texas,75201,2024-06-14,Consumer
CUST_02882,Jackson,Taylor,jackson.taylor2882@example-domain.com,Orlando,Florida,32801,2024-02-13,Corporate
CUST_02883,Jackson,Johnson,jackson.johnson2883@example-domain.com,Columbus,Ohio,43215,2024-12-15,Consumer
CUST_02884,Morgan,Jackson,morgan.jackson2884@example-domain.com,Philadelphia,Pennsylvania,19102,2023-09-27,Consumer
CUST_02885,Alex,Johnson,alex.johnson2885@example-domain.com,Chicago,Illinois,60601,2024-03-07,Consumer
CUST_02886,Cameron,Miller,cameron.miller2886@example-domain.com,Chicago,Illinois,60601,2023-03-02,Small Business
CUST_02887,Sam,Miller,sam.miller2887@example-domain.com,Columbus,Ohio,43215,2023-12-04,Consumer
CUST_02888,Jordan,Davis,jordan.davis2888@example-domain.com,Philadelphia,Pennsylvania,19102,2023-03-16,Consumer
CUST_02889,Mia,Martin,mia.martin2889@example-domain.com,San Francisco,California,94102,2023-12-21,Corporate
CUST_02890,Taylor,Wilson,taylor.wilson2890@example-domain.com,San Diego,California,92101,2024-07-18,Corporate
CUST_02891,Emma,Jones,emma.jones2891@example-domain.com,Miami,Florida,33101,2023-02-12,Consumer
CUST_02892,Morgan,Johnson,morgan.johnson2892@example-domain.com,Philadelphia,Pennsylvania,19102,2024-06-03,Consumer
CUST_02893,Riley,Lopez,riley.lopez2893@example-domain.com,Atlanta,Georgia,30301,2024-05-04,Corporate
CUST_02894,Dakota,Davis,dakota.davis2894@example-domain.com,Los Angeles,California,90001,2023-02-26,Consumer
CUST_02895,Alex,Miller,alex.miller2895@example-domain.com,Columbus,Ohio,43215,2024-09-14,Consumer
CUST_02896,Liam,Smith,liam.smith2896@example-domain.com,Columbus,Ohio,43215,2024-05-08,Corporate
CUST_02897,Jordan,Gonzalez,jordan.gonzalez2897@example-domain.com,Boston,Massachusetts,02108,2024-12-13,Consumer
CUST_02898,Sam,Wilson,sam.wilson2898@example-domain.com,Atlanta,Georgia,30301,2024-07-16,Consumer
CUST_02899,Sam,Brown,sam.brown2899@example-domain.com,Denver,Colorado,80202,2023-05-01,Consumer
CUST_02900,Jackson,Lopez,jackson.lopez2900@example-domain.com,Seattle,Washington,98101,2023-07-18,Consumer
CUST_02901,Ethan,Wilson,ethan.wilson2901@example-domain.com,San Francisco,California,94102,2023-09-01,Consumer
CUST_02902,Riley,Williams,riley.williams2902@example-domain.com,Los Angeles,California,90001,2023-08-21,Corporate
CUST_02903,Olivia,Moore,olivia.moore2903@example-domain.com,San Francisco,California,94102,2023-01-16,Consumer
CUST_02904,Riley,Johnson,riley.johnson2904@example-domain.com,San Diego,California,92101,2023-02-28,Consumer
CUST_02905,Sam,Anderson,sam.anderson2905@example-domain.com,Houston,Texas,77001,2023-10-17,Consumer
CUST_02906,Jordan,Hernandez,jordan.hernandez2906@example-domain.com,Seattle,Washington,98101,2024-09-08,Consumer
CUST_02907,Riley,Martinez,riley.martinez2907@example-domain.com,Buffalo,New York,14201,2024-09-12,Small Business
CUST_02908,Liam,Thomas,liam.thomas2908@example-domain.com,New York City,New York,10001,2024-11-03,Consumer
CUST_02909,Taylor,Williams,taylor.williams2909@example-domain.com,Miami,Florida,33101,2024-07-10,Consumer
CUST_02910,Pat,Thomas,pat.thomas2910@example-domain.com,Seattle,Washington,98101,2023-08-14,Consumer
CUST_02911,Noah,Martinez,noah.martinez2911@example-domain.com,Seattle,Washington,98101,2024-07-18,Consumer
CUST_02912,Dakota,Davis,dakota.davis2912@example-domain.com,Raleigh,North Carolina,27601,2023-10-01,Consumer
CUST_02913,Ethan,Moore,ethan.moore2913@example-domain.com,Raleigh,North Carolina,27601,2023-04-17,Corporate
CUST_02914,Jordan,Lopez,jordan.lopez2914@example-domain.com,Atlanta,Georgia,30301,2024-12-23,Small Business
CUST_02915,Jackson,Thomas,jackson.thomas2915@example-domain.com,Miami,Florida,33101,2023-03-22,Consumer
CUST_02916,Pat,Jones,pat.jones2916@example-domain.com,Raleigh,North Carolina,27601,2023-08-25,Consumer
CUST_02917,Dakota,Moore,dakota.moore2917@example-domain.com,Austin,Texas,78701,2023-05-06,Corporate
CUST_02918,Sophia,Jones,sophia.jones2918@example-domain.com,San Francisco,California,94102,2023-08-29,Corporate
CUST_02919,Noah,Anderson,noah.anderson2919@example-domain.com,New York City,New York,10001,2023-01-22,Consumer
CUST_02920,Emma,Johnson,emma.johnson2920@example-domain.com,Miami,Florida,33101,2023-10-12,Consumer
CUST_02921,Mia,Gonzalez,mia.gonzalez2921@example-domain.com,Orlando,Florida,32801,2023-03-28,Consumer
CUST_02922,Jordan,Rodriguez,jordan.rodriguez2922@example-domain.com,Boston,Massachusetts,02108,2024-05-22,Corporate
CUST_02923,Alex,Gonzalez,alex.gonzalez2923@example-domain.com,Boston,Massachusetts,02108,2024-03-30,Corporate
CUST_02924,Jordan,Davis,jordan.davis2924@example-domain.com,Austin,Texas,78701,2024-01-24,Consumer
CUST_02925,Chris,Wilson,chris.wilson2925@example-domain.com,Columbus,Ohio,43215,2023-02-23,Consumer
CUST_02926,Dakota,Johnson,dakota.johnson2926@example-domain.com,Columbus,Ohio,43215,2023-12-23,Small Business
CUST_02927,Alex,Martin,alex.martin2927@example-domain.com,Chicago,Illinois,60601,2023-09-26,Corporate
CUST_02928,Mia,Miller,mia.miller2928@example-domain.com,Los Angeles,California,90001,2023-12-16,Small Business
CUST_02929,Jackson,Wilson,jackson.wilson2929@example-domain.com,Atlanta,Georgia,30301,2023-02-28,Corporate
CUST_02930,Morgan,Moore,morgan.moore2930@example-domain.com,Boston,Massachusetts,02108,2024-11-25,Consumer
CUST_02931,Dakota,Moore,dakota.moore2931@example-domain.com,Denver,Colorado,80202,2024-03-10,Consumer
CUST_02932,Mia,Jackson,mia.jackson2932@example-domain.com,Raleigh,North Carolina,27601,2023-09-24,Consumer
CUST_02933,Chris,Gonzalez,chris.gonzalez2933@example-domain.com,Denver,Colorado,80202,2023-09-01,Consumer
CUST_02934,Sam,Smith,sam.smith2934@example-domain.com,Miami,Florida,33101,2024-11-29,Consumer
CUST_02935,Cameron,Williams,cameron.williams2935@example-domain.com,Dallas,Texas,75201,2024-07-09,Corporate
CUST_02936,Dakota,Hernandez,dakota.hernandez2936@example-domain.com,Boston,Massachusetts,02108,2023-02-09,Consumer
CUST_02937,Jackson,Rodriguez,jackson.rodriguez2937@example-domain.com,Seattle,Washington,98101,2023-10-03,Corporate
CUST_02938,Cameron,Martin,cameron.martin2938@example-domain.com,Los Angeles,California,90001,2023-05-08,Consumer
CUST_02939,Dakota,Jackson,dakota.jackson2939@example-domain.com,Chicago,Illinois,60601,2023-09-28,Small Business
CUST_02940,Chris,Anderson,chris.anderson2940@example-domain.com,Denver,Colorado,80202,2023-01-18,Consumer
CUST_02941,Noah,Smith,noah.smith2941@example-domain.com,Denver,Colorado,80202,2023-02-07,Consumer
CUST_02942,Sophia,Thomas,sophia.thomas2942@example-domain.com,Columbus,Ohio,43215,2023-08-12,Consumer
CUST_02943,Olivia,Johnson,olivia.johnson2943@example-domain.com,San Diego,California,92101,2023-10-11,Consumer
CUST_02944,Jackson,Moore,jackson.moore2944@example-domain.com,Chicago,Illinois,60601,2023-03-07,Corporate
CUST_02945,Noah,Garcia,noah.garcia2945@example-domain.com,Miami,Florida,33101,2023-10-10,Corporate
CUST_02946,Cameron,Thomas,cameron.thomas2946@example-domain.com,Buffalo,New York,14201,2023-08-21,Consumer
CUST_02947,Chris,Jones,chris.jones2947@example-domain.com,San Francisco,California,94102,2023-08-27,Consumer
CUST_02948,Morgan,Johnson,morgan.johnson2948@example-domain.com,Houston,Texas,77001,2024-12-01,Consumer
CUST_02949,Ava,Anderson,ava.anderson2949@example-domain.com,Chicago,Illinois,60601,2023-02-12,Consumer
CUST_02950,Lucas,Davis,lucas.davis2950@example-domain.com,San Francisco,California,94102,2023-09-23,Small Business
CUST_02951,Cameron,Smith,cameron.smith2951@example-domain.com,Seattle,Washington,98101,2024-07-07,Corporate
CUST_02952,Jordan,Martin,jordan.martin2952@example-domain.com,Dallas,Texas,75201,2023-12-25,Consumer
CUST_02953,Morgan,Williams,morgan.williams2953@example-domain.com,Raleigh,North Carolina,27601,2024-03-30,Corporate
CUST_02954,Morgan,Taylor,morgan.taylor2954@example-domain.com,San Diego,California,92101,2023-08-31,Consumer
CUST_02955,Pat,Hernandez,pat.hernandez2955@example-domain.com,Seattle,Washington,98101,2024-11-28,Small Business
CUST_02956,Olivia,Williams,olivia.williams2956@example-domain.com,Atlanta,Georgia,30301,2023-10-17,Consumer
CUST_02957,Sam,Smith,sam.smith2957@example-domain.com,Chicago,Illinois,60601,2024-09-13,Corporate
CUST_02958,Sophia,Hernandez,sophia.hernandez2958@example-domain.com,Atlanta,Georgia,30301,2024-10-29,Corporate
CUST_02959,Sophia,Thomas,sophia.thomas2959@example-domain.com,Orlando,Florida,32801,2024-09-28,Consumer
CUST_02960,Alex,Garcia,alex.garcia2960@example-domain.com,Seattle,Washington,98101,2023-02-15,Corporate
CUST_02961,Dakota,Jones,dakota.jones2961@example-domain.com,Los Angeles,California,90001,2023-04-19,Consumer
CUST_02962,Jackson,Miller,jackson.miller2962@example-domain.com,Chicago,Illinois,60601,2024-06-07,Consumer
CUST_02963,Ava,Jackson,ava.jackson2963@example-domain.com,Seattle,Washington,98101,2023-08-09,Consumer
CUST_02964,Liam,Jackson,liam.jackson2964@example-domain.com,San Francisco,California,94102,2024-11-03,Small Business
CUST_02965,Sam,Gonzalez,sam.gonzalez2965@example-domain.com,San Diego,California,92101,2023-03-21,Corporate
CUST_02966,Riley,Jackson,riley.jackson2966@example-domain.com,Raleigh,North Carolina,27601,2024-08-11,Corporate
CUST_02967,Lucas,Wilson,lucas.wilson2967@example-domain.com,Columbus,Ohio,43215,2023-05-05,Corporate
CUST_02968,Ava,Johnson,ava.johnson2968@example-domain.com,Philadelphia,Pennsylvania,19102,2024-11-06,Consumer
CUST_02969,Ava,Taylor,ava.taylor2969@example-domain.com,Denver,Colorado,80202,2023-11-21,Small Business
CUST_02970,Cameron,Miller,cameron.miller2970@example-domain.com,Orlando,Florida,32801,2023-09-07,Consumer
CUST_02971,Ethan,Davis,ethan.davis2971@example-domain.com,Seattle,Washington,98101,2023-08-25,Consumer
CUST_02972,Noah,Hernandez,noah.hernandez2972@example-domain.com,New York City,New York,10001,2024-12-10,Consumer
CUST_02973,Riley,Anderson,riley.anderson2973@example-domain.com,Atlanta,Georgia,30301,2024-01-06,Corporate
CUST_02974,Taylor,Lopez,taylor.lopez2974@example-domain.com,Columbus,Ohio,43215,2024-06-01,Corporate
CUST_02975,Taylor,Lopez,taylor.lopez2975@example-domain.com,Philadelphia,Pennsylvania,19102,2024-09-11,Consumer
CUST_02976,Riley,Anderson,riley.anderson2976@example-domain.com,Atlanta,Georgia,30301,2023-08-24,Consumer
CUST_02977,Mia,Jones,mia.jones2977@example-domain.com,Columbus,Ohio,43215,2023-09-08,Corporate
CUST_02978,Olivia,Jackson,olivia.jackson2978@example-domain.com,Buffalo,New York,14201,2024-09-12,Consumer
CUST_02979,Cameron,Martinez,cameron.martinez2979@example-domain.com,Chicago,Illinois,60601,2023-11-18,Corporate
CUST_02980,Morgan,Williams,morgan.williams2980@example-domain.com,Atlanta,Georgia,30301,2024-03-07,Small Business
CUST_02981,Ava,Jones,ava.jones2981@example-domain.com,Philadelphia,Pennsylvania,19102,2024-10-09,Consumer
CUST_02982,Pat,Garcia,pat.garcia2982@example-domain.com,Denver,Colorado,80202,2023-01-16,Consumer
CUST_02983,Chris,Brown,chris.brown2983@example-domain.com,Atlanta,Georgia,30301,2023-09-27,Corporate
CUST_02984,Lucas,Thomas,lucas.thomas2984@example-domain.com,New York City,New York,10001,2023-05-10,Corporate
CUST_02985,Jordan,Wilson,jordan.wilson2985@example-domain.com,Los Angeles,California,90001,2024-12-07,Consumer
CUST_02986,Chris,Williams,chris.williams2986@example-domain.com,Buffalo,New York,14201,2024-06-11,Small Business
CUST_02987,Ava,Gonzalez,ava.gonzalez2987@example-domain.com,Atlanta,Georgia,30301,2023-12-29,Consumer
CUST_02988,Sam,Gonzalez,sam.gonzalez2988@example-domain.com,Columbus,Ohio,43215,2023-09-05,Consumer
CUST_02989,Dakota,Brown,dakota.brown2989@example-domain.com,Chicago,Illinois,60601,2023-12-11,Corporate
CUST_02990,Mia,Martin,mia.martin2990@example-domain.com,New York City,New York,10001,2023-02-16,Corporate
CUST_02991,Taylor,Lopez,taylor.lopez2991@example-domain.com,Denver,Colorado,80202,2024-02-23,Consumer
CUST_02992,Noah,Wilson,noah.wilson2992@example-domain.com,Orlando,Florida,32801,2024-05-03,Corporate
CUST_02993,Sam,Garcia,sam.garcia2993@example-domain.com,Raleigh,North Carolina,27601,2023-03-27,Consumer
CUST_02994,Sam,Smith,sam.smith2994@example-domain.com,Seattle,Washington,98101,2024-11-21,Consumer
CUST_02995,Noah,Gonzalez,noah.gonzalez2995@example-domain.com,Chicago,Illinois,60601,2024-03-25,Consumer
CUST_02996,Chris,Taylor,chris.taylor2996@example-domain.com,Miami,Florida,33101,2023-04-10,Corporate
CUST_02997,Riley,Martinez,riley.martinez2997@example-domain.com,Philadelphia,Pennsylvania,19102,2023-12-16,Consumer
CUST_02998,Jordan,Jackson,jordan.jackson2998@example-domain.com,Raleigh,North Carolina,27601,2024-06-21,Consumer
CUST_02999,Mia,Taylor,mia.taylor2999@example-domain.com,Atlanta,Georgia,30301,2023-10-20,Consumer
CUST_03000,Ethan,Gonzalez,ethan.gonzalez3000@example-domain.com,Chicago,Illinois,60601,2023-07-02,Corporate
CUST_03001,Sam,Johnson,sam.johnson3001@example-domain.com,Austin,Texas,78701,2024-03-16,Consumer
CUST_03002,Ava,Rodriguez,ava.rodriguez3002@example-domain.com,Chicago,Illinois,60601,2023-04-12,Corporate
CUST_03003,Sophia,Martinez,sophia.martinez3003@example-domain.com,Houston,Texas,77001,2023-05-02,Consumer
CUST_03004,Dakota,Rodriguez,dakota.rodriguez3004@example-domain.com,Philadelphia,Pennsylvania,19102,2024-03-25,Consumer
CUST_03005,Riley,Garcia,riley.garcia3005@example-domain.com,Orlando,Florida,32801,2023-09-23,Consumer
CUST_03006,Jackson,Brown,jackson.brown3006@example-domain.com,Dallas,Texas,75201,2024-11-13,Corporate
CUST_03007,Cameron,Jones,cameron.jones3007@example-domain.com,New York City,New York,10001,2023-07-31,Small Business
CUST_03008,Lucas,Taylor,lucas.taylor3008@example-domain.com,Houston,Texas,77001,2023-01-29,Consumer
CUST_03009,Jackson,Johnson,jackson.johnson3009@example-domain.com,Columbus,Ohio,43215,2024-07-04,Consumer
CUST_03010,Pat,Smith,pat.smith3010@example-domain.com,Philadelphia,Pennsylvania,19102,2023-01-27,Consumer
CUST_03011,Sophia,Miller,sophia.miller3011@example-domain.com,Orlando,Florida,32801,2024-08-07,Consumer
CUST_03012,Olivia,Anderson,olivia.anderson3012@example-domain.com,Raleigh,North Carolina,27601,2023-05-10,Consumer
CUST_03013,Noah,Martinez,noah.martinez3013@example-domain.com,New York City,New York,10001,2024-12-24,Consumer
CUST_03014,Morgan,Anderson,morgan.anderson3014@example-domain.com,Atlanta,Georgia,30301,2024-05-20,Consumer
CUST_03015,Cameron,Williams,cameron.williams3015@example-domain.com,Buffalo,New York,14201,2023-10-13,Consumer
CUST_03016,Morgan,Lopez,morgan.lopez3016@example-domain.com,San Diego,California,92101,2023-08-16,Consumer
CUST_03017,Taylor,Hernandez,taylor.hernandez3017@example-domain.com,Houston,Texas,77001,2024-06-03,Corporate
CUST_03018,Ethan,Rodriguez,ethan.rodriguez3018@example-domain.com,Denver,Colorado,80202,2024-10-07,Consumer
CUST_03019,Ava,Williams,ava.williams3019@example-domain.com,Chicago,Illinois,60601,2023-02-09,Consumer
CUST_03020,Olivia,Brown,olivia.brown3020@example-domain.com,Raleigh,North Carolina,27601,2023-11-22,Corporate
CUST_03021,Pat,Moore,pat.moore3021@example-domain.com,San Francisco,California,94102,2024-10-11,Consumer
CUST_03022,Alex,Davis,alex.davis3022@example-domain.com,Buffalo,New York,14201,2024-08-23,Consumer
CUST_03023,Liam,Davis,liam.davis3023@example-domain.com,Austin,Texas,78701,2023-09-29,Consumer
CUST_03024,Emma,Jones,emma.jones3024@example-domain.com,Philadelphia,Pennsylvania,19102,2023-07-11,Consumer
CUST_03025,Emma,Martinez,emma.martinez3025@example-domain.com,Buffalo,New York,14201,2023-07-23,Consumer
CUST_03026,Taylor,Taylor,taylor.taylor3026@example-domain.com,Austin,Texas,78701,2023-01-04,Consumer
CUST_03027,Olivia,Williams,olivia.williams3027@example-domain.com,Philadelphia,Pennsylvania,19102,2024-07-25,Small Business
CUST_03028,Jackson,Miller,jackson.miller3028@example-domain.com,Houston,Texas,77001,2023-02-09,Consumer
CUST_03029,Olivia,Rodriguez,olivia.rodriguez3029@example-domain.com,Boston,Massachusetts,02108,2024-10-08,Consumer
CUST_03030,Mia,Davis,mia.davis3030@example-domain.com,Seattle,Washington,98101,2024-05-10,Consumer
CUST_03031,Ava,Garcia,ava.garcia3031@example-domain.com,Orlando,Florida,32801,2023-08-26,Consumer
CUST_03032,Dakota,Thomas,dakota.thomas3032@example-domain.com,Philadelphia,Pennsylvania,19102,2024-10-07,Consumer
CUST_03033,Liam,Martin,liam.martin3033@example-domain.com,Seattle,Washington,98101,2024-07-10,Corporate
CUST_03034,Emma,Martinez,emma.martinez3034@example-domain.com,New York City,New York,10001,2023-08-13,Consumer
CUST_03035,Morgan,Martinez,morgan.martinez3035@example-domain.com,Atlanta,Georgia,30301,2024-04-02,Consumer
CUST_03036,Ethan,Davis,ethan.davis3036@example-domain.com,Atlanta,Georgia,30301,2023-04-29,Consumer
CUST_03037,Chris,Anderson,chris.anderson3037@example-domain.com,Chicago,Illinois,60601,2024-11-07,Consumer
CUST_03038,Morgan,Lopez,morgan.lopez3038@example-domain.com,Boston,Massachusetts,02108,2024-12-22,Small Business
CUST_03039,Sam,Thomas,sam.thomas3039@example-domain.com,Philadelphia,Pennsylvania,19102,2024-09-07,Consumer
CUST_03040,Olivia,Davis,olivia.davis3040@example-domain.com,Los Angeles,California,90001,2023-10-25,Consumer
CUST_03041,Cameron,Taylor,cameron.taylor3041@example-domain.com,Austin,Texas,78701,2024-02-23,Consumer
CUST_03042,Jordan,Moore,jordan.moore3042@example-domain.com,Chicago,Illinois,60601,2023-09-25,Small Business
CUST_03043,Ethan,Wilson,ethan.wilson3043@example-domain.com,Boston,Massachusetts,02108,2024-03-28,Consumer
CUST_03044,Olivia,Gonzalez,olivia.gonzalez3044@example-domain.com,Miami,Florida,33101,2023-02-25,Consumer
CUST_03045,Cameron,Thomas,cameron.thomas3045@example-domain.com,Dallas,Texas,75201,2023-12-14,Corporate
CUST_03046,Jordan,Martinez,jordan.martinez3046@example-domain.com,Denver,Colorado,80202,2024-02-24,Corporate
CUST_03047,Riley,Jackson,riley.jackson3047@example-domain.com,Houston,Texas,77001,2024-07-02,Consumer
CUST_03048,Pat,Brown,pat.brown3048@example-domain.com,Chicago,Illinois,60601,2023-05-13,Consumer
CUST_03049,Jackson,Moore,jackson.moore3049@example-domain.com,Los Angeles,California,90001,2023-01-22,Consumer
CUST_03050,Liam,Williams,liam.williams3050@example-domain.com,Chicago,Illinois,60601,2023-12-28,Consumer
CUST_03051,Lucas,Williams,lucas.williams3051@example-domain.com,San Francisco,California,94102,2024-06-15,Consumer
CUST_03052,Pat,Lopez,pat.lopez3052@example-domain.com,Columbus,Ohio,43215,2023-07-23,Consumer
CUST_03053,Chris,Moore,chris.moore3053@example-domain.com,Boston,Massachusetts,02108,2023-08-23,Consumer
CUST_03054,Dakota,Garcia,dakota.garcia3054@example-domain.com,Seattle,Washington,98101,2023-12-06,Consumer
CUST_03055,Olivia,Miller,olivia.miller3055@example-domain.com,Columbus,Ohio,43215,2023-09-12,Consumer
CUST_03056,Alex,Johnson,alex.johnson3056@example-domain.com,Los Angeles,California,90001,2024-06-23,Small Business
CUST_03057,Morgan,Taylor,morgan.taylor3057@example-domain.com,Boston,Massachusetts,02108,2024-05-11,Consumer
CUST_03058,Jordan,Garcia,jordan.garcia3058@example-domain.com,Orlando,Florida,32801,2023-11-05,Consumer
CUST_03059,Alex,Davis,alex.davis3059@example-domain.com,Dallas,Texas,75201,2023-02-04,Consumer
CUST_03060,Cameron,Brown,cameron.brown3060@example-domain.com,Boston,Massachusetts,02108,2024-11-02,Small Business
CUST_03061,Liam,Jones,liam.jones3061@example-domain.com,Miami,Florida,33101,2023-03-28,Consumer
CUST_03062,Taylor,Williams,taylor.williams3062@example-domain.com,Raleigh,North Carolina,27601,2024-12-21,Consumer
CUST_03063,Olivia,Smith,olivia.smith3063@example-domain.com,Los Angeles,California,90001,2024-07-08,Consumer
CUST_03064,Jackson,Jones,jackson.jones3064@example-domain.com,New York City,New York,10001,2024-08-25,Consumer
CUST_03065,Liam,Miller,liam.miller3065@example-domain.com,Orlando,Florida,32801,2023-11-28,Consumer
CUST_03066,Olivia,Taylor,olivia.taylor3066@example-domain.com,Los Angeles,California,90001,2023-11-06,Consumer
CUST_03067,Cameron,Anderson,cameron.anderson3067@example-domain.com,Austin,Texas,78701,2023-04-13,Consumer
CUST_03068,Cameron,Jackson,cameron.jackson3068@example-domain.com,Philadelphia,Pennsylvania,19102,2024-01-21,Small Business
CUST_03069,Dakota,Wilson,dakota.wilson3069@example-domain.com,San Diego,California,92101,2023-08-16,Consumer
CUST_03070,Olivia,Moore,olivia.moore3070@example-domain.com,Miami,Florida,33101,2024-05-09,Consumer
CUST_03071,Dakota,Moore,dakota.moore3071@example-domain.com,Raleigh,North Carolina,27601,2023-09-08,Corporate
CUST_03072,Liam,Smith,liam.smith3072@example-domain.com,Philadelphia,Pennsylvania,19102,2024-02-08,Consumer
CUST_03073,Sophia,Moore,sophia.moore3073@example-domain.com,New York City,New York,10001,2024-04-08,Consumer
CUST_03074,Riley,Jackson,riley.jackson3074@example-domain.com,Los Angeles,California,90001,2024-02-11,Consumer
CUST_03075,Riley,Anderson,riley.anderson3075@example-domain.com,Seattle,Washington,98101,2024-05-03,Consumer
CUST_03076,Mia,Brown,mia.brown3076@example-domain.com,Orlando,Florida,32801,2023-12-07,Corporate
CUST_03077,Sam,Williams,sam.williams3077@example-domain.com,New York City,New York,10001,2024-07-28,Small Business
CUST_03078,Chris,Miller,chris.miller3078@example-domain.com,Philadelphia,Pennsylvania,19102,2024-08-30,Consumer
CUST_03079,Riley,Williams,riley.williams3079@example-domain.com,Buffalo,New York,14201,2024-02-17,Consumer
CUST_03080,Jackson,Thomas,jackson.thomas3080@example-domain.com,Raleigh,North Carolina,27601,2024-08-03,Small Business
CUST_03081,Riley,Johnson,riley.johnson3081@example-domain.com,Philadelphia,Pennsylvania,19102,2023-09-16,Corporate
CUST_03082,Olivia,Martinez,olivia.martinez3082@example-domain.com,Chicago,Illinois,60601,2023-06-04,Corporate
CUST_03083,Jordan,Hernandez,jordan.hernandez3083@example-domain.com,Atlanta,Georgia,30301,2023-01-06,Consumer
CUST_03084,Cameron,Miller,cameron.miller3084@example-domain.com,Columbus,Ohio,43215,2024-05-15,Consumer
CUST_03085,Lucas,Thomas,lucas.thomas3085@example-domain.com,Chicago,Illinois,60601,2024-10-29,Corporate
CUST_03086,Riley,Hernandez,riley.hernandez3086@example-domain.com,Denver,Colorado,80202,2024-12-26,Consumer
CUST_03087,Emma,Taylor,emma.taylor3087@example-domain.com,Columbus,Ohio,43215,2023-03-25,Consumer
CUST_03088,Morgan,Wilson,morgan.wilson3088@example-domain.com,San Diego,California,92101,2024-01-20,Consumer
CUST_03089,Sam,Smith,sam.smith3089@example-domain.com,Houston,Texas,77001,2024-06-16,Consumer
CUST_03090,Morgan,Garcia,morgan.garcia3090@example-domain.com,Austin,Texas,78701,2024-03-24,Consumer
CUST_03091,Morgan,Johnson,morgan.johnson3091@example-domain.com,Atlanta,Georgia,30301,2024-05-22,Consumer
CUST_03092,Chris,Taylor,chris.taylor3092@example-domain.com,Philadelphia,Pennsylvania,19102,2023-05-24,Small Business
CUST_03093,Lucas,Wilson,lucas.wilson3093@example-domain.com,Boston,Massachusetts,02108,2023-01-10,Consumer
CUST_03094,Dakota,Brown,dakota.brown3094@example-domain.com,Atlanta,Georgia,30301,2023-10-29,Corporate
CUST_03095,Cameron,Taylor,cameron.taylor3095@example-domain.com,Chicago,Illinois,60601,2024-09-21,Consumer
CUST_03096,Sophia,Jackson,sophia.jackson3096@example-domain.com,Houston,Texas,77001,2023-05-25,Consumer
CUST_03097,Dakota,Taylor,dakota.taylor3097@example-domain.com,Austin,Texas,78701,2024-09-20,Small Business
CUST_03098,Sophia,Taylor,sophia.taylor3098@example-domain.com,Miami,Florida,33101,2024-04-28,Consumer
CUST_03099,Noah,Miller,noah.miller3099@example-domain.com,Chicago,Illinois,60601,2023-05-19,Consumer
CUST_03100,Chris,Taylor,chris.taylor3100@example-domain.com,Philadelphia,Pennsylvania,19102,2023-01-11,Consumer
CUST_03101,Ethan,Wilson,ethan.wilson3101@example-domain.com,Houston,Texas,77001,2023-06-03,Consumer
CUST_03102,Emma,Williams,emma.williams3102@example-domain.com,Los Angeles,California,90001,2023-11-16,Corporate
CUST_03103,Pat,Miller,pat.miller3103@example-domain.com,New York City,New York,10001,2024-07-04,Small Business
CUST_03104,Noah,Hernandez,noah.hernandez3104@example-domain.com,New York City,New York,10001,2023-03-04,Consumer
CUST_03105,Jackson,Anderson,jackson.anderson3105@example-domain.com,Houston,Texas,77001,2023-03-10,Consumer
CUST_03106,Sophia,Moore,sophia.moore3106@example-domain.com,Dallas,Texas,75201,2023-12-20,Consumer
CUST_03107,Alex,Miller,alex.miller3107@example-domain.com,Miami,Florida,33101,2023-10-19,Corporate
CUST_03108,Olivia,Jackson,olivia.jackson3108@example-domain.com,Orlando,Florida,32801,2024-01-12,Consumer
CUST_03109,Jackson,Gonzalez,jackson.gonzalez3109@example-domain.com,Miami,Florida,33101,2024-07-28,Consumer
CUST_03110,Lucas,Miller,lucas.miller3110@example-domain.com,San Diego,California,92101,2024-08-29,Consumer
CUST_03111,Sam,Brown,sam.brown3111@example-domain.com,Austin,Texas,78701,2023-10-14,Consumer
CUST_03112,Chris,Rodriguez,chris.rodriguez3112@example-domain.com,New York City,New York,10001,2023-05-10,Consumer
CUST_03113,Ava,Jackson,ava.jackson3113@example-domain.com,Boston,Massachusetts,02108,2023-12-05,Corporate
CUST_03114,Mia,Jackson,mia.jackson3114@example-domain.com,Miami,Florida,33101,2024-09-22,Consumer
CUST_03115,Emma,Miller,emma.miller3115@example-domain.com,Houston,Texas,77001,2023-01-03,Consumer
CUST_03116,Riley,Miller,riley.miller3116@example-domain.com,San Diego,California,92101,2024-09-21,Corporate
CUST_03117,Sam,Jones,sam.jones3117@example-domain.com,Houston,Texas,77001,2024-05-01,Corporate
CUST_03118,Alex,Hernandez,alex.hernandez3118@example-domain.com,San Diego,California,92101,2023-02-23,Consumer
CUST_03119,Sam,Taylor,sam.taylor3119@example-domain.com,Denver,Colorado,80202,2024-03-11,Consumer
CUST_03120,Emma,Hernandez,emma.hernandez3120@example-domain.com,Orlando,Florida,32801,2024-05-27,Consumer
CUST_03121,Morgan,Davis,morgan.davis3121@example-domain.com,Columbus,Ohio,43215,2024-02-07,Consumer
CUST_03122,Liam,Gonzalez,liam.gonzalez3122@example-domain.com,Philadelphia,Pennsylvania,19102,2023-12-30,Consumer
CUST_03123,Dakota,Taylor,dakota.taylor3123@example-domain.com,Chicago,Illinois,60601,2024-06-27,Consumer
CUST_03124,Taylor,Martin,taylor.martin3124@example-domain.com,Austin,Texas,78701,2023-06-20,Consumer
CUST_03125,Cameron,Jones,cameron.jones3125@example-domain.com,Atlanta,Georgia,30301,2024-07-27,Corporate
CUST_03126,Noah,Thomas,noah.thomas3126@example-domain.com,Miami,Florida,33101,2024-12-02,Consumer
CUST_03127,Morgan,Moore,morgan.moore3127@example-domain.com,Atlanta,Georgia,30301,2024-10-29,Consumer
CUST_03128,Sophia,Garcia,sophia.garcia3128@example-domain.com,Los Angeles,California,90001,2024-01-10,Consumer
CUST_03129,Noah,Lopez,noah.lopez3129@example-domain.com,Atlanta,Georgia,30301,2023-08-07,Small Business
CUST_03130,Jackson,Moore,jackson.moore3130@example-domain.com,Austin,Texas,78701,2024-01-27,Corporate
CUST_03131,Sophia,Garcia,sophia.garcia3131@example-domain.com,Los Angeles,California,90001,2023-07-20,Corporate
CUST_03132,Noah,Lopez,noah.lopez3132@example-domain.com,Raleigh,North Carolina,27601,2023-07-19,Corporate
CUST_03133,Alex,Jackson,alex.jackson3133@example-domain.com,Orlando,Florida,32801,2023-12-03,Small Business
CUST_03134,Morgan,Lopez,morgan.lopez3134@example-domain.com,Miami,Florida,33101,2024-05-29,Consumer
CUST_03135,Alex,Martin,alex.martin3135@example-domain.com,Miami,Florida,33101,2023-02-04,Consumer
CUST_03136,Cameron,Thomas,cameron.thomas3136@example-domain.com,Boston,Massachusetts,02108,2023-02-14,Consumer
CUST_03137,Cameron,Rodriguez,cameron.rodriguez3137@example-domain.com,San Francisco,California,94102,2024-08-08,Corporate
CUST_03138,Alex,Thomas,alex.thomas3138@example-domain.com,Denver,Colorado,80202,2024-05-17,Corporate
CUST_03139,Chris,Thomas,chris.thomas3139@example-domain.com,Columbus,Ohio,43215,2023-04-17,Consumer
CUST_03140,Jordan,Lopez,jordan.lopez3140@example-domain.com,Los Angeles,California,90001,2024-09-19,Consumer
CUST_03141,Sam,Garcia,sam.garcia3141@example-domain.com,Buffalo,New York,14201,2023-03-26,Consumer
CUST_03142,Olivia,Brown,olivia.brown3142@example-domain.com,San Francisco,California,94102,2024-03-30,Small Business
CUST_03143,Jordan,Hernandez,jordan.hernandez3143@example-domain.com,New York City,New York,10001,2024-07-11,Consumer
CUST_03144,Cameron,Miller,cameron.miller3144@example-domain.com,Los Angeles,California,90001,2023-12-07,Consumer
CUST_03145,Ethan,Garcia,ethan.garcia3145@example-domain.com,Seattle,Washington,98101,2024-06-12,Consumer
CUST_03146,Alex,Gonzalez,alex.gonzalez3146@example-domain.com,Atlanta,Georgia,30301,2024-11-14,Consumer
CUST_03147,Jordan,Williams,jordan.williams3147@example-domain.com,Austin,Texas,78701,2024-05-28,Corporate
CUST_03148,Sam,Rodriguez,sam.rodriguez3148@example-domain.com,San Diego,California,92101,2023-06-26,Consumer
CUST_03149,Noah,Johnson,noah.johnson3149@example-domain.com,Miami,Florida,33101,2024-09-15,Corporate
CUST_03150,Pat,Taylor,pat.taylor3150@example-domain.com,Atlanta,Georgia,30301,2023-06-27,Consumer
CUST_03151,Alex,Martinez,alex.martinez3151@example-domain.com,Miami,Florida,33101,2024-07-28,Consumer
CUST_03152,Sophia,Brown,sophia.brown3152@example-domain.com,Chicago,Illinois,60601,2024-04-22,Consumer
CUST_03153,Mia,Williams,mia.williams3153@example-domain.com,Denver,Colorado,80202,2023-04-01,Corporate
CUST_03154,Morgan,Williams,morgan.williams3154@example-domain.com,Houston,Texas,77001,2023-03-30,Consumer
CUST_03155,Chris,Hernandez,chris.hernandez3155@example-domain.com,Los Angeles,California,90001,2023-06-23,Consumer
CUST_03156,Alex,Miller,alex.miller3156@example-domain.com,Seattle,Washington,98101,2024-04-16,Consumer
CUST_03157,Taylor,Davis,taylor.davis3157@example-domain.com,Orlando,Florida,32801,2024-11-28,Small Business
CUST_03158,Pat,Jones,pat.jones3158@example-domain.com,Orlando,Florida,32801,2023-02-24,Consumer
CUST_03159,Liam,Martinez,liam.martinez3159@example-domain.com,Houston,Texas,77001,2023-10-13,Corporate
CUST_03160,Sam,Jackson,sam.jackson3160@example-domain.com,Chicago,Illinois,60601,2024-02-28,Consumer
CUST_03161,Riley,Miller,riley.miller3161@example-domain.com,Miami,Florida,33101,2023-07-24,Consumer
CUST_03162,Chris,Martinez,chris.martinez3162@example-domain.com,Miami,Florida,33101,2024-12-15,Consumer
CUST_03163,Noah,Rodriguez,noah.rodriguez3163@example-domain.com,San Diego,California,92101,2024-05-16,Consumer
CUST_03164,Sophia,Jackson,sophia.jackson3164@example-domain.com,Seattle,Washington,98101,2023-12-24,Consumer
CUST_03165,Ava,Anderson,ava.anderson3165@example-domain.com,Houston,Texas,77001,2023-02-07,Consumer
CUST_03166,Mia,Gonzalez,mia.gonzalez3166@example-domain.com,Buffalo,New York,14201,2024-07-04,Consumer
CUST_03167,Mia,Miller,mia.miller3167@example-domain.com,Atlanta,Georgia,30301,2023-12-22,Small Business
CUST_03168,Dakota,Miller,dakota.miller3168@example-domain.com,Chicago,Illinois,60601,2024-12-17,Consumer
CUST_03169,Ava,Moore,ava.moore3169@example-domain.com,Miami,Florida,33101,2023-04-03,Corporate
CUST_03170,Ava,Miller,ava.miller3170@example-domain.com,Miami,Florida,33101,2023-08-12,Consumer
CUST_03171,Noah,Rodriguez,noah.rodriguez3171@example-domain.com,San Francisco,California,94102,2023-04-29,Consumer
CUST_03172,Ava,Garcia,ava.garcia3172@example-domain.com,Philadelphia,Pennsylvania,19102,2023-05-24,Consumer
CUST_03173,Noah,Jackson,noah.jackson3173@example-domain.com,Chicago,Illinois,60601,2024-01-17,Consumer
CUST_03174,Mia,Gonzalez,mia.gonzalez3174@example-domain.com,San Francisco,California,94102,2023-11-27,Consumer
CUST_03175,Morgan,Lopez,morgan.lopez3175@example-domain.com,Los Angeles,California,90001,2023-06-12,Consumer
CUST_03176,Olivia,Thomas,olivia.thomas3176@example-domain.com,Chicago,Illinois,60601,2023-12-11,Consumer
CUST_03177,Morgan,Garcia,morgan.garcia3177@example-domain.com,Seattle,Washington,98101,2023-11-10,Consumer
CUST_03178,Chris,Anderson,chris.anderson3178@example-domain.com,Columbus,Ohio,43215,2023-07-10,Corporate
CUST_03179,Alex,Anderson,alex.anderson3179@example-domain.com,Denver,Colorado,80202,2024-08-30,Corporate
CUST_03180,Mia,Wilson,mia.wilson3180@example-domain.com,Boston,Massachusetts,02108,2024-04-29,Consumer
CUST_03181,Riley,Rodriguez,riley.rodriguez3181@example-domain.com,Seattle,Washington,98101,2024-09-07,Consumer
CUST_03182,Ethan,Thomas,ethan.thomas3182@example-domain.com,Boston,Massachusetts,02108,2023-11-04,Consumer
CUST_03183,Jordan,Davis,jordan.davis3183@example-domain.com,Raleigh,North Carolina,27601,2023-04-21,Consumer
CUST_03184,Olivia,Wilson,olivia.wilson3184@example-domain.com,Miami,Florida,33101,2024-08-14,Consumer
CUST_03185,Liam,Jackson,liam.jackson3185@example-domain.com,Los Angeles,California,90001,2023-06-17,Consumer
CUST_03186,Ava,Garcia,ava.garcia3186@example-domain.com,Orlando,Florida,32801,2024-09-03,Consumer
CUST_03187,Ava,Miller,ava.miller3187@example-domain.com,Buffalo,New York,14201,2023-05-14,Consumer
CUST_03188,Ethan,Johnson,ethan.johnson3188@example-domain.com,San Diego,California,92101,2023-11-13,Consumer
CUST_03189,Sam,Lopez,sam.lopez3189@example-domain.com,Denver,Colorado,80202,2024-02-10,Corporate
CUST_03190,Chris,Anderson,chris.anderson3190@example-domain.com,Los Angeles,California,90001,2024-11-05,Corporate
CUST_03191,Sam,Miller,sam.miller3191@example-domain.com,Houston,Texas,77001,2023-11-05,Consumer
CUST_03192,Dakota,Williams,dakota.williams3192@example-domain.com,Houston,Texas,77001,2023-08-30,Small Business
CUST_03193,Pat,Wilson,pat.wilson3193@example-domain.com,San Diego,California,92101,2023-09-08,Small Business
CUST_03194,Sam,Moore,sam.moore3194@example-domain.com,Seattle,Washington,98101,2023-01-06,Consumer
CUST_03195,Emma,Garcia,emma.garcia3195@example-domain.com,Seattle,Washington,98101,2023-04-13,Consumer
CUST_03196,Emma,Moore,emma.moore3196@example-domain.com,Boston,Massachusetts,02108,2024-12-16,Consumer
CUST_03197,Pat,Thomas,pat.thomas3197@example-domain.com,Boston,Massachusetts,02108,2024-04-19,Small Business
CUST_03198,Riley,Brown,riley.brown3198@example-domain.com,Boston,Massachusetts,02108,2023-05-12,Corporate
CUST_03199,Ethan,Jones,ethan.jones3199@example-domain.com,Boston,Massachusetts,02108,2023-12-01,Consumer
CUST_03200,Dakota,Wilson,dakota.wilson3200@example-domain.com,Boston,Massachusetts,02108,2024-06-30,Consumer
CUST_03201,Taylor,Lopez,taylor.lopez3201@example-domain.com,Philadelphia,Pennsylvania,19102,2024-11-16,Consumer
CUST_03202,Mia,Smith,mia.smith3202@example-domain.com,Dallas,Texas,75201,2024-09-15,Consumer
CUST_03203,Chris,Davis,chris.davis3203@example-domain.com,Seattle,Washington,98101,2024-01-06,Consumer
CUST_03204,Ethan,Taylor,ethan.taylor3204@example-domain.com,Los Angeles,California,90001,2024-09-17,Corporate
CUST_03205,Jackson,Gonzalez,jackson.gonzalez3205@example-domain.com,San Diego,California,92101,2024-10-23,Consumer
CUST_03206,Riley,Jones,riley.jones3206@example-domain.com,Philadelphia,Pennsylvania,19102,2023-07-12,Corporate
CUST_03207,Jordan,Miller,jordan.miller3207@example-domain.com,Orlando,Florida,32801,2024-03-21,Corporate
CUST_03208,Taylor,Hernandez,taylor.hernandez3208@example-domain.com,Boston,Massachusetts,02108,2024-10-31,Corporate
CUST_03209,Chris,Wilson,chris.wilson3209@example-domain.com,Buffalo,New York,14201,2023-10-19,Consumer
CUST_03210,Dakota,Gonzalez,dakota.gonzalez3210@example-domain.com,Philadelphia,Pennsylvania,19102,2023-02-05,Consumer
CUST_03211,Cameron,Wilson,cameron.wilson3211@example-domain.com,Houston,Texas,77001,2023-06-17,Consumer
CUST_03212,Liam,Taylor,liam.taylor3212@example-domain.com,New York City,New York,10001,2024-04-21,Consumer
CUST_03213,Taylor,Lopez,taylor.lopez3213@example-domain.com,New York City,New York,10001,2024-11-02,Consumer
CUST_03214,Liam,Smith,liam.smith3214@example-domain.com,Houston,Texas,77001,2023-11-23,Consumer
CUST_03215,Sam,Jackson,sam.jackson3215@example-domain.com,Raleigh,North Carolina,27601,2024-01-29,Consumer
CUST_03216,Noah,Smith,noah.smith3216@example-domain.com,Philadelphia,Pennsylvania,19102,2024-10-31,Consumer
CUST_03217,Liam,Wilson,liam.wilson3217@example-domain.com,San Francisco,California,94102,2023-11-07,Consumer
CUST_03218,Olivia,Rodriguez,olivia.rodriguez3218@example-domain.com,New York City,New York,10001,2024-09-10,Consumer
CUST_03219,Noah,Taylor,noah.taylor3219@example-domain.com,Seattle,Washington,98101,2024-04-29,Corporate
CUST_03220,Ethan,Moore,ethan.moore3220@example-domain.com,Seattle,Washington,98101,2023-04-25,Corporate
CUST_03221,Chris,Wilson,chris.wilson3221@example-domain.com,Columbus,Ohio,43215,2024-01-28,Consumer
CUST_03222,Taylor,Jones,taylor.jones3222@example-domain.com,Los Angeles,California,90001,2023-12-12,Consumer
CUST_03223,Mia,Rodriguez,mia.rodriguez3223@example-domain.com,Austin,Texas,78701,2024-06-11,Consumer
CUST_03224,Jackson,Anderson,jackson.anderson3224@example-domain.com,Atlanta,Georgia,30301,2023-02-19,Consumer
CUST_03225,Noah,Martinez,noah.martinez3225@example-domain.com,San Francisco,California,94102,2023-05-05,Consumer
CUST_03226,Emma,Anderson,emma.anderson3226@example-domain.com,Seattle,Washington,98101,2023-02-21,Corporate
CUST_03227,Jackson,Lopez,jackson.lopez3227@example-domain.com,Miami,Florida,33101,2024-03-11,Consumer
CUST_03228,Ethan,Martinez,ethan.martinez3228@example-domain.com,Los Angeles,California,90001,2024-07-09,Consumer
CUST_03229,Cameron,Garcia,cameron.garcia3229@example-domain.com,Orlando,Florida,32801,2024-01-01,Consumer
CUST_03230,Olivia,Smith,olivia.smith3230@example-domain.com,Denver,Colorado,80202,2023-11-29,Consumer
CUST_03231,Dakota,Johnson,dakota.johnson3231@example-domain.com,New York City,New York,10001,2024-01-01,Consumer
CUST_03232,Jordan,Moore,jordan.moore3232@example-domain.com,Boston,Massachusetts,02108,2023-09-12,Consumer
CUST_03233,Chris,Williams,chris.williams3233@example-domain.com,Columbus,Ohio,43215,2023-04-07,Consumer
CUST_03234,Sam,Jones,sam.jones3234@example-domain.com,Philadelphia,Pennsylvania,19102,2024-03-17,Consumer
CUST_03235,Cameron,Lopez,cameron.lopez3235@example-domain.com,Denver,Colorado,80202,2024-12-06,Consumer
CUST_03236,Jackson,Davis,jackson.davis3236@example-domain.com,Raleigh,North Carolina,27601,2024-08-05,Consumer
CUST_03237,Noah,Johnson,noah.johnson3237@example-domain.com,San Diego,California,92101,2023-12-01,Consumer
CUST_03238,Sophia,Johnson,sophia.johnson3238@example-domain.com,Buffalo,New York,14201,2024-09-15,Small Business
CUST_03239,Morgan,Gonzalez,morgan.gonzalez3239@example-domain.com,Raleigh,North Carolina,27601,2023-03-22,Consumer
CUST_03240,Ethan,Martinez,ethan.martinez3240@example-domain.com,Atlanta,Georgia,30301,2024-02-15,Consumer
CUST_03241,Alex,Garcia,alex.garcia3241@example-domain.com,Miami,Florida,33101,2024-10-30,Consumer
CUST_03242,Taylor,Wilson,taylor.wilson3242@example-domain.com,New York City,New York,10001,2023-07-16,Consumer
CUST_03243,Mia,Rodriguez,mia.rodriguez3243@example-domain.com,Orlando,Florida,32801,2024-09-22,Consumer
CUST_03244,Ava,Moore,ava.moore3244@example-domain.com,Dallas,Texas,75201,2024-12-11,Consumer
CUST_03245,Jordan,Lopez,jordan.lopez3245@example-domain.com,Philadelphia,Pennsylvania,19102,2023-08-09,Corporate
CUST_03246,Olivia,Rodriguez,olivia.rodriguez3246@example-domain.com,Houston,Texas,77001,2023-10-11,Consumer
CUST_03247,Ava,Johnson,ava.johnson3247@example-domain.com,Boston,Massachusetts,02108,2023-07-05,Consumer
CUST_03248,Dakota,Rodriguez,dakota.rodriguez3248@example-domain.com,Los Angeles,California,90001,2024-02-21,Consumer
CUST_03249,Pat,Smith,pat.smith3249@example-domain.com,Atlanta,Georgia,30301,2024-11-03,Corporate
CUST_03250,Sam,Rodriguez,sam.rodriguez3250@example-domain.com,Miami,Florida,33101,2024-04-18,Consumer
CUST_03251,Jackson,Hernandez,jackson.hernandez3251@example-domain.com,New York City,New York,10001,2023-08-15,Consumer
CUST_03252,Riley,Smith,riley.smith3252@example-domain.com,Chicago,Illinois,60601,2023-08-15,Consumer
CUST_03253,Taylor,Martin,taylor.martin3253@example-domain.com,Orlando,Florida,32801,2024-12-30,Consumer
CUST_03254,Jackson,Anderson,jackson.anderson3254@example-domain.com,Atlanta,Georgia,30301,2024-10-12,Consumer
CUST_03255,Jackson,Hernandez,jackson.hernandez3255@example-domain.com,Columbus,Ohio,43215,2024-02-03,Consumer
CUST_03256,Emma,Moore,emma.moore3256@example-domain.com,Los Angeles,California,90001,2023-12-18,Consumer
CUST_03257,Ethan,Hernandez,ethan.hernandez3257@example-domain.com,Seattle,Washington,98101,2024-03-31,Consumer
CUST_03258,Sam,Anderson,sam.anderson3258@example-domain.com,Philadelphia,Pennsylvania,19102,2023-08-04,Consumer
CUST_03259,Lucas,Garcia,lucas.garcia3259@example-domain.com,Boston,Massachusetts,02108,2023-09-19,Consumer
CUST_03260,Liam,Johnson,liam.johnson3260@example-domain.com,San Diego,California,92101,2024-10-08,Corporate
CUST_03261,Emma,Moore,emma.moore3261@example-domain.com,Seattle,Washington,98101,2023-03-27,Consumer
CUST_03262,Pat,Taylor,pat.taylor3262@example-domain.com,Seattle,Washington,98101,2023-11-08,Consumer
CUST_03263,Dakota,Hernandez,dakota.hernandez3263@example-domain.com,Denver,Colorado,80202,2024-11-21,Consumer
CUST_03264,Noah,Smith,noah.smith3264@example-domain.com,Buffalo,New York,14201,2024-10-01,Consumer
CUST_03265,Mia,Garcia,mia.garcia3265@example-domain.com,Seattle,Washington,98101,2024-08-01,Corporate
CUST_03266,Olivia,Wilson,olivia.wilson3266@example-domain.com,Los Angeles,California,90001,2023-10-18,Consumer
CUST_03267,Lucas,Thomas,lucas.thomas3267@example-domain.com,Dallas,Texas,75201,2024-01-20,Consumer
CUST_03268,Lucas,Jones,lucas.jones3268@example-domain.com,Boston,Massachusetts,02108,2024-09-13,Consumer
CUST_03269,Morgan,Brown,morgan.brown3269@example-domain.com,Boston,Massachusetts,02108,2023-08-12,Consumer
CUST_03270,Pat,Brown,pat.brown3270@example-domain.com,Orlando,Florida,32801,2023-07-02,Consumer
CUST_03271,Chris,Gonzalez,chris.gonzalez3271@example-domain.com,Columbus,Ohio,43215,2024-02-23,Consumer
CUST_03272,Sophia,Miller,sophia.miller3272@example-domain.com,Atlanta,Georgia,30301,2024-09-05,Consumer
CUST_03273,Cameron,Hernandez,cameron.hernandez3273@example-domain.com,Seattle,Washington,98101,2024-10-07,Corporate
CUST_03274,Morgan,Hernandez,morgan.hernandez3274@example-domain.com,Raleigh,North Carolina,27601,2024-07-02,Consumer
CUST_03275,Lucas,Gonzalez,lucas.gonzalez3275@example-domain.com,Dallas,Texas,75201,2024-02-18,Corporate
CUST_03276,Emma,Anderson,emma.anderson3276@example-domain.com,Orlando,Florida,32801,2024-04-05,Corporate
CUST_03277,Chris,Garcia,chris.garcia3277@example-domain.com,Boston,Massachusetts,02108,2023-10-23,Corporate
CUST_03278,Alex,Moore,alex.moore3278@example-domain.com,Chicago,Illinois,60601,2024-04-20,Consumer
CUST_03279,Chris,Brown,chris.brown3279@example-domain.com,Boston,Massachusetts,02108,2024-08-17,Consumer
CUST_03280,Olivia,Wilson,olivia.wilson3280@example-domain.com,Atlanta,Georgia,30301,2023-07-13,Corporate
CUST_03281,Alex,Martin,alex.martin3281@example-domain.com,Dallas,Texas,75201,2023-05-22,Consumer
CUST_03282,Jackson,Martin,jackson.martin3282@example-domain.com,Raleigh,North Carolina,27601,2023-03-24,Consumer
CUST_03283,Jackson,Jackson,jackson.jackson3283@example-domain.com,Atlanta,Georgia,30301,2023-01-24,Corporate
CUST_03284,Ethan,Martin,ethan.martin3284@example-domain.com,Dallas,Texas,75201,2023-06-20,Corporate
CUST_03285,Mia,Thomas,mia.thomas3285@example-domain.com,San Diego,California,92101,2024-01-15,Consumer
CUST_03286,Alex,Martin,alex.martin3286@example-domain.com,Boston,Massachusetts,02108,2024-07-19,Consumer
CUST_03287,Ava,Miller,ava.miller3287@example-domain.com,Houston,Texas,77001,2024-04-13,Consumer
CUST_03288,Sophia,Davis,sophia.davis3288@example-domain.com,Houston,Texas,77001,2024-04-28,Corporate
CUST_03289,Pat,Hernandez,pat.hernandez3289@example-domain.com,Buffalo,New York,14201,2023-10-28,Small Business
CUST_03290,Taylor,Smith,taylor.smith3290@example-domain.com,Austin,Texas,78701,2024-08-14,Consumer
CUST_03291,Noah,Anderson,noah.anderson3291@example-domain.com,Dallas,Texas,75201,2024-12-01,Consumer
CUST_03292,Jackson,Anderson,jackson.anderson3292@example-domain.com,Dallas,Texas,75201,2023-07-01,Corporate
CUST_03293,Noah,Taylor,noah.taylor3293@example-domain.com,New York City,New York,10001,2024-09-10,Consumer
CUST_03294,Ethan,Garcia,ethan.garcia3294@example-domain.com,Dallas,Texas,75201,2024-04-18,Consumer
CUST_03295,Taylor,Smith,taylor.smith3295@example-domain.com,San Francisco,California,94102,2024-11-29,Small Business
CUST_03296,Olivia,Taylor,olivia.taylor3296@example-domain.com,Philadelphia,Pennsylvania,19102,2024-01-30,Consumer
CUST_03297,Taylor,Wilson,taylor.wilson3297@example-domain.com,Miami,Florida,33101,2024-07-04,Consumer
CUST_03298,Morgan,Martin,morgan.martin3298@example-domain.com,Columbus,Ohio,43215,2023-01-25,Consumer
CUST_03299,Noah,Thomas,noah.thomas3299@example-domain.com,San Francisco,California,94102,2023-10-27,Consumer
CUST_03300,Liam,Johnson,liam.johnson3300@example-domain.com,Seattle,Washington,98101,2024-02-14,Corporate
CUST_03301,Ava,Anderson,ava.anderson3301@example-domain.com,Atlanta,Georgia,30301,2023-05-08,Consumer
CUST_03302,Morgan,Jones,morgan.jones3302@example-domain.com,Miami,Florida,33101,2024-08-16,Small Business
CUST_03303,Morgan,Garcia,morgan.garcia3303@example-domain.com,Seattle,Washington,98101,2024-02-27,Consumer
CUST_03304,Ethan,Jones,ethan.jones3304@example-domain.com,Dallas,Texas,75201,2024-05-09,Consumer
CUST_03305,Pat,Rodriguez,pat.rodriguez3305@example-domain.com,New York City,New York,10001,2023-12-04,Consumer
CUST_03306,Taylor,Anderson,taylor.anderson3306@example-domain.com,Philadelphia,Pennsylvania,19102,2023-09-08,Consumer
CUST_03307,Cameron,Hernandez,cameron.hernandez3307@example-domain.com,Orlando,Florida,32801,2024-12-06,Consumer
CUST_03308,Noah,Hernandez,noah.hernandez3308@example-domain.com,Denver,Colorado,80202,2024-12-17,Consumer
CUST_03309,Cameron,Jackson,cameron.jackson3309@example-domain.com,Miami,Florida,33101,2024-08-31,Consumer
CUST_03310,Jordan,Jones,jordan.jones3310@example-domain.com,Buffalo,New York,14201,2024-06-18,Consumer
CUST_03311,Dakota,Smith,dakota.smith3311@example-domain.com,Dallas,Texas,75201,2024-01-15,Corporate
CUST_03312,Mia,Lopez,mia.lopez3312@example-domain.com,Orlando,Florida,32801,2023-11-11,Consumer
CUST_03313,Chris,Jackson,chris.jackson3313@example-domain.com,Orlando,Florida,32801,2024-05-01,Corporate
CUST_03314,Noah,Martinez,noah.martinez3314@example-domain.com,Buffalo,New York,14201,2024-12-12,Consumer
CUST_03315,Sam,Jones,sam.jones3315@example-domain.com,Orlando,Florida,32801,2024-01-29,Consumer
CUST_03316,Cameron,Davis,cameron.davis3316@example-domain.com,Los Angeles,California,90001,2023-08-05,Consumer
CUST_03317,Mia,Martinez,mia.martinez3317@example-domain.com,Buffalo,New York,14201,2024-08-21,Consumer
CUST_03318,Alex,Rodriguez,alex.rodriguez3318@example-domain.com,Seattle,Washington,98101,2024-06-04,Consumer
CUST_03319,Ava,Gonzalez,ava.gonzalez3319@example-domain.com,Philadelphia,Pennsylvania,19102,2024-09-25,Corporate
CUST_03320,Chris,Lopez,chris.lopez3320@example-domain.com,Buffalo,New York,14201,2024-08-24,Corporate
CUST_03321,Ava,Hernandez,ava.hernandez3321@example-domain.com,Raleigh,North Carolina,27601,2024-01-19,Consumer
CUST_03322,Liam,Thomas,liam.thomas3322@example-domain.com,Houston,Texas,77001,2024-06-21,Consumer
CUST_03323,Emma,Garcia,emma.garcia3323@example-domain.com,Philadelphia,Pennsylvania,19102,2024-01-24,Corporate
CUST_03324,Alex,Williams,alex.williams3324@example-domain.com,Chicago,Illinois,60601,2023-08-19,Consumer
CUST_03325,Dakota,Miller,dakota.miller3325@example-domain.com,Dallas,Texas,75201,2023-06-03,Corporate
CUST_03326,Cameron,Martin,cameron.martin3326@example-domain.com,New York City,New York,10001,2024-10-27,Corporate
CUST_03327,Pat,Lopez,pat.lopez3327@example-domain.com,Philadelphia,Pennsylvania,19102,2024-04-15,Corporate
CUST_03328,Mia,Smith,mia.smith3328@example-domain.com,Raleigh,North Carolina,27601,2023-08-22,Consumer
CUST_03329,Pat,Lopez,pat.lopez3329@example-domain.com,San Francisco,California,94102,2024-02-13,Consumer
CUST_03330,Morgan,Hernandez,morgan.hernandez3330@example-domain.com,Raleigh,North Carolina,27601,2023-03-10,Consumer
CUST_03331,Cameron,Moore,cameron.moore3331@example-domain.com,Columbus,Ohio,43215,2024-07-04,Consumer
CUST_03332,Taylor,Johnson,taylor.johnson3332@example-domain.com,Denver,Colorado,80202,2024-08-03,Corporate
CUST_03333,Ava,Davis,ava.davis3333@example-domain.com,Dallas,Texas,75201,2023-09-20,Consumer
CUST_03334,Chris,Davis,chris.davis3334@example-domain.com,Dallas,Texas,75201,2024-12-07,Consumer
CUST_03335,Noah,Garcia,noah.garcia3335@example-domain.com,San Francisco,California,94102,2024-09-15,Corporate
CUST_03336,Cameron,Moore,cameron.moore3336@example-domain.com,Miami,Florida,33101,2023-04-04,Corporate
CUST_03337,Pat,Williams,pat.williams3337@example-domain.com,Buffalo,New York,14201,2024-06-19,Small Business
CUST_03338,Dakota,Johnson,dakota.johnson3338@example-domain.com,Austin,Texas,78701,2023-08-22,Corporate
CUST_03339,Riley,Jackson,riley.jackson3339@example-domain.com,Philadelphia,Pennsylvania,19102,2024-04-20,Consumer
CUST_03340,Morgan,Moore,morgan.moore3340@example-domain.com,San Francisco,California,94102,2023-11-23,Consumer
CUST_03341,Taylor,Miller,taylor.miller3341@example-domain.com,Philadelphia,Pennsylvania,19102,2023-04-30,Corporate
CUST_03342,Noah,Williams,noah.williams3342@example-domain.com,Philadelphia,Pennsylvania,19102,2023-07-22,Consumer
CUST_03343,Morgan,Moore,morgan.moore3343@example-domain.com,Austin,Texas,78701,2024-09-04,Consumer
CUST_03344,Emma,Martinez,emma.martinez3344@example-domain.com,Los Angeles,California,90001,2024-08-18,Consumer
CUST_03345,Olivia,Brown,olivia.brown3345@example-domain.com,Denver,Colorado,80202,2024-10-20,Consumer
CUST_03346,Pat,Jackson,pat.jackson3346@example-domain.com,Denver,Colorado,80202,2023-01-01,Corporate
CUST_03347,Cameron,Wilson,cameron.wilson3347@example-domain.com,Miami,Florida,33101,2024-05-19,Consumer
CUST_03348,Chris,Hernandez,chris.hernandez3348@example-domain.com,Raleigh,North Carolina,27601,2024-05-09,Consumer
CUST_03349,Ava,Martinez,ava.martinez3349@example-domain.com,Orlando,Florida,32801,2023-09-28,Consumer
CUST_03350,Lucas,Davis,lucas.davis3350@example-domain.com,Chicago,Illinois,60601,2023-10-09,Consumer
CUST_03351,Lucas,Taylor,lucas.taylor3351@example-domain.com,Orlando,Florida,32801,2024-10-02,Consumer
CUST_03352,Noah,Brown,noah.brown3352@example-domain.com,Houston,Texas,77001,2024-05-14,Consumer
CUST_03353,Alex,Hernandez,alex.hernandez3353@example-domain.com,Raleigh,North Carolina,27601,2024-04-26,Small Business
CUST_03354,Emma,Garcia,emma.garcia3354@example-domain.com,Houston,Texas,77001,2023-03-09,Consumer
CUST_03355,Olivia,Martinez,olivia.martinez3355@example-domain.com,New York City,New York,10001,2024-03-29,Consumer
CUST_03356,Ethan,Moore,ethan.moore3356@example-domain.com,Houston,Texas,77001,2023-07-18,Consumer
CUST_03357,Morgan,Davis,morgan.davis3357@example-domain.com,Austin,Texas,78701,2023-11-11,Consumer
CUST_03358,Ava,Martinez,ava.martinez3358@example-domain.com,Chicago,Illinois,60601,2024-06-27,Consumer
CUST_03359,Emma,Brown,emma.brown3359@example-domain.com,Orlando,Florida,32801,2024-09-16,Corporate
CUST_03360,Pat,Jackson,pat.jackson3360@example-domain.com,Buffalo,New York,14201,2023-11-28,Consumer
CUST_03361,Chris,Miller,chris.miller3361@example-domain.com,Boston,Massachusetts,02108,2023-06-25,Corporate
CUST_03362,Chris,Martin,chris.martin3362@example-domain.com,Houston,Texas,77001,2023-11-30,Consumer
CUST_03363,Ava,Thomas,ava.thomas3363@example-domain.com,Atlanta,Georgia,30301,2023-10-03,Consumer
CUST_03364,Riley,Rodriguez,riley.rodriguez3364@example-domain.com,Philadelphia,Pennsylvania,19102,2023-11-07,Consumer
CUST_03365,Sophia,Jones,sophia.jones3365@example-domain.com,Orlando,Florida,32801,2023-12-08,Small Business
CUST_03366,Sophia,Hernandez,sophia.hernandez3366@example-domain.com,Denver,Colorado,80202,2023-11-12,Consumer
CUST_03367,Olivia,Jackson,olivia.jackson3367@example-domain.com,Boston,Massachusetts,02108,2024-03-03,Consumer
CUST_03368,Alex,Gonzalez,alex.gonzalez3368@example-domain.com,San Francisco,California,94102,2024-02-23,Consumer
CUST_03369,Sophia,Jones,sophia.jones3369@example-domain.com,Denver,Colorado,80202,2023-10-08,Consumer
CUST_03370,Alex,Miller,alex.miller3370@example-domain.com,Austin,Texas,78701,2024-11-08,Consumer
CUST_03371,Cameron,Martinez,cameron.martinez3371@example-domain.com,Seattle,Washington,98101,2023-01-25,Consumer
CUST_03372,Ethan,Wilson,ethan.wilson3372@example-domain.com,Boston,Massachusetts,02108,2023-11-30,Consumer
CUST_03373,Lucas,Moore,lucas.moore3373@example-domain.com,Austin,Texas,78701,2023-08-09,Consumer
CUST_03374,Jackson,Taylor,jackson.taylor3374@example-domain.com,Denver,Colorado,80202,2023-10-08,Consumer
CUST_03375,Morgan,Williams,morgan.williams3375@example-domain.com,Dallas,Texas,75201,2023-06-14,Corporate
CUST_03376,Ethan,Thomas,ethan.thomas3376@example-domain.com,Philadelphia,Pennsylvania,19102,2023-02-17,Corporate
CUST_03377,Liam,Thomas,liam.thomas3377@example-domain.com,Dallas,Texas,75201,2023-10-14,Corporate
CUST_03378,Jackson,Jackson,jackson.jackson3378@example-domain.com,Boston,Massachusetts,02108,2023-03-02,Consumer
CUST_03379,Morgan,Johnson,morgan.johnson3379@example-domain.com,Chicago,Illinois,60601,2023-10-10,Consumer
CUST_03380,Lucas,Lopez,lucas.lopez3380@example-domain.com,Denver,Colorado,80202,2023-10-19,Consumer
CUST_03381,Morgan,Thomas,morgan.thomas3381@example-domain.com,Buffalo,New York,14201,2023-03-17,Consumer
CUST_03382,Ethan,Wilson,ethan.wilson3382@example-domain.com,Buffalo,New York,14201,2023-06-04,Consumer
CUST_03383,Mia,Martinez,mia.martinez3383@example-domain.com,Austin,Texas,78701,2024-07-29,Consumer
CUST_03384,Taylor,Anderson,taylor.anderson3384@example-domain.com,Dallas,Texas,75201,2023-12-02,Consumer
CUST_03385,Mia,Moore,mia.moore3385@example-domain.com,Miami,Florida,33101,2024-07-24,Consumer
CUST_03386,Ava,Martinez,ava.martinez3386@example-domain.com,Los Angeles,California,90001,2023-05-24,Corporate
CUST_03387,Taylor,Hernandez,taylor.hernandez3387@example-domain.com,Seattle,Washington,98101,2024-04-01,Consumer
CUST_03388,Pat,Garcia,pat.garcia3388@example-domain.com,Chicago,Illinois,60601,2024-04-24,Consumer
CUST_03389,Riley,Anderson,riley.anderson3389@example-domain.com,Seattle,Washington,98101,2023-12-08,Consumer
CUST_03390,Pat,Rodriguez,pat.rodriguez3390@example-domain.com,Miami,Florida,33101,2024-09-10,Consumer
CUST_03391,Alex,Jones,alex.jones3391@example-domain.com,New York City,New York,10001,2024-10-19,Consumer
CUST_03392,Olivia,Wilson,olivia.wilson3392@example-domain.com,Boston,Massachusetts,02108,2024-05-13,Corporate
CUST_03393,Jordan,Taylor,jordan.taylor3393@example-domain.com,San Francisco,California,94102,2024-06-08,Corporate
CUST_03394,Sophia,Smith,sophia.smith3394@example-domain.com,Atlanta,Georgia,30301,2023-02-02,Consumer
CUST_03395,Ava,Hernandez,ava.hernandez3395@example-domain.com,Columbus,Ohio,43215,2024-05-18,Small Business
CUST_03396,Dakota,Jackson,dakota.jackson3396@example-domain.com,Chicago,Illinois,60601,2024-10-11,Small Business
CUST_03397,Taylor,Williams,taylor.williams3397@example-domain.com,San Diego,California,92101,2024-07-25,Corporate
CUST_03398,Morgan,Moore,morgan.moore3398@example-domain.com,Houston,Texas,77001,2024-06-09,Corporate
CUST_03399,Taylor,Jackson,taylor.jackson3399@example-domain.com,Denver,Colorado,80202,2024-09-16,Consumer
CUST_03400,Pat,Williams,pat.williams3400@example-domain.com,Atlanta,Georgia,30301,2023-10-11,Consumer
CUST_03401,Noah,Anderson,noah.anderson3401@example-domain.com,Buffalo,New York,14201,2024-10-28,Consumer
CUST_03402,Ethan,Williams,ethan.williams3402@example-domain.com,Houston,Texas,77001,2024-10-25,Consumer
CUST_03403,Mia,Hernandez,mia.hernandez3403@example-domain.com,Denver,Colorado,80202,2024-06-24,Small Business
CUST_03404,Olivia,Smith,olivia.smith3404@example-domain.com,Boston,Massachusetts,02108,2024-08-11,Consumer
CUST_03405,Dakota,Smith,dakota.smith3405@example-domain.com,Boston,Massachusetts,02108,2023-01-20,Corporate
CUST_03406,Alex,Davis,alex.davis3406@example-domain.com,Chicago,Illinois,60601,2024-03-13,Corporate
CUST_03407,Sam,Rodriguez,sam.rodriguez3407@example-domain.com,Dallas,Texas,75201,2024-08-21,Corporate
CUST_03408,Ethan,Moore,ethan.moore3408@example-domain.com,Denver,Colorado,80202,2024-10-31,Small Business
CUST_03409,Pat,Jackson,pat.jackson3409@example-domain.com,Seattle,Washington,98101,2024-08-13,Consumer
CUST_03410,Sam,Miller,sam.miller3410@example-domain.com,Buffalo,New York,14201,2023-07-31,Consumer
CUST_03411,Dakota,Garcia,dakota.garcia3411@example-domain.com,New York City,New York,10001,2023-01-27,Consumer
CUST_03412,Lucas,Martin,lucas.martin3412@example-domain.com,San Francisco,California,94102,2023-05-11,Consumer
CUST_03413,Lucas,Lopez,lucas.lopez3413@example-domain.com,San Diego,California,92101,2023-12-02,Consumer
CUST_03414,Ethan,Davis,ethan.davis3414@example-domain.com,Austin,Texas,78701,2023-07-26,Consumer
CUST_03415,Dakota,Garcia,dakota.garcia3415@example-domain.com,Atlanta,Georgia,30301,2023-10-05,Corporate
CUST_03416,Riley,Miller,riley.miller3416@example-domain.com,Seattle,Washington,98101,2023-01-28,Consumer
CUST_03417,Sam,Anderson,sam.anderson3417@example-domain.com,New York City,New York,10001,2024-01-20,Consumer
CUST_03418,Alex,Anderson,alex.anderson3418@example-domain.com,Austin,Texas,78701,2024-01-25,Consumer
CUST_03419,Jordan,Anderson,jordan.anderson3419@example-domain.com,Denver,Colorado,80202,2024-02-13,Consumer
CUST_03420,Pat,Miller,pat.miller3420@example-domain.com,Boston,Massachusetts,02108,2024-08-27,Consumer
CUST_03421,Morgan,Williams,morgan.williams3421@example-domain.com,Houston,Texas,77001,2024-06-02,Corporate
CUST_03422,Mia,Taylor,mia.taylor3422@example-domain.com,New York City,New York,10001,2023-06-16,Consumer
CUST_03423,Pat,Brown,pat.brown3423@example-domain.com,Philadelphia,Pennsylvania,19102,2024-09-11,Corporate
CUST_03424,Sophia,Hernandez,sophia.hernandez3424@example-domain.com,Atlanta,Georgia,30301,2023-07-15,Consumer
CUST_03425,Pat,Williams,pat.williams3425@example-domain.com,Raleigh,North Carolina,27601,2024-01-04,Corporate
CUST_03426,Emma,Rodriguez,emma.rodriguez3426@example-domain.com,Raleigh,North Carolina,27601,2023-04-25,Consumer
CUST_03427,Noah,Smith,noah.smith3427@example-domain.com,Los Angeles,California,90001,2024-01-25,Consumer
CUST_03428,Olivia,Gonzalez,olivia.gonzalez3428@example-domain.com,New York City,New York,10001,2023-12-30,Consumer
CUST_03429,Sophia,Martinez,sophia.martinez3429@example-domain.com,San Diego,California,92101,2024-03-20,Corporate
CUST_03430,Dakota,Davis,dakota.davis3430@example-domain.com,San Diego,California,92101,2024-10-28,Consumer
CUST_03431,Liam,Thomas,liam.thomas3431@example-domain.com,Los Angeles,California,90001,2023-10-09,Consumer
CUST_03432,Ethan,Johnson,ethan.johnson3432@example-domain.com,Buffalo,New York,14201,2023-09-12,Small Business
CUST_03433,Chris,Jackson,chris.jackson3433@example-domain.com,Los Angeles,California,90001,2023-05-12,Corporate
CUST_03434,Ava,Jones,ava.jones3434@example-domain.com,Buffalo,New York,14201,2024-12-12,Consumer
CUST_03435,Emma,Johnson,emma.johnson3435@example-domain.com,San Francisco,California,94102,2024-09-02,Corporate
CUST_03436,Pat,Martinez,pat.martinez3436@example-domain.com,Seattle,Washington,98101,2024-09-24,Consumer
CUST_03437,Olivia,Garcia,olivia.garcia3437@example-domain.com,Atlanta,Georgia,30301,2023-06-26,Consumer
CUST_03438,Chris,Taylor,chris.taylor3438@example-domain.com,Buffalo,New York,14201,2024-11-15,Consumer
CUST_03439,Chris,Lopez,chris.lopez3439@example-domain.com,New York City,New York,10001,2023-06-16,Small Business
CUST_03440,Alex,Thomas,alex.thomas3440@example-domain.com,Austin,Texas,78701,2023-11-10,Small Business
CUST_03441,Liam,Lopez,liam.lopez3441@example-domain.com,Miami,Florida,33101,2024-09-28,Consumer
CUST_03442,Ethan,Smith,ethan.smith3442@example-domain.com,Los Angeles,California,90001,2023-12-06,Consumer
CUST_03443,Alex,Thomas,alex.thomas3443@example-domain.com,San Francisco,California,94102,2023-05-28,Consumer
CUST_03444,Olivia,Johnson,olivia.johnson3444@example-domain.com,Columbus,Ohio,43215,2024-01-22,Small Business
CUST_03445,Jackson,Taylor,jackson.taylor3445@example-domain.com,Houston,Texas,77001,2023-06-11,Small Business
CUST_03446,Morgan,Smith,morgan.smith3446@example-domain.com,Seattle,Washington,98101,2023-08-17,Consumer
CUST_03447,Taylor,Wilson,taylor.wilson3447@example-domain.com,San Diego,California,92101,2023-04-26,Corporate
CUST_03448,Emma,Anderson,emma.anderson3448@example-domain.com,Atlanta,Georgia,30301,2024-07-03,Corporate
CUST_03449,Noah,Jones,noah.jones3449@example-domain.com,Los Angeles,California,90001,2023-11-15,Consumer
CUST_03450,Emma,Thomas,emma.thomas3450@example-domain.com,Miami,Florida,33101,2023-05-12,Consumer
CUST_03451,Ethan,Moore,ethan.moore3451@example-domain.com,Seattle,Washington,98101,2024-09-20,Consumer
CUST_03452,Morgan,Thomas,morgan.thomas3452@example-domain.com,Philadelphia,Pennsylvania,19102,2024-08-07,Consumer
CUST_03453,Pat,Jones,pat.jones3453@example-domain.com,Dallas,Texas,75201,2024-06-11,Consumer
CUST_03454,Sam,Jones,sam.jones3454@example-domain.com,Dallas,Texas,75201,2024-11-06,Consumer
CUST_03455,Taylor,Brown,taylor.brown3455@example-domain.com,Boston,Massachusetts,02108,2023-10-17,Small Business
CUST_03456,Jackson,Brown,jackson.brown3456@example-domain.com,Dallas,Texas,75201,2023-08-20,Consumer
CUST_03457,Cameron,Garcia,cameron.garcia3457@example-domain.com,Orlando,Florida,32801,2023-12-03,Consumer
CUST_03458,Noah,Jackson,noah.jackson3458@example-domain.com,Raleigh,North Carolina,27601,2024-06-13,Consumer
CUST_03459,Mia,Rodriguez,mia.rodriguez3459@example-domain.com,Buffalo,New York,14201,2023-12-02,Consumer
CUST_03460,Olivia,Lopez,olivia.lopez3460@example-domain.com,Buffalo,New York,14201,2024-08-16,Consumer
CUST_03461,Jordan,Gonzalez,jordan.gonzalez3461@example-domain.com,San Francisco,California,94102,2023-07-22,Consumer
CUST_03462,Chris,Smith,chris.smith3462@example-domain.com,Buffalo,New York,14201,2024-10-11,Consumer
CUST_03463,Jordan,Davis,jordan.davis3463@example-domain.com,Houston,Texas,77001,2024-02-11,Consumer
CUST_03464,Ethan,Smith,ethan.smith3464@example-domain.com,Philadelphia,Pennsylvania,19102,2024-05-10,Consumer
CUST_03465,Sophia,Miller,sophia.miller3465@example-domain.com,Boston,Massachusetts,02108,2024-04-07,Consumer
CUST_03466,Pat,Anderson,pat.anderson3466@example-domain.com,Miami,Florida,33101,2024-07-12,Corporate
CUST_03467,Noah,Brown,noah.brown3467@example-domain.com,Miami,Florida,33101,2024-11-02,Consumer
CUST_03468,Ava,Hernandez,ava.hernandez3468@example-domain.com,Chicago,Illinois,60601,2023-07-10,Consumer
CUST_03469,Cameron,Hernandez,cameron.hernandez3469@example-domain.com,Philadelphia,Pennsylvania,19102,2024-07-16,Corporate
CUST_03470,Noah,Brown,noah.brown3470@example-domain.com,Chicago,Illinois,60601,2024-06-15,Consumer
CUST_03471,Cameron,Williams,cameron.williams3471@example-domain.com,Seattle,Washington,98101,2024-03-12,Consumer
CUST_03472,Alex,Moore,alex.moore3472@example-domain.com,Buffalo,New York,14201,2023-04-07,Corporate
CUST_03473,Riley,Anderson,riley.anderson3473@example-domain.com,New York City,New York,10001,2023-05-04,Consumer
CUST_03474,Lucas,Martinez,lucas.martinez3474@example-domain.com,Buffalo,New York,14201,2023-12-22,Consumer
CUST_03475,Dakota,Anderson,dakota.anderson3475@example-domain.com,Atlanta,Georgia,30301,2024-07-20,Corporate
CUST_03476,Taylor,Taylor,taylor.taylor3476@example-domain.com,Houston,Texas,77001,2024-02-12,Corporate
CUST_03477,Ava,Miller,ava.miller3477@example-domain.com,Buffalo,New York,14201,2024-11-27,Small Business
CUST_03478,Riley,Smith,riley.smith3478@example-domain.com,Austin,Texas,78701,2023-12-29,Consumer
CUST_03479,Ava,Martin,ava.martin3479@example-domain.com,Buffalo,New York,14201,2024-07-30,Consumer
CUST_03480,Ava,Taylor,ava.taylor3480@example-domain.com,San Francisco,California,94102,2024-06-29,Consumer
CUST_03481,Sophia,Moore,sophia.moore3481@example-domain.com,Dallas,Texas,75201,2024-12-11,Consumer
CUST_03482,Ava,Garcia,ava.garcia3482@example-domain.com,Seattle,Washington,98101,2023-06-12,Consumer
CUST_03483,Morgan,Garcia,morgan.garcia3483@example-domain.com,Dallas,Texas,75201,2023-06-05,Consumer
CUST_03484,Lucas,Martin,lucas.martin3484@example-domain.com,Atlanta,Georgia,30301,2023-07-27,Small Business
CUST_03485,Cameron,Johnson,cameron.johnson3485@example-domain.com,Boston,Massachusetts,02108,2023-10-31,Consumer
CUST_03486,Liam,Taylor,liam.taylor3486@example-domain.com,Atlanta,Georgia,30301,2024-05-02,Consumer
CUST_03487,Noah,Hernandez,noah.hernandez3487@example-domain.com,Buffalo,New York,14201,2023-11-04,Consumer
CUST_03488,Alex,Williams,alex.williams3488@example-domain.com,Miami,Florida,33101,2024-12-26,Consumer
CUST_03489,Lucas,Martinez,lucas.martinez3489@example-domain.com,Austin,Texas,78701,2024-09-19,Consumer
CUST_03490,Jackson,Williams,jackson.williams3490@example-domain.com,San Francisco,California,94102,2024-02-25,Consumer
CUST_03491,Sam,Jones,sam.jones3491@example-domain.com,Philadelphia,Pennsylvania,19102,2023-06-14,Consumer
CUST_03492,Riley,Gonzalez,riley.gonzalez3492@example-domain.com,Houston,Texas,77001,2024-10-23,Consumer
CUST_03493,Olivia,Gonzalez,olivia.gonzalez3493@example-domain.com,Austin,Texas,78701,2023-09-12,Corporate
CUST_03494,Sophia,Williams,sophia.williams3494@example-domain.com,Dallas,Texas,75201,2023-10-10,Corporate
CUST_03495,Sam,Gonzalez,sam.gonzalez3495@example-domain.com,New York City,New York,10001,2024-08-22,Consumer
CUST_03496,Sam,Miller,sam.miller3496@example-domain.com,Denver,Colorado,80202,2023-05-26,Consumer
CUST_03497,Cameron,Hernandez,cameron.hernandez3497@example-domain.com,Los Angeles,California,90001,2024-10-14,Corporate
CUST_03498,Morgan,Taylor,morgan.taylor3498@example-domain.com,Orlando,Florida,32801,2024-06-20,Corporate
CUST_03499,Morgan,Martin,morgan.martin3499@example-domain.com,Philadelphia,Pennsylvania,19102,2023-08-26,Consumer
CUST_03500,Noah,Martinez,noah.martinez3500@example-domain.com,New York City,New York,10001,2024-07-08,Corporate
