date,revenue,order_count,item_quantity,year,month,day,dayofweek,dayofyear,is_weekend,is_holiday_month,rev_lag_1,orders_lag_1,rev_lag_7,orders_lag_7,rev_lag_14,orders_lag_14,rev_lag_30,orders_lag_30,rev_roll_mean_7,rev_roll_std_7,rev_roll_mean_14,rev_roll_std_14,rev_roll_mean_30,rev_roll_std_30
2023-02-06,114.05,1.0,1.0,2023,2,6,0,37,0,0,264.99,2.0,0.0,0.0,136.73,1.0,277.13,1.0,685.53,672.9721026659773,466.7442857142858,527.2182100087545,305.0726666666667,414.57826583528055
2023-02-07,0.0,0.0,0.0,2023,2,7,1,38,0,0,114.05,1.0,1630.3300000000002,2.0,306.81,2.0,345.91999999999996,2.0,701.8228571428572,654.7427630938806,465.12428571428575,528.3439017958237,299.63666666666666,416.0239291968286
2023-02-08,575.85,1.0,3.0,2023,2,8,2,39,0,0,0.0,0.0,132.76999999999998,1.0,601.88,3.0,0.0,0.0,468.9185714285714,551.1877295570772,443.2092857142857,541.6121283363113,288.106,419.47638448674195
2023-02-09,663.1999999999999,3.0,5.0,2023,2,9,3,40,0,0,575.85,1.0,250.91,1.0,309.83,1.0,426.6,1.0,532.2157142857143,531.2313133296122,441.35,541.0699396423861,307.30100000000004,419.0132406215905
2023-02-10,0.0,0.0,0.0,2023,2,10,4,41,0,0,663.1999999999999,3.0,1150.8600000000001,3.0,0.0,0.0,0.0,0.0,591.1142857142858,517.5230970323013,466.59071428571434,542.7024567627951,315.1876666666667,423.5383238018144
2023-02-11,300.84,1.0,2.0,2023,2,11,5,42,1,0,0.0,0.0,1368.85,3.0,270.56,1.0,0.0,0.0,426.70571428571424,492.25171768304136,466.59071428571434,542.7024567627951,315.1876666666667,423.5383238018144
2023-02-12,684.9300000000001,1.0,5.0,2023,2,12,6,43,1,0,300.84,1.0,264.99,2.0,109.9,1.0,0.0,0.0,274.1328571428571,264.30017881910226,468.75357142857143,541.9208856907087,325.2156666666667,419.3592159036609
2023-02-13,52.2,1.0,2.0,2023,2,13,0,44,0,0,684.9300000000001,1.0,114.05,1.0,0.0,0.0,673.22,1.0,334.1242857142857,306.2149047568358,509.8271428571429,534.3691484995478,348.04666666666674,419.687648297318
2023-02-14,193.0,1.0,1.0,2023,2,14,1,45,0,0,52.2,1.0,0.0,0.0,1630.3300000000002,2.0,0.0,0.0,325.28857142857134,314.4061943001213,513.5557142857143,530.7077483557547,327.34599999999995,418.4093840561022
2023-02-15,140.55,1.0,1.0,2023,2,15,2,46,0,0,193.0,1.0,575.85,1.0,132.76999999999998,1.0,0.0,0.0,352.85999999999996,288.52320986938514,410.8892857142857,426.9268453902085,333.7793333333333,414.66969730329845
2023-02-16,0.0,0.0,0.0,2023,2,16,3,47,0,0,140.55,1.0,663.1999999999999,3.0,250.91,1.0,331.24,1.0,290.6742857142857,279.21181039115214,411.44500000000005,426.54187060682455,338.46433333333334,411.55081946791535
2023-02-17,117.03,1.0,1.0,2023,2,17,4,48,0,0,0.0,0.0,0.0,0.0,1150.8600000000001,3.0,0.0,0.0,195.93142857142857,241.74300406482422,393.52285714285716,438.8982914320559,327.42299999999994,416.16876615763994
2023-02-18,33.91,1.0,1.0,2023,2,18,5,49,1,0,117.03,1.0,300.84,1.0,1368.85,3.0,0.0,0.0,212.65,229.68014585505625,319.67785714285714,385.3827077510306,331.32399999999996,413.5339570479359
2023-02-19,473.09000000000003,3.0,3.0,2023,2,19,6,50,1,0,33.91,1.0,684.9300000000001,1.0,264.99,2.0,0.0,0.0,174.5171428571429,234.70176975005842,224.325,245.63395974654838,332.4543333333333,412.6424869953143
2023-02-20,1426.3899999999999,2.0,7.0,2023,2,20,0,51,0,0,473.09000000000003,3.0,52.2,1.0,114.05,1.0,201.69,1.0,144.25428571428571,159.5426311739425,239.1892857142857,254.4232804860759,348.224,408.51847024972125
2023-02-21,256.76,1.0,3.0,2023,2,21,1,52,0,0,1426.3899999999999,2.0,193.0,1.0,0.0,0.0,361.96,2.0,340.5671428571428,503.0490267927598,332.92785714285714,403.09137080584054,389.0473333333333,452.2246256615319
2023-02-22,277.81,2.0,2.0,2023,2,22,2,53,0,0,256.76,1.0,140.55,1.0,575.85,1.0,136.73,1.0,349.6757142857142,500.502539649139,351.26785714285717,392.4798963823313,385.54066666666665,452.84935316461383
2023-02-23,127.71,1.0,1.0,2023,2,23,3,54,0,0,277.81,2.0,0.0,0.0,663.1999999999999,3.0,306.81,2.0,369.28428571428566,493.5849128521231,329.97928571428565,387.4115452285507,390.2433333333334,450.90480911724313
2023-02-24,2505.31,2.0,8.0,2023,2,24,4,55,0,0,127.71,1.0,117.03,1.0,0.0,0.0,601.88,3.0,387.5285714285714,479.82873182100326,291.72999999999996,378.30948659286037,384.27333333333337,453.2272271193544
2023-02-25,1755.6299999999999,2.0,6.0,2023,2,25,5,56,1,0,2505.31,2.0,33.91,1.0,300.84,1.0,309.83,1.0,728.7114285714285,910.8971931824244,470.6807142857143,692.1003644921881,447.72099999999995,595.6077264519915
2023-02-26,987.9,3.0,5.0,2023,2,26,6,57,1,0,1755.6299999999999,2.0,473.09000000000003,3.0,684.9300000000001,1.0,0.0,0.0,974.6714285714286,924.3683118113431,574.5942857142857,769.5210429942698,495.91433333333333,640.8411082195204
2023-02-27,955.9300000000001,3.0,5.0,2023,2,27,0,58,0,0,987.9,3.0,1426.3899999999999,2.0,52.2,1.0,270.56,1.0,1048.2157142857143,897.9115015014406,596.2349999999999,777.0855521334927,528.8443333333333,639.8607008085396
2023-02-28,623.99,2.0,2.0,2023,2,28,1,59,0,0,955.9300000000001,3.0,256.76,1.0,193.0,1.0,109.9,1.0,981.0071428571429,882.3597438443932,660.7871428571428,765.8717568429262,551.69,642.5505055152715
2023-03-01,45.82,1.0,2.0,2023,3,1,2,60,0,0,623.99,2.0,277.81,2.0,140.55,1.0,0.0,0.0,1033.4685714285715,842.1217460761158,691.5721428571429,754.1952060429261,568.8263333333332,637.1948946777064
2023-03-02,890.1600000000001,3.0,8.0,2023,3,2,3,61,0,0,45.82,1.0,127.71,1.0,0.0,0.0,1630.3300000000002,2.0,1000.3271428571428,880.5070088063712,684.8057142857142,759.9223016427836,570.3536666666665,635.8378920788957
2023-03-03,1643.92,2.0,4.0,2023,3,3,4,62,0,0,890.1600000000001,3.0,2505.31,2.0,117.03,1.0,132.76999999999998,1.0,1109.2485714285715,797.8496656101862,748.3885714285715,735.0498339553599,545.6813333333333,606.9956958248428
2023-03-04,354.34000000000003,1.0,2.0,2023,3,4,5,63,1,0,1643.92,2.0,1755.6299999999999,2.0,33.91,1.0,250.91,1.0,986.1928571428572,584.5613164221039,857.4521428571428,747.3394953194202,596.053,633.6642949851014
2023-03-05,1674.4899999999998,6.0,14.0,2023,3,5,6,64,1,0,354.34000000000003,1.0,987.9,3.0,473.09000000000003,3.0,1150.8600000000001,3.0,786.0085714285715,512.6662128009015,880.34,724.7428396759353,599.5006666666667,632.0008624826794
2023-03-06,587.65,2.0,4.0,2023,3,6,0,65,0,0,1674.4899999999998,6.0,955.9300000000001,3.0,1426.3899999999999,2.0,1368.85,3.0,884.092857142857,613.4948090982322,966.1542857142857,743.6915595523797,616.955,654.5804909529514
2023-03-07,1681.23,5.0,10.0,2023,3,7,1,66,0,0,587.65,2.0,623.99,2.0,256.76,1.0,264.99,2.0,831.4814285714285,622.0392994398497,906.2442857142858,737.5219648850548,590.9150000000001,638.9906695921796
2023-03-08,0.0,0.0,0.0,2023,3,8,2,67,0,0,1681.23,5.0,45.82,1.0,277.81,2.0,114.05,1.0,982.5157142857142,688.1058292844483,1007.9921428571428,739.2844088314109,638.1229999999999,665.8327695872342
2023-03-09,0.0,0.0,0.0,2023,3,9,3,68,0,0,0.0,0.0,890.1600000000001,3.0,127.71,1.0,0.0,0.0,975.97,698.6386926015479,988.1485714285715,763.7160234704353,634.3213333333333,669.2450689820446
2023-03-10,319.71000000000004,2.0,4.0,2023,3,10,4,69,0,0,0.0,0.0,1643.92,2.0,2505.31,2.0,575.85,1.0,848.8042857142857,791.6788479102947,979.0264285714286,775.4565014692179,634.3213333333333,669.2450689820446
2023-03-11,1069.1599999999999,4.0,8.0,2023,3,11,5,70,1,0,319.71000000000004,2.0,354.34000000000003,1.0,1755.6299999999999,2.0,663.1999999999999,3.0,659.6314285714286,725.4607230679588,822.9121428571428,655.2321634020977,625.7833333333333,671.6463144385225
2023-03-12,127.71,1.0,1.0,2023,3,12,6,71,1,0,1069.1599999999999,4.0,1674.4899999999998,6.0,987.9,3.0,0.0,0.0,761.7485714285714,725.6347775896763,773.8785714285714,603.7252797150645,639.3153333333333,676.4981787611305
2023-03-13,1499.9499999999998,3.0,6.0,2023,3,13,0,72,0,0,127.71,1.0,587.65,2.0,955.9300000000001,3.0,300.84,1.0,540.78,630.6601317138521,712.4364285714286,623.7092214338732,643.5723333333334,672.7277476255921
2023-03-14,1294.6899999999998,3.0,6.0,2023,3,14,1,73,0,0,1499.9499999999998,3.0,1681.23,5.0,623.99,2.0,684.9300000000001,1.0,671.1085714285715,728.6179550680995,751.2950000000001,656.149617878657,683.5426666666666,687.1305773508954
2023-03-15,575.99,3.0,4.0,2023,3,15,2,74,0,0,1294.6899999999998,3.0,0.0,0.0,45.82,1.0,52.2,1.0,615.8885714285714,649.6753683553186,799.2021428571428,670.4682873149593,703.868,696.1324200892459
2023-03-16,664.9399999999999,2.0,3.0,2023,3,16,3,75,0,0,575.99,3.0,0.0,0.0,890.1600000000001,3.0,193.0,1.0,698.172857142857,592.6419300250443,837.0714285714286,638.8705336626642,721.3276666666666,685.7149916777446
2023-03-17,638.36,2.0,5.0,2023,3,17,4,76,0,0,664.9399999999999,2.0,319.71000000000004,2.0,1643.92,2.0,140.55,1.0,793.1642857142857,509.5491842749218,820.9842857142856,640.264966192955,737.059,678.5525071714205
2023-03-18,665.9100000000001,2.0,4.0,2023,3,18,5,77,1,0,638.36,2.0,1069.1599999999999,4.0,354.34000000000003,1.0,0.0,0.0,838.6857142857142,473.1353277466236,749.1585714285713,595.6969625038083,753.6526666666667,669.4884732078373
2023-03-19,3438.16,4.0,9.0,2023,3,19,6,78,1,0,665.9100000000001,2.0,127.71,1.0,1674.4899999999998,6.0,117.03,1.0,781.0785714285713,464.8736747557905,771.4135714285713,585.545633426401,775.8496666666667,654.5110016276344
2023-03-20,690.71,2.0,3.0,2023,3,20,0,79,0,0,3438.16,4.0,1499.9499999999998,3.0,587.65,2.0,33.91,1.0,1254.0,1029.9072519406786,897.39,900.0442974312217,886.554,803.2121796696407
2023-03-21,38.45,1.0,1.0,2023,3,21,1,80,0,0,690.71,2.0,1294.6899999999998,3.0,1681.23,5.0,473.09000000000003,3.0,1138.3942857142858,1043.0328485536327,904.7514285714285,897.7345706478411,908.4473333333333,787.9768485524893
2023-03-22,836.9300000000001,2.0,6.0,2023,3,22,2,81,0,0,38.45,1.0,575.99,3.0,0.0,0.0,1426.3899999999999,2.0,958.9314285714287,1117.1023379474323,787.41,895.795680369821,893.9593333333333,800.1590400057906
2023-03-23,380.89,3.0,5.0,2023,3,23,3,82,0,0,836.9300000000001,2.0,664.9399999999999,2.0,0.0,0.0,256.76,1.0,996.2085714285715,1106.497395228574,847.1907142857143,866.658222124716,874.3106666666666,793.8463331015962
2023-03-24,1182.45,4.0,9.0,2023,3,24,4,83,0,0,380.89,3.0,638.36,2.0,319.71000000000004,2.0,277.81,2.0,955.63,1125.7124150658256,874.3971428571429,843.6913286671446,878.4483333333334,790.8343376071284
2023-03-25,479.99,1.0,1.0,2023,3,25,5,84,1,0,1182.45,4.0,665.9100000000001,2.0,1069.1599999999999,4.0,127.71,1.0,1033.357142857143,1118.9181640423083,936.0214285714285,831.4791618172183,908.603,784.3627113301424
2023-03-26,1105.41,2.0,5.0,2023,3,26,6,85,1,0,479.99,1.0,3438.16,4.0,127.71,1.0,2505.31,2.0,1006.797142857143,1131.232874915893,893.9378571428571,839.0971870838193,920.3456666666666,774.8481396162615
2023-03-27,639.76,1.0,2.0,2023,3,27,0,86,0,0,1105.41,2.0,690.71,2.0,1499.9499999999998,3.0,1755.6299999999999,2.0,673.5471428571428,408.0312730545002,963.7735714285715,810.623222831641,873.6823333333333,716.0262086740685
2023-03-28,2464.12,7.0,13.0,2023,3,28,1,87,0,0,639.76,1.0,38.45,1.0,1294.6899999999998,3.0,987.9,3.0,666.2685714285715,408.1285097624917,902.3314285714287,799.3785007583863,836.4866666666668,697.3717866702652
2023-03-29,2404.93,4.0,8.0,2023,3,29,2,88,0,0,2464.12,7.0,836.9300000000001,2.0,575.99,3.0,955.9300000000001,3.0,1012.7928571428572,706.7499934374318,985.8621428571429,898.4873102667839,885.694,757.8808540042469
2023-03-30,1694.89,2.0,6.0,2023,3,30,3,89,0,0,2404.93,4.0,380.89,3.0,664.9399999999999,2.0,623.99,2.0,1236.792857142857,871.0969520612942,1116.5007142857144,964.8220684144051,933.994,807.0866403330795
2023-03-31,1106.81,1.0,5.0,2023,3,31,4,90,0,0,1694.89,2.0,1182.45,4.0,638.36,2.0,45.82,1.0,1424.507142857143,794.0913170980256,1190.0685714285714,967.0063630675794,969.6906666666667,816.5298564464777
2023-04-01,1025.92,1.0,2.0,2023,4,1,5,91,1,0,1106.81,1.0,479.99,1.0,665.9100000000001,2.0,890.1600000000001,3.0,1413.7014285714286,798.4368676029558,1223.5292857142856,954.4709348475111,1005.0570000000001,797.8991934520168
2023-04-02,1594.33,5.0,9.0,2023,4,2,6,92,1,0,1025.92,1.0,1105.41,2.0,3438.16,4.0,1643.92,2.0,1491.6914285714286,714.2582298074135,1249.2442857142855,943.0737166693428,1009.5823333333333,797.6100107743576
2023-04-03,431.6,1.0,4.0,2023,4,3,0,93,0,0,1594.33,5.0,639.76,1.0,690.71,2.0,354.34000000000003,1.0,1561.537142857143,693.8012780740202,1117.5421428571428,715.0546100627408,1007.9293333333334,796.3003621357151
2023-04-04,2062.37,5.0,13.0,2023,4,4,1,94,0,0,431.6,1.0,2464.12,7.0,38.45,1.0,1674.4899999999998,6.0,1531.8,742.6367486642898,1099.0342857142857,730.146224245678,1010.5046666666666,794.2359427287955
2023-04-05,2746.54,3.0,10.0,2023,4,5,2,95,0,0,2062.37,5.0,2404.93,4.0,836.9300000000001,2.0,587.65,2.0,1474.4071428571426,670.6069893440895,1243.6000000000001,703.893722583394,1023.434,808.4476477563395
2023-04-06,707.96,2.0,6.0,2023,4,6,3,96,0,0,2746.54,3.0,1694.89,2.0,380.89,3.0,1681.23,5.0,1523.2085714285715,756.5338246993895,1380.0007142857141,797.7872683333794,1095.3970000000002,862.5916596419147
2023-04-07,727.3100000000001,3.0,8.0,2023,4,7,4,97,0,0,707.96,2.0,1106.81,1.0,1182.45,4.0,0.0,0.0,1382.2185714285713,809.3278102933857,1403.3628571428574,770.604871208112,1062.9546666666668,858.089271590579
2023-04-08,559.48,2.0,3.0,2023,4,8,5,98,1,0,727.3100000000001,3.0,1025.92,1.0,479.99,1.0,0.0,0.0,1328.0042857142857,842.8671367591526,1370.8528571428571,789.9981816768617,1087.1983333333333,837.0381032034131
2023-04-09,1405.13,4.0,8.0,2023,4,9,6,99,1,0,559.48,2.0,1594.33,5.0,1105.41,2.0,319.71000000000004,2.0,1261.3700000000001,887.9605684938947,1376.5307142857143,783.3606400970738,1105.8476666666668,817.9959382442084
2023-04-10,923.37,4.0,7.0,2023,4,10,0,100,0,0,1405.13,4.0,431.6,1.0,639.76,1.0,1069.1599999999999,4.0,1234.3414285714284,878.9704770815417,1397.9392857142855,779.4670517679107,1142.0283333333332,805.9410768103521
2023-04-11,1211.27,4.0,7.0,2023,4,11,1,101,0,0,923.37,4.0,2062.37,5.0,2464.12,7.0,127.71,1.0,1304.5942857142857,821.9180593963764,1418.1971428571428,761.7303353391046,1137.1686666666667,806.8346568502823
2023-04-12,2675.86,7.0,12.0,2023,4,12,2,102,0,0,1211.27,4.0,2746.54,3.0,2404.93,4.0,1499.9499999999998,3.0,1183.0085714285717,751.0325742919674,1328.7078571428572,700.5370421675799,1173.2873333333332,784.0177295406163
2023-04-13,493.34999999999997,3.0,6.0,2023,4,13,3,103,0,0,2675.86,7.0,707.96,2.0,1694.89,2.0,1294.6899999999998,3.0,1172.9114285714284,726.5857094986246,1348.06,735.4276430444037,1212.4843333333333,829.0159139801231
2023-04-14,1091.39,1.0,3.0,2023,4,14,4,104,0,0,493.34999999999997,3.0,727.3100000000001,3.0,1106.81,1.0,575.99,3.0,1142.2528571428572,753.503486802689,1262.2357142857145,761.4872320230106,1185.7730000000001,839.1240453536592
2023-04-15,508.14,2.0,4.0,2023,4,15,5,105,1,0,1091.39,1.0,559.48,2.0,1025.92,1.0,664.9399999999999,2.0,1194.2642857142857,732.3567166314779,1261.1342857142859,761.7404454144603,1202.9530000000002,831.450000836304
2023-04-16,432.62,3.0,3.0,2023,4,16,6,106,1,0,508.14,2.0,1405.13,4.0,1594.33,5.0,638.36,2.0,1186.93,739.9906605491725,1224.15,786.2156432997446,1197.7263333333333,835.4319879517354
2023-04-17,1368.72,7.0,11.0,2023,4,17,0,107,0,0,432.62,3.0,923.37,4.0,431.6,1.0,665.9100000000001,2.0,1048.0,782.2807028170902,1141.1707142857142,805.2158876061109,1190.868333333333,841.0079672798356
2023-04-18,2053.18,4.0,11.0,2023,4,18,1,108,0,0,1368.72,7.0,1211.27,4.0,2062.37,5.0,3438.16,4.0,1111.6214285714284,788.5401560569292,1208.107857142857,780.2565690964301,1214.2953333333332,835.6521893118029
2023-04-19,218.38,4.0,4.0,2023,4,19,2,109,0,0,2053.18,4.0,2675.86,7.0,2746.54,3.0,690.71,2.0,1231.8942857142858,866.6138366050006,1207.4514285714286,779.4860813071961,1168.1293333333333,741.5114411930742
2023-04-20,1033.53,4.0,6.0,2023,4,20,3,110,0,0,218.38,4.0,493.34999999999997,3.0,707.96,2.0,38.45,1.0,880.8257142857143,656.4484596640001,1026.8685714285714,682.2872994213276,1152.385,756.8536359335682
2023-04-21,1723.7900000000002,7.0,14.0,2023,4,21,4,111,0,0,1033.53,4.0,1091.39,1.0,727.3100000000001,3.0,836.9300000000001,2.0,957.9942857142858,634.6972679909993,1050.1235714285715,676.1018376706636,1185.5543333333335,727.5908415173222
2023-04-22,768.5699999999999,2.0,6.0,2023,4,22,5,112,1,0,1723.7900000000002,7.0,508.14,2.0,559.48,2.0,380.89,3.0,1048.337142857143,698.6367163439164,1121.3007142857143,691.7741566487889,1215.1163333333336,730.9466205072157
2023-04-23,1377.23,3.0,5.0,2023,4,23,6,113,1,0,768.5699999999999,2.0,432.62,3.0,1405.13,4.0,1182.45,4.0,1085.5414285714287,671.4818386084264,1136.2357142857143,680.8830788673723,1228.0390000000002,719.0191137469493
2023-04-24,3144.0400000000004,8.0,13.0,2023,4,24,0,114,0,0,1377.23,3.0,1368.72,7.0,923.37,4.0,479.99,1.0,1220.4857142857143,610.550744078851,1134.2428571428572,680.075871349079,1234.5316666666665,719.4725330363059
2023-04-25,3483.68,13.0,27.0,2023,4,25,1,115,0,0,3144.0400000000004,8.0,2053.18,4.0,1211.27,4.0,1105.41,2.0,1474.1028571428574,954.3295523684732,1292.8621428571428,861.8012257268415,1323.3333333333333,784.5907766267815
2023-04-26,2471.86,5.0,13.0,2023,4,26,2,116,0,0,3483.68,13.0,218.38,4.0,2675.86,7.0,639.76,1.0,1678.4600000000003,1216.2241042121586,1455.1771428571428,1040.6838343824968,1402.609,876.5718122217505
2023-04-27,210.42,1.0,3.0,2023,4,27,3,117,0,0,2471.86,5.0,1033.53,4.0,493.34999999999997,3.0,2464.12,7.0,2000.3857142857144,1052.5685428964896,1440.6057142857142,1023.5647280927598,1463.679,885.3683993540922
2023-04-28,616.0,2.0,2.0,2023,4,28,4,118,0,0,210.42,1.0,1723.7900000000002,7.0,1091.39,1.0,2404.93,4.0,1882.7985714285714,1212.4206749230868,1420.3964285714285,1046.2477818714265,1388.5556666666666,893.1329851347709
2023-04-29,2620.75,5.0,12.0,2023,4,29,5,119,1,0,616.0,2.0,768.5699999999999,2.0,508.14,2.0,1694.89,2.0,1724.542857142857,1305.3712214630023,1386.44,1065.2884517855684,1328.9246666666666,882.5913869405304
2023-04-30,429.48,2.0,4.0,2023,4,30,6,120,1,0,2620.75,5.0,1377.23,3.0,432.62,3.0,1106.81,1.0,1989.1399999999999,1266.4376388252738,1537.3407142857143,1080.819818460216,1359.7866666666666,911.5422192743132
2023-05-01,1338.45,4.0,8.0,2023,5,1,0,121,0,0,429.48,2.0,3144.0400000000004,8.0,1368.72,7.0,1025.92,1.0,1853.7471428571428,1387.6222255680675,1537.1164285714283,1081.0669957579105,1337.209,926.2930957403314
2023-05-02,2207.55,4.0,8.0,2023,5,2,1,122,0,0,1338.45,4.0,3483.68,13.0,2053.18,4.0,1594.33,5.0,1595.8057142857142,1270.6895548986668,1534.9542857142858,1081.4598959719244,1347.6266666666666,924.4269975926497
2023-05-03,1201.49,3.0,7.0,2023,5,3,2,123,0,0,2207.55,4.0,2471.86,5.0,218.38,4.0,431.6,1.0,1413.5014285714285,1021.8797592252653,1545.9807142857146,1087.9177903009481,1368.0673333333334,936.7674410804987
2023-05-04,1137.8000000000002,3.0,5.0,2023,5,4,3,124,0,0,1201.49,3.0,210.42,1.0,1033.53,4.0,2062.37,5.0,1232.02,909.1852462140669,1616.202857142857,1025.5752848893276,1393.7303333333332,920.6347730646214
2023-05-05,1479.55,7.0,13.0,2023,5,5,4,125,0,0,1137.8000000000002,3.0,616.0,2.0,1723.7900000000002,7.0,2746.54,3.0,1364.5028571428572,796.0376632570909,1623.6507142857142,1021.388409955664,1362.9113333333335,912.9227444888518
2023-05-06,815.9,6.0,7.0,2023,5,6,5,126,1,0,1479.55,7.0,2620.75,5.0,768.5699999999999,2.0,707.96,2.0,1487.8671428571429,724.3967440731701,1606.2050000000002,1021.6322494288628,1320.6783333333333,875.2354892456415
2023-05-07,852.28,4.0,4.0,2023,5,7,6,127,1,0,815.9,6.0,429.48,2.0,1377.23,3.0,727.3100000000001,3.0,1230.0314285714285,555.4675719736354,1609.5857142857144,1018.7213509154454,1324.2763333333335,872.8484232493352
2023-05-08,1251.56,4.0,8.0,2023,5,8,0,128,0,0,852.28,4.0,1338.45,4.0,3144.0400000000004,8.0,559.48,2.0,1290.4314285714286,470.37959371230437,1572.0892857142858,1037.4210070870965,1328.4419999999998,870.195338381383
2023-05-09,2028.88,9.0,17.0,2023,5,9,1,129,0,0,1251.56,4.0,2207.55,4.0,3483.68,13.0,1405.13,4.0,1278.0185714285715,470.047590619949,1436.912142857143,935.0870149899142,1351.5113333333334,858.1977977443972
2023-05-10,1270.86,7.0,10.0,2023,5,10,2,130,0,0,2028.88,9.0,1201.49,3.0,2471.86,5.0,923.37,4.0,1252.4942857142855,412.4868096419224,1332.9978571428571,753.3021261718673,1372.303,867.0517800357158
2023-05-11,1882.46,3.0,6.0,2023,5,11,3,131,0,0,1270.86,7.0,1137.8000000000002,3.0,210.42,1.0,1211.27,4.0,1262.4042857142856,411.8900772397552,1247.212142857143,678.2816922667797,1383.886,863.1599874822423
2023-05-12,2781.0,11.0,16.0,2023,5,12,4,132,0,0,1882.46,3.0,1479.55,7.0,616.0,2.0,2675.86,7.0,1368.7842857142857,466.84161203621477,1366.6435714285715,626.9441435996966,1406.2589999999998,867.220549680772
2023-05-13,1640.21,5.0,10.0,2023,5,13,5,133,1,0,2781.0,11.0,815.9,6.0,2620.75,5.0,493.34999999999997,3.0,1554.705714285714,712.7135096904216,1521.2864285714288,691.2587748516049,1409.7636666666667,872.723256864568
2023-05-14,2145.4,2.0,6.0,2023,5,14,6,134,1,0,1640.21,5.0,852.28,4.0,429.48,2.0,1091.39,1.0,1672.4642857142858,634.0571494709596,1451.2478571428571,616.9746329179885,1447.9923333333331,856.1578001613524
2023-05-15,2091.99,9.0,15.0,2023,5,15,0,135,0,0,2145.4,2.0,1251.56,4.0,1338.45,4.0,508.14,2.0,1857.195714285714,536.0747514994893,1573.8135714285713,566.7773102728364,1483.126,862.6215092403722
2023-05-16,1462.4,5.0,11.0,2023,5,16,1,136,0,0,2091.99,9.0,2028.88,9.0,2207.55,4.0,432.62,3.0,1977.2571428571428,467.5623571501567,1627.6378571428572,578.368181965814,1535.9209999999998,849.2564392266511
2023-05-17,1304.04,3.0,6.0,2023,5,17,2,137,0,0,1462.4,5.0,1270.86,7.0,1201.49,3.0,1368.72,7.0,1896.3314285714284,504.6876107200243,1574.412857142857,554.6982303701944,1570.247,823.5466299640669
2023-05-18,431.65,4.0,6.0,2023,5,18,3,138,0,0,1304.04,3.0,1882.46,3.0,1137.8000000000002,3.0,2053.18,4.0,1901.0714285714287,497.9449202615554,1581.7378571428574,550.0524795826814,1568.0910000000001,824.17683248761
2023-05-19,1127.37,7.0,11.0,2023,5,19,4,139,0,0,431.65,4.0,2781.0,11.0,1479.55,7.0,218.38,4.0,1693.812857142857,746.7546454651691,1531.2985714285714,621.6141550197198,1514.0400000000002,844.1951395509092
2023-05-20,1224.86,2.0,9.0,2023,5,20,5,140,1,0,1127.37,7.0,1640.21,5.0,815.9,6.0,1033.53,4.0,1457.58,590.7756046644677,1506.1428571428569,630.9257598095119,1544.3396666666665,811.77825949125
2023-05-21,814.62,3.0,5.0,2023,5,21,6,141,1,0,1224.86,2.0,2145.4,2.0,852.28,4.0,1723.7900000000002,7.0,1398.2442857142855,590.233666013079,1535.3542857142857,605.4631809387988,1550.7173333333333,808.3711770737981
2023-05-22,1917.06,5.0,9.0,2023,5,22,0,142,0,0,814.62,3.0,2091.99,9.0,1251.56,4.0,768.5699999999999,2.0,1208.1328571428571,519.5565162621645,1532.6642857142856,608.8058772676275,1520.4116666666666,818.6361022860472
2023-05-23,3394.04,10.0,13.0,2023,5,23,1,143,0,0,1917.06,5.0,1462.4,5.0,2028.88,9.0,1377.23,3.0,1183.142857142857,471.98809761526485,1580.2,611.1455308491785,1558.6946666666665,809.0625340680676
2023-05-24,463.24,5.0,7.0,2023,5,24,2,144,0,0,3394.04,10.0,1304.04,3.0,1270.86,7.0,3144.0400000000004,8.0,1459.0914285714284,967.2714985709131,1677.7114285714285,775.1460547124426,1625.9216666666666,874.6006442039437
2023-05-25,1259.28,6.0,8.0,2023,5,25,3,145,0,0,463.24,5.0,431.65,4.0,1882.46,3.0,3483.68,13.0,1338.9771428571426,1039.2603092699203,1620.0242857142855,835.4589597867231,1536.5616666666667,850.7694572930103
2023-05-26,2966.0,6.0,15.0,2023,5,26,4,146,0,0,1259.28,6.0,1127.37,7.0,2781.0,11.0,2471.86,5.0,1457.2099999999998,963.1223506041867,1575.5114285714285,837.0008808271923,1462.415,768.1400484679499
2023-05-27,2725.3900000000003,6.0,9.0,2023,5,27,5,147,1,0,2966.0,6.0,1224.86,2.0,1640.21,5.0,210.42,1.0,1719.8714285714286,1099.2682133648213,1588.7257142857143,858.6764097745424,1478.8863333333331,795.34820800436
2023-05-28,1126.94,9.0,13.0,2023,5,28,6,148,1,0,2725.3900000000003,6.0,814.62,3.0,2145.4,2.0,616.0,2.0,1934.2328571428573,1132.4544993172178,1666.2385714285715,911.0630714285815,1562.7186666666669,789.5593082514043
2023-05-29,3260.61,6.0,13.0,2023,5,29,0,149,0,0,1126.94,9.0,1917.06,5.0,2091.99,9.0,2620.75,5.0,1978.8500000000001,1086.1992711131172,1593.4914285714283,910.5207377764003,1579.75,773.7868805582951
2023-05-30,1055.14,7.0,11.0,2023,5,30,1,150,0,0,3260.61,6.0,3394.04,10.0,1462.4,5.0,429.48,2.0,2170.785714285714,1187.447444729761,1676.9642857142858,1008.0773641000925,1601.0786666666668,811.3760116924116
2023-05-31,961.5699999999999,2.0,4.0,2023,5,31,2,151,0,0,1055.14,7.0,463.24,5.0,1304.04,3.0,1338.45,4.0,1836.6571428571428,1112.5803042584434,1647.8742857142856,1020.5443514405164,1621.934,787.9251929816509
2023-06-01,4132.71,7.0,20.0,2023,6,1,3,152,0,0,961.5699999999999,2.0,1259.28,6.0,431.65,4.0,2207.55,4.0,1907.847142857143,1022.3368938485055,1623.4121428571427,1033.442866525276,1609.3713333333333,795.5683286016496
2023-06-02,2269.0800000000004,5.0,12.0,2023,6,2,4,153,0,0,4132.71,7.0,2966.0,6.0,1127.37,7.0,1201.49,3.0,2318.337142857143,1266.2870567623322,1887.7735714285716,1169.5467656227233,1673.5433333333335,914.2703693650197
2023-06-03,1496.11,6.0,12.0,2023,6,3,5,154,1,0,2269.0800000000004,5.0,2725.3900000000003,6.0,1224.86,2.0,1137.8000000000002,3.0,2218.7771428571427,1233.8605536514829,1969.3242857142857,1152.1214217441495,1709.1296666666667,916.0382633721982
2023-06-04,1625.66,8.0,11.0,2023,6,4,6,155,1,0,1496.11,6.0,1126.94,9.0,814.62,3.0,1479.55,7.0,2043.1657142857143,1237.2137238280914,1988.6992857142857,1140.8646597577067,1721.0733333333333,910.6522322331742
2023-06-05,2004.63,5.0,5.0,2023,6,5,0,156,0,0,1625.66,8.0,3260.61,6.0,1917.06,5.0,815.9,6.0,2114.4114285714286,1189.0820401949927,2046.6307142857145,1096.3852804870573,1725.9436666666668,909.7061998874565
2023-06-06,1158.21,5.0,7.0,2023,6,6,1,157,0,0,2004.63,5.0,1055.14,7.0,3394.04,10.0,852.28,4.0,1934.9857142857145,1076.7561065666507,2052.8857142857146,1095.8388645635425,1765.568,894.461496572677
2023-06-07,491.14,3.0,4.0,2023,6,7,2,158,0,0,1158.21,5.0,961.5699999999999,2.0,463.24,5.0,1251.56,4.0,1949.7100000000003,1063.340387285903,1893.1835714285714,1047.1903653153722,1775.7656666666667,885.3880640272674
2023-06-08,2729.96,2.0,7.0,2023,6,8,3,159,0,0,491.14,3.0,4132.71,7.0,1259.28,6.0,2028.88,9.0,1882.5057142857145,1147.7185738507094,1895.1764285714287,1044.282291400376,1750.4183333333333,911.4150724998374
2023-06-09,884.02,2.0,2.0,2023,6,9,4,160,0,0,2729.96,2.0,2269.0800000000004,5.0,2966.0,6.0,1270.86,7.0,1682.1128571428574,739.0541147465533,2000.2250000000001,1049.3528432012833,1773.7876666666666,927.6448265353581
2023-06-10,2601.73,3.0,7.0,2023,6,10,5,161,1,0,884.02,2.0,1496.11,6.0,2725.3900000000003,6.0,1882.46,3.0,1484.2471428571428,741.1221000103909,1851.5121428571426,1049.4838702551965,1760.893,937.5129404464141
2023-06-11,4377.07,6.0,12.0,2023,6,11,6,162,1,0,2601.73,3.0,1625.66,8.0,1126.94,9.0,2781.0,11.0,1642.1928571428573,853.3825901222799,1842.679285714286,1042.0573280366282,1784.8686666666665,949.8451459806421
2023-06-12,1857.42,4.0,7.0,2023,6,12,0,163,0,0,4377.07,6.0,2004.63,5.0,3260.61,6.0,1640.21,5.0,2035.2514285714285,1339.613466507268,2074.8314285714287,1217.5894880197782,1838.0710000000001,1047.2671119611823
2023-06-13,2898.14,5.0,12.0,2023,6,13,1,164,0,0,1857.42,4.0,1158.21,5.0,1055.14,7.0,2145.4,2.0,2014.2214285714288,1341.328691800641,1974.6035714285715,1169.2657880160211,1845.3113333333336,1046.602655652492
2023-06-14,2281.05,5.0,8.0,2023,6,14,2,165,0,0,2898.14,5.0,491.14,3.0,961.5699999999999,2.0,2091.99,9.0,2262.782857142857,1317.26060097859,2106.2464285714286,1161.5063418920693,1870.4026666666666,1062.940686524184
2023-06-15,3180.4,8.0,16.0,2023,6,15,3,166,0,0,2281.05,5.0,2729.96,2.0,4132.71,7.0,1462.4,5.0,2518.4842857142858,1065.7536986073458,2200.495,1114.0423216222023,1876.7046666666668,1064.8584658899367
2023-06-16,1915.8000000000002,6.0,11.0,2023,6,16,4,167,0,0,3180.4,8.0,884.02,2.0,2269.0800000000004,5.0,1304.04,3.0,2582.8328571428574,1093.8777309144177,2132.4728571428573,1011.3264200538335,1933.9713333333334,1087.7590385258634
2023-06-17,1370.33,6.0,9.0,2023,6,17,5,168,1,0,1915.8000000000002,6.0,2601.73,3.0,1496.11,6.0,431.65,4.0,2730.23,874.2899238810879,2107.2385714285715,1012.0628404695739,1954.3633333333335,1081.257469636014
2023-06-18,1952.76,8.0,14.0,2023,6,18,6,169,1,0,1370.33,6.0,4377.07,6.0,1625.66,8.0,1127.37,7.0,2554.315714285714,1016.7343257189841,2098.2542857142857,1018.4434419605877,1985.6526666666666,1048.7674559179652
2023-06-19,372.37,3.0,3.0,2023,6,19,0,170,0,0,1952.76,8.0,1857.42,4.0,2004.63,5.0,1224.86,2.0,2207.985714285714,632.7607425100776,2121.6185714285716,1010.4885470584342,2013.1656666666668,1036.2266753372894
2023-06-20,2598.0,4.0,9.0,2023,6,20,1,171,0,0,372.37,3.0,2898.14,5.0,1158.21,5.0,814.62,3.0,1995.8357142857144,942.854912537045,2005.0285714285712,1113.898607247793,1984.7493333333334,1069.736769319453
2023-06-21,1905.63,3.0,4.0,2023,6,21,2,172,0,0,2598.0,4.0,2281.05,5.0,491.14,3.0,1917.06,5.0,1952.9585714285715,900.8729075999678,2107.8707142857143,1096.022660044135,2044.1953333333333,1051.8723016331337
2023-06-22,2532.98,11.0,16.0,2023,6,22,3,173,0,0,1905.63,3.0,3180.4,8.0,2729.96,2.0,3394.04,10.0,1899.327142857143,889.1844269837823,2208.905714285714,996.1705072674318,2043.8143333333333,1051.9220082722238
2023-06-23,1277.47,7.0,11.0,2023,6,23,4,174,0,0,2532.98,11.0,1915.8000000000002,6.0,884.02,2.0,463.24,5.0,1806.8385714285716,757.670002737089,2194.835714285714,989.614489802153,2015.1123333333335,1025.2185130840292
2023-06-24,2105.14,7.0,15.0,2023,6,24,5,175,1,0,1277.47,7.0,1370.33,6.0,2601.73,3.0,1259.28,6.0,1715.6485714285714,780.4413470472679,2222.9392857142857,954.4891330441916,2042.2533333333336,992.9896767193815
2023-06-25,1620.55,8.0,12.0,2023,6,25,6,176,1,0,2105.14,7.0,1952.76,8.0,4377.07,6.0,2966.0,6.0,1820.6214285714284,775.6562521596064,2187.468571428571,948.5382856216778,2070.4486666666667,981.938347519432
2023-06-26,2923.5299999999997,9.0,16.0,2023,6,26,0,177,0,0,1620.55,8.0,372.37,3.0,1857.42,4.0,2725.3900000000003,6.0,1773.1628571428573,776.386661780377,1990.5742857142855,716.8694036703497,2025.6003333333333,970.2815101831688
2023-06-27,598.43,5.0,11.0,2023,6,27,1,178,0,0,2923.5299999999997,9.0,2598.0,4.0,2898.14,5.0,1126.94,9.0,2137.6142857142854,584.2384672619322,2066.725,757.1309158186998,2032.2050000000002,975.8674924385346
2023-06-28,3369.09,8.0,17.0,2023,6,28,2,179,0,0,598.43,5.0,1905.63,3.0,2281.05,5.0,3260.61,6.0,1851.9614285714285,778.2413824007007,1902.4600000000003,810.4647930283355,2014.5880000000002,997.3084258328709
2023-06-29,1655.98,5.0,8.0,2023,6,29,3,180,0,0,3369.09,8.0,2532.98,11.0,3180.4,8.0,1055.14,7.0,2061.0271428571427,968.4005173603585,1980.177142857143,897.0981062157168,2018.2040000000002,1002.1668140226324
2023-06-30,3193.92,8.0,14.0,2023,6,30,4,181,0,0,1655.98,5.0,1277.47,7.0,1915.8000000000002,6.0,961.5699999999999,2.0,1935.7414285714283,953.7859201873448,1871.2900000000002,830.2355690080707,2038.2320000000002,988.1625530329254
2023-07-01,339.3,4.0,4.0,2023,7,1,5,182,1,0,3193.92,8.0,2105.14,7.0,1370.33,6.0,4132.71,7.0,2209.52,1006.9139809338235,1962.5842857142857,902.6230248534578,2112.643666666667,988.3422643287612
2023-07-02,615.8199999999999,3.0,6.0,2023,7,2,6,183,1,0,339.3,4.0,1620.55,8.0,1952.76,8.0,2269.0800000000004,5.0,1957.257142857143,1233.195470471116,1888.9392857142855,992.2710840015473,1986.1966666666667,963.331270537503
2023-07-03,4338.18,5.0,15.0,2023,7,3,0,184,0,0,615.8199999999999,3.0,2923.5299999999997,9.0,372.37,3.0,1496.11,6.0,1813.7242857142858,1333.3227010599894,1793.4435714285714,1048.4021668792154,1931.088,993.4094415989455
2023-07-04,1491.7,6.0,11.0,2023,7,4,1,185,0,0,4338.18,5.0,598.43,5.0,2598.0,4.0,1625.66,8.0,2015.817142857143,1608.4057230967805,2076.7157142857145,1164.2674238250513,2025.823666666667,1082.0581901762348
2023-07-05,1874.98,7.0,11.0,2023,7,5,2,186,0,0,1491.7,6.0,3369.09,8.0,1905.63,3.0,2004.63,5.0,2143.4271428571433,1509.6101098486138,1997.6942857142858,1163.7084923554614,2021.3583333333333,1084.0410800845682
2023-07-06,1856.38,6.0,14.0,2023,7,6,3,187,0,0,1874.98,7.0,1655.98,5.0,2532.98,11.0,1158.21,5.0,1929.9828571428573,1409.7541919274947,1995.5049999999999,1163.9238271054717,2017.0366666666666,1084.3684529567493
2023-07-07,2833.78,8.0,13.0,2023,7,7,4,188,0,0,1856.38,6.0,3193.92,8.0,1277.47,7.0,491.14,3.0,1958.6114285714286,1405.2902392439387,1947.1764285714287,1153.8937445256804,2040.3090000000002,1072.730524818919
2023-07-08,254.07,2.0,2.0,2023,7,8,5,189,1,0,2833.78,8.0,339.3,4.0,2105.14,7.0,2729.96,2.0,1907.1628571428573,1358.3352563795916,2058.3414285714284,1159.3656106406925,2118.397,1040.8635697215298
2023-07-09,71.07,1.0,1.0,2023,7,9,6,190,1,0,254.07,2.0,615.8199999999999,3.0,1620.55,8.0,884.02,2.0,1894.9871428571428,1375.0110503642545,1926.122142857143,1255.2085385193886,2035.8673333333334,1087.7988473405364
2023-07-10,2385.3399999999997,7.0,8.0,2023,7,10,0,191,0,0,71.07,1.0,4338.18,5.0,2923.5299999999997,9.0,2601.73,3.0,1817.1657142857143,1471.5040079892997,1815.4450000000002,1349.0304859459404,2008.769,1126.9049821902333
2023-07-11,2091.79,7.0,13.0,2023,7,11,1,192,0,0,2385.3399999999997,7.0,1491.7,6.0,598.43,5.0,4377.07,6.0,1538.1885714285713,1033.9612774572142,1777.0028571428572,1322.431357622005,2001.5560000000003,1123.666604087737
2023-07-12,3245.39,9.0,15.0,2023,7,12,2,193,0,0,2091.79,7.0,1874.98,7.0,3369.09,8.0,1857.42,4.0,1623.9157142857143,1054.1445894635326,1883.6714285714284,1279.5877771006944,1925.3799999999999,1030.687156094384
2023-07-13,2858.0099999999998,5.0,9.0,2023,7,13,3,194,0,0,3245.39,9.0,1856.38,6.0,1655.98,5.0,2898.14,5.0,1819.6885714285713,1222.373469626865,1874.8357142857142,1268.9244260863934,1971.6456666666666,1058.3128551115524
2023-07-14,5990.33,9.0,19.0,2023,7,14,4,195,0,0,2858.0099999999998,5.0,2833.78,8.0,3193.92,8.0,2281.05,5.0,1962.7785714285715,1284.433940619091,1960.695,1293.407188063611,1970.308,1057.126116846991
2023-07-15,1060.18,5.0,8.0,2023,7,15,5,196,1,0,5990.33,9.0,254.07,2.0,339.3,4.0,3180.4,8.0,2413.714285714286,1997.4045316848658,2160.4385714285713,1661.9330129926198,2093.9506666666666,1286.7138604290494
2023-07-16,2794.9300000000003,8.0,13.0,2023,7,16,6,197,1,0,1060.18,5.0,71.07,1.0,615.8199999999999,3.0,1915.8000000000002,6.0,2528.8728571428574,1871.4036766084996,2211.93,1611.5730848698502,2023.2766666666669,1283.204628090945
2023-07-17,2138.16,5.0,14.0,2023,7,17,0,198,0,0,2794.9300000000003,8.0,2385.3399999999997,7.0,4338.18,5.0,1370.33,6.0,2917.9957142857143,1526.5967410098528,2367.5807142857143,1549.5985421117423,2052.581,1290.682053364915
2023-07-18,2868.6800000000003,7.0,13.0,2023,7,18,1,199,0,0,2138.16,5.0,2091.79,7.0,1491.7,6.0,1952.76,8.0,2882.684285714286,1543.7335159914217,2210.436428571428,1442.21984588186,2078.175333333333,1284.283645283621
2023-07-19,4730.48,11.0,20.0,2023,7,19,2,200,0,0,2868.6800000000003,7.0,3245.39,9.0,1874.98,7.0,372.37,3.0,2993.6685714285713,1504.833256404493,2308.792142857143,1436.3748113871131,2108.706,1292.0627045037918
2023-07-20,107.87,2.0,3.0,2023,7,20,3,201,0,0,4730.48,11.0,2858.0099999999998,5.0,1856.38,6.0,2598.0,4.0,3205.824285714286,1644.4461432638152,2512.756428571429,1566.8489414333728,2253.976333333333,1334.4130447826446
2023-07-21,2775.79,6.0,14.0,2023,7,21,4,202,0,0,107.87,2.0,5990.33,9.0,2833.78,8.0,1905.63,3.0,2812.947142857143,2025.713764822285,2387.8628571428567,1688.1823162635774,2170.972,1388.62143967069
2023-07-22,5307.08,9.0,25.0,2023,7,22,5,203,1,0,2775.79,6.0,1060.18,5.0,254.07,2.0,2532.98,11.0,2353.727142857143,1474.8183682261158,2383.720714285714,1687.0748261024712,2199.9773333333337,1391.9717438420614
2023-07-23,3343.28,9.0,18.0,2023,7,23,6,204,1,0,5307.08,9.0,2794.9300000000003,8.0,71.07,1.0,1277.47,7.0,2960.4271428571433,1708.9455800552792,2744.65,1736.2142094400508,2292.447333333333,1502.6029130190484
2023-07-24,1038.47,4.0,7.0,2023,7,24,0,205,0,0,3343.28,9.0,2138.16,5.0,2385.3399999999997,7.0,2105.14,7.0,3038.7628571428572,1712.658829157306,2978.3792857142857,1559.9120711978235,2361.3076666666666,1501.8203650000378
2023-07-25,1374.4,7.0,11.0,2023,7,25,1,206,0,0,1038.47,4.0,2868.6800000000003,7.0,2091.79,7.0,1620.55,8.0,2881.664285714286,1853.6687887615117,2882.174285714286,1638.8366071074952,2325.752,1520.60354747349
2023-07-26,2816.16,5.0,12.0,2023,7,26,2,207,0,0,1374.4,7.0,4730.48,11.0,3245.39,9.0,2923.5299999999997,9.0,2668.195714285714,1939.468272876676,2830.932142857143,1676.2395160926262,2317.5469999999996,1525.1971089736962
2023-07-27,2211.96,6.0,11.0,2023,7,27,3,208,0,0,2816.16,5.0,107.87,2.0,2858.0099999999998,5.0,598.43,5.0,2394.721428571429,1723.1068233999943,2800.272857142857,1671.9957884260018,2313.968,1523.8514687516458
2023-07-28,3117.57,7.0,16.0,2023,7,28,4,209,0,0,2211.96,6.0,2775.79,6.0,5990.33,9.0,3369.09,8.0,2695.305714285714,1413.3788500594019,2754.1264285714283,1679.1796177969547,2367.7523333333334,1489.2966175107117
2023-07-29,405.47,2.0,5.0,2023,7,29,5,210,1,0,3117.57,7.0,5307.08,9.0,1060.18,5.0,1655.98,5.0,2744.131428571429,1422.4966547638292,2548.929285714286,1406.7138461538618,2359.368333333333,1484.1643265722082
2023-07-30,1745.05,5.0,9.0,2023,7,30,6,211,1,0,405.47,2.0,3343.28,9.0,2794.9300000000003,8.0,3193.92,8.0,2043.9014285714286,1126.155549075831,2502.164285714286,1469.4948306539504,2317.6846666666665,1521.686976820707
2023-07-31,1274.4,6.0,11.0,2023,7,31,0,212,0,0,1745.05,5.0,1038.47,4.0,2138.16,5.0,339.3,4.0,1815.5828571428574,969.998267897325,2427.172857142857,1480.155241917491,2269.389,1515.8991228250384
2023-08-01,1566.95,5.0,7.0,2023,8,1,1,213,0,0,1274.4,6.0,1374.4,7.0,2868.6800000000003,7.0,615.8199999999999,3.0,1849.287142857143,942.1962356061912,2365.4757142857147,1510.813314505771,2300.5589999999997,1484.1248072583558
2023-08-02,2631.58,6.0,13.0,2023,8,2,2,214,0,0,1566.95,5.0,2816.16,5.0,4730.48,11.0,4338.18,5.0,1876.7942857142857,928.7359188498665,2272.495,1517.5038285276764,2332.263333333334,1456.8015104693375
2023-08-03,890.75,4.0,5.0,2023,8,3,3,215,0,0,2631.58,6.0,2211.96,6.0,107.87,2.0,1491.7,6.0,1850.4257142857143,899.7896847015081,2122.5735714285715,1350.4760982512068,2275.3766666666666,1408.2840450443343
2023-08-04,440.08,4.0,5.0,2023,8,4,4,216,0,0,890.75,4.0,3117.57,7.0,2775.79,6.0,1874.98,7.0,1661.6814285714286,948.5628128284147,2178.4935714285716,1274.718496106899,2255.3450000000003,1424.0018700630626
2023-08-05,1923.1399999999999,6.0,15.0,2023,8,5,5,217,1,0,440.08,4.0,405.47,2.0,5307.08,9.0,1856.38,6.0,1279.1828571428573,790.2732520192908,2011.6571428571428,1341.6244855594832,2207.515,1460.839823081819
2023-08-06,1571.18,4.0,8.0,2023,8,6,6,218,1,0,1923.1399999999999,6.0,1745.05,5.0,3343.28,9.0,2833.78,8.0,1495.9928571428572,715.2448869143666,1769.9471428571428,949.8794548251384,2209.740333333333,1460.3372480295914
2023-08-07,1724.38,6.0,10.0,2023,8,7,0,219,0,0,1571.18,4.0,1274.4,6.0,1038.47,4.0,254.07,2.0,1471.154285714286,708.1379871620411,1643.3685714285714,835.249614204384,2167.6536666666666,1459.9262691573651
2023-08-08,3159.44,8.0,16.0,2023,8,8,1,220,0,0,1724.38,6.0,1566.95,5.0,1374.4,7.0,71.07,1.0,1535.4371428571428,707.7242243678995,1692.3621428571428,816.9549617392873,2216.6639999999998,1417.5353226873056
2023-08-09,184.87,2.0,2.0,2023,8,9,2,221,0,0,3159.44,8.0,2631.58,6.0,2816.16,5.0,2385.3399999999997,7.0,1762.9357142857145,938.024918500875,1819.865,898.7178961057637,2319.6096666666663,1367.6068199557708
2023-08-10,3543.65,10.0,21.0,2023,8,10,3,222,0,0,184.87,2.0,890.75,4.0,2211.96,6.0,2091.79,7.0,1413.4057142857146,1013.2369288219681,1631.9157142857143,948.1186222905163,2246.2606666666666,1421.8915849280463
2023-08-11,848.78,3.0,4.0,2023,8,11,4,223,0,0,3543.65,10.0,440.08,4.0,3117.57,7.0,3245.39,9.0,1792.3914285714286,1252.9468572985397,1727.0364285714284,1069.7836332973504,2294.6560000000004,1441.0315910547995
2023-08-12,472.24,6.0,9.0,2023,8,12,5,224,1,0,848.78,3.0,1923.1399999999999,6.0,405.47,2.0,2858.0099999999998,5.0,1850.7771428571427,1187.2270949670121,1564.98,1013.287111844797,2214.7690000000002,1452.8900287271656
2023-08-13,2805.45,9.0,20.0,2023,8,13,6,225,1,0,472.24,6.0,1571.18,4.0,1745.05,5.0,5990.33,9.0,1643.5057142857145,1294.3110912483803,1569.7492857142856,1007.5506799886571,2135.2433333333333,1481.4800615887661
2023-08-14,3522.26,10.0,17.0,2023,8,14,0,226,0,0,2805.45,9.0,1724.38,6.0,1274.4,6.0,1060.18,5.0,1819.83,1364.9602523883254,1645.4921428571429,1060.2237439781547,2029.0806666666665,1298.514807165141
2023-08-15,5017.49,11.0,22.0,2023,8,15,1,227,0,0,3522.26,10.0,3159.44,8.0,1566.95,5.0,2794.9300000000003,8.0,2076.67,1505.882279971889,1806.0535714285713,1164.758001710142,2111.15,1312.891454711763
2023-08-16,2523.57,9.0,14.0,2023,8,16,2,228,0,0,5017.49,11.0,184.87,2.0,2631.58,6.0,2138.16,5.0,2342.105714285714,1852.427561218496,2052.5207142857143,1442.2819609881278,2185.235333333333,1411.7906603701917
2023-08-17,883.0899999999999,3.0,8.0,2023,8,17,3,229,0,0,2523.57,9.0,3543.65,10.0,890.75,4.0,2868.6800000000003,7.0,2676.2057142857143,1590.9552113626278,2044.8057142857142,1439.2318675370093,2198.0823333333333,1413.100480722621
2023-08-18,844.14,4.0,7.0,2023,8,18,4,230,0,0,883.0899999999999,3.0,848.78,3.0,440.08,4.0,4730.48,11.0,2296.1257142857144,1665.2532159089915,2044.2585714285713,1439.7057233757462,2131.896,1427.0396265251711
2023-08-19,1729.12,5.0,10.0,2023,8,19,5,231,1,0,844.14,4.0,472.24,6.0,1923.1399999999999,6.0,107.87,2.0,2295.462857142857,1665.9261418573783,2073.12,1408.7915540687295,2002.3513333333333,1357.7242986747904
2023-08-20,4936.45,9.0,22.0,2023,8,20,6,232,1,0,1729.12,5.0,2805.45,9.0,1571.18,4.0,2775.79,6.0,2475.0171428571434,1495.7040658244562,2059.261428571429,1411.3324450584728,2056.3929999999996,1311.1856131554598
2023-08-21,4179.21,8.0,19.0,2023,8,21,0,233,0,0,4936.45,9.0,3522.26,10.0,1724.38,6.0,5307.08,9.0,2779.445714285714,1766.517877377763,2299.6378571428572,1596.27522031846,2128.415,1407.8426253809948
2023-08-22,2745.24,10.0,22.0,2023,8,22,1,234,0,0,4179.21,8.0,5017.49,11.0,3159.44,8.0,3343.28,9.0,2873.2957142857144,1828.907902801169,2474.9828571428575,1661.710360735536,2090.8193333333334,1333.106959552171
2023-08-23,3853.63,10.0,16.0,2023,8,23,2,235,0,0,2745.24,10.0,2523.57,9.0,184.87,2.0,1038.47,4.0,2548.6885714285713,1567.9426675469629,2445.3971428571426,1652.2469581355365,2070.884666666667,1318.1195822726297
2023-08-24,7580.45,9.0,29.0,2023,8,24,3,236,0,0,3853.63,10.0,883.0899999999999,3.0,3543.65,10.0,1374.4,7.0,2738.697142857143,1643.1769858591442,2707.4514285714286,1554.167664298691,2164.7233333333334,1342.075949604099
2023-08-25,2569.47,8.0,18.0,2023,8,25,4,237,0,0,7580.45,9.0,844.14,4.0,848.78,3.0,2816.16,5.0,3695.462857142857,2228.2905285570687,2995.7942857142857,2024.5338923078805,2371.5916666666667,1657.3297688358632
2023-08-26,2897.21,9.0,11.0,2023,8,26,5,238,1,0,2569.47,8.0,1729.12,5.0,472.24,6.0,2211.96,6.0,3941.9385714285713,1936.6740395364113,3118.7007142857146,1934.3889006269346,2363.3686666666667,1655.659085528995
2023-08-27,2505.6499999999996,4.0,10.0,2023,8,27,6,239,1,0,2897.21,9.0,4936.45,9.0,2805.45,9.0,3117.57,7.0,4108.808571428571,1756.1421066305961,3291.912857142857,1781.7332749425102,2386.2103333333334,1658.2231137066312
2023-08-28,2147.98,7.0,12.0,2023,8,28,0,240,0,0,2505.6499999999996,4.0,4179.21,8.0,3522.26,10.0,405.47,2.0,3761.5514285714285,1804.8649534007475,3270.4985714285713,1789.8130152825254,2365.813,1652.670882038817
2023-08-29,1927.14,4.0,13.0,2023,8,29,1,241,0,0,2147.98,7.0,2745.24,10.0,5017.49,11.0,1745.05,5.0,3471.3757142857144,1887.899426027572,3172.335714285714,1812.4857359808564,2423.8966666666665,1611.5061005808172
2023-08-30,932.83,8.0,14.0,2023,8,30,2,242,0,0,1927.14,4.0,3853.63,10.0,2523.57,9.0,1274.4,6.0,3354.5042857142857,1964.1267697873361,2951.5964285714285,1757.8421089051515,2429.966333333333,1609.2023577504278
2023-08-31,6256.96,15.0,26.0,2023,8,31,3,243,0,0,932.83,8.0,7580.45,9.0,883.0899999999999,3.0,1566.95,5.0,2937.247142857143,2142.5615125881,2837.972142857143,1837.2550597863215,2418.5806666666667,1618.8398279183484
2023-09-01,3761.81,10.0,16.0,2023,9,1,4,244,0,0,6256.96,15.0,2569.47,8.0,844.14,4.0,2631.58,6.0,2748.1771428571424,1671.0449544293558,3221.8199999999997,1955.008268760794,2574.9143333333336,1754.5340664466876
2023-09-02,1623.99,7.0,14.0,2023,9,2,5,245,1,0,3761.81,10.0,2897.21,9.0,1729.12,5.0,890.75,4.0,2918.5114285714285,1710.1055709266268,3430.2249999999995,1833.8046893601374,2612.588666666667,1767.8765129224903
2023-09-03,2424.69,13.0,20.0,2023,9,3,6,246,1,0,1623.99,7.0,2505.6499999999996,4.0,4936.45,9.0,440.08,4.0,2736.6228571428574,1779.0687729606766,3422.7157142857145,1841.5054983594025,2637.0299999999997,1748.2100318641178
2023-09-04,1208.78,6.0,8.0,2023,9,4,0,247,0,0,2424.69,13.0,2147.98,7.0,4179.21,8.0,1923.1399999999999,6.0,2725.057142857143,1781.082605231195,3243.3042857142855,1804.6708179512502,2703.1836666666663,1699.0679077019372
2023-09-05,782.31,5.0,5.0,2023,9,5,1,248,0,0,1208.78,6.0,1927.14,4.0,2745.24,10.0,1571.18,4.0,2590.8857142857137,1865.1897141833151,3031.130714285714,1859.9421148249346,2679.3716666666664,1715.3051879980378
2023-09-06,2614.76,7.0,11.0,2023,9,6,2,249,0,0,782.31,5.0,932.83,8.0,3853.63,10.0,1724.38,6.0,2427.3385714285714,1979.762194679187,2890.921428571429,1954.7228961154065,2653.076,1738.7658632184464
2023-09-07,2291.85,10.0,24.0,2023,9,7,3,250,0,0,2614.76,7.0,6256.96,15.0,7580.45,9.0,3159.44,8.0,2667.6142857142863,1867.002681419759,2802.430714285714,1935.7381747955972,2682.7553333333335,1729.943800725076
2023-09-08,1362.02,5.0,11.0,2023,9,8,4,251,0,0,2291.85,10.0,3761.81,10.0,2569.47,8.0,184.87,2.0,2101.17,993.8122152096935,2424.6735714285714,1362.844525336662,2653.8356666666664,1728.9517389301343
2023-09-09,2371.17,11.0,16.0,2023,9,9,5,252,1,0,1362.02,5.0,1623.99,7.0,2897.21,9.0,3543.65,10.0,1758.3428571428574,694.2478758031174,2338.427142857143,1390.8939007284193,2693.074,1683.7535674418327
2023-09-10,764.71,4.0,4.0,2023,9,10,6,253,1,0,2371.17,11.0,2424.69,13.0,2505.6499999999996,4.0,848.78,3.0,1865.0828571428574,726.8233510676035,2300.8528571428574,1381.7125437460052,2653.991333333333,1676.923241809921
2023-09-11,2112.2200000000003,6.0,10.0,2023,9,11,0,254,0,0,764.71,4.0,1208.78,6.0,2147.98,7.0,472.24,6.0,1627.9428571428573,782.4795753610063,2176.5,1439.0163932567066,2651.189,1680.1111992659773
2023-09-12,3000.55,10.0,18.0,2023,9,12,1,255,0,0,2112.2200000000003,6.0,782.31,5.0,1927.14,4.0,2805.45,9.0,1757.0057142857145,776.3023485055523,2173.9457142857145,1439.1026458163456,2705.8550000000005,1632.7832521521698
2023-09-13,2246.19,8.0,14.0,2023,9,13,2,256,0,0,3000.55,10.0,2614.76,7.0,932.83,8.0,3522.26,10.0,2073.897142857143,764.7768117064007,2250.6178571428572,1453.4646794479556,2712.358333333333,1633.581958990274
2023-09-14,2742.02,4.0,8.0,2023,9,14,3,257,0,0,2246.19,8.0,2291.85,10.0,6256.96,15.0,5017.49,11.0,2021.2442857142858,733.3765932510864,2344.429285714286,1403.3893329774303,2669.8226666666665,1628.371348423035
2023-09-15,2112.23,5.0,11.0,2023,9,15,4,258,0,0,2742.02,4.0,1362.02,5.0,3761.81,10.0,2523.57,9.0,2085.554285714286,779.3573324831403,2093.3621428571428,858.0486314725872,2593.9736666666663,1567.0891379868704
2023-09-16,4840.57,11.0,17.0,2023,9,16,5,259,1,0,2112.23,5.0,2371.17,11.0,1623.99,7.0,883.0899999999999,3.0,2192.727142857143,711.9450695270019,1975.5349999999999,712.1737767270669,2580.262333333333,1569.5240096562611
2023-09-17,4573.62,10.0,21.0,2023,9,17,6,260,1,0,4840.57,11.0,764.71,4.0,2424.69,13.0,844.14,4.0,2545.4985714285717,1234.8610494900297,2205.2907142857143,1035.497033242152,2712.1783333333337,1588.159906578251
2023-09-18,2727.15,13.0,25.0,2023,9,18,0,261,0,0,4573.62,10.0,2112.2200000000003,6.0,1208.78,6.0,1729.12,5.0,3089.628571428571,1156.0577597944452,2358.785714285714,1214.3469572871375,2836.4943333333335,1582.8506432354613
2023-09-19,4002.31,8.0,17.0,2023,9,19,1,262,0,0,2727.15,13.0,3000.55,10.0,782.31,5.0,4936.45,9.0,3177.4757142857147,1090.9369535382132,2467.2407142857146,1170.759293742342,2869.762,1569.203012565338
2023-09-20,1659.43,7.0,14.0,2023,9,20,2,263,0,0,4002.31,8.0,2246.19,8.0,2614.76,7.0,4179.21,8.0,3320.584285714285,1128.9042672411322,2697.2407142857146,1129.8621907285476,2838.6240000000003,1535.6894798408262
2023-09-21,4292.3,12.0,29.0,2023,9,21,3,264,0,0,1659.43,7.0,2742.02,4.0,2291.85,10.0,2745.24,10.0,3236.7614285714285,1238.4449690159638,2629.002857142857,1163.5724085394459,2754.6313333333333,1528.731813842221
2023-09-22,1857.79,7.0,16.0,2023,9,22,4,265,0,0,4292.3,12.0,2112.23,5.0,1362.02,5.0,3853.63,10.0,3458.23,1273.350563500353,2771.8921428571434,1239.3469810793265,2806.2,1554.2840098035585
2023-09-23,3073.13,9.0,18.0,2023,9,23,5,266,1,0,1857.79,7.0,4840.57,11.0,2371.17,11.0,7580.45,9.0,3421.8814285714284,1320.9197306224246,2807.3042857142855,1202.4986551709374,2739.672,1550.6145321316726
2023-09-24,3623.09,7.0,18.0,2023,9,24,6,267,1,0,3073.13,9.0,4573.62,10.0,764.71,4.0,2569.47,8.0,3169.39,1164.163537638362,2857.444285714286,1197.5389225967008,2589.428,1255.7264993905796
2023-09-25,2456.91,13.0,24.0,2023,9,25,0,268,0,0,3623.09,7.0,2727.15,13.0,2112.2200000000003,6.0,2897.21,9.0,3033.6,1019.5235637786893,3061.6142857142854,1047.5750110591632,2624.548666666667,1269.8041821416257
2023-09-26,2820.06,11.0,20.0,2023,9,26,1,269,0,0,2456.91,13.0,4002.31,8.0,3000.55,10.0,2505.6499999999996,4.0,2994.9942857142855,1038.010655691246,3086.235,1027.4017077728734,2609.8720000000003,1269.088371587773
2023-09-27,4744.72,11.0,20.0,2023,9,27,2,270,0,0,2820.06,11.0,1659.43,7.0,2246.19,8.0,2147.98,7.0,2826.101428571429,938.1755524852218,3073.342857142857,1029.68949043597,2620.3523333333333,1269.4961694138474
2023-09-28,3197.12,6.0,14.0,2023,9,28,3,271,0,0,4744.72,11.0,4292.3,12.0,2742.02,4.0,1927.14,4.0,3266.8571428571427,1019.8983614673616,3251.809285714286,1090.0529904583282,2706.9103333333333,1323.5535884243277
2023-09-29,6766.7699999999995,18.0,34.0,2023,9,29,4,272,0,0,3197.12,6.0,1857.79,7.0,2112.23,5.0,932.83,8.0,3110.402857142857,914.9809303607418,3284.316428571429,1080.4241897557376,2749.2430000000004,1318.0514751869173
2023-09-30,4807.06,12.0,25.0,2023,9,30,5,273,1,0,6766.7699999999995,18.0,3073.13,9.0,4840.57,11.0,6256.96,15.0,3811.685714285714,1493.3485198802623,3616.7835714285716,1369.4841323405026,2943.7076666666667,1463.1944606159225
2023-10-01,1546.62,5.0,9.0,2023,10,1,6,274,1,0,4807.06,12.0,3623.09,7.0,4573.62,10.0,3761.81,10.0,4059.39,1494.2301442772014,3614.39,1367.2080703333406,2895.3776666666668,1371.0249134351568
2023-10-02,3676.85,12.0,24.0,2023,10,2,0,275,0,0,1546.62,5.0,2456.91,13.0,2727.15,13.0,1623.99,7.0,3762.7514285714287,1775.0134568919805,3398.175714285714,1441.191353753577,2821.538,1382.3573499826407
2023-10-03,5001.72,16.0,25.0,2023,10,3,1,276,0,0,3676.85,12.0,2820.06,11.0,4002.31,8.0,2424.69,13.0,3937.0285714285715,1682.9332623966263,3466.0114285714285,1429.480352225173,2889.9666666666667,1371.802317879739
2023-10-04,2587.41,8.0,20.0,2023,10,4,2,277,0,0,5001.72,16.0,4744.72,11.0,1659.43,7.0,1208.78,6.0,4248.694285714286,1643.146707812555,3537.397857142857,1482.3013125188338,2975.8676666666665,1421.449681221986
2023-10-05,6878.47,15.0,37.0,2023,10,5,3,278,0,0,2587.41,8.0,3197.12,6.0,4292.3,12.0,782.31,5.0,3940.5071428571423,1734.385356254623,3603.682142857143,1410.8924213210628,3021.822,1384.1467333726582
2023-10-06,3664.54,8.0,15.0,2023,10,6,4,279,0,0,6878.47,15.0,6766.7699999999995,18.0,1857.79,7.0,2614.76,7.0,4466.414285714285,2007.9636629087452,3788.408571428571,1655.9991993534732,3225.0273333333334,1487.6451048157592
2023-10-07,5903.59,11.0,32.0,2023,10,7,5,280,1,0,3664.54,8.0,4807.06,12.0,3073.13,9.0,2291.85,10.0,4023.238571428571,1740.1169209321213,3917.462142857142,1561.6860056173941,3260.02,1485.1397396576313
2023-10-08,3421.27,10.0,20.0,2023,10,8,6,281,1,0,5903.59,11.0,1546.62,5.0,3623.09,7.0,1362.02,5.0,4179.885714285714,1867.1555265774118,4119.637857142857,1625.867299132179,3380.411333333334,1548.9690491859685
2023-10-09,2882.64,8.0,17.0,2023,10,9,0,282,0,0,3421.27,10.0,3676.85,12.0,2456.91,13.0,2371.17,11.0,4447.692857142857,1530.630773142392,4105.222142857143,1631.4935742591526,3449.053,1501.3357713168323
2023-10-10,2781.74,12.0,13.0,2023,10,10,1,283,0,0,2882.64,8.0,5001.72,16.0,2820.06,11.0,764.71,4.0,4334.234285714286,1623.8875774598969,4135.631428571428,1602.1105000681366,3466.102,1491.5455502041443
2023-10-11,3458.67,17.0,30.0,2023,10,11,2,284,0,0,2781.74,12.0,2587.41,8.0,4744.72,11.0,2112.2200000000003,6.0,4017.094285714285,1687.3412051988494,4132.894285714286,1604.5618533740917,3533.336333333333,1408.7381815885424
2023-10-12,6217.57,11.0,24.0,2023,10,12,3,285,0,0,3458.67,17.0,6878.47,15.0,3197.12,6.0,3000.55,10.0,4141.56,1593.8486222766996,4041.0335714285716,1603.6533734455181,3578.218,1383.1165105644036
2023-10-13,3329.24,11.0,18.0,2023,10,13,4,286,0,0,6217.57,11.0,3664.54,8.0,6766.7699999999995,18.0,2246.19,8.0,4047.1457142857143,1414.1465833363613,4256.78,1682.6175409119624,3685.4519999999998,1459.3908969283145
2023-10-14,4019.0,14.0,22.0,2023,10,14,5,287,1,0,3329.24,11.0,5903.59,11.0,4807.06,12.0,2742.02,4.0,3999.2457142857143,1434.7940599595602,4011.242142857143,1532.2647933002202,3721.5536666666667,1435.7641709784345
2023-10-15,3174.45,11.0,19.0,2023,10,15,6,288,1,0,4019.0,14.0,3421.27,10.0,1546.62,5.0,2112.23,5.0,3730.0185714285712,1170.347829997968,3954.952142857143,1515.160168822876,3764.1196666666665,1424.608549642205
2023-10-16,3357.79,11.0,20.0,2023,10,16,0,289,0,0,3174.45,11.0,2882.64,8.0,3676.85,12.0,4840.57,11.0,3694.758571428571,1184.8285489952907,4071.225714285714,1371.806239411352,3799.5270000000005,1395.0298048852808
2023-10-17,9029.45,15.0,30.0,2023,10,17,1,290,0,0,3357.79,11.0,2781.74,12.0,5001.72,16.0,4573.62,10.0,3762.637142857143,1143.4356769507456,4048.4357142857143,1381.4782382913354,3750.101,1383.0901148000355
2023-10-18,1767.56,9.0,11.0,2023,10,18,2,291,0,0,9029.45,15.0,3458.67,17.0,2587.41,8.0,2727.15,13.0,4655.1671428571435,2200.210624195741,4336.130714285714,1912.5750302043036,3898.6286666666665,1681.6118908453973
2023-10-19,9894.31,20.0,39.0,2023,10,19,3,292,0,0,1767.56,9.0,6217.57,11.0,6878.47,15.0,4002.31,8.0,4413.58,2433.9159089281075,4277.57,1981.5452900781181,3866.6423333333328,1713.4874260884794
2023-10-20,3055.4,11.0,21.0,2023,10,20,4,293,0,0,9894.31,20.0,3329.24,11.0,3664.54,8.0,1659.43,7.0,4938.828571428572,3172.7091181587416,4492.987142857143,2404.774199502151,4063.042333333333,2036.7512891818703
2023-10-21,2335.07,4.0,7.0,2023,10,21,5,294,1,0,3055.4,11.0,4019.0,14.0,5903.59,11.0,4292.3,12.0,4899.708571428571,3197.455083976571,4449.477142857143,2426.3304803928754,4109.574666666666,1995.472044120667
2023-10-22,3061.84,13.0,16.0,2023,10,22,6,295,1,0,2335.07,4.0,3174.45,11.0,3421.27,10.0,1857.79,7.0,4659.147142857143,3335.1398994180854,4194.5828571428565,2449.155471540308,4044.3336666666664,2021.1224118713933
2023-10-23,4983.8,14.0,24.0,2023,10,23,0,296,0,0,3061.84,13.0,3357.79,11.0,2882.64,8.0,3073.13,9.0,4643.06,3343.755419225515,4168.909285714286,2459.7463684555414,4084.4686666666666,1987.8868902234567
2023-10-24,8954.78,14.0,36.0,2023,10,24,1,297,0,0,4983.8,14.0,9029.45,15.0,2781.74,12.0,3623.09,7.0,4875.347142857143,3295.721604827054,4318.992142857142,2439.2430835347227,4148.157666666667,1984.9731749089576
2023-10-25,3040.92,9.0,14.0,2023,10,25,2,298,0,0,8954.78,14.0,1767.56,9.0,3458.67,17.0,2456.91,13.0,4864.68,3280.119173439689,4759.9235714285705,2685.49216556899,4325.880666666667,2166.7057062467634
2023-10-26,1709.6000000000001,10.0,17.0,2023,10,26,3,299,0,0,3040.92,9.0,9894.31,20.0,6217.57,11.0,2820.06,11.0,5046.5885714285705,3110.6645564489304,4730.084285714285,2703.32463810971,4345.347666666667,2151.9077225627934
2023-10-27,2433.0699999999997,8.0,16.0,2023,10,27,4,300,0,0,1709.6000000000001,10.0,3055.4,11.0,3329.24,11.0,4744.72,11.0,3877.344285714286,2453.6560535783956,4408.086428571429,2779.9099069120584,4308.332333333334,2188.2921840112435
2023-10-28,3018.5,10.0,19.0,2023,10,28,5,301,1,0,2433.0699999999997,8.0,2335.07,4.0,4019.0,14.0,3197.12,6.0,3788.44,2499.2524273937065,4344.074285714286,2816.7371015706885,4231.277333333333,2212.9564265463137
2023-10-29,2573.25,11.0,19.0,2023,10,29,6,302,1,0,3018.5,10.0,3061.84,13.0,3174.45,11.0,6766.7699999999995,18.0,3886.0728571428576,2445.791426039939,4272.61,2838.2290872140147,4225.323333333333,2216.072887157683
2023-10-30,3327.4900000000002,6.0,14.0,2023,10,30,0,303,0,0,2573.25,11.0,4983.8,14.0,3357.79,11.0,4807.06,12.0,3816.2742857142853,2479.9669139450034,4229.6671428571435,2860.58262419343,4085.5393333333336,2182.237070579941
2023-10-31,5550.28,10.0,23.0,2023,10,31,1,304,0,0,3327.4900000000002,6.0,8954.78,14.0,9029.45,15.0,1546.62,5.0,3579.6585714285716,2428.487189461981,4227.5028571428575,2861.304390750777,4036.220333333333,2182.08754953075
2023-11-01,8438.06,21.0,42.0,2023,11,1,2,305,0,1,5550.28,10.0,3040.92,9.0,1767.56,9.0,3676.85,12.0,3093.3014285714285,1205.6060527307206,3978.990714285714,2545.8600425259488,4169.675666666667,2146.718692646157
2023-11-02,5576.21,11.0,22.0,2023,11,2,3,306,0,1,8438.06,21.0,1709.6000000000001,10.0,9894.31,20.0,5001.72,16.0,3864.3214285714284,2349.58553849701,4455.455,2718.495931754431,4328.382666666667,2280.8363827332128
2023-11-03,9980.78,22.0,39.0,2023,11,3,4,307,0,1,5576.21,11.0,2433.0699999999997,8.0,3055.4,11.0,2587.41,8.0,4416.694285714286,2208.892665619715,4147.019285714286,2260.2919059900364,4347.532333333334,2289.0813707576076
2023-11-04,7827.11,24.0,45.0,2023,11,4,5,308,1,1,9980.78,22.0,3018.5,10.0,2335.07,4.0,6878.47,15.0,5494.938571428572,2833.174021031469,4641.689285714286,2715.0762446539275,4593.978,2482.839703351925
2023-11-05,5837.15,28.0,44.0,2023,11,5,6,309,1,1,7827.11,24.0,2573.25,11.0,3061.84,13.0,3664.54,8.0,6181.882857142858,2713.0634165441984,5033.977857142857,2752.6666128241177,4625.599333333334,2518.7198332471653
2023-11-06,5615.83,20.0,35.0,2023,11,6,0,310,0,1,5837.15,28.0,3327.4900000000002,6.0,4983.8,14.0,5903.59,11.0,6648.154285714286,2226.3207668921477,5232.214285714285,2699.128712388827,4698.019666666666,2521.3667420440993
2023-11-07,4669.64,19.0,31.0,2023,11,7,1,311,0,1,5615.83,20.0,5550.28,10.0,8954.78,14.0,3421.27,10.0,6975.0599999999995,1780.9096763920036,5277.359285714286,2699.939655210165,4688.4276666666665,2517.166119859834
2023-11-08,4365.42,14.0,29.0,2023,11,8,2,312,0,1,4669.64,19.0,8438.06,21.0,3040.92,9.0,2882.64,8.0,6849.254285714285,1923.7120988933284,4971.277857142857,2485.3425965762954,4730.04,2505.788813856479
2023-11-09,4290.14,19.0,34.0,2023,11,9,3,313,0,1,4365.42,14.0,5576.21,11.0,1709.6000000000001,10.0,2781.74,12.0,6267.448571428571,1978.2000814497057,5065.885,2430.820323967106,4779.465999999999,2482.609326063868
2023-11-10,3562.91,17.0,26.0,2023,11,10,4,314,0,1,4290.14,19.0,9980.78,22.0,2433.0699999999997,8.0,3458.67,17.0,6083.7242857142855,2108.5267172985755,5250.209285714285,2247.6827713463376,4829.746,2455.8853401933357
2023-11-11,4859.33,19.0,37.0,2023,11,11,5,315,1,1,3562.91,17.0,7827.11,24.0,3018.5,10.0,6217.57,11.0,5166.885714285714,1411.7731265900713,5330.9121428571425,2157.215722179435,4833.220666666666,2453.9515857784054
2023-11-12,7139.4,15.0,33.0,2023,11,12,6,316,1,1,4859.33,19.0,5837.15,28.0,2573.25,11.0,3329.24,11.0,4742.917142857143,787.2072986135719,5462.4,2059.305871538722,4787.946,2440.0200531420137
2023-11-13,6662.5,14.0,33.0,2023,11,13,0,317,0,1,7139.4,15.0,5615.83,20.0,3327.4900000000002,6.0,4019.0,14.0,4928.952857142857,1156.264928980585,5788.553571428572,1923.6484544203922,4914.9513333333325,2460.549700365867
2023-11-14,5386.51,18.0,32.0,2023,11,14,1,318,0,1,6662.5,14.0,4669.64,19.0,5550.28,10.0,3174.45,11.0,5078.477142857142,1316.4709402377543,6026.768571428571,1797.8192546435366,5003.067999999999,2474.651498650902
2023-11-15,7113.33,21.0,34.0,2023,11,15,2,319,0,1,5386.51,18.0,4365.42,14.0,8438.06,21.0,3357.79,11.0,5180.887142857143,1307.2169033193422,6015.0707142857145,1801.6867494804153,5076.803333333333,2451.1304791552116
2023-11-16,6122.35,17.0,38.0,2023,11,16,3,320,0,1,7113.33,21.0,4290.14,19.0,5576.21,11.0,9029.45,15.0,5573.4457142857145,1428.491588177977,5920.447142857143,1696.3517994731612,5201.988,2456.2059061605382
2023-11-17,8068.55,22.0,38.0,2023,11,17,4,321,0,1,6122.35,17.0,3562.91,17.0,9980.78,22.0,1767.56,9.0,5835.1900000000005,1317.7241217214882,5959.457142857143,1694.1047826617369,5105.084666666666,2355.2682643864005
2023-11-18,6489.27,16.0,26.0,2023,11,18,5,322,1,1,8068.55,22.0,4859.33,19.0,7827.11,24.0,9894.31,20.0,6478.852857142857,1106.2631197973706,5822.869285714286,1395.760916018239,5315.117666666667,2328.1708771874974
2023-11-19,7128.22,20.0,35.0,2023,11,19,6,323,1,1,6489.27,16.0,7139.4,15.0,5837.15,28.0,3055.4,11.0,6711.701428571428,850.5521317440146,5727.309285714286,1289.7583563685623,5201.616333333333,2175.206403716399
2023-11-20,7262.91,17.0,33.0,2023,11,20,0,324,0,1,7128.22,20.0,6662.5,14.0,5615.83,20.0,2335.07,4.0,6710.104285714287,849.625149617116,5819.528571428572,1343.262971143016,5337.3769999999995,2163.7036609897214
2023-11-21,7637.36,21.0,39.0,2023,11,21,1,325,0,1,7262.91,17.0,5386.51,18.0,4669.64,19.0,3061.84,13.0,6795.877142857144,873.9762084617321,5937.177142857144,1395.175769370071,5501.638333333333,2114.410074145701
2023-11-22,5537.16,21.0,34.0,2023,11,22,2,326,0,1,7637.36,21.0,7113.33,21.0,4365.42,14.0,4983.8,14.0,7117.427142857144,655.8738846941632,6149.157142857143,1413.1137090260536,5654.155666666667,2097.3054462311625
2023-11-23,5774.35,15.0,29.0,2023,11,23,3,327,0,1,5537.16,21.0,6122.35,17.0,4290.14,19.0,8954.78,14.0,6892.26,887.2569222421819,6232.852857142857,1331.6943314695527,5672.601,2093.636650172904
2023-11-24,3912.66,14.0,24.0,2023,11,24,4,328,0,1,5774.35,15.0,8068.55,22.0,3562.91,17.0,3040.92,9.0,6842.545714285714,945.4284623890063,6338.867857142858,1219.4913947290233,5566.586666666667,2000.1431066927564
2023-11-25,5153.41,14.0,25.0,2023,11,25,5,329,1,1,3912.66,14.0,6489.27,16.0,4859.33,19.0,1709.6000000000001,10.0,6248.847142857143,1289.496523140128,6363.85,1160.4003102576976,5595.644666666666,1968.2632923901597
2023-11-26,5144.45,20.0,33.0,2023,11,26,6,330,1,1,5153.41,14.0,7128.22,20.0,7139.4,15.0,2433.0699999999997,8.0,6058.01,1345.6135761057117,6384.855714285714,1133.4183368955153,5710.4383333333335,1829.3267277486882
2023-11-27,6739.35,24.0,40.0,2023,11,27,0,331,0,1,5144.45,20.0,7262.91,17.0,6662.5,14.0,3018.5,10.0,5774.614285714286,1290.4202087286294,6242.359285714287,1156.4294733922284,5800.817666666668,1725.8760785131703
2023-11-28,14069.19,33.0,63.0,2023,11,28,1,332,0,1,6739.35,24.0,7637.36,21.0,5386.51,18.0,2573.25,11.0,5699.82,1201.9177356486043,6247.848571428572,1158.7572370953658,5924.8460000000005,1651.111009776179
2023-11-29,14002.92,22.0,59.0,2023,11,29,2,333,0,1,14069.19,33.0,5537.16,21.0,7113.33,21.0,3327.4900000000002,6.0,6618.652857142857,3392.3972268722428,6868.04,2361.581807625495,6308.044,2115.222183312317
2023-11-30,6874.63,23.0,37.0,2023,11,30,3,334,0,1,14002.92,22.0,5774.35,15.0,6122.35,17.0,5550.28,10.0,7828.047142857143,4323.761601856708,7360.153571428571,3037.683542199189,6663.891666666666,2465.4814827437403
2023-12-01,11040.87,20.0,42.0,2023,12,1,4,335,0,1,6874.63,23.0,3912.66,14.0,8068.55,22.0,8438.06,21.0,7985.2300000000005,4256.130352753936,7413.887857142858,3020.7096614185502,6708.036666666667,2456.6951839683543
2023-12-02,3313.8,17.0,22.0,2023,12,2,5,336,1,1,11040.87,20.0,5153.41,14.0,6489.27,16.0,5576.21,11.0,9003.545714285716,3961.906414525956,7626.196428571428,3170.977731915136,6794.7970000000005,2563.536275769706
2023-12-03,9000.26,29.0,46.0,2023,12,3,6,337,1,1,3313.8,17.0,5144.45,20.0,7128.22,20.0,9980.78,22.0,8740.744285714285,4305.934350087321,7399.377142857143,3366.123089617009,6719.383333333333,2632.958203122199
2023-12-04,11059.07,22.0,44.0,2023,12,4,0,338,0,1,9000.26,29.0,6739.35,24.0,7262.91,17.0,7827.11,24.0,9291.574285714287,4005.3410957073197,7533.094285714286,3391.6092889312654,6686.699333333334,2596.916214426495
2023-12-05,4414.73,14.0,22.0,2023,12,5,1,339,0,1,11059.07,22.0,14069.19,33.0,7637.36,21.0,5837.15,28.0,9908.677142857143,3877.306292155739,7804.248571428571,3517.7498985110833,6794.431333333333,2710.4150602186746
2023-12-06,5865.41,22.0,38.0,2023,12,6,2,340,0,1,4414.73,14.0,14002.92,22.0,5537.16,21.0,5615.83,20.0,8529.468571428572,3867.796497763849,7574.060714285713,3633.0587937703085,6747.017333333333,2740.0182004428607
2023-12-07,4489.53,18.0,28.0,2023,12,7,3,341,0,1,5865.41,22.0,6874.63,23.0,5774.35,15.0,4669.64,19.0,7366.967142857144,3094.020281654678,7597.507142857144,3619.937707074379,6755.336666666667,2736.8422704848404
2023-12-08,4426.76,13.0,25.0,2023,12,8,4,342,0,1,4489.53,18.0,11040.87,20.0,3912.66,14.0,4365.42,14.0,7026.238571428571,3282.8429232624435,7505.734285714286,3685.408289571424,6749.333,2741.768437220572
2023-12-09,6057.55,19.0,38.0,2023,12,9,5,343,1,1,4426.76,13.0,3313.8,17.0,5153.41,14.0,4290.14,19.0,6081.365714285715,2859.279521014911,7542.455714285714,3649.2366613174468,6751.377666666667,2739.951607084203
2023-12-10,6402.5,18.0,35.0,2023,12,10,6,344,1,1,6057.55,19.0,9000.26,29.0,5144.45,20.0,3562.91,17.0,6473.33,2592.250356742835,7607.037142857143,3611.510249151964,6810.291333333333,2703.9708402410693
2023-12-11,7280.2300000000005,20.0,36.0,2023,12,11,0,345,0,1,6402.5,18.0,11059.07,22.0,6739.35,24.0,4859.33,19.0,6102.221428571429,2344.2895915282397,7696.897857142857,3560.8189059998313,6904.944333333333,2635.201512784932
2023-12-12,5793.59,19.0,37.0,2023,12,12,1,346,0,1,7280.2300000000005,20.0,4414.73,14.0,14069.19,33.0,7139.4,15.0,5562.387142857143,1136.6303397721267,7735.532142857143,3552.5551405804104,6985.6410000000005,2607.3190494761097
2023-12-13,11214.82,26.0,47.0,2023,12,13,2,347,0,1,5793.59,19.0,5865.41,22.0,14002.92,22.0,6662.5,14.0,5759.367142857142,1017.8655098246032,7144.417857142857,3073.8664752697655,6940.7806666666675,2616.1450741329036
2023-12-14,7832.53,26.0,49.0,2023,12,14,3,348,0,1,11214.82,26.0,4489.53,18.0,6874.63,23.0,5386.51,18.0,6523.568571428571,2305.030556611843,6945.267857142857,2657.4479985828484,7092.524666666667,2729.035583509347
2023-12-15,9904.13,25.0,53.0,2023,12,15,4,349,0,1,7832.53,26.0,4426.76,13.0,11040.87,20.0,7113.33,21.0,7001.14,2154.7830914502774,7013.689285714286,2667.8007618505226,7174.058666666667,2712.799224376445
2023-12-16,11048.84,25.0,54.0,2023,12,16,5,350,1,1,9904.13,25.0,6057.55,19.0,3313.8,17.0,6122.35,17.0,7783.621428571429,2056.3932535909316,6932.493571428572,2550.5241748604954,7267.085333333333,2758.11712395616
2023-12-17,6559.87,21.0,38.0,2023,12,17,6,351,1,1,11048.84,25.0,6402.5,18.0,9000.26,29.0,8068.55,22.0,8496.662857142857,2217.199903449653,7484.996428571429,2544.118245636115,7431.301666666667,2833.246774467083
2023-12-18,3240.14,9.0,20.0,2023,12,18,0,352,0,1,6559.87,21.0,7280.2300000000005,20.0,11059.07,22.0,6489.27,16.0,8519.144285714287,2193.0938218253636,7310.682857142858,2515.756982614941,7381.012333333333,2834.93458214213
2023-12-19,13001.03,29.0,59.0,2023,12,19,1,353,0,1,3240.14,9.0,5793.59,19.0,4414.73,14.0,7128.22,20.0,7941.988571428571,2968.1413847581957,6752.187857142858,2487.3450660870053,7272.7080000000005,2930.6259946738173
2023-12-20,6055.33,17.0,34.0,2023,12,20,2,354,0,1,13001.03,29.0,11214.82,26.0,5865.41,22.0,7262.91,17.0,8971.622857142856,3327.071687874662,7365.495000000001,2892.268087677241,7468.468333333334,3111.2234305506636
2023-12-21,4527.5,16.0,25.0,2023,12,21,3,355,0,1,6055.33,17.0,7832.53,26.0,4489.53,18.0,7637.36,21.0,8234.552857142857,3318.793993057893,7379.060714285714,2885.1275388752547,7428.215666666667,3121.768526260317
2023-12-22,3063.29,12.0,24.0,2023,12,22,4,356,0,1,4527.5,16.0,9904.13,25.0,4426.76,13.0,5537.16,21.0,7762.405714285714,3608.012367092892,7381.772857142858,2882.2186924030198,7324.553666666666,3165.90543204166
2023-12-23,3694.21,17.0,22.0,2023,12,23,5,357,1,1,3063.29,12.0,11048.84,25.0,6057.55,19.0,5774.35,15.0,6785.142857142857,3849.5871246828315,7284.382142857144,3009.955322505582,7242.091333333334,3245.2902200538924
2023-12-24,7429.21,23.0,49.0,2023,12,24,6,358,1,1,3694.21,17.0,6559.87,21.0,6402.5,18.0,3912.66,14.0,5734.481428571429,3477.6297656614215,7115.572142857143,3147.197374080333,7172.753333333333,3299.5000370770163
2023-12-25,6659.42,26.0,50.0,2023,12,25,0,359,0,1,7429.21,23.0,3240.14,9.0,7280.2300000000005,20.0,5153.41,14.0,5858.672857142857,3527.1878974272367,7188.908571428571,3141.259774582993,7289.971666666666,3241.645344761567
2023-12-26,9056.79,19.0,39.0,2023,12,26,1,360,0,1,6659.42,26.0,13001.03,29.0,5793.59,19.0,5144.45,20.0,6347.141428571429,3335.68078080237,7144.565,3144.2518767738957,7340.1720000000005,3218.9994651373354
2023-12-27,4028.66,19.0,26.0,2023,12,27,2,361,0,1,9056.79,19.0,6055.33,17.0,11214.82,26.0,6739.35,24.0,5783.678571428572,2144.9991122176048,7377.6507142857145,3157.3238904160226,7470.583333333333,3206.2016302508105
2023-12-28,4564.49,13.0,35.0,2023,12,28,3,362,0,1,4028.66,19.0,4527.5,16.0,7832.53,26.0,14069.19,33.0,5494.154285714286,2237.023791103245,6864.353571428573,3068.402982484055,7380.227,3265.1733013965318
2023-12-29,4005.46,14.0,21.0,2023,12,29,4,363,0,1,4564.49,13.0,3063.29,12.0,9904.13,25.0,14002.92,22.0,5499.438571428572,2234.4019469083105,6630.922142857143,3113.0667889550755,7063.403666666667,3047.6343683873424
2023-12-30,4452.23,21.0,31.0,2023,12,30,5,364,1,1,4005.46,14.0,3694.21,17.0,11048.84,25.0,6874.63,23.0,5634.034285714285,2086.6900595509146,6209.588571428571,3034.1550200264423,6730.155,2799.117313890645
2023-12-31,7809.3,23.0,39.0,2023,12,31,6,365,1,1,4452.23,21.0,7429.21,23.0,6559.87,21.0,11040.87,20.0,5742.322857142856,1986.5091087610203,5738.402142857143,2720.873425451069,6649.408333333334,2829.5798574774176
2024-01-01,1607.07,5.0,10.0,2024,1,1,0,1,0,0,7809.3,23.0,6659.42,26.0,3240.14,9.0,3313.8,17.0,5796.621428571429,2044.6466103578011,5827.647142857143,2769.93865079641,6541.689333333333,2715.8630719710554
2024-01-02,2937.2799999999997,11.0,18.0,2024,1,2,1,2,0,0,1607.07,5.0,9056.79,19.0,13001.03,29.0,9000.26,29.0,5074.857142857143,2524.7043581491225,5710.999285714285,2917.729171906085,6484.798333333334,2802.3115789833205
2024-01-03,4125.14,16.0,33.0,2024,1,3,2,3,0,0,2937.2799999999997,11.0,4028.66,19.0,6055.33,17.0,11059.07,22.0,4200.641428571428,1897.7384581603924,4992.159999999999,2111.973516857563,6282.699,2833.102175076478
2024-01-04,4741.049999999999,14.0,30.0,2024,1,4,3,4,0,0,4125.14,16.0,4564.49,13.0,4527.5,16.0,4414.73,14.0,4214.424285714286,1896.631251164883,4854.289285714286,2100.19952027078,6051.567999999999,2710.174093099219
2024-01-05,4878.41,15.0,29.0,2024,1,5,4,5,0,0,4741.049999999999,14.0,4005.46,14.0,3063.29,12.0,5865.41,22.0,4239.647142857143,1903.225153449754,4869.542857142857,2098.4182472058815,6062.445333333334,2704.0259520468658
2024-01-06,6224.43,15.0,33.0,2024,1,6,5,6,1,0,4878.41,15.0,4452.23,21.0,3694.21,17.0,4489.53,18.0,4364.354285714285,1913.892507333837,4999.194285714286,2033.2971549439858,6029.5453333333335,2712.4971226995435
2024-01-07,3613.9,17.0,26.0,2024,1,7,6,7,1,0,6224.43,15.0,7809.3,23.0,7429.21,23.0,4426.76,13.0,4617.5257142857145,2040.4818178464457,5179.924285714284,2020.7918682639656,6087.375333333333,2696.9815958250106
2024-01-08,5211.639999999999,16.0,28.0,2024,1,8,0,8,0,0,3613.9,17.0,1607.07,5.0,6659.42,26.0,6057.55,19.0,4018.182857142857,1488.1058852527397,4907.402142857143,1950.1516007151824,6060.28,2718.2397596987034
2024-01-09,6807.58,17.0,35.0,2024,1,9,1,9,0,0,5211.639999999999,16.0,2937.2799999999997,11.0,9056.79,19.0,6402.5,18.0,4533.121428571429,1083.320310425768,4803.989285714285,1887.4782014165191,6032.0830000000005,2722.652893762139
2024-01-10,4562.88,13.0,31.0,2024,1,10,2,10,0,0,6807.58,17.0,4125.14,16.0,4028.66,19.0,7280.2300000000005,20.0,5086.021428571429,1120.123536928397,4643.331428571429,1565.9887529503662,6045.585666666667,2725.5562026501457
2024-01-11,5416.88,12.0,27.0,2024,1,11,3,11,0,0,4562.88,13.0,4741.049999999999,14.0,4564.49,13.0,5793.59,19.0,5148.555714285714,1068.571515635992,4681.49,1556.337823274194,5955.007333333333,2728.2619086933523
2024-01-12,5329.18,10.0,23.0,2024,1,12,4,12,0,0,5416.88,12.0,4878.41,15.0,4005.46,14.0,11214.82,26.0,5245.102857142857,1056.0743395347881,4742.375,1568.0376798099771,5942.450333333333,2729.8968867371336
2024-01-13,4940.92,8.0,17.0,2024,1,13,5,13,1,0,5329.18,10.0,6224.43,15.0,4452.23,21.0,7832.53,26.0,5309.498571428572,1043.6582871551627,4836.926428571429,1560.073591033487,5746.262333333333,2543.0181634789774
2024-01-14,5102.55,15.0,30.0,2024,1,14,6,14,1,0,4940.92,8.0,3613.9,17.0,7809.3,23.0,9904.13,25.0,5126.14,965.9834200095584,4871.832857142857,1556.2664845190789,5649.875333333333,2515.87134352231
2024-01-15,5809.51,18.0,33.0,2024,1,15,0,15,0,0,5102.55,15.0,5211.639999999999,16.0,1607.07,5.0,11048.84,25.0,5338.8042857142855,706.6172688676195,4678.493571428571,1312.2718378657314,5489.822666666666,2385.2349444460197
2024-01-16,5690.88,16.0,24.0,2024,1,16,1,16,0,0,5809.51,18.0,6807.58,17.0,2937.2799999999997,11.0,6559.87,21.0,5424.214285714285,724.5891738509026,4978.6678571428565,998.8777115895859,5315.178333333333,2143.7602594491873
2024-01-17,3884.09,10.0,23.0,2024,1,17,2,17,0,0,5690.88,16.0,4562.88,13.0,4125.14,16.0,3240.14,9.0,5264.685714285714,433.86656419756594,5175.353571428571,821.3134342915677,5286.2119999999995,2132.2018439185404
2024-01-18,8366.65,16.0,39.0,2024,1,18,3,18,0,0,3884.09,10.0,5416.88,12.0,4741.049999999999,14.0,13001.03,29.0,5167.715714285715,642.5382183927019,5158.135714285714,847.1439595371183,5307.677,2114.0577870289058
2024-01-19,5878.34,22.0,39.0,2024,1,19,4,19,0,0,8366.65,16.0,5329.18,10.0,4878.41,15.0,6055.33,17.0,5589.111428571428,1378.7197841648776,5417.107142857143,1193.2877711949961,5153.197666666666,1651.1405564695194
2024-01-20,13028.09,32.0,70.0,2024,1,20,5,20,1,0,5878.34,22.0,4940.92,8.0,6224.43,15.0,4527.5,16.0,5667.562857142858,1377.0872577015,5488.530714285715,1188.4795305344787,5147.298,1648.1194450988896
2024-01-21,3029.5099999999998,14.0,21.0,2024,1,21,6,21,1,0,13028.09,32.0,5102.55,15.0,3613.9,17.0,3063.29,12.0,6822.872857142857,3046.428988672448,5974.506428571428,2342.8989220181816,5430.651,2182.111432110471
2024-01-22,4452.49,17.0,33.0,2024,1,22,0,22,0,0,3029.5099999999998,14.0,5809.51,18.0,5211.639999999999,16.0,3694.21,17.0,6526.7242857142855,3329.1775935599967,5932.7642857142855,2392.864829946649,5429.525,2183.383492020088
2024-01-23,6129.58,19.0,35.0,2024,1,23,1,23,0,0,4452.49,17.0,5690.88,16.0,6807.58,17.0,7429.21,23.0,6332.864285714285,3416.2728311219425,5878.539285714286,2418.923060497614,5454.801,2166.9289700838353
2024-01-24,7342.52,18.0,34.0,2024,1,24,2,24,0,0,6129.58,19.0,3884.09,10.0,4562.88,13.0,6659.42,26.0,6395.535714285715,3406.5428971801603,5830.1107142857145,2405.6427937390627,5411.4800000000005,2138.9055226398573
2024-01-25,4582.63,19.0,29.0,2024,1,25,3,25,0,0,7342.52,18.0,8366.65,16.0,5416.88,12.0,9056.79,19.0,6889.597142857144,3227.6913797414354,6028.6564285714285,2407.714313792255,5434.25,2156.2147169295126
2024-01-26,5100.43,12.0,27.0,2024,1,26,4,26,0,0,4582.63,19.0,5878.34,22.0,5329.18,10.0,4028.66,19.0,6349.022857142858,3255.8362521258914,5969.067142857142,2434.1979644367734,5285.111333333333,2049.085461063779
2024-01-27,2682.9900000000002,12.0,20.0,2024,1,27,5,27,1,0,5100.43,12.0,13028.09,32.0,4940.92,8.0,4564.49,13.0,6237.892857142857,3287.6995715480407,5952.727857142857,2439.5853022378733,5320.8369999999995,2035.723485047372
2024-01-28,3979.7200000000003,14.0,33.0,2024,1,28,6,28,1,0,2682.9900000000002,12.0,3029.5099999999998,14.0,5102.55,15.0,4005.46,14.0,4760.021428571429,1637.866508891262,5791.447142857143,2582.094614263117,5258.120333333333,2088.1365040124915
2024-01-29,10363.36,27.0,48.0,2024,1,29,0,29,0,0,3979.7200000000003,14.0,4452.49,17.0,5809.51,18.0,4452.23,21.0,4895.765714285714,1504.485246575032,5711.245000000001,2622.2639419424468,5257.262333333333,2088.6741805214847
2024-01-30,3585.65,12.0,17.0,2024,1,30,1,30,0,0,10363.36,27.0,6129.58,19.0,5690.88,16.0,7809.3,23.0,5740.175714285715,2526.1219065520045,6036.5199999999995,2902.8202567635703,5454.3,2280.1518113418433
2024-01-31,4209.18,14.0,23.0,2024,1,31,2,31,0,0,3585.65,12.0,7342.52,18.0,3884.09,10.0,1607.07,5.0,5376.757142857144,2641.1356544090095,5886.146428571429,2975.715512580015,5313.511666666667,2260.0340505415934
2024-02-01,8200.66,25.0,47.0,2024,2,1,3,32,0,0,4209.18,14.0,4582.63,19.0,8366.65,16.0,2937.2799999999997,11.0,4929.137142857143,2514.9570040441063,5909.367142857142,2960.1184252672383,5400.248666666666,2160.6273256111153
2024-02-02,5664.17,19.0,41.0,2024,2,2,4,33,0,0,8200.66,25.0,5100.43,12.0,5878.34,22.0,4125.14,16.0,5445.998571428571,2788.752016090288,5897.510714285714,2949.8335032479486,5575.694666666666,2167.420624808763
2024-02-03,3971.66,15.0,18.0,2024,2,3,5,34,1,0,5664.17,19.0,2682.9900000000002,12.0,13028.09,32.0,4741.049999999999,14.0,5526.532857142856,2785.2470740176423,5882.212857142857,2950.4958395560166,5626.995666666668,2150.047457745156
2024-02-04,5083.03,17.0,28.0,2024,2,4,6,35,1,0,3971.66,15.0,3979.7200000000003,14.0,3029.5099999999998,14.0,4878.41,15.0,5710.628571428571,2602.5712470966696,5235.325,2146.5301440867497,5601.349333333333,2165.512780388769
2024-02-05,3583.8,15.0,25.0,2024,2,5,0,36,0,0,5083.03,17.0,10363.36,27.0,4452.49,17.0,6224.43,15.0,5868.244285714286,2512.1106354276276,5382.005,2052.2980592562394,5608.17,2163.478524598747
2024-02-06,6110.2300000000005,17.0,28.0,2024,2,6,1,37,0,0,3583.8,15.0,3585.65,12.0,6129.58,19.0,3613.9,17.0,4899.7357142857145,1648.7751770618304,5319.955714285715,2095.245473137527,5520.149,2191.082295009896
2024-02-07,6113.06,23.0,35.0,2024,2,7,2,38,0,0,6110.2300000000005,17.0,4209.18,14.0,7342.52,18.0,5211.639999999999,16.0,5260.389999999999,1588.4338230680864,5318.573571428571,2094.67662133032,5603.360000000001,2163.419191151209
2024-02-08,6728.13,18.0,28.0,2024,2,8,3,39,0,0,6113.06,23.0,8200.66,25.0,4582.63,19.0,6807.58,17.0,5532.372857142857,1540.720232247624,5230.754999999999,2028.0075868836625,5633.407333333334,2164.050795877362
2024-02-09,5558.57,20.0,36.0,2024,2,9,4,40,0,0,6728.13,18.0,5664.17,19.0,5100.43,12.0,4562.88,13.0,5322.011428571429,1172.1226015144418,5384.005,2056.1326663638374,5630.759000000001,2162.6124481241886
2024-02-10,2512.8,9.0,17.0,2024,2,10,5,41,1,0,5558.57,20.0,3971.66,15.0,2682.9900000000002,12.0,5416.88,12.0,5306.925714285715,1167.6559693228432,5416.729285714287,2054.9176643863725,5663.948666666666,2153.278851014359
2024-02-11,5345.58,16.0,24.0,2024,2,11,6,42,1,0,2512.8,9.0,5083.03,17.0,3979.7200000000003,14.0,5329.18,10.0,5098.517142857143,1522.0976658952738,5404.572857142856,2072.759806632503,5567.146,2228.725140474576
2024-02-12,7020.42,19.0,34.0,2024,2,12,0,43,0,0,5345.58,16.0,3583.8,15.0,10363.36,27.0,4940.92,8.0,5136.024285714286,1524.8847240896393,5502.134285714285,2032.284637993993,5567.692666666667,2228.6667694756493
2024-02-13,7018.74,21.0,32.0,2024,2,13,1,44,0,0,7020.42,19.0,6110.2300000000005,17.0,3585.65,12.0,5102.55,15.0,5626.97,1494.768301153514,5263.352857142856,1558.2977676319108,5637.009333333333,2240.806045189572
2024-02-14,3109.31,9.0,17.0,2024,2,14,2,45,0,0,7018.74,21.0,6113.06,23.0,4209.18,14.0,5809.51,18.0,5756.757142857144,1580.694163595171,5508.573571428571,1544.0363558474176,5700.882333333333,2252.3266153555896
2024-02-15,4826.4400000000005,20.0,33.0,2024,2,15,3,46,0,0,3109.31,9.0,6728.13,18.0,8200.66,25.0,5690.88,16.0,5327.65,1852.2355097197267,5430.011428571429,1640.221874624834,5610.875666666666,2301.2567141825357
2024-02-16,4818.0599999999995,15.0,27.0,2024,2,16,4,47,0,0,4826.4400000000005,20.0,5558.57,20.0,5664.17,19.0,3884.09,10.0,5055.9800000000005,1749.185210900596,5188.995714285715,1437.1131932706385,5582.061000000001,2305.628207787893
2024-02-17,3631.23,10.0,25.0,2024,2,17,5,48,1,0,4818.0599999999995,15.0,2512.8,9.0,3971.66,15.0,8366.65,16.0,4950.192857142857,1736.0667322688107,5128.559285714286,1433.379361704707,5613.193333333333,2288.1496581876672
2024-02-18,5325.04,18.0,33.0,2024,2,18,6,49,1,0,3631.23,10.0,5345.58,16.0,5083.03,17.0,5878.34,22.0,5109.9685714285715,1511.2713918908307,5104.242857142856,1457.2047562182397,5455.3460000000005,2254.7453293758117
2024-02-19,3785.7799999999997,10.0,16.0,2024,2,19,0,50,0,0,5325.04,18.0,7020.42,19.0,3583.8,15.0,13028.09,32.0,5107.034285714285,1510.7575375492702,5121.529285714286,1458.3687416080527,5436.902666666666,2253.428571993213
2024-02-20,3327.91,14.0,19.0,2024,2,20,1,51,0,0,3785.7799999999997,10.0,7018.74,21.0,6110.2300000000005,17.0,3029.5099999999998,14.0,4644.942857142857,1309.2172343900158,5135.956428571429,1442.9033985555623,5128.825666666667,1756.8879945452106
2024-02-21,4731.47,20.0,27.0,2024,2,21,2,52,0,0,3327.91,14.0,3109.31,9.0,6113.06,23.0,4452.49,17.0,4117.681428571429,860.0318767237569,4937.219285714286,1489.2560196516538,5138.772333333332,1745.3999662238837
2024-02-22,3447.89,11.0,19.0,2024,2,22,3,53,0,0,4731.47,20.0,4826.4400000000005,20.0,6728.13,18.0,6129.58,19.0,4349.418571428571,755.1972946065063,4838.534285714285,1450.6198826428263,5148.071666666667,1742.3579706863725
2024-02-23,3831.42,14.0,22.0,2024,2,23,4,54,0,0,3447.89,11.0,4818.0599999999995,15.0,5558.57,20.0,7342.52,18.0,4152.482857142857,789.0560093705922,4604.231428571428,1385.3803846645128,5058.682000000001,1758.9776748546888
2024-02-24,9912.88,26.0,50.0,2024,2,24,5,55,1,0,3831.42,14.0,3631.23,10.0,2512.8,9.0,4582.63,19.0,4011.5342857142855,736.7359592793563,4480.863571428572,1370.6827364919427,4941.645333333333,1718.1124358509578
2024-02-25,3706.59,14.0,20.0,2024,2,25,6,56,1,0,9912.88,26.0,5325.04,18.0,5345.58,16.0,5100.43,12.0,4908.912857142857,2320.2338613719894,5009.440714285714,1884.0635349668448,5119.320333333333,1940.8728027509871
2024-02-26,6658.67,12.0,27.0,2024,2,26,0,57,0,0,3706.59,14.0,3785.7799999999997,10.0,7020.42,19.0,2682.9900000000002,12.0,4677.705714285714,2352.2730950498217,4892.37,1912.2800101449593,5072.8589999999995,1957.9486128164767
2024-02-27,4945.76,23.0,42.0,2024,2,27,1,58,0,0,6658.67,12.0,3327.91,14.0,7018.74,21.0,3979.7200000000003,14.0,5088.118571428572,2420.356354977709,4866.530714285714,1883.541353806562,5205.381666666667,1924.8804290460953
2024-02-28,7215.34,21.0,36.0,2024,2,28,2,59,0,0,4945.76,23.0,4731.47,20.0,3109.31,9.0,10363.36,27.0,5319.24,2298.432844903971,4718.460714285714,1779.9695488124107,5237.5830000000005,1911.7046412888
2024-02-29,6674.28,20.0,36.0,2024,2,29,3,60,0,0,7215.34,21.0,3447.89,11.0,4826.4400000000005,20.0,3585.65,12.0,5674.078571428571,2382.754358926026,5011.748571428571,1831.9510855321498,5132.649,1694.7324373997194
2024-03-01,10914.12,27.0,53.0,2024,3,1,4,61,0,0,6674.28,20.0,3831.42,14.0,4818.0599999999995,15.0,4209.18,14.0,6134.991428571428,2184.128839258567,5143.737142857142,1883.4166959929655,5235.6033333333335,1691.325285180802
2024-03-02,5827.45,20.0,37.0,2024,3,2,5,62,1,0,10914.12,27.0,9912.88,26.0,3631.23,10.0,8200.66,25.0,7146.805714285714,2549.175168990012,5579.17,2428.218526365495,5459.101333333334,1970.9119312603336
2024-03-03,7960.62,22.0,39.0,2024,3,3,6,63,1,0,5827.45,20.0,3706.59,14.0,5325.04,18.0,5664.17,19.0,6563.172857142857,2261.817323022315,5736.042857142857,2362.7531718101454,5379.994333333333,1903.5549381738529
2024-03-04,6201.5,16.0,33.0,2024,3,4,0,64,0,0,7960.62,22.0,6658.67,12.0,3785.7799999999997,10.0,3971.66,15.0,7170.891428571428,1910.6039830066748,5924.2985714285705,2431.484040064855,5456.542666666666,1960.6930889144155
2024-03-05,4948.71,8.0,14.0,2024,3,5,1,65,0,0,6201.5,16.0,4945.76,23.0,3327.91,14.0,5083.03,17.0,7105.581428571429,1938.6394136303352,6096.849999999999,2352.482049253838,5530.870666666667,1944.6615663877656
2024-03-06,4013.6600000000003,12.0,18.0,2024,3,6,2,66,0,0,4948.71,8.0,7215.34,21.0,4731.47,20.0,3583.8,15.0,7106.002857142857,1938.0918953678367,6212.621428571429,2243.0711724599546,5526.3933333333325,1945.8824610059432
2024-03-07,4244.86,14.0,26.0,2024,3,7,3,67,0,0,4013.6600000000003,12.0,6674.28,20.0,3447.89,11.0,6110.2300000000005,17.0,6648.620000000001,2259.1826456560243,6161.3492857142855,2287.2994801477275,5540.722,1932.6222312049392
2024-03-08,6436.09,24.0,37.0,2024,3,8,4,68,0,0,4244.86,14.0,10914.12,27.0,3831.42,14.0,6113.06,23.0,6301.5599999999995,2434.3954265005286,6218.275714285714,2223.6025358334236,5478.543,1943.643610793994
2024-03-09,7057.6,16.0,33.0,2024,3,9,5,69,1,0,6436.09,24.0,5827.45,20.0,9912.88,26.0,6728.13,18.0,5661.841428571429,1380.5431399927284,6404.323571428571,2114.839086003061,5489.310666666666,1948.169523196032
2024-03-10,10464.2,23.0,41.0,2024,3,10,6,70,1,0,7057.6,16.0,7960.62,22.0,3706.59,14.0,5558.57,20.0,5837.577142857143,1479.8609546250748,6200.375,1874.4752758808156,5500.293,1956.3055433139796
2024-03-11,7488.72,25.0,52.0,2024,3,11,0,71,0,0,10464.2,23.0,6201.5,16.0,6658.67,12.0,2512.8,9.0,6195.231428571429,2203.892111790936,6683.061428571428,2045.200416103167,5663.814,2156.158884794897
2024-03-12,5465.85,14.0,31.0,2024,3,12,1,72,0,0,7488.72,25.0,4948.71,8.0,4945.76,23.0,5345.58,16.0,6379.120000000001,2257.5507002427853,6742.350714285714,2056.439405430449,5829.678,2095.9540634252794
2024-03-13,5580.93,19.0,37.0,2024,3,13,2,73,0,0,5465.85,14.0,4013.6600000000003,12.0,7215.34,21.0,7020.42,19.0,6452.997142857143,2210.919698682843,6779.5,2025.9594929810407,5833.687000000001,2095.111036652821
2024-03-14,5923.39,18.0,36.0,2024,3,14,3,74,0,0,5580.93,19.0,4244.86,14.0,6674.28,20.0,7018.74,21.0,6676.892857142857,1991.1565254537786,6662.75642857143,2045.905121349273,5785.704,2083.4462271415405
2024-03-15,5686.71,20.0,25.0,2024,3,15,4,75,0,0,5923.39,18.0,6436.09,24.0,10914.12,27.0,3109.31,9.0,6916.682857142857,1733.912429639156,6609.1214285714295,2055.400333271644,5749.192333333333,2070.651104192674
2024-03-16,5592.01,21.0,37.0,2024,3,16,5,76,1,0,5686.71,20.0,7057.6,16.0,5827.45,20.0,4826.4400000000005,20.0,6809.628571428571,1790.7332425706622,6235.735,1647.5320256756536,5835.105666666667,2009.9217358783926
2024-03-17,6463.68,16.0,37.0,2024,3,17,6,77,1,0,5592.01,21.0,10464.2,23.0,7960.62,22.0,4818.0599999999995,15.0,6600.258571428572,1841.8563033927592,6218.917857142857,1653.2119992826017,5860.624666666667,2001.5160516170972
2024-03-18,9370.1,23.0,57.0,2024,3,18,0,78,0,0,6463.68,16.0,7488.72,25.0,6201.5,16.0,3631.23,10.0,6028.755714285714,725.3630799780635,6111.993571428572,1578.6252978053021,5915.478666666667,1994.4958264748823
2024-03-19,8314.22,27.0,42.0,2024,3,19,1,79,0,0,9370.1,23.0,5465.85,14.0,4948.71,8.0,5325.04,18.0,6297.524285714286,1395.4891431544452,6338.322142857143,1803.5617152443256,6106.774333333333,2042.4899449035918
2024-03-20,8622.27,21.0,49.0,2024,3,20,2,80,0,0,8314.22,27.0,5580.93,19.0,4013.6600000000003,12.0,3785.7799999999997,10.0,6704.434285714286,1522.0977269200746,6578.715714285715,1828.2180617021766,6206.413666666666,2075.6806775285504
2024-03-21,14302.11,33.0,75.0,2024,3,21,3,81,0,0,8622.27,21.0,5923.39,18.0,4244.86,14.0,3327.91,14.0,7138.911428571429,1580.8820415138412,6907.902142857142,1743.7904798595778,6367.630000000001,2069.00135221035
2024-03-22,4485.93,16.0,23.0,2024,3,22,4,82,0,0,14302.11,33.0,5686.71,20.0,6436.09,24.0,4731.47,20.0,8335.871428571429,3022.1420911412533,7626.277142857142,2478.9592651986595,6733.4366666666665,2448.3905405928103
2024-03-23,3043.25,10.0,21.0,2024,3,23,5,83,1,0,4485.93,16.0,5592.01,21.0,7057.6,16.0,3447.89,11.0,8164.331428571429,3224.853170866486,7486.9800000000005,2602.68634191675,6725.2519999999995,2455.7130922913248
2024-03-24,5690.62,15.0,26.0,2024,3,24,6,84,1,0,3043.25,10.0,6463.68,16.0,10464.2,23.0,3831.42,14.0,7800.222857142857,3676.018678442366,7200.240714285715,2861.8577587092022,6711.763999999999,2475.3673097174724
2024-03-25,8140.05,24.0,44.0,2024,3,25,0,85,0,0,5690.62,15.0,9370.1,23.0,7488.72,25.0,9912.88,26.0,7689.785714285715,3734.018898670518,6859.270714285713,2724.1210962817236,6773.737333333334,2423.4983897719253
2024-03-26,9442.789999999999,19.0,36.0,2024,3,26,1,86,0,0,8140.05,24.0,8314.22,27.0,5465.85,14.0,3706.59,14.0,7514.064285714286,3670.161633560833,6905.794285714285,2741.2062433470473,6714.643,2365.2281243482453
2024-03-27,6578.22,17.0,38.0,2024,3,27,2,87,0,0,9442.789999999999,19.0,8622.27,21.0,5580.93,19.0,6658.67,12.0,7675.288571428571,3735.378145080848,7189.861428571428,2786.2014590667145,6905.849666666667,2345.4462250798365
2024-03-28,8327.74,19.0,38.0,2024,3,28,3,88,0,0,6578.22,17.0,14302.11,33.0,5923.39,18.0,4945.76,23.0,7383.2814285714285,3728.900815353988,7261.096428571428,2754.469715246355,6903.168000000001,2345.784550167118
2024-03-29,9835.91,33.0,62.0,2024,3,29,4,89,0,0,8327.74,19.0,4485.93,16.0,5686.71,20.0,7215.34,21.0,6529.800000000001,2285.862605028284,7432.835714285714,2739.563314816415,7015.900666666666,2329.682153834742
2024-03-30,5707.1,17.0,27.0,2024,3,30,5,90,1,0,9835.91,33.0,3043.25,10.0,5592.01,21.0,6674.28,20.0,7294.082857142857,2381.0035646600422,7729.2071428571435,2760.487689740091,7103.253,2385.8701361256444
2024-03-31,8085.95,21.0,42.0,2024,3,31,6,91,1,0,5707.1,17.0,5690.62,15.0,6463.68,16.0,10914.12,27.0,7674.632857142858,1705.3970379134073,7737.427857142857,2753.7968090988006,7071.013666666667,2398.368389447267
2024-04-01,5494.9,19.0,36.0,2024,4,1,0,92,0,0,8085.95,21.0,8140.05,24.0,9370.1,23.0,5827.45,20.0,8016.822857142857,1464.2114569250186,7853.304285714286,2730.1058091941404,6976.741333333333,2295.4750714060106
2024-04-02,6387.35,24.0,45.0,2024,4,2,1,93,0,0,5494.9,19.0,9442.789999999999,19.0,8314.22,27.0,7960.62,22.0,7638.944285714286,1742.070397016699,7576.504285714285,2760.768519788853,6965.656333333333,2302.0101047704793
2024-04-03,2819.66,11.0,17.0,2024,4,3,2,94,0,0,6387.35,24.0,6578.22,17.0,8622.27,21.0,6201.5,16.0,7202.452857142858,1591.006554226128,7438.870714285715,2769.1795243980837,6913.213999999999,2296.475896244442
2024-04-04,6090.4,23.0,41.0,2024,4,4,3,95,0,0,2819.66,11.0,8327.74,19.0,14302.11,33.0,4948.71,8.0,6665.515714285714,2309.000766369571,7024.398571428572,3002.82266761909,6800.486,2412.6796105555195
2024-04-05,8412.86,29.0,57.0,2024,4,5,4,96,0,0,6090.4,23.0,9835.91,33.0,4485.93,16.0,4013.6600000000003,12.0,6345.895714285713,2192.471099489175,6437.847857142858,2153.904450759771,6838.542333333333,2391.373602033202
2024-04-06,3697.62,14.0,25.0,2024,4,6,5,97,1,0,8412.86,29.0,5707.1,17.0,3043.25,10.0,4244.86,14.0,6142.602857142857,1854.922409704472,6718.342857142858,2135.778769731866,6985.182333333333,2346.6394214951406
2024-04-07,7016.49,18.0,35.0,2024,4,7,6,98,1,0,3697.62,14.0,8085.95,21.0,5690.62,15.0,6436.09,24.0,5855.534285714287,2075.8870696793565,6765.083571428571,2054.788698511946,6966.941000000001,2370.6793575905313
2024-04-08,9665.2,25.0,44.0,2024,4,8,0,99,0,0,7016.49,18.0,5494.9,19.0,8140.05,24.0,7057.6,16.0,5702.754285714285,1917.7032517037876,6859.788571428572,2031.8843556123998,6986.287666666667,2368.565122109517
2024-04-09,4870.37,20.0,27.0,2024,4,9,1,100,0,0,9665.2,25.0,6387.35,24.0,9442.789999999999,19.0,10464.2,23.0,6298.511428571429,2423.4548751484913,6968.727857142857,2143.618752986779,7073.207666666667,2418.590032695285
2024-04-10,11799.5,37.0,68.0,2024,4,10,2,101,0,0,4870.37,20.0,2819.66,11.0,6578.22,17.0,7488.72,25.0,6081.8,2481.3218901961723,6642.126428571429,2085.2057814319037,6886.746666666667,2363.139264262443
2024-04-11,4942.35,17.0,25.0,2024,4,11,3,102,0,0,11799.5,37.0,6090.4,23.0,8327.74,19.0,5465.85,14.0,7364.634285714286,2812.8466961061454,7015.075,2498.803254614712,7030.439333333333,2526.4240384056698
2024-04-12,4370.66,12.0,29.0,2024,4,12,4,103,0,0,4942.35,17.0,8412.86,29.0,9835.91,33.0,5580.93,19.0,7200.627142857143,2930.5329140033837,6773.261428571429,2525.663605796298,7012.989333333333,2539.3779881898204
2024-04-13,4251.1900000000005,21.0,38.0,2024,4,13,5,104,1,0,4370.66,12.0,3697.62,14.0,5707.1,17.0,5923.39,18.0,6623.17,3047.7627649146234,6382.886428571429,2436.6729654801143,6972.647,2572.313206220731
2024-04-14,10498.82,37.0,57.0,2024,4,14,6,105,1,0,4251.1900000000005,21.0,7016.49,18.0,8085.95,21.0,5686.71,20.0,6702.251428571428,2965.2660487350845,6278.892857142857,2498.028667617201,6916.907000000001,2613.619773014177
2024-04-15,4241.16,18.0,32.0,2024,4,15,0,106,0,0,10498.82,37.0,9665.2,25.0,5494.9,19.0,5592.01,21.0,7199.727142857142,3299.990628076161,6451.240714285714,2706.806101357393,7077.310666666667,2682.2795067087764
2024-04-16,5202.52,21.0,40.0,2024,4,16,1,107,0,0,4241.16,18.0,4870.37,20.0,6387.35,24.0,6463.68,16.0,6424.864285714286,3261.1681156238997,6361.687857142858,2761.075371846654,7032.282333333334,2719.158612390189
2024-04-17,9077.2,20.0,44.0,2024,4,17,2,108,0,0,5202.52,21.0,11799.5,37.0,2819.66,11.0,9370.1,23.0,6472.314285714286,3237.10821107285,6277.057142857142,2778.3326804659414,6990.243666666666,2737.936470125759
2024-04-18,9992.78,22.0,45.0,2024,4,18,3,109,0,0,9077.2,20.0,4942.35,17.0,6090.4,23.0,8314.22,27.0,6083.414285714286,2589.113004523996,6724.024285714287,2680.9730226362403,6980.480333333334,2729.6671403020378
2024-04-19,5655.61,20.0,37.0,2024,4,19,4,110,0,0,9992.78,22.0,4370.66,12.0,8412.86,29.0,8622.27,21.0,6804.904285714286,2902.8237615688276,7002.765714285714,2809.7979907342215,7036.432333333333,2774.779066711416
2024-04-20,9313.71,26.0,47.0,2024,4,20,5,111,1,0,5655.61,20.0,4251.1900000000005,21.0,3697.62,14.0,14302.11,33.0,6988.4685714285715,2760.3676061980664,6805.819285714286,2799.9721676816293,6937.5436666666665,2769.17133977618
2024-04-21,10774.61,30.0,50.0,2024,4,21,6,112,1,0,9313.71,26.0,10498.82,37.0,7016.49,18.0,4485.93,16.0,7711.685714285713,2581.0375304507397,7206.9685714285715,2721.6185280704312,6771.263666666667,2442.1644256520817
2024-04-22,6402.72,16.0,26.0,2024,4,22,0,113,0,0,10774.61,30.0,4241.16,18.0,9665.2,25.0,3043.25,10.0,7751.084285714285,2632.2693100241954,7475.405714285714,2881.9953109680373,6980.886333333334,2508.2390264534224
2024-04-23,4322.96,14.0,21.0,2024,4,23,1,114,0,0,6402.72,16.0,5202.52,21.0,4870.37,20.0,5690.62,15.0,8059.878571428571,2251.0771755719447,7242.371428571429,2822.599001100437,7092.868666666667,2398.992047872767
2024-04-24,2034.79,10.0,17.0,2024,4,24,2,115,0,0,4322.96,14.0,9077.2,20.0,11799.5,37.0,8140.05,24.0,7934.227142857143,2452.6732061006055,7203.270714285715,2861.5086763574004,7047.28,2439.215994943088
2024-04-25,3133.16,13.0,18.0,2024,4,25,3,116,0,0,2034.79,10.0,9992.78,22.0,4942.35,17.0,9442.789999999999,19.0,6928.168571428571,3227.6288985849933,6505.791428571429,2845.0253622550945,6843.771333333334,2594.635725110336
2024-04-26,7361.41,22.0,37.0,2024,4,26,4,117,0,0,3133.16,13.0,5655.61,20.0,4370.66,12.0,6578.22,17.0,5948.222857142857,3183.125337105632,6376.563571428572,2960.258525091783,6633.450333333332,2632.152603928738
2024-04-27,5576.92,24.0,41.0,2024,4,27,5,118,1,0,7361.41,22.0,9313.71,26.0,4251.1900000000005,21.0,8327.74,19.0,6191.908571428571,3222.046916570425,6590.188571428572,2911.886400747692,6659.556666666666,2635.467774013629
2024-04-28,5087.67,15.0,28.0,2024,4,28,6,119,1,0,5576.92,24.0,10774.61,30.0,10498.82,37.0,9835.91,33.0,5658.081428571429,2913.3967818191745,6684.883571428572,2850.8882586029417,6567.862666666667,2623.251825616352
2024-04-29,4991.25,18.0,33.0,2024,4,29,0,120,0,0,5087.67,15.0,6402.72,16.0,4241.16,18.0,5707.1,17.0,4845.661428571429,1846.3299466186957,6298.372857142857,2654.0512266734045,6409.588,2561.79735484665
2024-04-30,12830.11,29.0,62.0,2024,4,30,1,121,0,0,4991.25,18.0,4322.96,14.0,5202.52,21.0,8085.95,21.0,4644.022857142857,1720.7441933430587,6351.950714285714,2616.6346573221604,6385.726333333333,2571.880278557091
2024-05-01,7967.69,26.0,45.0,2024,5,1,2,122,0,0,12830.11,29.0,2034.79,10.0,9077.2,20.0,5494.9,19.0,5859.33,3519.846224515123,6896.778571428572,3107.035853547328,6543.865000000001,2814.442812740111
2024-05-02,5402.41,22.0,43.0,2024,5,2,3,123,0,0,7967.69,26.0,3133.16,13.0,9992.78,22.0,6387.35,24.0,6706.887142857143,3139.148201092748,6817.527857142857,3060.9502993934084,6626.291333333334,2818.869234566292
2024-05-03,12956.81,31.0,54.0,2024,5,3,4,124,0,0,5402.41,22.0,7361.41,22.0,5655.61,20.0,2819.66,11.0,7031.065714285715,2808.321007054202,6489.644285714286,2938.0480572697206,6593.460000000001,2827.470812982682
2024-05-04,5789.139999999999,17.0,32.0,2024,5,4,5,125,1,0,12956.81,31.0,5576.92,24.0,9313.71,26.0,6090.4,23.0,7830.408571428571,3602.1446445528763,7011.158571428571,3391.602549648531,6931.365000000001,2963.388134653502
2024-05-05,5009.17,18.0,33.0,2024,5,5,6,126,1,0,5789.139999999999,17.0,5087.67,15.0,10774.61,30.0,8412.86,29.0,7860.725714285714,3580.847408476833,6759.403571428572,3337.9270432585904,6921.323,2966.8445935616264
2024-05-06,9007.93,21.0,43.0,2024,5,6,0,127,0,0,5009.17,18.0,4991.25,18.0,6402.72,16.0,3697.62,14.0,7849.511428571429,3591.0875941346285,6347.586428571429,3155.0931738274267,6807.866666666667,2972.914016374172
2024-05-07,7856.74,20.0,39.0,2024,5,7,1,128,0,0,9007.93,21.0,12830.11,29.0,4322.96,14.0,7016.49,18.0,8423.322857142857,3372.509425638989,6533.672857142857,3234.424953583008,6984.8769999999995,2939.2409254292625
2024-05-08,5354.23,17.0,28.0,2024,5,8,2,129,0,0,7856.74,20.0,7967.69,26.0,2034.79,10.0,9665.2,25.0,7712.841428571429,2757.1324217166225,6786.085714285714,3186.158115325908,7012.885333333334,2943.5528088767883
2024-05-09,9640.69,27.0,40.0,2024,5,9,3,130,0,0,5354.23,17.0,5402.41,22.0,3133.16,13.0,4870.37,20.0,7339.49,2890.5892189828733,7023.188571428572,2917.5753510798254,6869.186333333333,2914.6921134291497
2024-05-10,7153.33,29.0,46.0,2024,5,10,4,131,0,0,9640.69,27.0,12956.81,31.0,7361.41,22.0,11799.5,37.0,7944.958571428571,2860.947785090511,7488.012142857143,2764.518808960258,7028.197,2931.9577279908326
2024-05-11,11182.32,34.0,62.0,2024,5,11,5,132,1,0,7153.33,29.0,5789.139999999999,17.0,5576.92,24.0,4942.35,17.0,7115.889999999999,1816.8962341586875,7473.149285714286,2765.810863953097,6873.324666666666,2790.5361628185633
2024-05-12,12604.45,30.0,60.0,2024,5,12,6,133,1,0,11182.32,34.0,5009.17,18.0,5087.67,15.0,4370.66,12.0,7886.344285714286,2251.9273334920435,7873.534999999999,2873.8096714178196,7081.323666666666,2872.980791990812
2024-05-13,8647.31,25.0,57.0,2024,5,13,0,134,0,0,12604.45,30.0,9007.93,21.0,4991.25,18.0,4251.1900000000005,21.0,8971.384285714286,2455.207640288002,8410.447857142857,3012.139840847052,7355.783333333334,2995.766691485852
2024-05-14,10867.57,38.0,61.0,2024,5,14,1,135,0,0,8647.31,25.0,7856.74,20.0,12830.11,29.0,10498.82,37.0,8919.867142857143,2458.094715524706,8671.595,2846.8503991381504,7502.3206666666665,2945.7700222065146
2024-05-15,5274.75,23.0,42.0,2024,5,15,2,136,0,0,10867.57,38.0,5354.23,17.0,7967.69,26.0,4241.16,18.0,9349.985714285714,2504.0524149989174,8531.413571428571,2669.099402571832,7514.6123333333335,2959.442118658087
2024-05-16,5053.73,25.0,45.0,2024,5,16,3,137,0,0,5274.75,23.0,9640.69,27.0,5402.41,22.0,5202.52,21.0,9338.631428571429,2525.280543572857,8339.060714285713,2806.3563801305463,7549.065333333334,2925.845087317076
2024-05-17,9231.59,25.0,51.0,2024,5,17,4,138,0,0,5053.73,25.0,7153.33,29.0,12956.81,31.0,9077.2,20.0,8683.351428571428,2986.794509885299,8314.155,2835.815797423945,7544.105666666666,2930.0829707561275
2024-05-18,9524.54,32.0,57.0,2024,5,18,5,139,1,0,9231.59,25.0,11182.32,34.0,5789.139999999999,17.0,9992.78,22.0,8980.245714285715,2911.7069766367713,8048.067857142857,2524.347203716322,7549.2519999999995,2933.00264438951
2024-05-19,8817.8,27.0,48.0,2024,5,19,6,140,1,0,9524.54,32.0,12604.45,30.0,5009.17,18.0,5655.61,20.0,8743.42,2766.548550203546,8314.882142857143,2463.9060812806865,7533.644,2920.771368084949
2024-05-20,4830.67,16.0,27.0,2024,5,20,0,141,0,0,8817.8,27.0,8647.31,25.0,9007.93,21.0,9313.71,26.0,8202.47,2197.435501131567,8586.927142857143,2273.7618127926794,7639.050333333334,2907.6888928357816
2024-05-21,8491.56,23.0,45.0,2024,5,21,1,142,0,0,4830.67,16.0,10867.57,38.0,7856.74,20.0,10774.61,30.0,7657.2357142857145,2518.681080776586,8288.551428571429,2479.07764390107,7489.615666666667,2933.737052702204
2024-05-22,7303.47,28.0,46.0,2024,5,22,2,143,0,0,8491.56,23.0,5274.75,23.0,5354.23,17.0,6402.72,16.0,7317.805714285714,2146.5432689703484,8333.895714285714,2476.376127904869,7413.513999999999,2874.600664947129
2024-05-23,6727.36,27.0,53.0,2024,5,23,3,144,0,0,7303.47,28.0,5053.73,25.0,9640.69,27.0,4322.96,14.0,7607.622857142857,1952.949011979187,8473.127142857144,2347.3991722933456,7443.539,2868.3763318792685
2024-05-24,10882.11,24.0,52.0,2024,5,24,4,145,0,0,6727.36,27.0,9231.59,25.0,7153.33,29.0,2034.79,10.0,7846.712857142857,1670.1499351626535,8265.032142857142,2365.000046323554,7523.685666666667,2811.1974076387905
2024-05-25,7836.79,24.0,35.0,2024,5,25,5,146,1,0,10882.11,24.0,9524.54,32.0,11182.32,34.0,3133.16,13.0,8082.501428571429,1985.0685209284234,8531.37357142857,2438.9785710781757,7818.596333333333,2676.358594089189
2024-05-26,8266.25,23.0,45.0,2024,5,26,6,147,1,0,7836.79,24.0,8817.8,27.0,12604.45,30.0,7361.41,22.0,7841.394285714286,1880.4676936412861,8292.407142857144,2320.2697808508483,7975.384000000001,2525.9584087801013
2024-05-27,11611.67,30.0,59.0,2024,5,27,0,148,0,0,8266.25,23.0,4830.67,16.0,8647.31,25.0,5576.92,24.0,7762.601428571428,1843.9372973651498,7982.535714285715,1962.1448329265093,8005.5453333333335,2523.7756224392956
2024-05-28,8273.63,23.0,48.0,2024,5,28,1,149,0,0,11611.67,30.0,8491.56,23.0,10867.57,38.0,5087.67,15.0,8731.315714285714,1828.0629061920285,8194.275714285714,2186.517739313825,8206.703666666666,2563.711158551057
2024-05-29,4911.4,19.0,29.0,2024,5,29,2,150,0,0,8273.63,23.0,7303.47,28.0,5274.75,23.0,4991.25,18.0,8700.182857142858,1834.670386424716,8008.994285714287,2048.082847861208,8312.902333333333,2495.123489765013
2024-05-30,9832.03,24.0,48.0,2024,5,30,3,151,0,0,4911.4,19.0,6727.36,27.0,5053.73,25.0,12830.11,29.0,8358.458571428571,2301.547772046953,7983.040714285715,2087.323127226179,8310.240666666667,2498.828877502605
2024-05-31,7734.21,16.0,39.0,2024,5,31,4,152,0,0,9832.03,24.0,10882.11,24.0,9231.59,25.0,7967.69,26.0,8801.982857142857,2232.9601632266417,8324.347857142857,1958.1577701038555,8210.304666666667,2368.3781361204424
2024-06-01,14379.75,28.0,59.0,2024,6,1,5,153,1,0,7734.21,16.0,7836.79,24.0,9524.54,32.0,5402.41,22.0,8352.282857142858,2054.0312338319372,8217.392142857143,1945.6457326600098,8202.522,2369.5861855525295
2024-06-02,6004.02,16.0,34.0,2024,6,2,6,154,1,0,14379.75,28.0,8266.25,23.0,8817.8,27.0,12956.81,31.0,9286.99142857143,3034.884191510602,8564.192857142858,2538.8400389560898,8501.766666666666,2562.759285234859
2024-06-03,4528.04,18.0,32.0,2024,6,3,0,155,0,0,6004.02,16.0,11611.67,30.0,4830.67,16.0,5789.139999999999,17.0,8963.815714285714,3272.8179213019544,8363.208571428571,2627.0611918786162,8270.007,2458.2322670473527
2024-06-04,8715.39,25.0,47.0,2024,6,4,1,156,0,0,4528.04,18.0,8273.63,23.0,8491.56,23.0,5009.17,18.0,7951.868571428572,3409.905609775872,8341.592142857144,2659.4100561711534,8227.970333333335,2512.3067707538735
2024-06-05,8427.79,20.0,37.0,2024,6,5,2,157,0,0,8715.39,25.0,4911.4,19.0,7303.47,28.0,9007.93,21.0,8014.977142857142,3420.92320185509,8357.58,2661.053289539539,8351.511,2438.6111611047163
2024-06-06,2529.3,10.0,15.0,2024,6,6,3,158,0,0,8427.79,20.0,9832.03,24.0,6727.36,27.0,7856.74,20.0,8517.318571428572,3135.498054942408,8437.888571428572,2643.702952968853,8332.173,2435.5245932952253
2024-06-07,7560.75,21.0,37.0,2024,6,7,4,159,0,0,2529.3,10.0,7734.21,16.0,10882.11,24.0,5354.23,17.0,7474.071428571428,3774.8606238969446,8138.027142857143,3058.227535805734,8154.591666666668,2655.65672058472
2024-06-08,4107.56,19.0,45.0,2024,6,8,5,160,1,0,7560.75,21.0,14379.75,28.0,7836.79,24.0,9640.69,27.0,7449.291428571429,3773.437405926807,7900.787142857143,2956.1034945487777,8228.142333333333,2605.506088598137
2024-06-09,10001.81,30.0,60.0,2024,6,9,6,161,1,0,4107.56,19.0,6004.02,16.0,8266.25,23.0,7153.33,29.0,5981.835714285715,2362.728230787859,7634.413571428571,3125.4812617175917,8043.704666666667,2696.3230878143895
2024-06-10,6808.84,28.0,38.0,2024,6,10,0,162,0,0,10001.81,30.0,4528.04,18.0,11611.67,30.0,11182.32,34.0,6552.948571428571,2809.8463778139726,7758.382142857142,3186.297878407038,8138.6539999999995,2713.983811827056
2024-06-11,5938.51,18.0,31.0,2024,6,11,1,163,0,0,6808.84,28.0,8715.39,25.0,8273.63,23.0,12604.45,30.0,6878.777142857143,2664.3790989128825,7415.322857142857,2992.1509082557673,7992.8713333333335,2661.814656964802
2024-06-12,5893.98,21.0,34.0,2024,6,12,2,164,0,0,5938.51,18.0,8427.79,20.0,4911.4,19.0,8647.31,25.0,6482.08,2549.603598182801,7248.528571428572,3005.6788832804136,7770.673333333334,2538.972402274716
2024-06-13,14004.210000000001,27.0,55.0,2024,6,13,3,165,0,0,5893.98,21.0,2529.3,10.0,9832.03,24.0,10867.57,38.0,6120.107142857143,2402.9764462690496,7318.712857142857,2958.0014346967655,7678.895666666666,2555.898092680971
2024-06-14,12927.45,24.0,54.0,2024,6,14,4,166,0,0,14004.210000000001,27.0,7560.75,21.0,7734.21,16.0,5274.75,23.0,7759.379999999999,3293.9451582056854,7616.725714285714,3406.8120451637064,7783.450333333332,2747.7880998378
2024-06-15,7549.16,19.0,39.0,2024,6,15,5,167,1,0,12927.45,24.0,4107.56,19.0,14379.75,28.0,5053.73,25.0,8526.051428571429,3822.2036908020696,7987.671428571428,3691.4284060840105,8038.540333333333,2859.797869466186
2024-06-16,8266.28,32.0,51.0,2024,6,16,6,168,1,0,7549.16,19.0,10001.81,30.0,6004.02,16.0,9231.59,25.0,9017.708571428571,3351.4824943569315,7499.772142857143,3200.328728690173,8121.721333333334,2805.768072319315
2024-06-17,8812.93,30.0,47.0,2024,6,17,0,169,0,0,8266.28,32.0,6808.84,28.0,4528.04,18.0,9524.54,32.0,8769.775714285715,3330.678204824844,7661.362142857143,3176.0165284959803,8089.544333333334,2798.125775221057
2024-06-18,6746.22,19.0,33.0,2024,6,18,1,170,0,0,8812.93,30.0,5938.51,18.0,8715.39,25.0,8817.8,27.0,9056.074285714287,3218.263743526196,7967.425714285714,3054.9959713273524,8065.824,2788.5413465288075
2024-06-19,13494.56,26.0,52.0,2024,6,19,2,171,0,0,6746.22,19.0,5893.98,21.0,8427.79,20.0,4830.67,16.0,9171.461428571429,3100.1706816960295,7826.770714285713,3063.230122954584,7996.771333333333,2794.9200290005633
2024-06-20,5808.92,20.0,34.0,2024,6,20,3,172,0,0,13494.56,26.0,14004.210000000001,27.0,2529.3,10.0,8491.56,23.0,10257.25857142857,3091.9507927705263,8188.682857142857,3418.4207986649376,8285.567666666666,2902.051260228001
2024-06-21,10894.48,27.0,44.0,2024,6,21,4,173,0,0,5808.92,20.0,12927.45,24.0,7560.75,21.0,7303.47,28.0,9086.502857142857,2986.479160866602,8422.941428571428,3098.1283142987013,8196.146333333334,2936.6096424424713
2024-06-22,7385.76,23.0,46.0,2024,6,22,5,174,1,0,10894.48,27.0,7549.16,19.0,4107.56,19.0,6727.36,27.0,8796.07857142857,2628.0483634719562,8661.065,3154.3678731726604,8315.846666666666,2971.9429266406187
2024-06-23,7438.9,22.0,45.0,2024,6,23,6,175,1,0,7385.76,23.0,8266.28,32.0,10001.81,30.0,10882.11,24.0,8772.735714285714,2641.660069311577,8895.222142857143,2901.9205569261203,8337.793333333333,2962.223184501028
2024-06-24,10653.93,35.0,77.0,2024,6,24,0,176,0,0,7438.9,22.0,8812.93,30.0,6808.84,28.0,7836.79,24.0,8654.538571428571,2686.2313719188373,8712.157142857144,2907.5765261744027,8223.019666666667,2926.734627042137
2024-06-25,9659.67,26.0,49.0,2024,6,25,1,177,0,0,10653.93,35.0,6746.22,19.0,5938.51,18.0,8266.25,23.0,8917.538571428571,2792.350537357543,8986.806428571428,2895.5380897926507,8316.924333333334,2958.932128187214
2024-06-26,8309.23,25.0,48.0,2024,6,26,2,178,0,0,9659.67,26.0,13494.56,26.0,5893.98,21.0,11611.67,30.0,9333.745714285715,2627.00289173713,9252.603571428572,2761.90279108055,8363.371666666666,2969.028508425267
2024-06-27,13667.39,34.0,71.0,2024,6,27,3,179,0,0,8309.23,25.0,5808.92,20.0,14004.210000000001,27.0,8273.63,23.0,8592.984285714285,1884.2783600701298,9425.121428571429,2607.0661229431366,8253.290333333334,2904.970357084779
2024-06-28,3349.75,15.0,23.0,2024,6,28,4,180,0,0,13667.39,34.0,10894.48,27.0,12927.45,24.0,4911.4,19.0,9715.622857142856,2253.862887767832,9401.062857142857,2562.736009113414,8433.082333333334,3068.578448207691
2024-06-29,5717.57,25.0,42.0,2024,6,29,5,181,1,0,3349.75,15.0,7385.76,23.0,7549.16,19.0,9832.03,24.0,8637.804285714286,3201.098000706723,8716.941428571428,2814.928299244951,8381.027333333333,3142.729796029993
2024-06-30,11103.96,35.0,64.0,2024,6,30,6,182,1,0,5717.57,25.0,7438.9,22.0,8266.28,32.0,7734.21,16.0,8399.49142857143,3367.6097538582108,8586.113571428572,2914.1903453396526,8243.878666666666,3166.9090232218045
2024-07-01,5170.64,20.0,32.0,2024,7,1,0,183,0,0,11103.96,35.0,10653.93,35.0,8812.93,30.0,14379.75,28.0,8923.07142857143,3476.5220880473285,8788.804999999998,2987.9843155127105,8356.203666666666,3207.705517883229
2024-07-02,8561.48,22.0,43.0,2024,7,2,1,184,0,0,5170.64,20.0,9659.67,26.0,6746.22,19.0,6004.02,16.0,8139.744285714286,3635.6314287610676,8528.641428571429,3140.4017171224223,8049.233333333334,3048.0612711761023
2024-07-03,9095.89,23.0,43.0,2024,7,3,2,185,0,0,8561.48,22.0,8309.23,25.0,13494.56,26.0,4528.04,18.0,7982.86,3582.4175588746402,8658.302857142857,3098.340514902047,8134.482,3024.5611074374824
2024-07-04,14735.33,31.0,68.0,2024,7,4,3,186,0,0,9095.89,23.0,13667.39,34.0,5808.92,20.0,8715.39,25.0,8095.239999999999,3606.6190758566863,8344.112142857142,2776.499724864374,8286.743666666667,2950.8239636851454
2024-07-05,7207.57,24.0,43.0,2024,7,5,4,187,0,0,14735.33,31.0,3349.75,15.0,10894.48,27.0,8427.79,20.0,8247.802857142857,3892.839977829872,8981.712857142857,3149.424129198191,8487.408333333333,3176.9972737282055
2024-07-06,4648.83,18.0,26.0,2024,7,6,5,188,1,0,7207.57,24.0,5717.57,25.0,7385.76,23.0,2529.3,10.0,8798.92,3313.866584208444,8718.362142857142,3131.2727179613184,8446.734333333334,3185.586284081607
2024-07-07,10240.0,28.0,60.0,2024,7,7,6,189,1,0,4648.83,18.0,11103.96,35.0,7438.9,22.0,7560.75,21.0,8646.242857142857,3498.9433510595472,8522.867142857143,3301.6720950904355,8517.385333333334,3071.274814214085
2024-07-08,7193.69,24.0,43.0,2024,7,8,0,190,0,0,10240.0,28.0,5170.64,20.0,10653.93,35.0,4107.56,19.0,8522.820000000002,3411.9565088084,8722.945714285714,3315.773752388172,8606.693666666666,3081.4355774714486
2024-07-09,6953.76,26.0,43.0,2024,7,9,1,191,0,0,7193.69,24.0,8561.48,22.0,9659.67,26.0,10001.81,30.0,8811.827142857142,3156.8307739499037,8475.785714285714,3289.626028674693,8709.564666666665,2975.7584582720237
2024-07-10,6618.17,24.0,39.0,2024,7,10,2,192,0,0,6953.76,26.0,9095.89,23.0,8309.23,25.0,6808.84,28.0,8582.152857142857,3235.5826648107472,8282.506428571429,3294.205825057092,8607.963,2982.143863890369
2024-07-11,8648.55,27.0,44.0,2024,7,11,3,193,0,0,6618.17,24.0,14735.33,31.0,13667.39,34.0,5938.51,18.0,8228.192857142856,3304.8010561641704,8161.716428571427,3324.01905359624,8601.607333333333,2986.310718422494
2024-07-12,2733.64,13.0,21.0,2024,7,12,4,194,0,0,8648.55,27.0,7207.57,24.0,3349.75,15.0,5893.98,21.0,7358.652857142856,1735.4839755018825,7803.227857142856,2932.0995806632814,8691.942000000001,2943.6594932222138
2024-07-13,7601.63,23.0,45.0,2024,7,13,5,195,1,0,2733.64,13.0,4648.83,18.0,5717.57,25.0,14004.210000000001,27.0,6719.5199999999995,2469.1398640957295,7759.22,3007.731648453309,8586.597333333333,3099.658777410647
2024-07-14,2205.81,10.0,17.0,2024,7,14,6,196,1,0,7601.63,23.0,10240.0,28.0,11103.96,35.0,12927.45,24.0,7141.348571428571,2303.0666360704727,7893.795714285714,2950.9685093820976,8373.178,2929.5277414008647
2024-07-15,5725.47,14.0,29.0,2024,7,15,0,197,0,0,2205.81,10.0,7193.69,24.0,5170.64,20.0,7549.16,19.0,5993.607142857143,2495.376497556462,7258.2135714285705,3157.40056623898,8015.789999999999,3007.7205251371065
2024-07-16,5705.56,17.0,39.0,2024,7,16,1,198,0,0,5725.47,14.0,6953.76,26.0,8561.48,22.0,8266.28,32.0,5783.861428571428,2438.7554543962847,7297.844285714285,3132.5667712736595,7955.0003333333325,3035.7755391610967
2024-07-17,11684.5,32.0,59.0,2024,7,17,2,199,0,0,5705.56,17.0,6618.17,24.0,9095.89,23.0,8812.93,30.0,5605.547142857143,2383.9765642354414,7093.849999999999,3136.934713550298,7869.643,3062.6029674604542
2024-07-18,7967.37,24.0,48.0,2024,7,18,3,200,0,0,11684.5,32.0,8648.55,27.0,14735.33,31.0,6746.22,19.0,6329.308571428572,3325.695769386354,7278.750714285714,3334.1120324595763,7965.361999999999,3137.0700744587816
2024-07-19,5800.95,18.0,31.0,2024,7,19,4,201,0,0,7967.37,24.0,2733.64,13.0,7207.57,24.0,13494.56,26.0,6231.9971428571425,3255.753674751386,6795.324999999999,2573.73950573793,8006.067,3128.6167529317445
2024-07-20,7195.29,18.0,41.0,2024,7,20,5,202,1,0,5800.95,18.0,7601.63,23.0,4648.83,18.0,5808.92,20.0,6670.184285714285,2892.60076399456,6694.852142857142,2583.844245937486,7749.613333333333,2974.7498990397116
2024-07-21,8747.36,24.0,39.0,2024,7,21,6,203,1,0,7195.29,18.0,2205.81,10.0,10240.0,28.0,10894.48,27.0,6612.135714285714,2874.815719171447,6876.742142857142,2517.51281357728,7795.825666666667,2954.2598597241104
2024-07-22,13110.890000000001,26.0,47.0,2024,7,22,0,204,0,0,8747.36,24.0,5725.47,14.0,7193.69,24.0,7385.76,23.0,7546.642857142857,2183.9468768242696,6770.125,2392.631102533675,7724.255000000001,2902.1512612064876
2024-07-23,11682.1,33.0,53.0,2024,7,23,1,205,0,0,13110.890000000001,26.0,5705.56,17.0,6953.76,26.0,7438.9,22.0,8601.702857142858,2842.23674332801,7192.782142857142,2934.4876808375484,7915.092666666666,3062.9074741019986
2024-07-24,6409.49,19.0,30.0,2024,7,24,2,206,0,0,11682.1,33.0,11684.5,32.0,6618.17,24.0,10653.93,35.0,9455.494285714285,2722.3869035269836,7530.520714285715,3167.694305590211,8056.532666666667,3137.2296709368347
2024-07-25,10027.33,24.0,52.0,2024,7,25,3,207,0,0,6409.49,19.0,7967.37,24.0,8648.55,27.0,9659.67,26.0,8701.921428571428,2732.609070469885,7515.615,3172.8045018412045,7915.051333333333,3111.6569366249933
2024-07-26,9166.29,30.0,52.0,2024,7,26,4,208,0,0,10027.33,24.0,5800.95,18.0,2733.64,13.0,8309.23,25.0,8996.201428571429,2751.177052441546,7614.0992857142855,3231.531330895765,7927.306666666667,3119.4792830494503
2024-07-27,6846.18,22.0,40.0,2024,7,27,5,209,1,0,9166.29,30.0,7195.29,18.0,7601.63,23.0,13667.39,34.0,9476.964285714286,2366.9677860070756,8073.574285714286,2927.207949940621,7955.8753333333325,3127.0130516480854
2024-07-28,10387.57,19.0,43.0,2024,7,28,6,210,1,0,6846.18,22.0,8747.36,24.0,2205.81,10.0,3349.75,15.0,9427.09142857143,2425.997949253245,8019.613571428571,2943.494831119072,7728.501666666667,2939.7816512081095
2024-07-29,10433.92,26.0,51.0,2024,7,29,0,211,0,0,10387.57,19.0,13110.890000000001,26.0,5725.47,14.0,5717.57,25.0,9661.407142857144,2428.6125528836023,8604.025,2475.409760972756,7963.095666666666,2857.9792502114487
2024-07-30,8094.35,29.0,50.0,2024,7,30,1,212,0,0,10433.92,26.0,11682.1,33.0,5705.56,17.0,11103.96,35.0,9278.982857142857,1960.5721692379686,8940.342857142858,2371.9254805696974,8120.307333333333,2859.915832900578
2024-07-31,8491.64,27.0,51.0,2024,7,31,2,213,0,0,8094.35,29.0,6409.49,19.0,11684.5,32.0,5170.64,20.0,8766.447142857143,1675.9371696527912,9110.970714285713,2201.0956357877844,8019.987,2803.882800667121
2024-08-01,4110.18,15.0,24.0,2024,8,1,3,214,0,0,8491.64,27.0,10027.33,24.0,7967.37,24.0,8561.48,22.0,9063.897142857142,1338.751212557362,8882.909285714286,2075.7766907629543,8130.687,2752.597817250474
2024-08-02,8528.08,24.0,47.0,2024,8,2,4,215,0,0,4110.18,15.0,9166.29,30.0,5800.95,18.0,9095.89,23.0,8218.59,2212.194625087646,8607.395714285714,2432.0466178373376,7982.310333333333,2846.931030221459
2024-08-03,10460.59,28.0,59.0,2024,8,3,5,216,1,0,8528.08,24.0,6846.18,22.0,7195.29,18.0,14735.33,31.0,8127.417142857143,2179.5370952162784,8802.190714285714,2295.346159821457,7963.383333333333,2841.154029430141
2024-08-04,8770.28,24.0,46.0,2024,8,4,6,217,1,0,10460.59,28.0,10387.57,19.0,8747.36,24.0,7207.57,24.0,8643.761428571428,2252.3372568617738,9035.426428571429,2285.3808910235207,7820.892000000001,2585.504662450733
2024-08-05,10398.87,36.0,66.0,2024,8,5,0,218,0,0,8770.28,24.0,10433.92,26.0,13110.890000000001,26.0,4648.83,18.0,8412.72,2122.8760497259377,9037.06357142857,2285.166859077186,7872.982333333333,2588.4622518021606
2024-08-06,5764.9800000000005,25.0,41.0,2024,8,6,1,219,0,0,10398.87,36.0,8094.35,29.0,11682.1,33.0,10240.0,28.0,8407.712857142858,2117.348310865223,8843.347857142859,2011.8673405385828,8064.650333333334,2554.150237328399
2024-08-07,2484.76,13.0,25.0,2024,8,7,2,220,0,0,5764.9800000000005,25.0,8491.64,27.0,6409.49,19.0,7193.69,24.0,8074.945714285714,2345.552034936604,8420.69642857143,1991.0547699711053,7915.483000000001,2553.39956137067
2024-08-08,12258.64,36.0,69.0,2024,8,8,3,221,0,0,2484.76,13.0,4110.18,15.0,10027.33,24.0,6953.76,26.0,7216.82,3133.9955885259337,8140.358571428572,2505.778365927764,7758.518666666668,2737.4054125680354
2024-08-09,8283.0,24.0,52.0,2024,8,9,4,222,0,0,12258.64,36.0,8528.08,24.0,9166.29,30.0,6618.17,24.0,8380.885714285714,3296.8410134038777,8299.737857142858,2698.5748946667736,7935.348,2852.5467175556023
2024-08-10,13286.64,27.0,55.0,2024,8,10,5,223,1,0,8283.0,24.0,10460.59,28.0,6846.18,22.0,8648.55,27.0,8345.874285714286,3296.318624879666,8236.645714285714,2687.0576256788104,7990.842333333333,2842.2136582657363
2024-08-11,12215.89,30.0,61.0,2024,8,11,6,224,1,0,13286.64,27.0,8770.28,24.0,10387.57,19.0,2733.64,13.0,8749.595714285713,3741.4904607738745,8696.67857142857,2967.384850417969,8145.445333333334,3000.936674583493
2024-08-12,9683.68,23.0,42.0,2024,8,12,0,225,0,0,12215.89,30.0,10398.87,36.0,10433.92,26.0,7601.63,23.0,9241.825714285715,3964.661415421065,8827.272857142856,3085.410010999476,8461.520333333332,2909.240850561493
2024-08-13,8030.01,19.0,35.0,2024,8,13,1,226,0,0,9683.68,23.0,5764.9800000000005,25.0,8094.35,29.0,2205.81,10.0,9139.655714285715,3939.0069307286785,8773.684285714286,3061.7833922096693,8530.922,2912.8523323728014
2024-08-14,6754.16,27.0,34.0,2024,8,14,2,227,0,0,8030.01,19.0,2484.76,13.0,8491.64,27.0,5725.47,14.0,9463.231428571427,3701.455171876904,8769.088571428572,3062.9295769519404,8725.062,2659.852947888094
2024-08-15,12395.87,34.0,59.0,2024,8,15,3,228,0,0,6754.16,27.0,12258.64,36.0,4110.18,15.0,5705.56,17.0,10073.145714285714,2524.5679105796617,8644.982857142857,3109.876536697054,8759.351666666666,2626.268773946698
2024-08-16,7236.69,22.0,38.0,2024,8,16,4,229,0,0,12395.87,34.0,8283.0,24.0,8528.08,24.0,11684.5,32.0,10092.75,2544.819291200586,9236.817857142856,2965.5492813257947,8982.362,2642.020884691795
2024-08-17,13398.21,33.0,69.0,2024,8,17,5,230,1,0,7236.69,22.0,13286.64,27.0,10460.59,28.0,7967.37,24.0,9943.277142857143,2695.1227574126933,9144.575714285715,3009.054982414839,8834.101666666666,2609.7585002990904
2024-08-18,9171.35,28.0,50.0,2024,8,18,6,231,1,0,13398.21,33.0,12215.89,30.0,8770.28,24.0,5800.95,18.0,9959.215714285714,2718.419505631025,9354.405714285715,3203.9934788820406,9015.129666666668,2733.0106580882652
2024-08-19,4952.19,22.0,37.0,2024,8,19,0,232,0,0,9171.35,28.0,9683.68,23.0,10398.87,36.0,7195.29,18.0,9524.281428571428,2534.5218606700314,9383.05357142857,3200.1596295968748,9127.476333333332,2664.7499146235327
2024-08-20,5755.1900000000005,17.0,35.0,2024,8,20,1,233,0,0,4952.19,22.0,8030.01,19.0,5764.9800000000005,25.0,8747.36,24.0,8848.354285714286,3061.13475644712,8994.005,3392.4682121151113,9052.706333333334,2750.9109868444116
2024-08-21,10683.42,23.0,43.0,2024,8,21,2,234,0,0,5755.1900000000005,17.0,6754.16,27.0,2484.76,13.0,13110.890000000001,26.0,8523.38,3275.7186465110217,8993.305714285714,3393.1859401809565,8952.967333333334,2815.8404638046463
2024-08-22,6450.0,22.0,40.0,2024,8,22,3,235,0,0,10683.42,23.0,12395.87,34.0,12258.64,36.0,11682.1,33.0,9084.702857142856,3258.6307413324903,9578.924285714285,2847.026412934979,8872.051666666666,2725.6729203086797
2024-08-23,4963.85,19.0,32.0,2024,8,23,4,236,0,0,6450.0,22.0,7236.69,22.0,8283.0,24.0,6409.49,19.0,8235.292857142858,3017.7087254776284,9164.021428571428,2849.7171477935376,8697.648333333334,2706.9957909003697
2024-08-24,13807.61,32.0,70.0,2024,8,24,5,237,1,0,4963.85,19.0,13398.21,33.0,13286.64,27.0,10027.33,24.0,7910.601428571428,3255.931887741863,8926.939285714287,3059.0329262302735,8649.460333333333,2761.451886248504
2024-08-25,12517.45,41.0,72.0,2024,8,25,6,238,1,0,13807.61,32.0,9171.35,28.0,12215.89,30.0,9166.29,30.0,7969.087142857143,3372.5231146364513,8964.15142857143,3118.732997943124,8775.469666666666,2908.8124824562015
2024-08-26,9361.73,27.0,48.0,2024,8,26,0,239,0,0,12517.45,41.0,4952.19,22.0,9683.68,23.0,6846.18,22.0,8447.101428571428,3783.432261269427,8985.691428571428,3143.859375651953,8887.175,2987.6172348773584
2024-08-27,9722.02,23.0,40.0,2024,8,27,1,240,0,0,9361.73,27.0,5755.1900000000005,17.0,8030.01,19.0,10387.57,19.0,9077.035714285716,3457.6142341594295,8962.695,3139.535564887921,8971.026666666667,2963.562943717366
2024-08-28,8632.37,23.0,41.0,2024,8,28,2,241,0,0,9722.02,23.0,10683.42,23.0,6754.16,27.0,10433.92,26.0,9643.725714285714,3132.197312861248,9083.552857142857,3133.430987138603,8948.841666666667,2955.0721157231915
2024-08-29,5957.76,24.0,44.0,2024,8,29,3,242,0,0,8632.37,23.0,6450.0,22.0,12395.87,34.0,8094.35,29.0,9350.718571428572,3114.6124401195743,9217.710714285715,3065.4976384053284,8888.79,2942.12915891384
2024-08-30,8308.96,26.0,55.0,2024,8,30,4,243,0,0,5957.76,24.0,4963.85,19.0,7236.69,22.0,8491.64,27.0,9280.398571428572,3195.5241936414136,8757.845714285715,3034.804591136006,8817.570333333333,2987.532890391146
2024-08-31,10459.06,31.0,50.0,2024,8,31,5,244,1,0,8308.96,26.0,13807.61,32.0,13398.21,33.0,4110.18,15.0,9758.271428571428,2645.146917415793,8834.43642857143,3006.8634761558546,8811.481,2988.4061710589353
2024-09-01,12726.02,28.0,55.0,2024,9,1,6,245,1,0,10459.06,31.0,12517.45,41.0,9171.35,28.0,8528.08,24.0,9279.907142857142,2019.610041367012,8624.497142857143,2755.837064250871,9023.110333333334,2866.303928348393
2024-09-02,13452.92,27.0,54.0,2024,9,2,0,246,0,0,12726.02,28.0,9361.73,27.0,4952.19,22.0,10460.59,28.0,9309.702857142856,2076.0838091361175,8878.402142857143,2965.846438203217,9163.041666666666,2942.7544551005954
2024-09-03,13148.28,31.0,60.0,2024,9,3,1,247,0,0,13452.92,27.0,9722.02,23.0,5755.1900000000005,17.0,8770.28,24.0,9894.158571428572,2602.344007200868,9485.597142857145,2970.3749739628865,9262.785999999998,3037.4403140661907
2024-09-04,8436.21,24.0,34.0,2024,9,4,2,248,0,0,13148.28,31.0,8632.37,23.0,10683.42,23.0,10398.87,36.0,10383.624285714284,2872.7398007468796,10013.675000000001,2912.7813624801142,9408.719333333334,3117.087895581209
2024-09-05,7612.6900000000005,26.0,44.0,2024,9,5,3,249,0,0,8436.21,24.0,5957.76,24.0,6450.0,22.0,5764.9800000000005,25.0,10355.601428571428,2893.551383107087,9853.16,2934.869476864472,9343.297333333332,3116.186033316057
2024-09-06,6251.96,24.0,45.0,2024,9,6,4,250,0,0,7612.6900000000005,26.0,8308.96,26.0,4963.85,19.0,2484.76,13.0,10592.02,2517.509858563944,9936.209285714285,2846.274383528438,9404.887666666667,3060.790365373522
2024-09-07,10207.22,27.0,47.0,2024,9,7,5,251,1,0,6251.96,24.0,10459.06,31.0,13807.61,32.0,12258.64,36.0,10298.162857142857,2916.802730872246,10028.217142857144,2689.6873131746593,9530.461000000001,2836.1242267006432
2024-09-08,12647.79,39.0,72.0,2024,9,8,6,252,1,0,10207.22,27.0,12726.02,28.0,12517.45,41.0,8283.0,24.0,10262.185714285715,2916.040444791856,9771.046428571428,2463.1085541011444,9462.080333333335,2792.4725347946915
2024-09-09,9437.95,26.0,52.0,2024,9,9,0,253,0,0,12647.79,39.0,13452.92,27.0,9361.73,27.0,13286.64,27.0,10251.009999999998,2905.153621824495,9780.356428571427,2474.5078185667085,9607.573333333334,2842.186216121789
2024-09-10,6592.62,28.0,41.0,2024,9,10,1,254,0,0,9437.95,26.0,13148.28,31.0,9722.02,23.0,12215.89,30.0,9677.442857142858,2541.1772023461467,9785.800714285713,2473.599609819548,9479.283666666666,2755.947459001313
2024-09-11,14134.56,40.0,77.0,2024,9,11,2,255,0,0,6592.62,28.0,8436.21,24.0,8632.37,23.0,9683.68,23.0,8740.92,2238.8756700778727,9562.272142857142,2617.0426669640688,9291.841333333334,2754.631958378894
2024-09-12,8120.49,24.0,47.0,2024,9,12,3,256,0,0,14134.56,40.0,7612.6900000000005,26.0,5957.76,24.0,8030.01,19.0,9554.970000000001,3012.0631922432576,9955.285714285714,2867.78557132023,9440.204,2892.8566103630897
2024-09-13,9982.78,27.0,64.0,2024,9,13,4,257,0,0,8120.49,24.0,6251.96,24.0,8308.96,26.0,6754.16,27.0,9627.512857142856,2963.2074978965707,10109.766428571427,2688.5324346982866,9443.22,2891.3824799291815
2024-09-14,7849.17,23.0,52.0,2024,9,14,5,258,1,0,9982.78,27.0,10207.22,27.0,10459.06,31.0,12395.87,34.0,10160.487142857144,2563.4292975212825,10229.324999999999,2639.052695911191,9550.840666666665,2847.596093169477
2024-09-15,11400.05,33.0,61.0,2024,9,15,6,259,1,0,7849.17,23.0,12647.79,39.0,12726.02,28.0,7236.69,22.0,9823.622857142856,2707.171916913255,10042.904285714287,2712.727988421398,9399.284000000001,2811.722445707228
2024-09-16,9504.47,32.0,61.0,2024,9,16,0,260,0,0,11400.05,33.0,9437.95,26.0,13452.92,27.0,13398.21,33.0,9645.374285714288,2525.188882036724,9948.192142857142,2633.8442203603827,9538.062666666667,2804.037584401735
2024-09-17,9621.93,31.0,53.0,2024,9,17,1,261,0,0,9504.47,32.0,6592.62,28.0,13148.28,31.0,9171.35,28.0,9654.877142857144,2524.4032427863917,9666.16,2433.4676441338024,9408.271333333332,2707.6595937511584
2024-09-18,17213.1,42.0,82.0,2024,9,18,2,262,0,0,9621.93,31.0,14134.56,40.0,8436.21,24.0,4952.19,22.0,10087.635714285714,2142.7543501441974,9414.277857142859,2218.3069441430957,9423.290666666668,2707.5497555831184
2024-09-19,6108.21,26.0,43.0,2024,9,19,3,263,0,0,17213.1,42.0,8120.49,24.0,7612.6900000000005,26.0,5755.1900000000005,17.0,10527.427142857141,3177.76406819173,10041.198571428571,3017.055492903521,9831.987666666666,2925.944208543323
2024-09-20,7573.360000000001,25.0,42.0,2024,9,20,4,264,0,0,6108.21,26.0,9982.78,27.0,6251.96,24.0,10683.42,23.0,10239.95857142857,3505.870631946877,9933.735714285713,3134.708666582816,9843.755000000001,2909.647582793061
2024-09-21,10362.14,29.0,55.0,2024,9,21,5,265,1,0,7573.360000000001,25.0,7849.17,23.0,10207.22,27.0,6450.0,22.0,9895.755714285713,3650.617555135279,10028.121428571429,3033.5858362413155,9740.086333333335,2934.001992077328
2024-09-22,13367.94,40.0,76.0,2024,9,22,6,266,1,0,10362.14,29.0,11400.05,33.0,12647.79,39.0,4963.85,19.0,10254.751428571428,3537.628842390657,10039.187142857143,3034.5717876001663,9870.491000000002,2868.9466069157684
2024-09-23,13766.26,41.0,70.0,2024,9,23,0,267,0,0,13367.94,40.0,9504.47,32.0,9437.95,26.0,13807.61,32.0,10535.878571428571,3717.43446320814,10090.626428571428,3087.8282118831703,10150.627333333334,2782.3180425915784
2024-09-24,11052.28,46.0,72.0,2024,9,24,1,268,0,0,13766.26,41.0,9621.93,31.0,6592.62,28.0,12517.45,41.0,11144.705714285714,3866.3673957426595,10399.79142857143,3230.8252521509476,10149.249,2780.4535562514684
2024-09-25,10510.47,33.0,58.0,2024,9,25,2,269,0,0,11052.28,46.0,17213.1,42.0,14134.56,40.0,9361.73,27.0,11349.04142857143,3809.8601479338126,10718.33857142857,3040.844880410846,10100.41,2750.1239404584685
2024-09-26,2426.0,15.0,22.0,2024,9,26,3,270,0,0,10510.47,33.0,6108.21,26.0,8120.49,24.0,9722.02,23.0,10391.522857142858,2798.461854011435,10459.475,2877.526772457819,10138.701333333333,2747.4802451271116
2024-09-27,5953.19,19.0,33.0,2024,9,27,4,271,0,0,2426.0,15.0,7573.360000000001,25.0,9982.78,27.0,8632.37,23.0,9865.492857142857,3876.2990278387692,10052.725714285714,3556.053606134653,9895.500666666665,3087.508340456071
2024-09-28,6578.03,22.0,40.0,2024,9,28,5,272,1,0,5953.19,19.0,10362.14,29.0,7849.17,23.0,5957.76,24.0,9634.039999999999,4079.0401762138417,9764.897857142858,3721.3851501106756,9806.194666666666,3163.125758080557
2024-09-29,10762.59,30.0,55.0,2024,9,29,6,273,1,0,6578.03,22.0,13367.94,40.0,11400.05,33.0,8308.96,26.0,9093.452857142856,4214.950352652305,9674.102142857142,3786.6556800776398,9826.870333333332,3139.0386487788783
2024-09-30,3712.42,16.0,29.0,2024,9,30,0,274,0,0,10762.59,30.0,13766.26,41.0,9504.47,32.0,10459.06,31.0,8721.26,3875.992876214642,9628.569285714286,3768.0925652876867,9908.658,3130.0776037492215
2024-10-01,5426.59,16.0,28.0,2024,10,1,1,275,0,0,3712.42,16.0,11052.28,46.0,9621.93,31.0,12726.02,28.0,7284.9971428571425,3543.4545489005227,9214.851428571428,4087.221435073079,9683.77,3325.436828831932
2024-10-02,7035.28,22.0,36.0,2024,10,2,2,276,0,0,5426.59,16.0,10510.47,33.0,17213.1,42.0,13452.92,27.0,6481.327142857142,3164.2924312117257,8915.184285714286,4207.117905388643,9440.455666666667,3362.0068592092844
2024-10-03,11143.0,32.0,62.0,2024,10,3,3,277,0,0,7035.28,22.0,2426.0,15.0,6108.21,26.0,13148.28,31.0,5984.871428571429,2659.07481442593,8188.197142857142,3479.3613975034727,9226.534333333335,3301.5239081961777
2024-10-04,7264.46,23.0,50.0,2024,10,4,4,278,0,0,11143.0,32.0,5953.19,19.0,7573.360000000001,25.0,8436.21,24.0,7230.157142857143,2754.0770430745897,8547.825,3507.9172784184752,9159.691666666668,3239.095535156316
2024-10-05,11029.67,33.0,55.0,2024,10,5,5,279,1,0,7264.46,23.0,6578.03,22.0,10362.14,29.0,7612.6900000000005,26.0,7417.481428571429,2696.74312956344,8525.760714285714,3515.4813134530914,9120.633333333333,3255.1453563416617
2024-10-06,12917.09,30.0,68.0,2024,10,6,6,280,1,0,11029.67,33.0,10762.59,30.0,13367.94,40.0,6251.96,24.0,8053.43,2976.2043645444323,8573.441428571428,3546.692497904219,9234.532666666668,3260.3390113055666
2024-10-07,5808.5,20.0,35.0,2024,10,7,0,281,0,0,12917.09,30.0,3712.42,16.0,13766.26,41.0,10207.22,27.0,8361.215714285714,3386.2287500445923,8541.237857142858,3501.570056103791,9456.703666666666,3277.137069490833
2024-10-08,11715.41,36.0,76.0,2024,10,8,1,282,0,0,5808.5,20.0,5426.59,16.0,11052.28,46.0,12647.79,39.0,8660.655714285715,2974.241545205863,7972.8264285714295,3222.954034662573,9310.079666666667,3340.195901235579
2024-10-09,15916.96,33.0,59.0,2024,10,9,2,283,0,0,11715.41,36.0,7035.28,22.0,10510.47,33.0,9437.95,26.0,9559.058571428572,2777.8626514248213,8020.192857142857,3276.1270828042484,9279.000333333333,3312.2899521937047
2024-10-10,7840.86,30.0,60.0,2024,10,10,3,284,0,0,15916.96,33.0,11143.0,32.0,2426.0,15.0,6592.62,28.0,10827.869999999999,3393.2138322933088,8406.370714285715,3859.0422980149674,9494.967333333332,3527.2567649065318
2024-10-11,10111.23,36.0,60.0,2024,10,11,4,285,0,0,7840.86,30.0,7264.46,23.0,5953.19,19.0,14134.56,40.0,10356.135714285714,3567.1788535426545,8793.146428571428,3464.7602769302694,9536.575333333334,3499.0894507135363
2024-10-12,11370.27,24.0,45.0,2024,10,12,5,286,1,0,10111.23,36.0,11029.67,33.0,6578.03,22.0,8120.49,24.0,10762.817142857142,3308.886555805511,9090.149285714286,3379.7629766767373,9402.464333333333,3392.254741573647
2024-10-13,15312.05,41.0,77.0,2024,10,13,6,287,1,0,11370.27,24.0,12917.09,30.0,10762.59,30.0,9982.78,27.0,10811.474285714286,3315.9613321672723,9432.452142857144,3348.2967063939936,9510.790333333334,3401.7801627884933
2024-10-14,7252.2300000000005,30.0,44.0,2024,10,14,0,288,0,0,15312.05,41.0,5808.5,20.0,3712.42,16.0,7849.17,23.0,11153.611428571428,3673.6847258732287,9757.41357142857,3690.592886125073,9688.432666666668,3562.6233821063124
2024-10-15,11217.74,31.0,53.0,2024,10,15,1,289,0,0,7252.2300000000005,30.0,11715.41,36.0,5426.59,16.0,11400.05,33.0,11359.858571428573,3349.8396098541184,10010.257142857143,3350.1454079795635,9668.534666666666,3574.896159008644
2024-10-16,10552.57,31.0,53.0,2024,10,16,2,290,0,0,11217.74,31.0,15916.96,33.0,7035.28,22.0,9504.47,32.0,11288.762857142856,3346.3151658787983,10423.910714285714,3087.912486348272,9662.457666666665,3572.0050285737957
2024-10-17,13513.99,38.0,60.0,2024,10,17,3,291,0,0,10552.57,31.0,7840.86,30.0,11143.0,32.0,9621.93,31.0,10522.421428571428,2651.9731009849256,10675.145714285713,2930.0526976665897,9697.394333333334,3575.5303466919563
2024-10-18,10003.630000000001,23.0,40.0,2024,10,18,4,292,0,0,13513.99,38.0,10111.23,36.0,7264.46,23.0,17213.1,42.0,11332.868571428571,2561.2076185816977,10844.502142857144,3026.121170379351,9827.129666666666,3642.677446789409
2024-10-19,11092.22,28.0,48.0,2024,10,19,5,293,1,0,10003.630000000001,23.0,11370.27,24.0,11029.67,33.0,6108.21,26.0,11317.497142857144,2570.068974682156,11040.157142857142,2860.8868084683277,9586.814,3365.9036624017776
2024-10-20,5918.62,21.0,35.0,2024,10,20,6,294,1,0,11092.22,28.0,15312.05,41.0,12917.09,30.0,7573.360000000001,25.0,11277.775714285714,2571.2658193054544,11044.625,2860.918012937449,9752.947666666667,3310.836263005518
2024-10-21,9083.48,32.0,56.0,2024,10,21,0,295,0,0,5918.62,21.0,7252.2300000000005,30.0,5808.5,20.0,10362.14,29.0,9935.857142857143,2566.0738581323944,10544.734285714285,3109.2220930934127,9697.789666666667,3361.791702927524
2024-10-22,8187.82,25.0,45.0,2024,10,22,1,296,0,0,9083.48,32.0,11217.74,31.0,11715.41,36.0,13367.94,40.0,10197.464285714286,2329.3072769878527,10778.66142857143,2836.732254364449,9655.167666666666,3361.183987397267
2024-10-23,9646.1,23.0,45.0,2024,10,23,2,297,0,0,8187.82,25.0,10552.57,31.0,15916.96,33.0,13766.26,41.0,9764.61857142857,2388.871912259205,10526.690714285714,2903.0191250899247,9482.497,3296.3048911064207
2024-10-24,6948.24,25.0,47.0,2024,10,24,3,298,0,0,9646.1,23.0,13513.99,38.0,7840.86,30.0,11052.28,46.0,9635.122857142856,2363.4737604122333,10078.772142857142,2456.8485584497375,9345.158333333333,3195.97502978581
2024-10-25,11634.85,32.0,67.0,2024,10,25,4,299,0,0,6948.24,25.0,10003.630000000001,23.0,10111.23,36.0,10510.47,33.0,8697.158571428572,1804.2237233819694,10015.013571428572,2529.8895000393395,9208.356999999998,3208.1950576352983
2024-10-26,12723.41,31.0,61.0,2024,10,26,5,300,1,0,11634.85,32.0,11092.22,28.0,11370.27,24.0,2426.0,15.0,8930.19,2084.641346970747,10123.843571428572,2566.848237414318,9245.836333333335,3230.4220889403477
2024-10-27,11492.6,28.0,53.0,2024,10,27,6,301,1,0,12723.41,31.0,5918.62,21.0,15312.05,41.0,5953.19,19.0,9163.217142857142,2429.2800708352156,10220.496428571429,2641.774029358665,9589.083333333334,3021.0866691449123
2024-10-28,7852.1900000000005,28.0,50.0,2024,10,28,0,302,0,0,11492.6,28.0,9083.48,32.0,7252.2300000000005,30.0,6578.03,22.0,9959.5,2076.397486473467,9947.67857142857,2242.576228869393,9773.730333333335,2959.862503462514
2024-10-29,13526.35,36.0,66.0,2024,10,29,1,303,0,0,7852.1900000000005,28.0,8187.82,25.0,11217.74,31.0,10762.59,30.0,9783.60142857143,2210.7812108952844,9990.532857142856,2192.2739221092784,9816.202333333333,2921.315809176182
2024-10-30,13590.5,35.0,65.0,2024,10,30,2,304,0,0,13526.35,36.0,9646.1,23.0,10552.57,31.0,3712.42,16.0,10546.248571428572,2473.7136463316874,10155.433571428572,2371.207391288583,9908.327666666668,2994.842862914445
2024-10-31,12302.77,41.0,76.0,2024,10,31,3,305,0,0,13590.5,35.0,6948.24,25.0,13513.99,38.0,5426.59,16.0,11109.734285714285,2675.510589357084,10372.42857142857,2543.118418973218,10237.597,2828.549048633455
2024-11-01,26583.49,75.0,142.0,2024,11,1,4,306,0,1,12302.77,41.0,11634.85,32.0,10003.630000000001,23.0,7035.28,22.0,11874.667142857143,1956.1690910443097,10285.912857142857,2446.80147674603,10466.803000000002,2700.977417899137
2024-11-02,18188.05,62.0,104.0,2024,11,2,5,307,1,1,26583.49,75.0,12723.41,31.0,11092.22,28.0,11143.0,32.0,14010.187142857145,5878.327752070065,11470.188571428573,4990.183429938076,11118.41,3925.1513945368456
2024-11-03,23596.59,64.0,117.0,2024,11,3,6,308,1,1,18188.05,62.0,11492.6,28.0,5918.62,21.0,7264.46,23.0,14790.850000000002,6039.607108173506,11977.033571428572,5299.603864831068,11353.244999999999,4131.971105883185
2024-11-04,20341.56,52.0,111.0,2024,11,4,0,309,0,1,23596.59,64.0,7852.1900000000005,28.0,9083.48,32.0,11029.67,33.0,16519.99142857143,6640.710522372402,13239.745714285715,5825.031817859239,11897.649333333335,4621.585125309537
2024-11-05,22309.09,54.0,99.0,2024,11,5,1,310,0,1,20341.56,52.0,13526.35,36.0,8187.82,25.0,12917.09,30.0,18304.187142857143,5504.306522541272,14043.894285714285,5982.095055824395,12208.045666666667,4867.443872673364
2024-11-06,18865.2,56.0,100.0,2024,11,6,2,311,0,1,22309.09,54.0,13590.5,35.0,9646.1,23.0,5808.5,20.0,19558.864285714288,5227.752190096791,15052.55642857143,6107.922094344243,12521.112333333333,5204.958896717824
2024-11-07,23266.98,66.0,116.0,2024,11,7,3,312,0,1,18865.2,56.0,12302.77,41.0,6948.24,25.0,11715.41,36.0,20312.39285714286,4561.825630617311,15711.063571428573,5975.738748830213,12956.335666666668,5170.0797695024585
2024-11-08,21269.25,70.0,121.0,2024,11,8,4,313,0,1,23266.98,66.0,26583.49,75.0,11634.85,32.0,15916.96,33.0,21878.70857142857,2951.37343616733,16876.687857142857,5721.122625182228,13341.388,5494.459751747688
2024-11-09,15823.25,58.0,105.0,2024,11,9,5,314,1,1,21269.25,70.0,18188.05,62.0,12723.41,31.0,7840.86,30.0,21119.53142857143,2100.2243085872574,17564.859285714287,5620.661009906583,13519.79766666667,5665.217758948138
2024-11-10,17985.78,41.0,69.0,2024,11,10,6,315,1,1,15823.25,58.0,23596.59,64.0,11492.6,28.0,10111.23,36.0,20781.70285714286,2742.3763866745844,17786.27642857143,5474.4230918357725,13785.877333333332,5576.05002758067
2024-11-11,16377.22,44.0,79.0,2024,11,11,0,316,0,1,17985.78,41.0,20341.56,52.0,7852.1900000000005,28.0,11370.27,24.0,19980.15857142857,2598.719292891693,18250.075,5166.600709058358,14048.362333333333,5582.444408113768
2024-11-12,11743.37,42.0,78.0,2024,11,12,1,317,0,1,16377.22,44.0,22309.09,54.0,13526.35,36.0,15312.05,41.0,19413.824285714283,2919.059936411342,18859.005714285715,4271.725811385507,14215.260666666665,5574.457231647016
2024-11-13,13234.36,46.0,74.0,2024,11,13,2,318,0,1,11743.37,42.0,18865.2,56.0,13590.5,35.0,7252.2300000000005,30.0,17904.435714285715,3777.807870758092,18731.649999999998,4465.1412266355055,14096.304666666667,5588.304937390258
2024-11-14,16407.56,52.0,99.0,2024,11,14,3,319,0,1,13234.36,46.0,23266.98,66.0,12302.77,41.0,11217.74,31.0,17100.030000000002,4122.864156998937,18706.211428571427,4497.580841948187,14295.709,5440.442863709918
2024-11-15,11188.45,46.0,77.0,2024,11,15,4,320,0,1,16407.56,52.0,21269.25,70.0,26583.49,75.0,10552.57,31.0,16120.112857142856,3101.468262311208,18999.410714285714,4169.885161240084,14468.703000000001,5421.675373476972
2024-11-16,7394.01,33.0,57.0,2024,11,16,5,321,1,1,11188.45,46.0,15823.25,58.0,18188.05,62.0,13513.99,38.0,14679.99857142857,2614.2179653414873,17899.765000000003,4044.0555450034426,14489.899000000001,5407.060632312076
2024-11-17,22349.5,56.0,102.0,2024,11,17,6,322,1,1,7394.01,33.0,17985.78,41.0,23596.59,64.0,10003.630000000001,23.0,13475.82142857143,3711.0897078056278,17128.762142857144,4919.1349494572705,14285.899666666668,5558.477856167099
2024-11-18,16355.26,50.0,91.0,2024,11,18,0,323,0,1,22349.5,56.0,16377.22,44.0,20341.56,52.0,11092.22,28.0,14099.210000000001,4801.306641814625,17039.684285714287,4802.921954723483,14697.428666666667,5686.058993805178
2024-11-19,16563.49,47.0,86.0,2024,11,19,1,324,0,1,16355.26,50.0,11743.37,42.0,22309.09,54.0,5918.62,21.0,14096.072857142857,4799.576994610085,16754.948571428573,4709.36695348562,14872.863333333333,5652.080163552451
2024-11-20,20807.07,57.0,111.0,2024,11,20,2,325,0,1,16563.49,47.0,13234.36,46.0,18865.2,56.0,9083.48,32.0,14784.66142857143,4751.306715720163,16344.548571428571,4430.193236535396,15227.692333333334,5399.032261170834
2024-11-21,24919.32,57.0,121.0,2024,11,21,3,326,0,1,20807.07,57.0,16407.56,52.0,23266.98,66.0,8187.82,25.0,15866.477142857142,5182.07144626455,16483.25357142857,4544.117281355868,15618.478666666666,5363.136056831025
2024-11-22,15932.890000000001,50.0,92.0,2024,11,22,4,327,0,1,24919.32,57.0,11188.45,46.0,21269.25,70.0,9646.1,23.0,17082.442857142858,6224.0711710629585,16601.277857142857,4750.629760266088,16176.195333333333,5433.2728037444085
2024-11-23,13913.14,41.0,80.0,2024,11,23,5,328,1,1,15932.890000000001,50.0,7394.01,33.0,15823.25,58.0,6948.24,25.0,17760.219999999998,5712.574122617569,16220.109285714288,4557.436916580102,16385.755,5292.1305996974015
2024-11-24,21961.62,69.0,114.0,2024,11,24,6,329,1,1,13913.14,41.0,22349.5,56.0,17985.78,41.0,11634.85,32.0,18691.524285714284,4022.2597233514302,16083.672857142858,4598.636985672082,16617.918333333335,5009.036260138273
2024-11-25,26318.4,64.0,112.0,2024,11,25,0,330,0,1,21961.62,69.0,16355.26,50.0,16377.22,44.0,12723.41,31.0,18636.11285714286,3965.742603051417,16367.66142857143,4841.488689898303,16962.144,5009.619441826735
2024-11-26,19234.12,53.0,106.0,2024,11,26,1,331,0,1,26318.4,64.0,16563.49,47.0,11743.37,42.0,11492.6,28.0,20059.41857142857,4725.768689802135,17077.745714285713,5523.921381650643,17415.310333333335,5223.303850255423
2024-11-27,11490.46,45.0,74.0,2024,11,27,2,332,0,1,19234.12,53.0,20807.07,57.0,13234.36,46.0,7852.1900000000005,28.0,20440.937142857143,4498.852529074169,17612.799285714285,5326.744061498997,17673.360999999997,5110.624689411584
2024-11-28,20813.73,51.0,95.0,2024,11,28,3,333,0,1,11490.46,45.0,24919.32,57.0,16407.56,52.0,13526.35,36.0,19109.992857142854,5612.710923195408,17488.235,5455.834632265436,17794.636666666665,4908.710372492579
2024-11-29,16566.84,53.0,105.0,2024,11,29,4,334,0,1,20813.73,51.0,15932.890000000001,50.0,11188.45,46.0,13590.5,35.0,18523.48,5095.121858572168,17802.96142857143,5515.460998528601,18037.549333333332,4870.3683380042385
2024-11-30,17433.27,44.0,86.0,2024,11,30,5,335,1,1,16566.84,53.0,13913.14,41.0,7394.01,33.0,12302.77,41.0,18614.044285714284,5046.805439000842,18187.132142857143,5197.440532543476,18136.76066666667,4806.552984521598
2024-12-01,13874.85,44.0,83.0,2024,12,1,6,336,1,1,17433.27,44.0,21961.62,69.0,22349.5,56.0,26583.49,75.0,19116.920000000002,4660.955012244441,18904.222142857143,4188.37048125875,18307.77733333333,4681.466198297985
2024-12-02,13738.25,58.0,93.0,2024,12,2,0,337,0,1,13874.85,44.0,26318.4,64.0,16355.26,50.0,18188.05,62.0,17961.667142857146,4837.212100034865,18298.89,4263.85958548572,17884.156000000003,4477.327638870914
2024-12-03,14146.07,46.0,88.0,2024,12,3,1,338,0,1,13738.25,58.0,19234.12,53.0,16563.49,47.0,23596.59,64.0,16164.502857142857,3311.2283076511576,18111.960714285717,4410.468535761886,17735.829333333335,4540.179176869834
2024-12-04,9451.1,34.0,62.0,2024,12,4,2,339,0,1,14146.07,46.0,11490.46,45.0,20807.07,57.0,20341.56,52.0,15437.638571428572,3075.131363006706,17939.28785714286,4521.675403845483,17420.811999999998,4446.402500335424
2024-12-05,11283.460000000001,47.0,78.0,2024,12,5,3,340,0,1,9451.1,34.0,20813.73,51.0,24919.32,57.0,22309.09,54.0,15146.301428571429,3568.4469421884564,17128.147142857142,4964.535759632329,17057.796666666665,4640.067245243516
2024-12-06,22458.13,60.0,108.0,2024,12,6,4,341,0,1,11283.460000000001,47.0,16566.84,53.0,15932.890000000001,50.0,18865.2,56.0,13784.834285714285,2775.774045131991,16154.157142857144,4645.782214830716,16690.27566666667,4646.434409289819
2024-12-07,19933.48,59.0,114.0,2024,12,7,5,342,1,1,22458.13,60.0,17433.27,44.0,13913.14,41.0,23266.98,66.0,14626.447142857143,4257.500178934072,16620.245714285713,4939.889253543297,16810.04,4749.587175395656
2024-12-08,30736.0,75.0,140.0,2024,12,8,6,343,1,1,19933.48,59.0,13874.85,44.0,21961.62,69.0,21269.25,70.0,14983.619999999999,4621.529016245581,17050.27,4948.137050835007,16698.923333333332,4630.826870476435
2024-12-09,10635.04,32.0,53.0,2024,12,9,0,344,0,1,30736.0,75.0,13738.25,58.0,26318.4,64.0,15823.25,58.0,17392.355714285713,7465.980994379,17677.01142857143,6050.8827259040445,17014.481666666667,5236.004304676784
2024-12-10,11289.22,39.0,80.0,2024,12,10,1,345,0,1,10635.04,32.0,14146.07,46.0,19234.12,53.0,17985.78,41.0,16949.04,7803.614104846967,16556.77142857143,5773.400550178189,16841.541333333334,5360.897646165274
2024-12-11,13086.61,48.0,71.0,2024,12,11,2,346,0,1,11289.22,39.0,9451.1,34.0,11490.46,45.0,16377.22,44.0,16540.918571428574,8045.592359510526,15989.278571428571,5879.483425407711,16618.322666666667,5450.282107456617
2024-12-12,14742.64,51.0,87.0,2024,12,12,3,347,0,1,13086.61,48.0,11283.460000000001,47.0,20813.73,51.0,11743.37,42.0,17060.277142857143,7617.610359591583,16103.289285714285,5800.479871665084,16508.635666666665,5488.2809418386805
2024-12-13,14042.03,53.0,83.0,2024,12,13,4,348,0,1,14742.64,51.0,22458.13,60.0,16566.84,53.0,13234.36,46.0,17554.445714285717,7285.35440831319,15669.640000000001,5646.12023738153,16608.61133333333,5425.440496983507
2024-12-14,13426.38,42.0,72.0,2024,12,14,5,349,1,1,14042.03,53.0,19933.48,59.0,17433.27,44.0,16407.56,52.0,16352.145714285714,7031.246933917799,15489.296428571428,5655.572961344084,16635.533666666666,5410.101523434245
2024-12-15,19983.48,57.0,111.0,2024,12,15,6,350,1,1,13426.38,42.0,30736.0,75.0,13874.85,44.0,11188.45,46.0,15422.56,6907.916270745703,15203.09,5651.01328587252,16536.161,5441.720074728128
2024-12-16,17386.08,57.0,93.0,2024,12,16,0,351,0,1,19983.48,57.0,10635.04,32.0,13738.25,58.0,7394.01,33.0,13886.485714285713,3057.769349159907,15639.420714285714,5775.03838952071,16829.328666666665,5380.247336655761
2024-12-17,15774.43,41.0,81.0,2024,12,17,1,352,0,1,17386.08,57.0,11289.22,39.0,14146.07,46.0,22349.5,56.0,14850.92,2923.0134806223336,15899.98,5764.945671916942,17162.397666666668,5076.726700131251
2024-12-18,17458.3,51.0,94.0,2024,12,18,2,353,0,1,15774.43,41.0,13086.61,48.0,9451.1,34.0,16355.26,50.0,15491.664285714285,2468.3779424205795,16016.291428571427,5743.223079545892,16943.22866666667,4986.19071573699
2024-12-19,10452.74,38.0,58.0,2024,12,19,3,354,0,1,17458.3,51.0,14742.64,51.0,11283.460000000001,47.0,16563.49,47.0,16116.191428571428,2306.168136761534,16588.234285714287,5429.250811180426,16979.996666666666,4985.772421421714
2024-12-20,11543.48,33.0,72.0,2024,12,20,4,355,0,1,10452.74,38.0,14042.03,53.0,22458.13,60.0,20807.07,57.0,15503.348571428569,3148.265999829245,16528.897142857142,5495.818719546189,16776.305,5126.223202875092
2024-12-21,12025.65,41.0,74.0,2024,12,21,5,356,1,1,11543.48,33.0,13426.38,42.0,19933.48,59.0,24919.32,57.0,15146.412857142857,3467.0534617775506,15749.279285714283,5362.559879135604,16467.518666666667,5153.979669085156
2024-12-22,15174.38,54.0,91.0,2024,12,22,6,357,1,1,12025.65,41.0,19983.48,57.0,30736.0,75.0,15932.890000000001,50.0,14946.308571428572,3619.9243533920485,15184.434285714287,5304.082688390892,16037.729666666668,4958.7866299129555
2024-12-23,20961.57,56.0,100.0,2024,12,23,0,358,0,1,15174.38,54.0,17386.08,57.0,10635.04,32.0,13913.14,41.0,14259.294285714286,2886.6969047676503,14072.89,2863.3531484311925,16012.446,4961.272722439775
2024-12-24,18673.61,58.0,99.0,2024,12,24,1,359,0,1,20961.57,56.0,15774.43,41.0,11289.22,39.0,21961.62,69.0,14770.078571428572,3726.381642234305,14810.499285714284,3217.768474088519,16247.393666666667,5024.914870680178
2024-12-25,17412.21,45.0,84.0,2024,12,25,2,360,0,1,18673.61,58.0,17458.3,51.0,13086.61,48.0,26318.4,64.0,15184.247142857143,4007.1520943670653,15337.955714285714,3201.3424346807924,16137.793333333333,4930.961612818052
2024-12-26,20090.11,61.0,113.0,2024,12,26,3,361,0,1,17412.21,45.0,10452.74,38.0,14742.64,51.0,19234.12,53.0,15177.662857142856,4002.828293226806,15646.927142857143,3175.9819862195745,15840.920333333335,4550.303016740227
2024-12-27,22006.670000000002,59.0,122.0,2024,12,27,4,362,0,1,20090.11,61.0,11543.48,33.0,14042.03,53.0,11490.46,45.0,16554.43,3756.6526020780607,16028.889285714284,3374.2327682178143,15869.453333333333,4574.931141985188
2024-12-28,16801.54,53.0,94.0,2024,12,28,5,363,1,1,22006.670000000002,59.0,12025.65,41.0,13426.38,42.0,20813.73,51.0,18049.17142857143,3503.6212262763406,16597.792142857143,3671.783826155639,16219.993666666667,4630.384447078699
2024-12-29,22194.6,66.0,122.0,2024,12,29,6,364,1,1,16801.54,53.0,15174.38,54.0,19983.48,57.0,16566.84,53.0,18731.441428571427,2438.1515366524673,16838.875,3556.5315758642214,16086.253999999999,4550.379057303053
2024-12-30,16774.91,49.0,84.0,2024,12,30,0,365,0,1,22194.6,66.0,20961.57,56.0,17386.08,57.0,17433.27,44.0,19734.329999999998,2159.0036425551684,16996.812142857143,3750.7122477023336,16273.846,4684.89039575735
2024-12-31,18413.46,54.0,103.0,2024,12,31,1,366,0,1,16774.91,49.0,18673.61,58.0,15774.43,41.0,13874.85,44.0,19136.235714285714,2335.087852307717,16953.15714285714,3749.3895012376634,16251.900666666665,4680.812248178327
2025-01-01,12758.09,37.0,66.0,2025,1,1,2,1,0,0,18413.46,54.0,17412.21,45.0,17458.3,51.0,13738.25,58.0,19099.071428571428,2345.72396645061,17141.659285714286,3751.908285363113,16403.18766666667,4674.676577294028
2025-01-02,5357.36,16.0,31.0,2025,1,2,3,2,0,0,12758.09,37.0,20090.11,61.0,10452.74,38.0,14146.07,46.0,18434.197142857145,3348.69787749263,16805.93,3927.5753467560826,16370.515666666668,4697.31490583034
2025-01-03,4063.3199999999997,12.0,21.0,2025,1,3,4,3,0,0,5357.36,16.0,22006.670000000002,59.0,11543.48,33.0,9451.1,34.0,16329.51857142857,5838.615473658759,16441.974285714285,4718.117817023935,16077.558666666668,5097.8189302077535
2025-01-04,6499.360000000001,22.0,44.0,2025,1,4,5,4,1,0,4063.3199999999997,12.0,16801.54,53.0,12025.65,41.0,11283.460000000001,47.0,13766.182857142858,6791.800608789767,15907.677142857143,5647.514579959291,15897.966000000002,5423.796062217719
2025-01-05,6271.84,18.0,27.0,2025,1,5,6,5,1,0,6499.360000000001,22.0,22194.6,66.0,15174.38,54.0,22458.13,60.0,12294.442857142858,7132.11661098983,15512.942142857142,6113.618774384813,15738.496000000001,5630.540357187278
2025-01-06,6792.95,23.0,41.0,2025,1,6,0,6,0,0,6271.84,18.0,16774.91,49.0,20961.57,56.0,19933.48,59.0,10019.762857142856,5877.102093738356,14877.046428571428,6595.538154975107,15198.953,5738.909700506421
2025-01-07,9845.26,32.0,65.0,2025,1,7,1,7,0,0,6792.95,23.0,18413.46,54.0,18673.61,58.0,30736.0,75.0,8593.76857142857,5128.15861192699,13865.002142857144,6676.6327491208895,14760.935333333333,5865.171333004251
2025-01-08,6727.77,20.0,42.0,2025,1,8,2,8,0,0,9845.26,32.0,12758.09,37.0,17412.21,45.0,10635.04,32.0,7369.74,2956.355693873797,13234.405714285715,6604.04895999034,14064.577333333333,5092.321965987182
2025-01-09,7286.12,25.0,44.0,2025,1,9,3,9,0,0,6727.77,20.0,5357.36,16.0,20090.11,61.0,11289.22,39.0,6508.265714285714,1761.7736364230439,12471.231428571427,6700.7645055262865,13934.335,5231.135799122452
2025-01-10,13228.9,31.0,66.0,2025,1,10,4,10,0,0,7286.12,25.0,4063.3199999999997,12.0,22006.670000000002,59.0,13086.61,48.0,6783.802857142858,1701.5731144514014,11556.660714285714,6449.991651880668,13800.898333333334,5350.625615111786
2025-01-11,8064.32,23.0,46.0,2025,1,11,5,11,1,0,13228.9,31.0,6499.360000000001,22.0,16801.54,53.0,14742.64,51.0,8093.171428571429,2566.1006149696514,10929.677142857141,5744.035519192507,13805.641333333333,5350.033641880533
2025-01-12,7215.13,24.0,42.0,2025,1,12,6,12,1,0,8064.32,23.0,6271.84,18.0,22194.6,66.0,14042.03,53.0,8316.737142857144,2470.491190422897,10305.589999999998,5527.553249727163,13583.030666666666,5447.7489118559115
2025-01-13,6894.34,22.0,40.0,2025,1,13,0,13,0,0,7215.13,24.0,6792.95,23.0,16774.91,49.0,13426.38,42.0,8451.492857142857,2363.7815954645935,9235.627857142857,4379.804197264084,13355.467333333332,5569.148403866549
2025-01-14,12487.439999999999,29.0,65.0,2025,1,14,1,14,0,0,6894.34,22.0,9845.26,32.0,18413.46,54.0,19983.48,57.0,8465.977142857144,2352.2072129577514,8529.872857142856,3833.4809889354856,13137.732666666667,5692.602249149361
2025-01-15,6810.68,23.0,48.0,2025,1,15,2,15,0,0,12487.439999999999,29.0,6727.77,20.0,12758.09,37.0,17386.08,57.0,8843.43142857143,2782.9754096076626,8106.585714285714,2862.370308897377,12887.864666666666,5544.34005936141
2025-01-16,8313.369999999999,20.0,42.0,2025,1,16,3,16,0,0,6810.68,23.0,7286.12,25.0,5357.36,16.0,15774.43,41.0,8855.275714285714,2772.627690572349,7681.770714285715,2542.371087867123,12535.351333333332,5584.52837172595
2025-01-17,6202.01,19.0,40.0,2025,1,17,4,17,0,0,8313.369999999999,20.0,13228.9,31.0,4063.3199999999997,12.0,17458.3,51.0,9002.025714285714,2702.0192780329835,7892.914285714286,2455.7522693580618,12286.649333333333,5601.415067917769
2025-01-18,4430.77,16.0,34.0,2025,1,18,5,18,1,0,6202.01,19.0,8064.32,23.0,6499.360000000001,22.0,10452.74,38.0,7998.184285714286,2110.497080080562,8045.677857142857,2257.738839868116,11911.439666666667,5620.016776603075
2025-01-19,9418.7,28.0,57.0,2025,1,19,6,19,1,0,4430.77,16.0,7215.13,24.0,6271.84,18.0,11543.48,33.0,7479.105714285714,2502.037848107402,7897.921428571428,2427.9908301590413,11710.707333333334,5779.204331240354
2025-01-20,5844.599999999999,15.0,31.0,2025,1,20,0,20,0,0,9418.7,28.0,6894.34,22.0,6792.95,23.0,12025.65,41.0,7793.901428571429,2599.994512285419,8122.697142857142,2411.480586918261,11639.881333333333,5794.324575590149
2025-01-21,3528.26,13.0,20.0,2025,1,21,1,21,0,0,5844.599999999999,15.0,12487.439999999999,29.0,9845.26,32.0,15174.38,54.0,7643.938571428572,2689.2679322784047,8054.957857142857,2464.445024916085,11433.846333333333,5889.249928714067
2025-01-22,5535.77,14.0,24.0,2025,1,22,2,22,0,0,3528.26,13.0,6810.68,23.0,6727.77,20.0,20961.57,56.0,6364.055714285715,2057.73237602997,7603.74357142857,2680.2820135076363,11045.642333333333,6016.64447023978
2025-01-23,4809.58,12.0,22.0,2025,1,23,3,23,0,0,5535.77,14.0,8313.369999999999,20.0,7286.12,25.0,18673.61,58.0,6181.925714285715,2068.0086960556887,7518.600714285714,2728.743673218566,10531.448999999999,5795.067872841864
2025-01-24,6441.29,25.0,48.0,2025,1,24,4,24,0,0,4809.58,12.0,6202.01,19.0,13228.9,31.0,17412.21,45.0,5681.384285714286,1881.7742410719625,7341.705,2823.5984008319783,10069.314666666667,5674.928201631036
2025-01-25,6421.09,22.0,46.0,2025,1,25,5,25,1,0,6441.29,25.0,4430.77,16.0,8064.32,23.0,20090.11,61.0,5715.567142857143,1894.9350055847647,6856.875714285714,2261.824538790017,9703.617333333332,5537.246631967387
2025-01-26,9480.18,21.0,55.0,2025,1,26,6,26,1,0,6421.09,22.0,9418.7,28.0,7215.13,24.0,22006.670000000002,59.0,5999.898571428572,1817.774295078371,6739.502142857144,2236.8447710565197,9247.983333333334,5205.565963978036
2025-01-27,9467.3,24.0,45.0,2025,1,27,0,27,0,0,9480.18,21.0,5844.599999999999,15.0,6894.34,22.0,16801.54,53.0,6008.681428571428,1837.0917220381245,6901.291428571429,2352.8019519120226,8830.433666666668,4615.860928641817
2025-01-28,10009.19,22.0,42.0,2025,1,28,1,28,0,0,9467.3,24.0,3528.26,13.0,12487.439999999999,29.0,22194.6,66.0,6526.21,2247.5803627753494,7085.074285714286,2450.671604183145,8585.958999999999,4366.617162748465
2025-01-29,10960.35,25.0,45.0,2025,1,29,2,29,0,0,10009.19,22.0,5535.77,14.0,6810.68,23.0,16774.91,49.0,7452.057142857142,2139.034045121885,6908.056428571429,2093.97468843205,8179.778666666666,3546.8977248758297
2025-01-30,6339.6,19.0,36.0,2025,1,30,3,30,0,0,10960.35,25.0,4809.58,12.0,8313.369999999999,20.0,18413.46,54.0,8226.997142857143,2305.249017985652,7204.461428571428,2356.3842580264504,7985.96,3203.2437475870165
2025-01-31,5292.63,18.0,32.0,2025,1,31,4,31,0,0,6339.6,19.0,6441.29,25.0,6202.01,19.0,12758.09,37.0,8445.57142857143,1976.2819985807398,7063.477857142857,2343.9471304788026,7583.4980000000005,2537.177496702845
2025-02-01,8828.45,25.0,45.0,2025,2,1,5,32,1,0,5292.63,18.0,6421.09,22.0,4430.77,16.0,5357.36,16.0,8281.477142857142,2204.901747332628,6998.522142857144,2381.948972408254,7334.649333333334,2372.9417498945872
2025-02-02,6034.56,22.0,37.0,2025,2,2,6,33,1,0,8828.45,25.0,9480.18,21.0,9418.7,28.0,4063.3199999999997,12.0,8625.385714285714,2048.567692273937,7312.642142857143,2306.041187280413,7450.352333333333,2357.7815091451803
2025-02-03,4970.51,11.0,18.0,2025,2,3,0,34,0,0,6034.56,22.0,9467.3,24.0,5844.599999999999,15.0,6499.360000000001,22.0,8133.154285714286,2216.056546171278,7070.917857142857,2244.8526230302887,7516.060333333334,2286.5259702582744
2025-02-04,9761.25,24.0,50.0,2025,2,4,1,35,0,0,4970.51,11.0,10009.19,22.0,3528.26,13.0,6271.84,18.0,7490.755714285714,2408.2871615172035,7008.482857142858,2293.2175373862747,7465.098666666667,2326.6526462662223
2025-02-05,5757.56,15.0,30.0,2025,2,5,2,36,0,0,9761.25,24.0,10960.35,25.0,5535.77,14.0,6792.95,23.0,7455.335714285715,2366.535207470038,7453.696428571428,2167.16352774637,7581.412333333333,2352.0251155659735
2025-02-06,7737.67,17.0,37.0,2025,2,6,3,37,0,0,5757.56,15.0,6339.6,19.0,4809.58,12.0,9845.26,32.0,6712.08,1840.8896021760877,7469.538571428572,2152.8280898528515,7546.899333333333,2371.5095748968142
2025-02-07,3875.7099999999996,16.0,26.0,2025,2,7,4,38,0,0,7737.67,17.0,5292.63,18.0,6441.29,25.0,6727.77,20.0,6911.804285714286,1869.3631772153321,7678.687857142858,2012.170682606558,7476.646333333334,2331.9633538250096
2025-02-08,6324.55,16.0,33.0,2025,2,8,5,39,1,0,3875.7099999999996,16.0,8828.45,25.0,6421.09,22.0,7286.12,25.0,6709.387142857144,2132.152526444542,7495.432142857143,2237.7208710381656,7381.577666666666,2420.019411410755
2025-02-09,6745.12,17.0,32.0,2025,2,9,6,40,1,0,6324.55,16.0,6034.56,22.0,9480.18,21.0,13228.9,31.0,6351.687142857142,1916.5278317895236,7488.536428571429,2241.4318791811356,7349.525333333334,2427.683011719489
2025-02-10,9068.64,19.0,30.0,2025,2,10,0,41,0,0,6745.12,17.0,4970.51,11.0,9467.3,24.0,8064.32,23.0,6453.1957142857145,1915.7490022604593,7293.175,2172.625457808909,7133.399333333334,2160.081777315234
2025-02-11,6245.88,19.0,37.0,2025,2,11,1,42,0,0,9068.64,19.0,9761.25,24.0,10009.19,22.0,7215.13,24.0,7038.642857142857,2010.9499754569983,7264.699285714286,2144.3669006760424,7166.876666666666,2182.6713026810226
2025-02-12,8982.37,19.0,43.0,2025,2,12,2,43,0,0,6245.88,19.0,5757.56,15.0,10960.35,25.0,6894.34,22.0,6536.447142857142,1618.3323910712888,6995.891428571428,2005.2273690488473,7134.568333333333,2189.0964761479745
2025-02-13,5266.37,20.0,38.0,2025,2,13,3,44,0,0,8982.37,19.0,7737.67,17.0,6339.6,19.0,12487.439999999999,29.0,6997.134285714286,1807.5878634509763,6854.607142857143,1758.974488801044,7204.169333333333,2214.244562122563
2025-02-14,4617.76,19.0,33.0,2025,2,14,4,45,0,0,5266.37,20.0,3875.7099999999996,16.0,5292.63,18.0,6810.68,23.0,6644.091428571429,1878.7815360088186,6777.947857142857,1805.9065079054349,6963.467,2002.4767368456687
2025-02-15,8394.35,20.0,40.0,2025,2,15,5,46,1,0,4617.76,19.0,6324.55,16.0,8828.45,25.0,8313.369999999999,20.0,6750.098571428571,1709.889912844582,6729.742857142856,1856.8912902998275,6890.3696666666665,2047.7589114637842
2025-02-16,8728.67,30.0,49.0,2025,2,16,6,47,1,0,8394.35,20.0,6745.12,17.0,6034.56,22.0,6202.01,19.0,7045.784285714287,1800.592586093607,6698.7357142857145,1822.4555180758143,6893.069,2049.751780828464
2025-02-17,9293.68,26.0,47.0,2025,2,17,0,48,0,0,8728.67,30.0,9068.64,19.0,4970.51,11.0,4430.77,16.0,7329.148571428572,1898.7908456122732,6891.172142857143,1887.9890078321962,6977.290999999999,2072.1640916457386
2025-02-18,4047.78,22.0,28.0,2025,2,18,1,49,0,0,9293.68,26.0,6245.88,19.0,9761.25,24.0,9418.7,28.0,7361.297142857143,1934.7161136087025,7199.969999999999,1903.1683648105136,7139.388000000001,2056.2325973026013
2025-02-19,5284.28,19.0,33.0,2025,2,19,2,50,0,0,4047.78,22.0,8982.37,19.0,5757.56,15.0,5844.599999999999,15.0,7047.282857142857,2291.4247494205806,6791.864999999999,1924.1601285906117,6960.357333333333,2084.556512630783
2025-02-20,9909.98,26.0,54.0,2025,2,20,3,51,0,0,5284.28,19.0,5266.37,20.0,7737.67,17.0,3528.26,13.0,6518.984285714286,2195.210143827225,6758.059285714285,1947.742771215613,6941.680000000001,2097.369085086363
2025-02-21,5572.58,14.0,28.0,2025,2,21,4,52,0,0,9909.98,26.0,4617.76,19.0,3875.7099999999996,16.0,5535.77,14.0,7182.357142857143,2441.4152318461724,6913.2242857142855,2111.434534097699,7154.4039999999995,2062.5693641963962
2025-02-22,7243.08,16.0,30.0,2025,2,22,5,53,1,0,5572.58,14.0,8394.35,20.0,6324.55,16.0,4809.58,12.0,7318.76,2296.6291884049006,7034.429285714286,1967.4503264122307,7155.630999999999,2061.583966330294
2025-02-23,6709.29,21.0,42.0,2025,2,23,6,54,1,0,7243.08,16.0,8728.67,30.0,6745.12,17.0,6441.29,25.0,7154.292857142857,2247.4623208166363,7100.038571428572,1957.2455655996469,7236.747666666666,2013.403531862206
2025-02-24,5624.57,20.0,34.0,2025,2,24,0,55,0,0,6709.29,21.0,9293.68,26.0,9068.64,19.0,6421.09,22.0,6865.8099999999995,2138.6650409309145,7097.479285714287,1957.7687104553625,7245.681,2010.3446628383306
2025-02-25,10683.41,30.0,61.0,2025,2,25,1,56,0,0,5624.57,20.0,4047.78,22.0,6245.88,19.0,9480.18,21.0,6341.651428571428,1878.219790496929,6851.4742857142855,1906.746866531192,7219.1303333333335,2026.8030428332113
2025-02-26,7718.68,20.0,37.0,2025,2,26,2,57,0,0,10683.41,30.0,5284.28,19.0,8982.37,19.0,9467.3,24.0,7289.598571428572,2178.11280510927,7168.440714285714,2151.4632911846243,7259.238,2084.1819359716396
2025-02-27,5214.53,17.0,28.0,2025,2,27,3,58,0,0,7718.68,20.0,9909.98,26.0,5266.37,20.0,10009.19,22.0,7637.37,1990.8643802964943,7078.177142857143,2095.2819611705568,7200.9506666666675,2044.3719437164216
2025-02-28,13794.03,21.0,50.0,2025,2,28,4,59,0,0,5214.53,17.0,5572.58,14.0,4617.76,19.0,10960.35,25.0,6966.59142857143,1885.7817165429428,7074.4742857142855,2098.7730491251805,7041.128666666667,2004.285145971956
2025-03-01,3701.12,15.0,24.0,2025,3,1,5,60,1,0,13794.03,21.0,7243.08,16.0,8394.35,20.0,6339.6,19.0,8141.084285714286,3064.6275297870334,7729.922142857143,2636.5105940098083,7135.584666666667,2247.38416466905
2025-03-02,5293.52,16.0,29.0,2025,3,2,6,61,1,0,3701.12,15.0,6709.29,21.0,8728.67,30.0,5292.63,18.0,7635.090000000001,3499.1977894702304,7394.691428571428,2836.329059568333,7047.635333333334,2329.727195251594
2025-03-03,7443.1,26.0,46.0,2025,3,3,0,62,0,0,5293.52,16.0,5624.57,20.0,9293.68,26.0,8828.45,25.0,7432.837142857143,3601.060304881119,7149.323571428571,2860.5333027887173,7047.665,2329.7040819986514
2025-03-04,5522.150000000001,15.0,31.0,2025,3,4,1,63,0,0,7443.1,26.0,10683.41,30.0,4047.78,22.0,6034.56,22.0,7692.627142857143,3513.3946375251517,7017.139285714286,2795.8469556784607,7001.486666666666,2306.806365651296
2025-03-05,8039.62,23.0,43.0,2025,3,5,2,64,0,0,5522.150000000001,15.0,7718.68,20.0,5284.28,19.0,4970.51,11.0,6955.3042857142855,3317.2359285347698,7122.4514285714295,2701.5737853101227,6984.406333333333,2316.091016545058
2025-03-06,9609.97,30.0,52.0,2025,3,6,3,65,0,0,8039.62,23.0,5214.53,17.0,9909.98,26.0,9761.25,24.0,7001.152857142857,3331.731498784154,7319.261428571429,2657.3636074612514,7086.710000000001,2291.7224853447306
2025-03-07,5780.84,18.0,38.0,2025,3,7,4,66,0,0,9609.97,30.0,13794.03,21.0,5572.58,14.0,5757.56,15.0,7629.072857142856,3353.0217626876747,7297.832142857143,2635.98837823161,7081.667333333334,2285.7933091054865
2025-03-08,8726.09,22.0,45.0,2025,3,8,5,67,1,0,5780.84,18.0,3701.12,15.0,7243.08,16.0,7737.67,17.0,6484.331428571429,1987.1574002112472,7312.707857142857,2626.072289136785,7082.443333333334,2285.332194688183
2025-03-09,2720.11,15.0,23.0,2025,3,9,6,68,1,0,8726.09,22.0,5293.52,16.0,6709.29,21.0,3875.7099999999996,16.0,7202.184285714285,1701.2149464510933,7418.637142857144,2652.821872507252,7115.390666666667,2302.167198901122
2025-03-10,5422.29,16.0,30.0,2025,3,10,0,69,0,0,2720.11,15.0,7443.1,26.0,5624.57,20.0,6324.55,16.0,6834.5542857142855,2340.39603461222,7133.6957142857145,2934.1927448270576,7076.870666666667,2366.9978668171475
2025-03-11,8396.210000000001,20.0,41.0,2025,3,11,1,70,0,0,5422.29,16.0,5522.150000000001,15.0,10683.41,30.0,6745.12,17.0,6545.867142857142,2377.165758283839,7119.247142857143,2942.6813815044416,7046.795333333333,2382.5674587602202
2025-03-12,5474.22,23.0,37.0,2025,3,12,2,71,0,0,8396.210000000001,20.0,8039.62,23.0,7718.68,20.0,9068.64,19.0,6956.447142857143,2418.7201367576968,6955.875714285715,2789.0661851173377,7101.831666666666,2394.398961131935
2025-03-13,5284.11,18.0,45.0,2025,3,13,3,72,0,0,5474.22,23.0,9609.97,30.0,5214.53,17.0,6245.88,19.0,6589.961428571428,2421.5970629898334,6795.557142857143,2806.300289062337,6982.017666666667,2382.489049412479
2025-03-14,6172.65,22.0,39.0,2025,3,14,4,73,0,0,5284.11,18.0,5780.84,18.0,13794.03,21.0,8982.37,19.0,5971.981428571428,2045.1689103871918,6800.527142857143,2803.3449373051535,6949.958666666667,2399.1487458906445
2025-03-15,7390.22,25.0,47.0,2025,3,15,5,74,1,0,6172.65,22.0,8726.09,22.0,3701.12,15.0,5266.37,20.0,6027.954285714286,2044.427276638118,6256.142857142857,1951.3278491618066,6856.301333333334,2371.7583212282716
2025-03-16,7949.45,22.0,37.0,2025,3,16,6,75,1,0,7390.22,25.0,2720.11,15.0,5293.52,16.0,4617.76,19.0,5837.115714285714,1798.1005421449474,6519.650000000001,1824.7387555609998,6927.096333333334,2354.2970107671053
2025-03-17,11032.66,25.0,47.0,2025,3,17,0,76,0,0,7949.45,22.0,5422.29,16.0,7443.1,26.0,8394.35,20.0,6584.164285714286,1306.3086601292243,6709.359285714286,1825.5201264822877,7038.152666666667,2319.935235989551
2025-03-18,9661.89,26.0,47.0,2025,3,18,1,77,0,0,11032.66,25.0,8396.210000000001,20.0,5522.150000000001,15.0,8728.67,30.0,7385.645714285715,2007.5361680001179,6965.756428571428,2158.258008756907,7126.096333333333,2420.926585580198
2025-03-19,3518.57,14.0,21.0,2025,3,19,2,78,0,0,9661.89,26.0,5474.22,23.0,8039.62,23.0,9293.68,26.0,7566.457142857143,2164.5787603574277,7261.452142857143,2227.7281038147275,7157.203666666667,2448.0721312022238
2025-03-20,4814.24,16.0,31.0,2025,3,20,3,79,0,0,3518.57,14.0,5284.11,18.0,9609.97,30.0,4047.78,22.0,7287.078571428572,2568.202179699704,6938.5199999999995,2425.1831289426036,6964.7,2500.772650356798
2025-03-21,6164.85,16.0,35.0,2025,3,21,4,80,0,0,4814.24,16.0,6172.65,22.0,5780.84,18.0,5284.28,19.0,7219.954285714286,2634.561393887402,6595.967857142858,2356.5425218321225,6990.248666666666,2473.713706210737
2025-03-22,10274.14,23.0,50.0,2025,3,22,5,81,1,0,6164.85,16.0,7390.22,25.0,8726.09,22.0,9909.98,26.0,7218.839999999999,2635.0797750226384,6623.397142857143,2348.5462050921838,7019.601,2457.9472272867656
2025-03-23,6280.79,21.0,40.0,2025,3,23,6,82,1,0,10274.14,23.0,7949.45,22.0,2720.11,15.0,5572.58,14.0,7630.828571428571,2880.3708508074046,6733.972142857143,2487.4938134540407,7031.739666666666,2473.563292608744
2025-03-24,12549.49,32.0,66.0,2025,3,24,0,83,0,0,6280.79,21.0,11032.66,25.0,5422.29,16.0,7243.08,16.0,7392.448571428571,2918.405009244086,6988.306428571428,2212.339744459963,7055.346666666666,2462.5120708212535
2025-03-25,4303.1900000000005,16.0,30.0,2025,3,25,1,84,0,0,12549.49,32.0,9661.89,26.0,8396.210000000001,20.0,6709.29,21.0,7609.138571428572,3268.9902096948795,7497.392142857143,2608.76941873481,7232.227,2659.1855952037486
2025-03-26,6679.24,24.0,44.0,2025,3,26,2,85,0,0,4303.1900000000005,16.0,3518.57,14.0,5474.22,23.0,5624.57,20.0,6843.61,3334.942566227096,7205.033571428571,2726.9627617372753,7152.023666666666,2711.2765174201295
2025-03-27,5998.95,21.0,33.0,2025,3,27,3,86,0,0,6679.24,24.0,4814.24,16.0,5284.11,18.0,10683.41,30.0,7295.134285714286,3007.6308159793475,7291.106428571428,2686.8520399147574,7187.1793333333335,2697.5910219419393
2025-03-28,4974.17,22.0,37.0,2025,3,28,4,87,0,0,5998.95,21.0,6164.85,16.0,6172.65,22.0,7718.68,20.0,7464.378571428571,2875.175664177925,7342.166428571428,2652.3486593282278,7031.030666666667,2622.776300945181
2025-03-29,5131.32,20.0,39.0,2025,3,29,5,88,1,0,4974.17,22.0,10274.14,23.0,7390.22,25.0,5214.53,17.0,7294.2814285714285,2997.489047922329,7256.560714285714,2711.676121046434,6939.5470000000005,2645.7281546285676
2025-03-30,4181.57,16.0,32.0,2025,3,30,6,89,1,0,5131.32,20.0,6280.79,21.0,7949.45,22.0,13794.03,21.0,6559.592857142858,2766.7706058189665,7095.210714285714,2769.6951482469453,6936.7733333333335,2647.6418721654604
2025-03-31,13308.26,23.0,53.0,2025,3,31,0,90,0,0,4181.57,16.0,12549.49,32.0,11032.66,25.0,3701.12,15.0,6259.704285714286,2911.982345996501,6826.0764285714295,2861.8345050673533,6616.357999999999,2354.5950223170325
2025-04-01,6245.07,26.0,47.0,2025,4,1,1,91,0,0,13308.26,23.0,4303.1900000000005,16.0,9661.89,26.0,5293.52,16.0,6368.099999999999,3186.3336561530054,6988.619285714286,3167.439314356372,6936.5960000000005,2586.3419936547866
2025-04-02,5899.27,19.0,35.0,2025,4,2,2,92,0,0,6245.07,26.0,6679.24,24.0,3518.57,14.0,7443.1,26.0,6645.511428571429,3058.564924325512,6744.560714285714,3075.9278594133157,6968.314333333333,2571.2878178396086
2025-04-03,7676.98,17.0,30.0,2025,4,3,3,93,0,0,5899.27,19.0,5998.95,21.0,4814.24,16.0,5522.150000000001,15.0,6534.087142857143,3071.3120820192116,6914.6107142857145,2946.966899922369,6916.8533333333335,2576.9006881742243
2025-04-04,5235.13,24.0,40.0,2025,4,4,4,94,0,0,7676.98,17.0,4974.17,22.0,6164.85,16.0,8039.62,23.0,6773.805714285714,3088.023229558883,7119.092142857144,2888.761425376168,6988.681,2566.695959420595
2025-04-05,2838.92,14.0,21.0,2025,4,5,5,95,1,0,5235.13,24.0,5131.32,20.0,10274.14,23.0,9609.97,30.0,6811.085714285714,3064.1592228693457,7052.683571428571,2922.8706563282726,6895.198,2578.145634608561
2025-04-06,10124.84,22.0,49.0,2025,4,6,6,96,1,0,2838.92,14.0,4181.57,16.0,6280.79,21.0,5780.84,18.0,6483.599999999999,3379.846885437274,6521.596428571428,2967.6527829961638,6669.496333333333,2628.185288536434
2025-04-07,8085.54,23.0,40.0,2025,4,7,0,97,0,0,10124.84,22.0,13308.26,23.0,12549.49,32.0,8726.09,22.0,7332.638571428572,3450.927676250881,6796.171428571428,3117.6965855700055,6814.296333333333,2696.3197011373504
2025-04-08,9792.88,29.0,62.0,2025,4,8,1,98,0,0,8085.54,23.0,6245.07,26.0,4303.1900000000005,16.0,2720.11,15.0,6586.535714285715,2324.346996103481,6477.317857142857,2681.8315544567336,6792.944666666666,2683.162612944239
2025-04-09,3871.57,17.0,25.0,2025,4,9,2,99,0,0,9792.88,29.0,5899.27,19.0,6679.24,24.0,5422.29,16.0,7093.365714285714,2607.0878406110387,6869.43857142857,2740.1904137117817,7028.703666666667,2623.0125298273097
2025-04-10,5596.26,22.0,41.0,2025,4,10,3,100,0,0,3871.57,17.0,7676.98,17.0,5998.95,21.0,8396.210000000001,20.0,6803.694285714286,2862.055739789485,6668.890714285714,2855.498526016817,6977.013000000001,2670.6089812252894
2025-04-11,4830.65,14.0,30.0,2025,4,11,4,101,0,0,5596.26,22.0,5235.13,24.0,4974.17,22.0,5474.22,23.0,6506.448571428571,2864.290571237665,6640.127142857143,2864.7790504556924,6883.681333333333,2668.225888110771
2025-04-12,9468.3,23.0,49.0,2025,4,12,5,102,1,0,4830.65,14.0,2838.92,14.0,5131.32,20.0,5284.11,18.0,6448.665714285714,2898.092498833548,6629.875714285714,2871.4481758639968,6862.229,2682.4975665179963
2025-04-13,4631.05,20.0,32.0,2025,4,13,6,103,1,0,9468.3,23.0,10124.84,22.0,4181.57,16.0,6172.65,22.0,7395.719999999999,2588.538363240283,6939.659999999999,2930.6765442628516,7001.702,2706.2862171432375
2025-04-14,9611.34,17.0,41.0,2025,4,14,0,104,0,0,4631.05,20.0,8085.54,23.0,13308.26,23.0,7390.22,25.0,6610.892857142857,2452.4414322990833,6971.765714285713,2900.443386525912,6950.315333333333,2737.0322058815436
2025-04-15,5985.04,27.0,42.0,2025,4,15,1,105,0,0,9611.34,17.0,9792.88,29.0,6245.07,26.0,7949.45,22.0,6828.864285714286,2664.0299025027107,6707.699999999999,2405.177054992352,7024.352666666667,2779.0602724785676
2025-04-16,6138.6,17.0,37.0,2025,4,16,2,106,0,0,5985.04,27.0,3871.57,17.0,5899.27,19.0,11032.66,25.0,6284.887142857142,2325.1381419728996,6689.126428571428,2410.023586369154,6958.872333333333,2779.654155275938
2025-04-17,5943.52,17.0,30.0,2025,4,17,3,107,0,0,6138.6,17.0,5596.26,22.0,7676.98,17.0,9661.89,26.0,6608.748571428571,2077.6870552486134,6706.221428571429,2404.8331583512486,6795.737,2673.9261209175766
2025-04-18,4235.76,11.0,23.0,2025,4,18,4,108,0,0,5943.52,17.0,4830.65,14.0,5235.13,24.0,3518.57,14.0,6658.357142857143,2053.487678306636,6582.402857142856,2395.614574719135,6671.791333333333,2622.1675099096724
2025-04-19,6476.54,14.0,34.0,2025,4,19,5,109,1,0,4235.76,11.0,9468.3,23.0,2838.92,14.0,4814.24,16.0,6573.372857142857,2151.696117196195,6511.019285714286,2453.049114022647,6695.697666666666,2595.5625896540723
2025-04-20,6648.75,22.0,41.0,2025,4,20,6,110,1,0,6476.54,14.0,4631.05,20.0,10124.84,22.0,6164.85,16.0,6145.978571428571,1738.2409401502234,6770.8492857142855,2215.306234741421,6751.107666666667,2571.645445583637
2025-04-21,7982.14,20.0,40.0,2025,4,21,0,111,0,0,6648.75,22.0,9611.34,17.0,8085.54,23.0,10274.14,23.0,6434.221428571429,1607.5380926583543,6522.557142857142,1994.244236394168,6767.237666666667,2569.358046545807
2025-04-22,7880.0599999999995,25.0,48.0,2025,4,22,1,112,0,0,7982.14,20.0,5985.04,27.0,9792.88,29.0,6280.79,21.0,6201.478571428573,1112.6437839732587,6515.171428571428,1988.1927237757598,6690.837666666667,2494.469311767472
2025-04-23,3803.7000000000003,19.0,29.0,2025,4,23,2,113,0,0,7880.0599999999995,25.0,6138.6,17.0,3871.57,17.0,12549.49,32.0,6472.1957142857145,1270.5400883857533,6378.541428571428,1802.6909954495466,6744.1466666666665,2502.4800971193167
2025-04-24,7183.9800000000005,24.0,43.0,2025,4,24,3,114,0,0,3803.7000000000003,19.0,5943.52,17.0,5596.26,22.0,4303.1900000000005,16.0,6138.638571428572,1628.7210422540134,6373.693571428572,1810.0277588292865,6452.620333333334,2304.4513128733
2025-04-25,9255.92,23.0,47.0,2025,4,25,4,115,0,0,7183.9800000000005,24.0,4235.76,11.0,4830.65,14.0,6679.24,24.0,6315.847142857143,1670.890017413031,6487.102142857143,1807.3079517473086,6548.6466666666665,2271.5829529516136
2025-04-26,2101.44,10.0,16.0,2025,4,26,5,116,1,0,9255.92,23.0,6476.54,14.0,9468.3,23.0,5998.95,21.0,7033.012857142857,1706.27371548564,6803.192857142857,1880.802576051953,6634.535999999999,2324.7806660156443
2025-04-27,4670.46,14.0,24.0,2025,4,27,6,117,1,0,2101.44,10.0,6648.75,22.0,4631.05,20.0,4974.17,22.0,6407.998571428571,2541.1437305567074,6276.988571428571,2096.033778969836,6504.619000000001,2466.130475772438
2025-04-28,11043.79,27.0,47.0,2025,4,28,0,118,0,0,4670.46,14.0,7982.14,20.0,9611.34,17.0,5131.32,20.0,6125.385714285714,2618.7292593855423,6279.803571428572,2093.6783634463395,6494.495333333333,2473.2428567072575
2025-04-29,10709.59,24.0,54.0,2025,4,29,1,119,0,0,11043.79,27.0,7880.0599999999995,25.0,5985.04,27.0,4181.57,16.0,6562.7642857142855,3176.752055710666,6382.1214285714295,2294.394920512787,6691.577666666666,2593.5169053432846
2025-04-30,5923.26,19.0,38.0,2025,4,30,2,120,0,0,10709.59,24.0,3803.7000000000003,19.0,6138.6,17.0,13308.26,23.0,6966.982857142858,3532.413449568228,6719.589285714285,2563.203396561761,6909.178333333333,2648.9252949647653
2025-05-01,9589.97,23.0,45.0,2025,5,1,3,121,0,0,5923.26,19.0,7183.9800000000005,24.0,5943.52,17.0,6245.07,26.0,7269.777142857143,3299.213971643928,6704.207857142857,2567.600361640262,6663.011666666667,2361.276680401434
2025-05-02,5689.22,22.0,37.0,2025,5,2,4,122,0,0,9589.97,23.0,9255.92,23.0,4235.76,11.0,5899.27,19.0,7613.49,3412.180168934033,6964.668571428571,2667.5060547804296,6774.508333333333,2419.123978867506
2025-05-03,10063.58,28.0,57.0,2025,5,3,5,123,1,0,5689.22,22.0,2101.44,10.0,6476.54,14.0,7676.98,17.0,7103.961428571428,3392.2889077997147,7068.487142857142,2579.97588101558,6767.506666666667,2422.046739597638
2025-05-04,8648.62,23.0,42.0,2025,5,4,6,124,1,0,10063.58,28.0,4670.46,14.0,6648.75,22.0,5235.13,24.0,8241.41,2699.48578067503,7324.704285714286,2692.3352855687967,6847.0599999999995,2491.1574483692643
2025-05-05,8200.869999999999,26.0,50.0,2025,5,5,0,125,0,0,8648.62,23.0,11043.79,27.0,7982.14,20.0,2838.92,14.0,8809.718571428572,2193.803946553631,7467.552142857144,2706.7275479816726,6960.842999999999,2492.948680056267
2025-05-06,7470.06,23.0,37.0,2025,5,6,1,126,0,0,8200.869999999999,26.0,10709.59,24.0,7880.0599999999995,25.0,10124.84,22.0,8403.587142857143,1962.21290084872,7483.175714285715,2710.554858329032,7139.574666666666,2376.7412346867673
2025-05-07,6477.66,18.0,38.0,2025,5,7,2,127,0,0,7470.06,23.0,5923.26,19.0,3803.7000000000003,19.0,8085.54,23.0,7940.797142857143,1690.9700603570195,7453.89,2708.150760815916,7051.082,2310.251149854255
2025-05-08,6706.96,21.0,39.0,2025,5,8,3,128,0,0,6477.66,18.0,9589.97,23.0,7183.9800000000005,24.0,9792.88,29.0,8019.997142857143,1590.7379925757168,7644.887142857143,2518.5689819615877,6997.486,2304.0675007063446
2025-05-09,5968.41,16.0,34.0,2025,5,9,4,129,0,0,6706.96,21.0,5689.22,22.0,9255.92,23.0,3871.57,17.0,7608.138571428572,1486.3009762766665,7610.814285714286,2528.4912621553062,6894.622,2243.041593024389
2025-05-10,8874.77,22.0,35.0,2025,5,10,5,130,1,0,5968.41,16.0,10063.58,28.0,2101.44,10.0,5596.26,22.0,7648.022857142858,1428.8614093596207,7375.992142857142,2516.585349850031,6964.516666666666,2177.2990179583617
2025-05-11,9730.73,29.0,52.0,2025,5,11,6,131,1,0,8874.77,22.0,8648.62,23.0,4670.46,14.0,4830.65,14.0,7478.192857142857,1134.1638772492997,7859.801428571429,2028.2629648235577,7073.800333333334,2188.504081220943
2025-05-12,9222.64,23.0,41.0,2025,5,12,0,132,0,0,9730.73,29.0,8200.869999999999,26.0,11043.79,27.0,9468.3,23.0,7632.78,1369.592992632003,8221.249285714286,1860.097386439223,7237.136333333334,2198.150834623322
2025-05-13,10089.15,25.0,48.0,2025,5,13,1,133,0,0,9222.64,23.0,7470.06,23.0,10709.59,24.0,4631.05,20.0,7778.747142857143,1489.434653190205,8091.167142857143,1704.7142308652217,7228.947666666666,2189.995020746513
2025-05-14,4361.59,14.0,25.0,2025,5,14,2,134,0,0,10089.15,25.0,6477.66,18.0,5923.26,19.0,9611.34,17.0,8152.902857142856,1711.39415083838,8046.849999999999,1638.1734440528935,7410.884333333333,2193.4457549453155
2025-05-15,8386.69,26.0,41.0,2025,5,15,3,135,0,0,4361.59,14.0,6706.96,21.0,9589.97,23.0,5985.04,27.0,7850.607142857143,2179.493645144171,7935.302142857143,1835.2167104027058,7235.892666666667,2221.07811973492
2025-05-16,4676.96,15.0,19.0,2025,5,16,4,136,0,0,8386.69,26.0,5968.41,16.0,5689.22,22.0,6138.6,17.0,8090.568571428572,2124.3642549904107,7849.353571428573,1779.080790030519,7315.947666666666,2217.717764628694
2025-05-17,5132.19,17.0,30.0,2025,5,17,5,137,1,0,4676.96,15.0,8874.77,22.0,10063.58,28.0,5943.52,17.0,7906.075714285714,2380.071571177763,7777.049285714286,1890.6934652965185,7267.226333333334,2260.1250022639583
2025-05-18,9272.01,24.0,38.0,2025,5,18,6,138,1,0,5132.19,17.0,9730.73,29.0,8648.62,23.0,4235.76,11.0,7371.421428571428,2541.112978063151,7424.807142857143,1891.303939477641,7240.182000000001,2281.265722165449
2025-05-19,5646.19,20.0,31.0,2025,5,19,0,139,0,0,9272.01,24.0,9222.64,23.0,8200.869999999999,26.0,6476.54,14.0,7305.889999999999,2475.189232139641,7469.334999999999,1929.2900239476626,7408.057,2237.4349426676417
2025-05-20,7942.07,24.0,49.0,2025,5,20,1,140,0,0,5646.19,20.0,10089.15,25.0,7470.06,23.0,6648.75,22.0,6794.9685714285715,2380.922755070882,7286.857857142857,1975.0486553312942,7380.3786666666665,2254.4271178234226
2025-05-21,3450.41,13.0,18.0,2025,5,21,2,141,0,0,7942.07,24.0,4361.59,14.0,6477.66,18.0,7982.14,20.0,6488.242857142858,1992.4191639872988,7320.572857142857,1982.431482798671,7423.489333333333,2252.3188665231764
2025-05-22,8085.19,21.0,52.0,2025,5,22,3,142,0,0,3450.41,13.0,8386.69,26.0,6706.96,21.0,7880.0599999999995,25.0,6358.074285714285,2175.836001953106,7104.340714285713,2230.962525863506,7272.431666666667,2362.8152720140433
2025-05-23,3143.84,17.0,28.0,2025,5,23,4,143,0,0,8085.19,21.0,4676.96,15.0,5968.41,16.0,3803.7000000000003,19.0,6315.002857142857,2131.5188162021577,7202.785714285715,2242.457328816976,7279.269333333334,2364.930162901157
2025-05-24,4020.5,15.0,25.0,2025,5,24,5,144,1,0,3143.84,17.0,5132.19,17.0,8874.77,22.0,7183.9800000000005,24.0,6095.985714285714,2390.869600709181,7001.030714285714,2476.869598714887,7257.274,2401.160820750609
2025-05-25,6836.79,27.0,49.0,2025,5,25,6,145,1,0,4020.5,15.0,9272.01,24.0,9730.73,29.0,9255.92,23.0,5937.172857142856,2499.9910930422375,6654.297142857143,2533.513904740691,7151.824666666667,2472.883089012186
2025-05-26,10822.07,22.0,39.0,2025,5,26,0,146,0,0,6836.79,27.0,5646.19,20.0,9222.64,23.0,2101.44,10.0,5589.284285714285,2095.2613130256464,6447.587142857143,2376.38483274146,7071.187,2441.1439450744397
2025-05-27,9503.8,18.0,43.0,2025,5,27,1,147,0,0,10822.07,22.0,7942.07,24.0,10089.15,25.0,4670.46,14.0,6328.695714285714,2883.6441951568754,6561.832142857143,2552.0145644001677,7361.874666666667,2346.32572264595
2025-05-28,5990.73,24.0,36.0,2025,5,28,2,148,0,0,9503.8,18.0,3450.41,13.0,4361.59,14.0,11043.79,27.0,6551.8,3082.8100019516883,6520.021428571429,2493.913330265281,7522.986000000001,2320.950406395863
2025-05-29,3744.4,15.0,22.0,2025,5,29,3,149,0,0,5990.73,24.0,8085.19,21.0,8386.69,26.0,10709.59,24.0,6914.702857142857,2792.746416329961,6636.388571428572,2422.436676996837,7354.550666666666,2238.5197285428503
2025-05-30,8686.16,17.0,42.0,2025,5,30,4,150,0,0,3744.4,15.0,3143.84,17.0,4676.96,15.0,5923.26,19.0,6294.589999999999,2966.0747248622556,6304.796428571428,2481.427765503054,7122.377666666666,2239.7499593138164
2025-05-31,5993.45,15.0,24.0,2025,5,31,5,151,1,0,8686.16,17.0,4020.5,15.0,5132.19,17.0,9589.97,23.0,7086.349999999999,2713.846896320184,6591.167857142857,2510.2897397900488,7214.474333333333,2245.539599189692
2025-06-01,4971.7699999999995,21.0,33.0,2025,6,1,6,152,1,0,5993.45,15.0,6836.79,27.0,9272.01,24.0,5689.22,22.0,7368.199999999999,2429.97627183203,6652.686428571428,2482.1807452059197,7094.590333333333,2210.0690440993562
2025-06-02,10580.83,30.0,48.0,2025,6,2,0,153,0,0,4971.7699999999995,21.0,10822.07,22.0,5646.19,20.0,10063.58,28.0,7101.768571428572,2594.6190569422033,6345.526428571428,2397.7495638767236,7070.675333333333,2229.5963202581443
2025-06-03,4787.74,17.0,35.0,2025,6,3,1,154,0,0,10580.83,30.0,9503.8,18.0,7942.07,24.0,8648.62,23.0,7067.305714285713,2537.9519363905615,6698.000714285714,2637.7296446360633,7087.917,2255.3895754624373
2025-06-04,8150.4400000000005,18.0,35.0,2025,6,4,2,155,0,0,4787.74,17.0,5990.73,24.0,3450.41,13.0,8200.869999999999,26.0,6393.582857142857,2405.8885473057944,6472.691428571428,2657.930334014581,6959.2210000000005,2273.3449648015962
2025-06-05,8618.11,17.0,38.0,2025,6,5,3,156,0,0,8150.4400000000005,18.0,3744.4,15.0,8085.19,21.0,7470.06,23.0,6702.112857142857,2482.8652628882587,6808.407857142857,2541.085406124372,6957.54,2272.413635812753
2025-06-06,7151.43,18.0,36.0,2025,6,6,4,157,0,0,8618.11,17.0,8686.16,17.0,3143.84,17.0,6477.66,18.0,7398.357142857143,2180.1149224426613,6846.473571428572,2565.5567511064605,6995.8083333333325,2290.9336317620937
2025-06-07,9773.58,25.0,45.0,2025,6,7,5,158,1,0,7151.43,18.0,5993.45,15.0,4020.5,15.0,6706.96,21.0,7179.11,2104.893429519263,7132.7300000000005,2333.7550365715783,7018.267333333334,2288.9806378746866
2025-06-08,6861.43,26.0,53.0,2025,6,8,6,159,1,0,9773.58,25.0,4971.7699999999995,21.0,6836.79,27.0,5968.41,16.0,7719.128571428571,2231.1283632833956,7543.664285714286,2248.543780873173,7120.487999999999,2342.4486315413205
2025-06-09,5027.82,22.0,33.0,2025,6,9,0,160,0,0,6861.43,26.0,10580.83,30.0,10822.07,22.0,8874.77,22.0,7989.080000000001,1938.4338155497303,7545.424285714286,2247.957495952963,7150.255333333333,2332.9583605973494
2025-06-10,5198.29,18.0,30.0,2025,6,10,1,161,0,0,5027.82,22.0,4787.74,17.0,9503.8,18.0,9730.73,29.0,7195.792857142857,1834.4806363810912,7131.549285714284,2128.5042912208887,7022.023666666666,2340.613143621376
2025-06-11,7793.22,24.0,42.0,2025,6,11,2,162,0,0,5198.29,18.0,8150.4400000000005,18.0,5990.73,24.0,9222.64,23.0,7254.442857142857,1749.244388087946,6824.012857142858,2069.610026002437,6870.942333333333,2305.7632004724896
2025-06-12,5893.9800000000005,18.0,32.0,2025,6,12,3,163,0,0,7793.22,24.0,8618.11,17.0,3744.4,15.0,10089.15,25.0,7203.4114285714295,1723.7737698765218,6952.762142857144,2069.8503558365587,6823.295,2269.982380994622
2025-06-13,5519.83,17.0,33.0,2025,6,13,4,164,0,0,5893.9800000000005,18.0,7151.43,18.0,8686.16,17.0,4361.59,14.0,6814.25,1657.3818889039126,7106.303571428572,1885.0225227081944,6683.456,2189.653959445335
2025-06-14,7016.31,17.0,42.0,2025,6,14,5,165,1,0,5519.83,17.0,9773.58,25.0,5993.45,15.0,8386.69,26.0,6581.164285714286,1715.7611763962398,6880.137142857143,1870.7847665266752,6722.064,2157.2747480393928
2025-06-15,6077.73,23.0,38.0,2025,6,15,6,166,1,0,7016.31,17.0,6861.43,26.0,4971.7699999999995,21.0,4676.96,15.0,6187.268571428572,1046.8026995161642,6953.198571428571,1853.3848597710905,6676.384666666667,2135.2073206385967
2025-06-16,4477.58,20.0,38.0,2025,6,16,0,167,0,0,6077.73,23.0,5027.82,22.0,10580.83,30.0,5132.19,17.0,6075.311428571428,1003.7047710263198,7032.1957142857145,1784.7318060823286,6723.077,2105.0799145583633
2025-06-17,5742.31,26.0,47.0,2025,6,17,1,168,0,0,4477.58,20.0,5198.29,18.0,4787.74,17.0,9272.01,24.0,5996.705714285715,1114.8090285613723,6596.249285714286,1585.5366761664072,6701.256666666666,2125.4332903123463
2025-06-18,9582.84,27.0,59.0,2025,6,18,2,169,0,0,5742.31,26.0,7793.22,24.0,8150.4400000000005,18.0,5646.19,20.0,6074.422857142857,1067.8455621439462,6664.432857142857,1520.9932393641154,6583.6,2075.3233794362345
2025-06-19,4450.34,18.0,26.0,2025,6,19,3,170,0,0,9582.84,27.0,5893.9800000000005,18.0,8618.11,17.0,7942.07,24.0,6330.082857142857,1619.617128024558,6766.7471428571425,1669.5645144879838,6714.821666666667,2137.5314157257476
2025-06-20,9462.32,22.0,53.0,2025,6,20,4,171,0,0,4450.34,18.0,5519.83,17.0,7151.43,18.0,3450.41,13.0,6123.848571428572,1769.3914816063166,6469.049285714286,1685.5552636604455,6598.430666666666,2163.3109110947876
2025-06-21,7306.49,14.0,32.0,2025,6,21,5,172,1,0,9462.32,22.0,7016.31,17.0,9773.58,25.0,8085.19,21.0,6687.061428571428,2134.8133907005367,6634.112857142857,1861.4890128043583,6798.827666666666,2139.969127325979
2025-06-22,5499.43,22.0,40.0,2025,6,22,6,173,1,0,7306.49,14.0,6077.73,23.0,6861.43,26.0,3143.84,17.0,6728.515714285713,2145.065158581888,6457.892142857143,1645.691862957001,6772.870999999999,2128.520197040531
2025-06-23,4318.48,21.0,32.0,2025,6,23,0,174,0,0,5499.43,22.0,4477.58,20.0,5027.82,22.0,4020.5,15.0,6645.901428571428,2185.0698315723585,6360.606428571428,1660.1952140943504,6851.390666666667,2031.257250274518
2025-06-24,6535.27,15.0,27.0,2025,6,24,1,175,0,0,4318.48,21.0,5742.31,26.0,5198.29,18.0,6836.79,27.0,6623.172857142857,2212.0442124101364,6309.939285714287,1713.9528400004895,6861.323333333333,2017.6198783311322
2025-06-25,7316.29,23.0,40.0,2025,6,25,2,176,0,0,6535.27,15.0,9582.84,27.0,7793.22,24.0,10822.07,22.0,6736.452857142857,2179.4807721237594,6405.437857142856,1684.2386206564013,6851.272666666668,2018.4971162791583
2025-06-26,4781.98,16.0,26.0,2025,6,26,3,177,0,0,7316.29,23.0,4450.34,18.0,5893.9800000000005,18.0,9503.8,18.0,6412.660000000001,1825.7974176233354,6371.371428571429,1658.6380315319234,6734.413333333333,1877.2220322141002
2025-06-27,3305.76,15.0,26.0,2025,6,27,4,178,0,0,4781.98,16.0,9462.32,22.0,5519.83,17.0,5990.73,24.0,6460.037142857143,1769.836272349465,6291.942857142857,1709.1153699431654,6577.019333333333,1834.4803028349324
2025-06-28,7225.57,19.0,33.0,2025,6,28,5,179,1,0,3305.76,15.0,7306.49,14.0,7016.31,17.0,3744.4,15.0,5580.528571428571,1544.610912964061,6133.794999999999,1879.9541501600474,6487.520333333334,1927.2217074175492
2025-06-29,6896.820000000001,26.0,45.0,2025,6,29,6,180,1,0,7225.57,19.0,5499.43,22.0,6077.73,23.0,8686.16,17.0,5568.9685714285715,1529.772327738457,6148.742142857142,1888.3238593940218,6603.559333333334,1859.9905305505245
2025-06-30,8292.66,19.0,34.0,2025,6,30,0,181,0,0,6896.820000000001,26.0,4318.48,21.0,4477.58,20.0,5993.45,15.0,5768.595714285714,1608.3437173363432,6207.248571428572,1898.615420586868,6543.914666666667,1819.1455945632829
2025-07-01,11408.22,27.0,53.0,2025,7,1,1,182,0,0,8292.66,19.0,6535.27,15.0,5742.31,26.0,4971.7699999999995,21.0,6336.335714285714,1709.4044313235568,6479.754285714285,1905.0375134151084,6620.554999999999,1843.4255669265374
2025-07-02,5590.46,20.0,36.0,2025,7,2,2,183,0,0,11408.22,27.0,7316.29,23.0,9582.84,27.0,10580.83,30.0,7032.471428571429,2576.3210814287722,6884.462142857143,2297.692738801545,6835.1033333333335,2011.7810890633193
2025-07-03,4039.68,15.0,32.0,2025,7,3,3,184,0,0,5590.46,20.0,4781.98,16.0,4450.34,18.0,4787.74,17.0,6785.924285714286,2626.719354720245,6599.2921428571435,2181.8620570237267,6668.757666666666,1894.2669740501935
2025-07-04,5586.87,13.0,30.0,2025,7,4,4,185,0,0,4039.68,15.0,3305.76,15.0,9462.32,22.0,8150.4400000000005,18.0,6679.881428571428,2733.9006557934135,6569.959285714285,2215.4763274067245,6643.8223333333335,1924.5630268922669
2025-07-05,2726.2400000000002,11.0,24.0,2025,7,5,5,186,1,0,5586.87,13.0,7225.57,19.0,7306.49,14.0,8618.11,17.0,7005.754285714285,2377.3901485162123,6293.141428571429,2063.161873707688,6558.37,1912.2340328310731
2025-07-06,10285.0,27.0,52.0,2025,7,6,6,187,1,0,2726.2400000000002,11.0,6896.820000000001,26.0,5499.43,22.0,7151.43,18.0,6362.992857142858,2866.060923536667,5965.980714285714,2245.2293447165957,6361.974333333334,1994.1992138055791
2025-07-07,6027.87,20.0,43.0,2025,7,7,0,188,0,0,10285.0,27.0,8292.66,19.0,4318.48,21.0,9773.58,25.0,6847.018571428572,3233.7551358053774,6307.807142857143,2516.623749490384,6466.426666666666,2115.3598052102147
2025-07-08,7626.89,20.0,43.0,2025,7,8,1,189,0,0,6027.87,20.0,11408.22,27.0,6535.27,15.0,6861.43,26.0,6523.477142857142,3177.8243479919583,6429.906428571428,2453.355054098574,6341.569666666666,2021.9063787264024
2025-07-09,7905.57,17.0,35.0,2025,7,9,2,190,0,0,7626.89,20.0,5590.46,20.0,7316.29,23.0,5027.82,22.0,5983.2871428571425,2446.275264572078,6507.879285714285,2474.2196086986337,6367.085000000001,2033.4896059844266
2025-07-10,4319.4,13.0,24.0,2025,7,10,3,191,0,0,7905.57,17.0,4039.68,15.0,4781.98,16.0,5198.29,18.0,6314.017142857142,2539.05356083532,6549.970714285714,2493.963829077267,6463.009999999999,2036.008405053482
2025-07-11,5144.43,19.0,35.0,2025,7,11,4,192,0,0,4319.4,13.0,5586.87,13.0,3305.76,15.0,7793.22,24.0,6353.977142857142,2499.1821463811953,6516.9292857142855,2522.0945628476625,6433.7136666666665,2061.0039019965147
2025-07-12,3772.86,19.0,26.0,2025,7,12,5,193,1,0,5144.43,19.0,2726.2400000000002,11.0,7225.57,19.0,5893.9800000000005,18.0,6290.771428571429,2527.2532715277393,6648.262857142858,2386.2290785847977,6345.420666666667,2057.488431480369
2025-07-13,4000.91,19.0,27.0,2025,7,13,6,194,1,0,3772.86,19.0,10285.0,27.0,6896.820000000001,26.0,5519.83,17.0,6440.288571428571,2302.156981886261,6401.640714285714,2497.788300386112,6274.716666666666,2109.3290219654905
2025-07-14,6201.96,22.0,37.0,2025,7,14,0,195,0,0,4000.91,19.0,6027.87,20.0,8292.66,19.0,7016.31,17.0,5542.561428571428,1699.3589134379488,6194.79,2572.4215993375965,6224.085999999999,2145.984523756936
2025-07-15,2507.58,15.0,25.0,2025,7,15,1,196,0,0,6201.96,22.0,7626.89,20.0,11408.22,27.0,6077.73,23.0,5567.431428571429,1708.8922702677912,6045.454285714286,2500.9592651273856,6196.941000000001,2140.7620531086927
2025-07-16,5850.43,12.0,25.0,2025,7,16,2,197,0,0,2507.58,15.0,7905.57,17.0,5590.46,20.0,4477.58,20.0,4836.101428571428,1774.7907352458062,5409.694285714286,2137.7736741498275,6077.936,2244.3439291566283
2025-07-17,7466.95,16.0,36.0,2025,7,17,3,198,0,0,5850.43,12.0,4319.4,13.0,4039.68,15.0,5742.31,26.0,4542.51,1284.727375412154,5428.263571428572,2140.59186520068,6123.697666666666,2224.4961168856507
2025-07-18,4349.37,12.0,21.0,2025,7,18,4,199,0,0,7466.95,16.0,5144.43,19.0,5586.87,13.0,9582.84,27.0,4992.159999999999,1682.7765725530514,5673.068571428572,2165.4063594583254,6181.185666666667,2236.5523839740554
2025-07-19,4445.99,13.0,24.0,2025,7,19,5,200,1,0,4349.37,12.0,3772.86,19.0,2726.2400000000002,11.0,4450.34,18.0,4878.58,1697.5527421948918,5584.675714285714,2194.2610929798157,6006.736666666667,2165.036857587599
2025-07-20,12318.34,26.0,62.0,2025,7,20,6,201,1,0,4445.99,13.0,4000.91,19.0,10285.0,27.0,9462.32,22.0,4974.7414285714285,1642.6553768459821,5707.515,2066.3393912117185,6006.591666666666,2165.144832213953
2025-07-21,4758.86,16.0,30.0,2025,7,21,0,202,0,0,12318.34,26.0,6201.96,22.0,6027.87,20.0,7306.49,14.0,6162.9457142857145,3143.4372502451224,5852.753571428571,2448.8801065969733,6101.792333333333,2374.9549969670265
2025-07-22,5808.11,15.0,34.0,2025,7,22,1,203,0,0,4758.86,16.0,2507.58,15.0,7626.89,20.0,5499.43,22.0,5956.788571428572,3187.46544250773,5762.110000000001,2465.330199101155,6016.8713333333335,2375.9408255399103
2025-07-23,6653.58,23.0,39.0,2025,7,23,2,204,0,0,5808.11,15.0,5850.43,12.0,7905.57,17.0,4318.48,21.0,6428.292857142857,2814.5001685125526,5632.197142857142,2406.7296278925814,6027.160666666666,2374.2905222474706
2025-07-24,2469.43,13.0,27.0,2025,7,24,3,205,0,0,6653.58,23.0,7466.95,16.0,4319.4,13.0,6535.27,15.0,6543.028571428571,2803.365418489176,5542.769285714286,2338.03917736299,6104.997333333334,2354.536810713857
2025-07-25,6095.599999999999,18.0,44.0,2025,7,25,4,206,0,0,2469.43,13.0,4349.37,12.0,5144.43,19.0,7316.29,23.0,5829.097142857143,3144.461637534136,5410.628571428571,2461.517342118838,5969.4693333333325,2444.223621895952
2025-07-26,2769.7999999999997,9.0,18.0,2025,7,26,5,207,1,0,6095.599999999999,18.0,4445.99,13.0,3772.86,19.0,4781.98,16.0,6078.558571428571,3076.026881782353,5478.569285714286,2466.725954369704,5928.779666666667,2431.1552374504568
2025-07-27,5386.25,19.0,36.0,2025,7,27,6,208,1,0,2769.7999999999997,9.0,12318.34,26.0,4000.91,19.0,3305.76,15.0,5839.102857142857,3282.602578609011,5406.922142857142,2533.7369882666553,5861.706999999999,2490.9075942483164
2025-07-28,8148.55,20.0,48.0,2025,7,28,0,209,0,0,5386.25,19.0,4758.86,16.0,6201.96,22.0,7225.57,19.0,4848.8042857142855,1633.6360808215425,5505.874999999999,2501.4484184898806,5931.056666666666,2445.8473720494217
2025-07-29,8156.37,23.0,40.0,2025,7,29,1,210,0,0,8148.55,20.0,5808.11,15.0,2507.58,15.0,6896.820000000001,26.0,5333.045714285714,2051.479325745683,5644.917142857143,2595.4503575159765,5961.822666666668,2468.3934965743847
2025-07-30,8165.38,20.0,34.0,2025,7,30,2,211,0,0,8156.37,23.0,6653.58,23.0,5850.43,12.0,8292.66,19.0,5668.511428571429,2316.9346765459327,6048.402142857143,2507.8035490910484,6003.807666666667,2495.409322668333
2025-07-31,3879.14,15.0,34.0,2025,7,31,3,212,0,0,8165.38,20.0,2469.43,13.0,7466.95,16.0,11408.22,27.0,5884.482857142857,2488.1922734903733,6213.755714285714,2569.310583359859,5999.5650000000005,2491.4887730718847
2025-08-01,4218.78,14.0,29.0,2025,8,1,4,213,0,0,3879.14,15.0,6095.599999999999,18.0,4349.37,12.0,5590.46,20.0,6085.87,2206.86509282588,5957.483571428571,2613.2520002380065,5748.595666666666,2299.70806218694
2025-08-02,4586.55,11.0,21.0,2025,8,2,5,214,1,0,4218.78,14.0,2769.7999999999997,9.0,4445.99,13.0,4039.68,15.0,5817.752857142857,2316.7593748863646,5948.155714285714,2619.65882898378,5702.8730000000005,2316.5347946122997
2025-08-03,7063.65,17.0,30.0,2025,8,3,6,215,1,0,4586.55,11.0,5386.25,19.0,12318.34,26.0,5586.87,13.0,6077.288571428572,1998.2732693455616,5958.195714285714,2613.721455483978,5721.102,2305.1192457499974
2025-08-04,8653.61,14.0,33.0,2025,8,4,0,216,0,0,7063.65,17.0,8148.55,20.0,4758.86,16.0,2726.2400000000002,11.0,6316.917142857143,2002.165408948651,5582.860714285714,1913.6823701700318,5770.3279999999995,2317.8868817932216
2025-08-05,8794.130000000001,24.0,44.0,2025,8,5,1,217,0,0,8653.61,14.0,8156.37,23.0,5808.11,15.0,10285.0,27.0,6389.068571428571,2086.496734300742,5861.057142857142,2062.0259126754922,5967.907,2302.0313953447508
2025-08-06,3073.09,10.0,20.0,2025,8,6,2,218,0,0,8794.130000000001,24.0,8165.38,20.0,6653.58,23.0,6027.87,20.0,6480.177142857144,2187.98508780503,6074.344285714285,2205.5628018916295,5918.211333333334,2220.261420659123
2025-08-07,3367.2599999999998,16.0,24.0,2025,8,7,3,219,0,0,3073.09,10.0,3879.14,15.0,2469.43,13.0,7626.89,20.0,5752.707142857143,2373.0261408078077,5818.594999999999,2336.9095315913387,5819.718666666667,2279.9646754867204
2025-08-08,2988.35,18.0,31.0,2025,8,8,4,220,0,0,3367.2599999999998,16.0,4218.78,14.0,6095.599999999999,18.0,7905.57,17.0,5679.581428571429,2447.1136409957903,5882.725714285714,2248.5800420358405,5677.731,2296.119658374747
2025-08-09,6259.2,19.0,34.0,2025,8,9,5,221,1,0,2988.35,18.0,4586.55,11.0,2769.7999999999997,9.0,4319.4,13.0,5503.805714285714,2608.406189865495,5660.779285714285,2375.7089783002707,5513.823666666666,2307.0830532058603
2025-08-10,3742.23,13.0,19.0,2025,8,10,6,222,1,0,6259.2,19.0,7063.65,17.0,5386.25,19.0,5144.43,19.0,5742.755714285714,2586.8990404205238,5910.022142857144,2227.4951271575396,5578.483666666666,2299.623992743916
2025-08-11,2315.74,17.0,22.0,2025,8,11,0,223,0,0,3742.23,13.0,8653.61,14.0,8148.55,20.0,3772.86,19.0,5268.267142857143,2608.7559442686866,5792.592142857144,2299.405897986521,5531.743666666666,2322.882653580873
2025-08-12,6320.07,24.0,33.0,2025,8,12,1,224,0,0,2315.74,17.0,8794.130000000001,24.0,8156.37,23.0,4000.91,19.0,4362.857142857143,2322.073242196268,5375.9628571428575,2367.1196587135755,5483.173,2375.5650172787127
2025-08-13,4393.06,13.0,19.0,2025,8,13,2,225,0,0,6320.07,24.0,3073.09,10.0,8165.38,20.0,6201.96,22.0,4009.4199999999996,1616.1798161508566,5244.798571428572,2249.138957672696,5560.4783333333335,2363.369708107623
2025-08-14,10740.42,19.0,49.0,2025,8,14,3,226,0,0,4393.06,13.0,3367.2599999999998,16.0,3879.14,15.0,2507.58,15.0,4197.987142857143,1564.916717589328,4975.347142857143,2092.869659694142,5500.181666666666,2369.5065042355345
2025-08-15,5036.9,20.0,35.0,2025,8,15,4,227,0,0,10740.42,19.0,2988.35,18.0,4218.78,14.0,5850.43,12.0,5251.295714285714,2858.930262521625,5465.438571428572,2566.2466575072585,5774.609666666667,2484.9018739670287
2025-08-16,2569.18,13.0,21.0,2025,8,16,5,228,1,0,5036.9,20.0,6259.2,19.0,4586.55,11.0,7466.95,16.0,5543.9457142857145,2688.44526119874,5523.875714285715,2544.90084303351,5747.492,2488.4823526778528
2025-08-17,3879.98,16.0,25.0,2025,8,17,6,229,1,0,2569.18,13.0,3742.23,13.0,7063.65,17.0,4349.37,12.0,5016.8,2879.782736822357,5379.777857142857,2656.7144614620047,5584.232999999999,2532.0654952254918
2025-08-18,8011.58,19.0,46.0,2025,8,18,0,230,0,0,3879.98,16.0,2315.74,17.0,8653.61,14.0,4445.99,13.0,5036.478571428571,2870.0758402315814,5152.372857142857,2637.6810652991207,5568.586666666667,2541.392246171178
2025-08-19,7672.84,24.0,36.0,2025,8,19,1,231,0,0,8011.58,19.0,6320.07,24.0,8794.130000000001,24.0,12318.34,26.0,5850.17,2776.033318778201,5106.513571428572,2577.0086884890284,5687.439666666667,2570.292979412515
2025-08-20,2376.65,12.0,21.0,2025,8,20,2,232,0,0,7672.84,24.0,4393.06,13.0,3073.09,10.0,4758.86,16.0,6043.422857142857,2860.013379139543,5026.421428571428,2468.7332323399146,5532.589666666667,2280.648679489816
2025-08-21,5121.24,14.0,24.0,2025,8,21,3,233,0,0,2376.65,12.0,10740.42,19.0,3367.2599999999998,16.0,5808.11,15.0,5755.364285714286,3141.6222087421584,4976.675714285714,2517.65319739427,5453.182666666666,2348.9654877133976
2025-08-22,3620.16,14.0,27.0,2025,8,22,4,234,0,0,5121.24,14.0,5036.9,20.0,2988.35,18.0,6653.58,23.0,4952.624285714285,2245.7119582577757,5101.96,2474.678578202738,5430.287,2348.734165218201
2025-08-23,5719.35,21.0,33.0,2025,8,23,5,235,1,0,3620.16,14.0,2569.18,13.0,6259.2,19.0,2469.43,13.0,4750.232857142857,2300.034631657507,5147.089285714285,2438.667885488915,5329.173,2359.5251271903307
2025-08-24,9119.52,21.0,37.0,2025,8,24,6,236,1,0,5719.35,21.0,3879.98,16.0,3742.23,13.0,6095.599999999999,18.0,5200.257142857144,2101.804752577462,5108.528571428571,2423.9539981509115,5437.5036666666665,2297.490745277976
2025-08-25,6490.9,21.0,37.0,2025,8,25,0,237,0,0,9119.52,21.0,8011.58,19.0,2315.74,17.0,2769.7999999999997,9.0,5948.762857142857,2456.32392295693,5492.620714285715,2609.7169669981563,5538.301,2391.758827921511
2025-08-26,4498.44,16.0,27.0,2025,8,26,1,238,0,0,6490.9,21.0,7672.84,24.0,6320.07,24.0,5386.25,19.0,5731.522857142857,2306.1334480230166,5790.846428571429,2452.580192496235,5662.337666666667,2339.142877686704
2025-08-27,8871.78,24.0,55.0,2025,8,27,2,239,0,0,4498.44,16.0,2376.65,12.0,4393.06,13.0,8148.55,20.0,5278.037142857143,2168.784026151645,5660.729999999999,2470.598769006317,5632.744000000001,2348.3541741510267
2025-08-28,5636.13,14.0,25.0,2025,8,28,3,240,0,0,8871.78,24.0,5121.24,14.0,10740.42,19.0,8156.37,23.0,6205.912857142857,2109.186726953587,5980.638571428572,2581.312003359969,5656.8516666666665,2378.5890593332892
2025-08-29,2361.4700000000003,14.0,23.0,2025,8,29,4,241,0,0,5636.13,14.0,3620.16,14.0,5036.9,20.0,8165.38,20.0,6279.4685714285715,2073.735602340454,5616.046428571428,2187.7880371617234,5572.843666666667,2331.30131374866
2025-08-30,6453.74,12.0,25.0,2025,8,30,5,242,1,0,2361.4700000000003,14.0,5719.35,21.0,2569.18,13.0,3879.14,15.0,6099.655714285714,2375.385518639437,5424.944285714286,2352.8867895833296,5379.38,2349.488859502056
2025-08-31,8863.630000000001,20.0,37.0,2025,8,31,6,243,1,0,6453.74,12.0,9119.52,21.0,3879.98,16.0,4218.78,14.0,6204.568571428571,2372.004583500559,5702.412857142857,2215.230129251857,5465.2,2339.8011727112253
2025-09-01,2945.83,15.0,21.0,2025,9,1,0,244,0,0,8863.630000000001,20.0,6490.9,21.0,8011.58,19.0,4586.55,11.0,6168.012857142858,2321.0179545888595,6058.387857142857,2298.69789778805,5620.028333333334,2407.1876964425023
2025-09-02,5311.42,21.0,38.0,2025,9,2,1,245,0,0,2945.83,15.0,4498.44,16.0,7672.84,24.0,7063.65,17.0,5661.574285714286,2607.8596634204255,5696.5485714285705,2365.3301255097776,5565.337666666665,2449.7399774834703
2025-09-03,5961.04,22.0,32.0,2025,9,3,2,246,0,0,5311.42,21.0,8871.78,24.0,2376.65,12.0,8653.61,14.0,5777.714285714285,2565.180282961666,5527.875714285715,2296.762178873433,5506.929999999999,2433.6204293376964
2025-09-04,8147.57,19.0,36.0,2025,9,4,3,247,0,0,5961.04,22.0,5636.13,14.0,5121.24,14.0,8794.130000000001,24.0,5361.894285714286,2188.2611464726892,5783.903571428572,2110.709299065916,5417.177666666667,2362.170975870762
2025-09-05,4649.47,23.0,35.0,2025,9,5,4,248,0,0,8147.57,19.0,2361.4700000000003,14.0,3620.16,14.0,3073.09,10.0,5720.671428571428,2432.9220346970305,6000.07,2191.0626806327755,5395.625666666666,2333.0681326006265
2025-09-06,2721.69,15.0,24.0,2025,9,6,5,249,1,0,4649.47,23.0,6453.74,12.0,5719.35,21.0,3367.2599999999998,16.0,6047.528571428571,2026.081887185461,6073.592142857143,2121.2169110974883,5448.171666666666,2296.419584407211
2025-09-07,10855.36,24.0,44.0,2025,9,7,6,250,1,0,2721.69,15.0,8863.630000000001,20.0,9119.52,21.0,2988.35,18.0,5514.378571428571,2364.1946797477735,5859.473571428572,2303.2118242162364,5426.652666666666,2319.500252471094
2025-09-08,8339.29,27.0,41.0,2025,9,8,0,251,0,0,10855.36,24.0,2945.83,15.0,6490.9,21.0,6259.2,19.0,5798.9114285714295,2894.7764382155096,5983.462142857143,2527.965971086661,5688.886333333333,2473.897593244038
2025-09-09,13147.91,29.0,56.0,2025,9,9,1,252,0,0,8339.29,27.0,5311.42,21.0,4498.44,16.0,3742.23,13.0,6569.405714285714,2721.4029256179506,6115.490000000001,2603.6416524287065,5758.2226666666675,2519.1683483887728
2025-09-10,3125.24,14.0,18.0,2025,9,10,2,253,0,0,13147.91,29.0,5961.04,22.0,8871.78,24.0,2315.74,17.0,7688.904285714286,3590.6697267866225,6733.3092857142865,3157.6843886973056,6071.745333333333,2826.1977896176486
2025-09-11,5611.39,16.0,30.0,2025,9,11,3,254,0,0,3125.24,14.0,8147.57,19.0,5636.13,14.0,6320.07,24.0,7283.79,3959.169697310286,6322.842142857144,3230.967468846035,6098.728666666667,2792.767130075973
2025-09-12,5483.96,21.0,36.0,2025,9,12,4,255,0,0,5611.39,16.0,4649.47,23.0,2361.4700000000003,14.0,4393.06,13.0,6921.478571428571,3982.923277888698,6321.075,3231.3786896492616,6075.106,2793.827340954761
2025-09-13,5337.24,22.0,33.0,2025,9,13,5,256,1,0,5483.96,21.0,2721.69,15.0,6453.74,12.0,10740.42,19.0,7040.691428571428,3915.5038369428667,6544.110000000001,3039.096174814048,6111.469333333333,2778.235431098934
2025-09-14,7332.9,17.0,40.0,2025,9,14,6,257,1,0,5337.24,22.0,10855.36,24.0,8863.630000000001,20.0,5036.9,20.0,7414.34142857143,3541.602625805767,6464.36,3056.2508437878582,5931.363333333333,2639.476651736952
2025-09-15,7246.39,23.0,44.0,2025,9,15,0,258,0,0,7332.9,17.0,8339.29,27.0,2945.83,15.0,2569.18,13.0,6911.132857142856,3205.4949380593066,6355.022142857144,2990.4874611988444,6007.8966666666665,2645.9259033652083
2025-09-16,6847.94,20.0,33.0,2025,9,16,1,259,0,0,7246.39,23.0,13147.91,29.0,5311.42,21.0,3879.98,16.0,6755.004285714286,3150.4845764572897,6662.205000000001,2829.9236956871623,6163.803666666668,2573.1148193989275
2025-09-17,9556.84,19.0,34.0,2025,9,17,2,260,0,0,6847.94,20.0,3125.24,14.0,5961.04,22.0,8011.58,19.0,5855.0085714285715,1473.2484500860678,6771.95642857143,2803.1757774863877,6262.7356666666665,2539.109551383909
2025-09-18,4597.47,12.0,25.0,2025,9,18,3,261,0,0,9556.84,19.0,5611.39,16.0,8147.57,19.0,7672.84,24.0,6773.808571428572,1492.4996575145276,7028.799285714286,2886.6504840238254,6314.244333333334,2590.9545217421114
2025-09-19,10040.91,22.0,42.0,2025,9,19,4,262,0,0,4597.47,12.0,5483.96,21.0,4649.47,23.0,2376.65,12.0,6628.9628571428575,1663.5154563826095,6775.220714285715,2936.3143842093923,6211.732000000001,2596.181434934673
2025-09-20,3833.98,19.0,22.0,2025,9,20,5,263,1,0,10040.91,22.0,5337.24,22.0,2721.69,15.0,5121.24,14.0,7279.955714285714,1998.6458709240926,7160.323571428571,2989.145743433467,6467.207333333335,2582.843288133227
2025-09-21,8667.86,22.0,41.0,2025,9,21,6,264,1,0,3833.98,19.0,7332.9,17.0,10855.36,24.0,3620.16,14.0,7065.204285714286,2300.191620589162,7239.772857142858,2874.685568211534,6424.298666666667,2616.4488146904114
2025-09-22,6676.04,24.0,40.0,2025,9,22,0,265,0,0,8667.86,22.0,7246.39,23.0,8339.29,27.0,5719.35,21.0,7255.912857142857,2380.0400898984517,7083.522857142858,2718.2402131651797,6592.555333333334,2592.092698794381
2025-09-23,7921.14,23.0,40.0,2025,9,23,1,266,0,0,6676.04,24.0,6847.94,20.0,13147.91,29.0,9119.52,21.0,7174.434285714285,2390.161623529936,6964.719285714285,2695.3846486696875,6624.445000000001,2586.859138197186
2025-09-24,5582.1900000000005,20.0,43.0,2025,9,24,2,267,0,0,7921.14,23.0,9556.84,19.0,3125.24,14.0,6490.9,21.0,7327.748571428572,2400.1274109682117,6591.378571428571,2060.2054860913818,6584.499,2556.0712984853326
2025-09-25,4330.29,17.0,27.0,2025,9,25,3,268,0,0,5582.1900000000005,20.0,4597.47,12.0,5611.39,16.0,4498.44,16.0,6759.941428571428,2250.36889576968,6766.875,1834.5187046481685,6554.208666666667,2562.5946672851537
2025-09-26,5452.5,21.0,37.0,2025,9,26,4,269,0,0,4330.29,17.0,10040.91,22.0,5483.96,21.0,8871.78,24.0,6721.772857142857,2294.9831701758744,6675.367857142858,1926.2465791201619,6548.603666666667,2567.4255076290274
2025-09-27,7587.28,17.0,38.0,2025,9,27,5,270,1,0,5452.5,21.0,3833.98,19.0,5337.24,22.0,5636.13,14.0,6066.285714285715,1788.3150803652998,6673.120714285715,1927.7611347661782,6434.627666666667,2536.445500237256
2025-09-28,11443.92,26.0,60.0,2025,9,28,6,271,1,0,7587.28,17.0,8667.86,22.0,7332.9,17.0,2361.4700000000003,14.0,6602.471428571428,1554.8951697615025,6833.8378571428575,1901.434859460646,6499.666,2540.27711513259
2025-09-29,10545.29,25.0,53.0,2025,9,29,0,272,0,0,11443.92,26.0,6676.04,24.0,7246.39,23.0,6453.74,12.0,6999.051428571429,2330.2023652351836,7127.482142857143,2266.7755077343754,6802.414333333333,2571.1161651779457
2025-09-30,6227.58,26.0,40.0,2025,9,30,1,273,0,0,10545.29,25.0,7921.14,23.0,6847.94,20.0,8863.630000000001,20.0,7551.801428571429,2674.3161762304085,7363.117857142856,2444.5773339882403,6938.799333333333,2658.999229221342
2025-10-01,4676.09,14.0,24.0,2025,10,1,2,274,0,0,6227.58,26.0,5582.1900000000005,20.0,9556.84,19.0,2945.83,15.0,7309.864285714286,2711.6790126712867,7318.806428571428,2460.206486123337,6850.931,2636.659751130235
2025-10-02,6951.06,25.0,38.0,2025,10,2,3,275,0,0,4676.09,14.0,4330.29,17.0,4597.47,12.0,5311.42,21.0,7180.421428571429,2827.066759743682,6970.181428571428,2464.4801572772576,6908.606333333333,2566.277264070709
2025-10-03,5113.07,16.0,25.0,2025,10,3,4,276,0,0,6951.06,25.0,5452.5,21.0,10040.91,22.0,5961.04,22.0,7554.817142857143,2546.3042248503007,7138.295,2368.5852232625793,6963.261,2548.4868738492405
2025-10-04,7263.51,19.0,35.0,2025,10,4,5,277,1,0,5113.07,16.0,7587.28,17.0,3833.98,19.0,8147.57,19.0,7506.327142857143,2595.76334349978,6786.306428571428,2268.0789326029158,6934.995333333333,2564.6372762658084
2025-10-05,10203.22,28.0,42.0,2025,10,5,6,278,1,0,7263.51,19.0,11443.92,26.0,8667.86,22.0,4649.47,23.0,7460.074285714286,2596.964751556822,7031.272857142857,2103.94754926374,6905.526666666668,2555.2859270476883
2025-10-06,5067.3,20.0,37.0,2025,10,6,0,279,0,0,10203.22,28.0,10545.29,25.0,6676.04,24.0,2721.69,15.0,7282.83142857143,2305.76350502698,7140.941428571428,2231.939295317542,7090.651666666668,2587.182934555633
2025-10-07,5788.5,30.0,45.0,2025,10,7,1,280,0,0,5067.3,20.0,6227.58,26.0,7921.14,23.0,10855.36,24.0,6500.261428571428,1909.507135060681,7026.0314285714285,2298.146148468593,7168.8386666666665,2483.980955851472
2025-10-08,3806.6,16.0,26.0,2025,10,8,2,281,0,0,5788.5,30.0,4676.09,14.0,5582.1900000000005,20.0,8339.29,27.0,6437.535714285715,1927.0881555761628,6873.7,2304.920838630688,6999.943333333333,2395.353307515018
2025-10-09,8663.289999999999,23.0,45.0,2025,10,9,3,282,0,0,3806.6,16.0,6951.06,25.0,4330.29,17.0,13147.91,29.0,6313.322857142856,2081.3914595506803,6746.872142857143,2427.066779779779,6848.853666666666,2450.28187046181
2025-10-10,8297.69,23.0,48.0,2025,10,10,4,283,0,0,8663.289999999999,23.0,5113.07,16.0,5452.5,21.0,3125.24,14.0,6557.927142857143,2261.6351223669653,7056.3721428571425,2370.819651279954,6699.366333333334,2173.9542133387113
2025-10-11,5253.47,17.0,24.0,2025,10,11,5,284,1,0,8297.69,23.0,7263.51,19.0,7587.28,17.0,5611.39,16.0,7012.872857142857,2242.7770722753144,7259.599999999999,2344.559298438079,6871.781333333333,2083.9673888767443
2025-10-12,3539.64,16.0,23.0,2025,10,12,6,285,1,0,5253.47,17.0,10203.22,28.0,11443.92,26.0,5483.96,21.0,6725.7242857142855,2332.230452355698,7092.899285714286,2401.7396507707103,6859.850666666667,2092.439240607519
2025-10-13,5406.01,17.0,38.0,2025,10,13,0,286,0,0,3539.64,16.0,5067.3,20.0,10545.29,25.0,5337.24,22.0,5773.784285714287,2014.5562615197955,6528.307857142857,2222.6141072972478,6795.039999999999,2165.3658475823454
2025-10-14,6651.54,17.0,26.0,2025,10,14,1,287,0,0,5406.01,17.0,5788.5,30.0,6227.58,26.0,7332.9,17.0,5822.171428571428,1998.765046017414,6161.216428571429,1910.638161946529,6797.332333333334,2163.8051908899056
2025-10-15,5725.99,15.0,32.0,2025,10,15,2,288,0,0,6651.54,17.0,3806.6,16.0,4676.09,14.0,7246.39,23.0,5945.462857142857,2022.8150056601444,6191.499285714286,1915.1254382997147,6774.620333333334,2161.56458221977
2025-10-16,5376.5199999999995,20.0,43.0,2025,10,16,3,289,0,0,5725.99,15.0,8663.289999999999,23.0,6951.06,25.0,6847.94,20.0,6219.6614285714295,1802.6750169348295,6266.492142857142,1871.274131310158,6723.940333333333,2167.936305653143
2025-10-17,7897.72,19.0,35.0,2025,10,17,4,290,0,0,5376.5199999999995,20.0,8297.69,23.0,5113.07,16.0,9556.84,19.0,5750.122857142857,1454.5402986936642,6154.025,1874.2794024032871,6674.892999999999,2181.6356039625502
2025-10-18,8851.22,25.0,46.0,2025,10,18,5,291,1,0,7897.72,19.0,5253.47,17.0,7263.51,19.0,4597.47,12.0,5692.984285714286,1341.227442144676,6352.928571428572,1902.8523271934796,6619.588999999999,2126.389320554464
2025-10-19,7513.3,28.0,49.0,2025,10,19,6,292,1,0,8851.22,25.0,3539.64,16.0,10203.22,28.0,10040.91,22.0,6206.948571428571,1766.6121683458582,6466.336428571429,2005.823319612621,6761.380666666666,2128.723756412966
2025-10-20,5968.07,16.0,33.0,2025,10,20,0,293,0,0,7513.3,28.0,5406.01,17.0,5067.3,20.0,3833.98,19.0,6774.614285714285,1357.8058168464045,6274.199285714286,1730.2346175656855,6677.127000000001,2042.7296623309453
2025-10-21,6456.98,21.0,37.0,2025,10,21,1,294,0,0,5968.07,16.0,6651.54,17.0,5788.5,30.0,8667.86,22.0,6854.90857142857,1277.6362031296876,6338.54,1698.356827647103,6748.263333333333,1976.3869451835844
2025-10-22,9076.81,24.0,41.0,2025,10,22,2,295,0,0,6456.98,21.0,5725.99,15.0,3806.6,16.0,6676.04,24.0,6827.114285714286,1284.8934016207716,6386.288571428571,1691.0845848192614,6674.567333333333,1943.2830109680185
2025-10-23,6046.53,23.0,42.0,2025,10,23,3,296,0,0,9076.81,24.0,5376.5199999999995,20.0,8663.289999999999,23.0,7921.14,23.0,7305.802857142857,1423.0462159596789,6762.732142857143,1658.9419173455021,6754.593,1992.163625410342
2025-10-24,7256.51,18.0,28.0,2025,10,24,4,297,0,0,6046.53,23.0,7897.72,19.0,8297.69,23.0,5582.1900000000005,20.0,7401.518571428571,1287.754408307074,6575.8207142857145,1573.5523431907613,6692.106,1983.6933852645209
2025-10-25,5830.14,23.0,40.0,2025,10,25,5,298,1,0,7256.51,18.0,8851.22,25.0,5253.47,17.0,4330.29,17.0,7309.917142857143,1269.2480958388294,6501.450714285714,1509.201067500865,6747.916666666667,1974.9232843090117
2025-10-26,7620.79,20.0,38.0,2025,10,26,6,299,1,0,5830.14,23.0,7513.3,28.0,3539.64,16.0,5452.5,21.0,6878.334285714285,1167.3491287079726,6542.641428571428,1480.108908949539,6797.911666666666,1930.0861844078622
2025-10-27,3821.25,14.0,17.0,2025,10,27,0,300,0,0,7620.79,20.0,5968.07,16.0,5406.01,17.0,7587.28,17.0,6893.6900000000005,1177.7543867745476,6834.152142857142,1222.6729476858861,6870.187999999999,1918.5305785659402
2025-10-28,10887.47,33.0,58.0,2025,10,28,1,301,0,0,3821.25,14.0,6456.98,21.0,6651.54,17.0,11443.92,26.0,6587.001428571429,1645.566892375081,6720.955,1422.1510743926963,6744.653666666666,1991.802716410446
2025-10-29,4527.4400000000005,13.0,23.0,2025,10,29,2,302,0,0,10887.47,33.0,9076.81,24.0,5725.99,15.0,10545.29,25.0,7219.928571428572,2306.52297367292,7023.521428571427,1805.2499594744668,6726.105333333334,1948.6561740209665
2025-10-30,8191.14,23.0,47.0,2025,10,30,3,303,0,0,4527.4400000000005,13.0,6046.53,23.0,5376.5199999999995,20.0,6227.58,26.0,6570.018571428571,2336.8459648026255,6937.910714285715,1897.5750188615175,6525.510333333334,1849.1505296803912
2025-10-31,8007.54,22.0,41.0,2025,10,31,4,304,0,0,8191.14,23.0,7256.51,18.0,7897.72,19.0,4676.09,14.0,6876.391428571428,2396.596144809198,7138.955,1868.2995516522485,6590.962333333333,1872.8404900591129
2025-11-01,12417.85,39.0,84.0,2025,11,1,5,305,1,1,8007.54,22.0,5830.14,23.0,8851.22,25.0,6951.06,25.0,6983.681428571428,2432.984019727142,7146.799285714286,1871.957344778141,6702.010666666667,1854.0581566371616
2025-11-02,15310.349999999999,39.0,72.0,2025,11,2,6,306,1,1,12417.85,39.0,7620.79,20.0,7513.3,28.0,5113.07,16.0,7924.782857142856,3096.1345358565763,7401.558571428571,2312.5944381344207,6884.236999999999,2127.8207924187263
2025-11-03,18141.99,55.0,110.0,2025,11,3,0,307,0,1,15310.349999999999,39.0,3821.25,14.0,5968.07,16.0,7263.51,19.0,9023.291428571427,4153.782155632094,7958.490714285714,3134.4153841861284,7224.146333333334,2597.7258988100166
2025-11-04,23651.26,57.0,131.0,2025,11,4,1,308,0,1,18141.99,55.0,10887.47,33.0,6456.98,21.0,10203.22,28.0,11069.111428571428,4660.386419670324,8828.05642857143,4084.4464557628994,7586.762333333333,3274.5111003489224
2025-11-05,8864.31,33.0,55.0,2025,11,5,2,309,0,1,23651.26,57.0,4527.4400000000005,13.0,9076.81,24.0,5067.3,20.0,12892.509999999998,6649.802028341391,10056.219285714285,5614.9739480763865,8035.030333333333,4379.199163164271
2025-11-06,19956.55,58.0,113.0,2025,11,6,3,310,0,1,8864.31,33.0,8191.14,23.0,6046.53,23.0,5788.5,30.0,13512.062857142855,5900.342942467306,10041.040714285715,5618.111518449093,8161.597333333334,4345.206948282174
2025-11-07,6498.34,45.0,65.0,2025,11,7,4,311,0,1,19956.55,58.0,8007.54,22.0,7256.51,18.0,3806.6,16.0,15192.835714285713,5807.014346661156,11034.613571428572,6069.228132857673,8633.865666666667,4822.154602757415
2025-11-08,11977.07,34.0,58.0,2025,11,8,5,312,1,1,6498.34,45.0,12417.85,39.0,5830.14,23.0,8663.289999999999,23.0,14977.235714285713,6136.895135679646,10980.45857142857,6108.78651108872,8723.590333333334,4753.795347444271
2025-11-09,24386.96,53.0,110.0,2025,11,9,6,313,1,1,11977.07,34.0,15310.349999999999,39.0,7620.79,20.0,8297.69,23.0,14914.267142857143,6169.706573651382,11419.524999999998,5928.374317605329,8834.049666666666,4790.702172411506
2025-11-10,16235.550000000001,51.0,84.0,2025,11,10,0,314,0,1,24386.96,53.0,18141.99,55.0,3821.25,14.0,5253.47,17.0,16210.925714285713,7143.73197763572,12617.108571428571,6739.882330498596,9370.358666666667,5566.372277679823
2025-11-11,17347.6,49.0,97.0,2025,11,11,1,315,0,1,16235.550000000001,51.0,23651.26,57.0,10887.47,33.0,3539.64,16.0,15938.577142857142,7094.00944787387,13503.844285714285,6295.639314772047,9736.428000000002,5646.825127887426
2025-11-12,10782.74,33.0,54.0,2025,11,12,2,316,0,1,17347.6,49.0,8864.31,33.0,4527.4400000000005,13.0,5406.01,17.0,15038.054285714286,6308.368765940619,13965.282142857144,6325.79616154385,10196.693333333333,5686.908193106615
2025-11-13,12194.0,46.0,81.0,2025,11,13,3,317,0,1,10782.74,33.0,19956.55,58.0,8191.14,23.0,6651.54,17.0,15312.115714285714,6031.029658095581,14412.089285714286,5807.586944036719,10375.917666666666,5614.992191947595
2025-11-14,15844.19,49.0,91.0,2025,11,14,4,318,0,1,12194.0,46.0,6498.34,45.0,8007.54,22.0,5725.99,15.0,14203.179999999998,5741.422867568044,14698.007857142857,5571.493913141442,10560.666333333333,5579.291928950462
2025-11-15,13100.85,32.0,66.0,2025,11,15,5,319,1,1,15844.19,49.0,11977.07,34.0,12417.85,39.0,5376.5199999999995,20.0,15538.301428571429,4630.229099023885,15257.768571428573,5230.8611003850065,10897.939666666667,5582.779503239377
2025-11-16,19484.57,60.0,100.0,2025,11,16,6,320,1,1,13100.85,32.0,24386.96,53.0,15310.349999999999,39.0,7897.72,19.0,15698.841428571428,4503.933791592361,15306.554285714286,5205.4604588934735,11155.417333333335,5496.811862212343
2025-11-17,11896.02,41.0,70.0,2025,11,17,0,321,0,1,19484.57,60.0,16235.550000000001,51.0,18141.99,55.0,8851.22,25.0,14998.5,3085.6524778291637,15604.712857142857,5323.892901076226,11541.645666666667,5664.530601952218
2025-11-18,16049.76,46.0,87.0,2025,11,18,1,322,0,1,11896.02,41.0,17347.6,49.0,23651.26,57.0,7513.3,28.0,14378.567142857142,3228.322048679531,15158.572142857143,5356.519456767238,11643.139,5641.895210042989
2025-11-19,14233.87,47.0,84.0,2025,11,19,2,323,0,1,16049.76,46.0,10782.74,33.0,8864.31,33.0,5968.07,16.0,14193.161428571428,3062.3923656373972,14615.607857142855,4784.116627079154,11927.687666666667,5641.69259706249
2025-11-20,8522.65,30.0,56.0,2025,11,20,3,324,0,1,14233.87,47.0,12194.0,46.0,19956.55,58.0,6456.98,21.0,14686.180000000002,2675.1540046509335,14999.147857142858,4494.012173711198,12203.214333333333,5541.5550890152745
2025-11-21,14885.33,44.0,85.0,2025,11,21,4,325,0,1,8522.65,30.0,15844.19,49.0,6498.34,45.0,9076.81,24.0,14161.701428571429,3483.085083583357,14182.440714285714,4562.227282588178,12272.070000000002,5480.187710875217
2025-11-22,13381.08,45.0,69.0,2025,11,22,5,326,1,1,14885.33,44.0,13100.85,32.0,11977.07,34.0,6046.53,23.0,14024.721428571429,3424.247266930483,14781.511428571428,3990.4229637448934,12465.687333333333,5465.995427068855
2025-11-23,15653.38,51.0,97.0,2025,11,23,6,327,1,1,13381.08,45.0,19484.57,60.0,24386.96,53.0,7256.51,18.0,14064.754285714285,3413.266605833064,14881.797857142858,3931.7317959220522,12710.172333333332,5331.34921676118
2025-11-24,22053.21,72.0,132.0,2025,11,24,0,328,0,1,15653.38,51.0,11896.02,41.0,16235.550000000001,51.0,5830.14,23.0,13517.441428571428,2612.6233072362757,14257.970714285713,2852.2552652876548,12990.068,5255.030564093948
2025-11-25,19716.07,51.0,99.0,2025,11,25,1,329,0,1,22053.21,72.0,16049.76,46.0,17347.6,49.0,7620.79,20.0,14968.468571428572,4009.2971650046356,14673.517857142857,3510.3923183975385,13530.837,5327.055475923517
2025-11-26,12715.27,45.0,82.0,2025,11,26,2,330,0,1,19716.07,51.0,14233.87,47.0,10782.74,33.0,3821.25,14.0,15492.227142857142,4395.017053947618,14842.694285714286,3701.070868823955,13934.013,5322.042667144324
2025-11-27,16118.619999999999,39.0,81.0,2025,11,27,3,331,0,1,12715.27,45.0,8522.65,30.0,12194.0,46.0,10887.47,33.0,15275.284285714286,4503.62128881435,14980.732142857143,3571.780158171917,14230.480333333333,4975.736226897351
2025-11-28,14385.1,47.0,78.0,2025,11,28,4,332,0,1,16118.619999999999,39.0,14885.33,44.0,15844.19,49.0,4527.4400000000005,13.0,16360.422857142856,3380.485506904355,15261.062142857143,3489.2990203327686,14404.852,4946.1157451147365
2025-11-29,13596.289999999999,41.0,73.0,2025,11,29,5,333,1,1,14385.1,47.0,13381.08,45.0,13100.85,32.0,8191.14,23.0,16288.961428571429,3421.898787629592,15156.841428571428,3492.3311992550584,14733.440666666667,4581.28040725099
2025-11-30,17062.96,53.0,95.0,2025,11,30,6,334,1,1,13596.289999999999,41.0,15653.38,51.0,19484.57,60.0,8007.54,22.0,16319.705714285712,3392.2567812242373,15192.229999999998,3472.3478065092204,14913.612333333333,4418.508617432927
2025-12-01,17209.48,51.0,87.0,2025,12,1,0,335,0,1,17062.96,53.0,22053.21,72.0,11896.02,41.0,12417.85,39.0,16521.074285714287,3387.9450084914047,15019.257857142858,3298.0200091317943,15215.459666666666,4235.994528045464
2025-12-02,17047.9,39.0,73.0,2025,12,2,1,336,0,1,17209.48,51.0,19716.07,51.0,16049.76,46.0,15310.349999999999,39.0,15829.112857142856,2428.5362813548945,15398.790714285713,3215.658724428313,15375.180666666665,4217.1653043197575
2025-12-03,13305.98,41.0,84.0,2025,12,3,2,337,0,1,17047.9,39.0,12715.27,45.0,14233.87,47.0,18141.99,55.0,15447.945714285714,1859.5124070918393,15470.08642857143,3242.157766019932,15433.099,4228.161595562405
2025-12-04,8464.97,34.0,54.0,2025,12,4,3,338,0,1,13305.98,41.0,16118.619999999999,39.0,8522.65,30.0,23651.26,57.0,15532.332857142857,1723.2416441763833,15403.808571428572,3278.6519011040737,15271.898666666666,4213.484683783034
2025-12-05,11268.7,39.0,76.0,2025,12,5,4,339,0,1,8464.97,34.0,14385.1,47.0,14885.33,44.0,8864.31,33.0,14438.954285714286,3137.220607022796,15399.68857142857,3287.986963589794,14765.689,4082.2714981493577
2025-12-06,7134.900000000001,21.0,36.0,2025,12,6,5,340,1,1,11268.7,39.0,13596.289999999999,41.0,13381.08,45.0,19956.55,58.0,13993.754285714285,3359.392541684951,15141.357857142857,3468.6216811651666,14845.835333333333,3984.8559523809563
2025-12-07,12753.78,45.0,86.0,2025,12,7,6,341,1,1,7134.900000000001,21.0,17062.96,53.0,15653.38,51.0,6498.34,45.0,13070.698571428571,4255.090887930306,14695.202142857142,4063.206323507031,14418.447000000002,4103.625510415424
2025-12-08,11604.89,42.0,69.0,2025,12,8,0,342,0,1,12753.78,45.0,17209.48,51.0,22053.21,72.0,11977.07,34.0,12455.101428571428,3876.0881903900035,14488.087857142858,4084.453260691342,14626.961666666666,3837.614191967057
2025-12-09,8783.08,34.0,57.0,2025,12,9,1,343,0,1,11604.89,42.0,17047.9,39.0,19716.07,51.0,24386.96,53.0,11654.445714285714,3260.259570984362,13741.779285714283,3509.98516080684,14614.555666666665,3847.0659305839913
2025-12-10,8346.76,30.0,58.0,2025,12,10,2,344,0,1,8783.08,34.0,13305.98,41.0,12715.27,45.0,16235.550000000001,51.0,10473.757142857143,2351.346005849351,12960.85142857143,3287.7232991443207,14094.426333333333,3521.3034334799945
2025-12-11,6541.3,23.0,50.0,2025,12,11,3,345,0,1,8346.76,30.0,8464.97,34.0,16118.619999999999,39.0,17347.6,49.0,9765.297142857144,2088.1486923166394,12648.815,3512.4505318953165,13831.466666666667,3648.167146725977
2025-12-12,16102.92,46.0,87.0,2025,12,12,4,346,0,1,6541.3,23.0,11268.7,39.0,14385.1,47.0,10782.74,33.0,9490.487142857144,2392.2392896385504,11964.720714285713,3711.6802794576724,13471.256666666666,3818.536375457504
2025-12-13,10356.51,35.0,59.0,2025,12,13,5,347,1,1,16102.92,46.0,7134.900000000001,21.0,13596.289999999999,41.0,12194.0,46.0,10181.09,3453.5140097732174,12087.422142857144,3824.5270691383703,13648.596,3812.9065496236517
2025-12-14,15046.28,45.0,76.0,2025,12,14,6,348,1,1,10356.51,35.0,12753.78,45.0,17062.96,53.0,15844.19,49.0,10641.320000000002,3184.058499886566,11856.009285714286,3824.221819514847,13587.346333333333,3851.6403553725713
2025-12-15,20320.97,53.0,94.0,2025,12,15,0,349,0,1,15046.28,45.0,11604.89,42.0,17209.48,51.0,13100.85,32.0,10968.820000000002,3535.9996885416376,11711.960714285713,3646.8715195302866,13560.749333333335,3838.250281513394
2025-12-16,15505.45,38.0,81.0,2025,12,16,1,350,0,1,20320.97,53.0,8783.08,34.0,17047.9,39.0,19484.57,60.0,12213.974285714286,5020.3755336822305,11934.210000000001,4077.1080493050276,13801.42,4029.9918561310938
2025-12-17,16334.630000000001,42.0,86.0,2025,12,17,2,351,0,1,15505.45,38.0,8346.76,30.0,13305.98,41.0,11896.02,41.0,13174.312857142857,4896.121740227026,11824.035,3947.0585044381905,13668.782666666668,3899.875952521425
2025-12-18,17549.12,38.0,72.0,2025,12,18,3,352,0,1,16334.630000000001,42.0,6541.3,23.0,8464.97,34.0,16049.76,46.0,14315.437142857145,4498.133575487029,12040.367142857143,4113.997053339206,13816.736333333334,3914.4704438368776
2025-12-19,12296.14,30.0,53.0,2025,12,19,4,353,0,1,17549.12,38.0,16102.92,46.0,11268.7,39.0,14233.87,47.0,15887.982857142857,3003.010442804087,12689.235,4221.67587194535,13866.715,3953.342731987334
2025-12-20,17101.11,41.0,76.0,2025,12,20,5,354,1,1,12296.14,30.0,10356.51,35.0,7134.900000000001,21.0,8522.65,30.0,15344.157142857144,3288.701430654719,12762.62357142857,4203.975360572633,13802.124000000002,3962.9551280375103
2025-12-21,10798.98,37.0,59.0,2025,12,21,6,355,1,1,17101.11,41.0,15046.28,45.0,12753.78,45.0,14885.33,44.0,16307.671428571428,2469.9893207962546,13474.495714285715,4017.374184957755,14088.072666666667,3877.4451718962823
2025-12-22,18732.54,44.0,78.0,2025,12,22,0,356,0,1,10798.98,37.0,20320.97,53.0,11604.89,42.0,13381.08,45.0,15700.914285714285,3234.7739945620874,13334.867142857143,4077.865643754639,13951.861,3920.013870230015
2025-12-23,14446.75,47.0,84.0,2025,12,23,1,357,0,1,18732.54,44.0,15505.45,38.0,8783.08,34.0,15653.38,51.0,15473.995714285715,2894.4766993180588,13843.984999999999,4284.94757327368,14130.243,4013.783365090483
2025-12-24,10276.82,25.0,46.0,2025,12,24,2,358,0,1,14446.75,47.0,16334.630000000001,42.0,8346.76,30.0,22053.21,72.0,15322.752857142857,2920.105470410912,14248.532857142856,4030.1691588690237,14090.022,4004.027923054851
2025-12-25,15302.82,37.0,74.0,2025,12,25,3,359,0,1,10276.82,25.0,17549.12,38.0,6541.3,23.0,19716.07,51.0,14457.351428571428,3424.3539869705164,14386.394285714285,3841.3431562385017,13697.475666666665,3766.642684666243
2025-12-26,9827.75,37.0,68.0,2025,12,26,4,360,0,1,15302.82,37.0,12296.14,30.0,16102.92,46.0,12715.27,45.0,14136.451428571429,3183.084141323873,15012.217142857144,3108.7729019970825,13550.367333333332,3606.2433559696974
2025-12-27,9402.13,28.0,54.0,2025,12,27,5,361,1,1,9827.75,37.0,17101.11,41.0,10356.51,35.0,16118.619999999999,39.0,13783.824285714287,3537.887515589186,14563.990714285714,3379.9688918174156,13454.116666666667,3667.3174902808355
2025-12-28,17870.8,40.0,89.0,2025,12,28,6,362,1,1,9402.13,28.0,10798.98,37.0,15046.28,45.0,14385.1,47.0,12683.97,3531.4537278671205,14495.820714285715,3479.5149774014685,13230.233666666667,3703.87783584896
2025-12-29,16432.579999999998,39.0,71.0,2025,12,29,0,363,0,1,17870.8,40.0,18732.54,44.0,20320.97,53.0,13596.289999999999,41.0,13694.23,3895.138719566555,14697.572142857143,3593.8938281291003,13346.423666666666,3794.9092753096356
2025-12-30,16378.93,52.0,87.0,2025,12,30,1,364,0,1,16432.579999999998,39.0,14446.75,47.0,15505.45,38.0,17062.96,53.0,13365.664285714285,3473.493412837929,14419.83,3260.6821614738838,13440.966666666667,3836.4518997369933
2025-12-31,11798.07,34.0,63.0,2025,12,31,2,365,0,1,16378.93,52.0,10276.82,25.0,16334.630000000001,42.0,17209.48,51.0,13641.689999999999,3646.199654270171,14482.221428571429,3291.2661862825958,13418.165666666666,3816.162219425481
