customer_id,recency_days,frequency,monetary,state,customer_segment,R_Score,F_Score,M_Score,rfm_cell,rfm_score,rfm_segment,aov,clv_estimate
CUST_00001,7,7,1992.0900000000001,California,Consumer,5,3,3,533,11,Loyal Customers,284.58,2689.32
CUST_00002,362,2,706.7,North Carolina,Small Business,1,1,1,111,3,Lost Customers,353.35,954.04
CUST_00003,300,5,827.89,Florida,Corporate,1,2,1,121,4,Hibernating,165.58,1117.65
CUST_00004,55,2,582.7,New York,Consumer,3,1,1,311,5,Promising,291.35,786.65
CUST_00005,28,10,2852.33,Washington,Consumer,4,5,4,454,13,Champions,285.23,3850.65
CUST_00006,249,2,905.5999999999999,Massachusetts,Consumer,1,1,1,111,3,Lost Customers,452.8,1222.56
CUST_00007,42,5,2313.39,Texas,Consumer,4,2,4,424,10,Potential Loyalists,462.68,3123.08
CUST_00008,625,2,553.43,Georgia,Corporate,1,1,1,111,3,Lost Customers,276.71,747.13
CUST_00009,167,8,4106.860000000001,Massachusetts,Consumer,2,4,5,245,11,At Risk,513.36,5544.26
CUST_00010,76,6,2907.31,California,Corporate,3,3,4,334,10,Loyal Customers,484.55,3924.87
CUST_00011,71,10,2140.15,Illinois,Consumer,3,5,3,353,11,Loyal Customers,214.02,2889.2
CUST_00012,190,5,642.03,North Carolina,Small Business,2,2,1,221,5,Customers Needing Attention,128.41,866.74
CUST_00013,101,8,3527.52,Georgia,Corporate,2,4,5,245,11,At Risk,440.94,4762.15
CUST_00014,4,8,2960.71,Pennsylvania,Consumer,5,4,4,544,13,Champions,370.09,3996.96
CUST_00015,14,7,1734.83,Massachusetts,Consumer,5,3,3,533,11,Loyal Customers,247.83,2342.02
CUST_00016,218,4,2219.32,Ohio,Consumer,1,1,4,114,6,Lost Customers,554.83,2996.08
CUST_00017,243,2,305.34,Ohio,Consumer,1,1,1,111,3,Lost Customers,152.67,412.21
CUST_00018,448,6,4015.13,Texas,Consumer,1,3,5,135,9,Hibernating,669.19,5420.43
CUST_00019,29,11,4737.93,California,Consumer,4,5,5,455,14,Champions,430.72,6396.21
CUST_00020,196,6,1753.77,Colorado,Consumer,2,3,3,233,8,At Risk,292.3,2367.59
CUST_00021,14,7,4163.89,California,Consumer,5,3,5,535,13,Loyal Customers,594.84,5621.25
CUST_00022,10,5,3786.3999999999996,Washington,Consumer,5,2,5,525,12,Potential Loyalists,757.28,5111.64
CUST_00023,248,7,1573.4099999999999,Texas,Consumer,1,3,2,132,6,Hibernating,224.77,2124.1
CUST_00024,221,3,478.45,Texas,Consumer,1,1,1,111,3,Lost Customers,159.48,645.91
CUST_00025,48,4,1246.68,Massachusetts,Consumer,3,1,2,312,6,Promising,311.67,1683.02
CUST_00026,46,5,1886.1899999999998,New York,Corporate,3,2,3,323,8,Promising,377.24,2546.36
CUST_00027,214,4,1170.85,Colorado,Consumer,1,1,2,112,4,Lost Customers,292.71,1580.65
CUST_00028,19,6,3657.61,Florida,Consumer,5,3,5,535,13,Loyal Customers,609.6,4937.77
CUST_00029,77,9,3169.3,California,Consumer,3,5,5,355,13,Loyal Customers,352.14,4278.56
CUST_00030,274,9,3883.93,Florida,Consumer,1,5,5,155,11,Can't Lose Them,431.55,5243.31
CUST_00031,144,6,2323.85,Colorado,Consumer,2,3,4,234,9,At Risk,387.31,3137.2
CUST_00032,334,3,236.04000000000002,Pennsylvania,Consumer,1,1,1,111,3,Lost Customers,78.68,318.65
CUST_00033,61,3,750.87,Washington,Consumer,3,1,1,311,5,Promising,250.29,1013.67
CUST_00034,421,2,128.24,California,Small Business,1,1,1,111,3,Lost Customers,64.12,173.12
CUST_00035,240,9,2482.9100000000003,California,Small Business,1,5,4,154,10,Can't Lose Them,275.88,3351.93
CUST_00036,301,4,1043.79,Pennsylvania,Corporate,1,1,2,112,4,Lost Customers,260.95,1409.12
CUST_00037,190,5,1798.29,Washington,Consumer,2,2,3,223,7,Customers Needing Attention,359.66,2427.69
CUST_00038,3,10,2909.25,Florida,Consumer,5,5,4,554,14,Champions,290.92,3927.49
CUST_00039,280,7,3965.85,California,Consumer,1,3,5,135,9,Hibernating,566.55,5353.9
CUST_00040,1,9,3578.76,Washington,Consumer,5,5,5,555,15,Champions,397.64,4831.33
CUST_00041,140,5,893.1,Illinois,Consumer,2,2,1,221,5,Customers Needing Attention,178.62,1205.69
CUST_00042,20,8,2493.36,New York,Consumer,4,4,4,444,12,Champions,311.67,3366.04
CUST_00043,78,6,1988.73,North Carolina,Consumer,3,3,3,333,9,Loyal Customers,331.46,2684.79
CUST_00044,59,7,1430.21,Pennsylvania,Small Business,3,3,2,332,8,Loyal Customers,204.32,1930.78
CUST_00045,93,5,2745.38,Colorado,Consumer,2,2,4,224,8,Customers Needing Attention,549.08,3706.26
CUST_00046,44,7,2487.51,Massachusetts,Consumer,3,3,4,334,10,Loyal Customers,355.36,3358.14
CUST_00047,97,8,2714.08,Massachusetts,Consumer,2,4,4,244,10,At Risk,339.26,3664.01
CUST_00048,8,7,2564.09,New York,Consumer,5,3,4,534,12,Loyal Customers,366.3,3461.52
CUST_00049,25,4,849.5699999999999,Massachusetts,Consumer,4,1,1,411,6,Potential Loyalists,212.39,1146.92
CUST_00050,59,10,3415.58,Texas,Consumer,3,5,5,355,13,Loyal Customers,341.56,4611.03
CUST_00051,310,6,1594.45,Ohio,Small Business,1,3,2,132,6,Hibernating,265.74,2152.51
CUST_00052,1,6,2448.67,California,Corporate,5,3,4,534,12,Loyal Customers,408.11,3305.7
CUST_00053,33,11,4102.9800000000005,Georgia,Small Business,4,5,5,455,14,Champions,373.0,5539.02
CUST_00054,200,5,507.51,California,Corporate,2,2,1,221,5,Customers Needing Attention,101.5,685.14
CUST_00055,48,5,1126.75,New York,Consumer,3,2,2,322,7,Promising,225.35,1521.11
CUST_00056,375,4,755.19,Massachusetts,Small Business,1,1,1,111,3,Lost Customers,188.8,1019.51
CUST_00057,38,8,2921.77,Georgia,Consumer,4,4,4,444,12,Champions,365.22,3944.39
CUST_00058,16,10,1562.68,New York,Consumer,5,5,2,552,12,Champions,156.27,2109.62
CUST_00059,114,10,6211.3099999999995,Florida,Consumer,2,5,5,255,12,At Risk,621.13,8385.27
CUST_00060,77,4,880.75,Colorado,Consumer,3,1,1,311,5,Promising,220.19,1189.01
CUST_00061,392,3,1654.64,New York,Consumer,1,1,3,113,5,Lost Customers,551.55,2233.76
CUST_00062,215,4,1720.86,Washington,Consumer,1,1,3,113,5,Lost Customers,430.22,2323.16
CUST_00063,336,1,81.24,Texas,Corporate,1,1,1,111,3,Lost Customers,81.24,109.67
CUST_00064,187,6,3461.99,Texas,Consumer,2,3,5,235,10,At Risk,577.0,4673.69
CUST_00065,31,4,710.99,California,Consumer,4,1,1,411,6,Potential Loyalists,177.75,959.84
CUST_00066,25,5,2027.33,Texas,Consumer,4,2,3,423,9,Potential Loyalists,405.47,2736.9
CUST_00067,39,5,2174.25,Texas,Consumer,4,2,3,423,9,Potential Loyalists,434.85,2935.24
CUST_00068,4,5,1563.66,California,Corporate,5,2,2,522,9,Potential Loyalists,312.73,2110.94
CUST_00069,42,7,3684.87,Ohio,Consumer,4,3,5,435,12,Loyal Customers,526.41,4974.57
CUST_00070,35,5,1115.85,California,Small Business,4,2,2,422,8,Potential Loyalists,223.17,1506.4
CUST_00071,366,8,2507.39,Texas,Corporate,1,4,4,144,9,Can't Lose Them,313.42,3384.98
CUST_00072,96,5,1192.3,Texas,Consumer,2,2,2,222,6,Customers Needing Attention,238.46,1609.6
CUST_00073,548,1,929.49,Georgia,Consumer,1,1,1,111,3,Lost Customers,929.49,1254.81
CUST_00074,105,6,1188.02,Pennsylvania,Corporate,2,3,2,232,7,At Risk,198.0,1603.83
CUST_00075,2,10,1929.1999999999998,New York,Corporate,5,5,3,553,13,Champions,192.92,2604.42
CUST_00076,14,9,1776.78,California,Corporate,5,5,3,553,13,Champions,197.42,2398.65
CUST_00077,10,8,2188.71,Colorado,Corporate,5,4,3,543,12,Champions,273.59,2954.76
CUST_00078,17,6,718.46,Pennsylvania,Consumer,5,3,1,531,9,Loyal Customers,119.74,969.92
CUST_00079,16,1,448.4,Pennsylvania,Consumer,5,1,1,511,7,Potential Loyalists,448.4,605.34
CUST_00080,41,9,3823.42,California,Consumer,4,5,5,455,14,Champions,424.82,5161.62
CUST_00081,372,5,3771.31,California,Corporate,1,2,5,125,8,Hibernating,754.26,5091.27
CUST_00082,40,7,4081.92,Ohio,Consumer,4,3,5,435,12,Loyal Customers,583.13,5510.59
CUST_00083,262,2,1537.09,North Carolina,Consumer,1,1,2,112,4,Lost Customers,768.54,2075.07
CUST_00084,48,7,1402.8700000000001,Georgia,Consumer,3,3,2,332,8,Loyal Customers,200.41,1893.87
CUST_00085,198,3,210.39,Texas,Consumer,2,1,1,211,4,Customers Needing Attention,70.13,284.03
CUST_00086,3,6,1984.1,Georgia,Consumer,5,3,3,533,11,Loyal Customers,330.68,2678.54
CUST_00087,46,6,1056.68,Georgia,Corporate,3,3,2,332,8,Loyal Customers,176.11,1426.52
CUST_00088,9,4,1084.77,Illinois,Consumer,5,1,2,512,8,Potential Loyalists,271.19,1464.44
CUST_00089,312,9,3315.8199999999997,New York,Corporate,1,5,5,155,11,Can't Lose Them,368.42,4476.36
CUST_00090,106,11,4405.63,California,Consumer,2,5,5,255,12,At Risk,400.51,5947.6
CUST_00091,3,4,2217.94,New York,Consumer,5,1,3,513,9,Potential Loyalists,554.48,2994.22
CUST_00092,246,4,966.59,California,Corporate,1,1,1,111,3,Lost Customers,241.65,1304.9
CUST_00093,53,7,3293.03,Illinois,Corporate,3,3,5,335,11,Loyal Customers,470.43,4445.59
CUST_00094,98,9,3175.23,Washington,Consumer,2,5,5,255,12,At Risk,352.8,4286.56
CUST_00095,94,10,5293.33,Florida,Corporate,2,5,5,255,12,At Risk,529.33,7146.0
CUST_00096,115,7,3477.2,New York,Consumer,2,3,5,235,10,At Risk,496.74,4694.22
CUST_00097,11,4,1460.04,New York,Consumer,5,1,2,512,8,Potential Loyalists,365.01,1971.05
CUST_00098,183,6,5955.61,New York,Consumer,2,3,5,235,10,At Risk,992.6,8040.07
CUST_00099,258,7,1357.03,New York,Consumer,1,3,2,132,6,Hibernating,193.86,1831.99
CUST_00100,115,8,1405.84,Georgia,Consumer,2,4,2,242,8,At Risk,175.73,1897.88
CUST_00101,59,7,3081.27,Ohio,Consumer,3,3,4,334,10,Loyal Customers,440.18,4159.71
CUST_00102,18,5,943.3800000000001,California,Consumer,5,2,1,521,8,Potential Loyalists,188.68,1273.56
CUST_00103,103,3,338.26,Illinois,Consumer,2,1,1,211,4,Customers Needing Attention,112.75,456.65
CUST_00104,19,5,1038.5,New York,Consumer,5,2,2,522,9,Potential Loyalists,207.7,1401.98
CUST_00105,5,10,3251.62,New York,Small Business,5,5,5,555,15,Champions,325.16,4389.69
CUST_00106,44,7,2042.74,North Carolina,Consumer,3,3,3,333,9,Loyal Customers,291.82,2757.7
CUST_00107,245,4,2348.9700000000003,Colorado,Consumer,1,1,4,114,6,Lost Customers,587.24,3171.11
CUST_00108,68,11,3977.34,Florida,Corporate,3,5,5,355,13,Loyal Customers,361.58,5369.41
CUST_00109,72,4,738.19,California,Consumer,3,1,1,311,5,Promising,184.55,996.56
CUST_00110,15,9,2062.54,California,Consumer,5,5,3,553,13,Champions,229.17,2784.43
CUST_00111,371,4,1701.04,Colorado,Consumer,1,1,3,113,5,Lost Customers,425.26,2296.4
CUST_00112,30,6,3273.11,Colorado,Consumer,4,3,5,435,12,Loyal Customers,545.52,4418.7
CUST_00113,10,10,2625.59,North Carolina,Small Business,5,5,4,554,14,Champions,262.56,3544.55
CUST_00114,31,6,3489.6800000000003,New York,Corporate,4,3,5,435,12,Loyal Customers,581.61,4711.07
CUST_00115,51,7,2432.6,North Carolina,Consumer,3,3,4,334,10,Loyal Customers,347.51,3284.01
CUST_00116,48,8,2015.71,Texas,Corporate,3,4,3,343,10,Loyal Customers,251.96,2721.21
CUST_00117,592,1,243.4,California,Corporate,1,1,1,111,3,Lost Customers,243.4,328.59
CUST_00118,192,5,1187.56,New York,Consumer,2,2,2,222,6,Customers Needing Attention,237.51,1603.21
CUST_00119,65,8,2508.12,New York,Corporate,3,4,4,344,11,Loyal Customers,313.52,3385.96
CUST_00120,269,7,1633.3400000000001,Texas,Consumer,1,3,3,133,7,Hibernating,233.33,2205.01
CUST_00121,7,3,315.90000000000003,Texas,Corporate,5,1,1,511,7,Potential Loyalists,105.3,426.47
CUST_00122,198,6,2526.76,California,Corporate,2,3,4,234,9,At Risk,421.13,3411.13
CUST_00123,323,8,2741.19,California,Consumer,1,4,4,144,9,Can't Lose Them,342.65,3700.61
CUST_00124,34,7,3396.2400000000002,Georgia,Consumer,4,3,5,435,12,Loyal Customers,485.18,4584.92
CUST_00125,390,5,1224.8700000000001,Florida,Consumer,1,2,2,122,5,Hibernating,244.97,1653.57
CUST_00126,15,6,1065.48,Illinois,Consumer,5,3,2,532,10,Loyal Customers,177.58,1438.4
CUST_00127,51,5,815.4300000000001,Washington,Corporate,3,2,1,321,6,Promising,163.09,1100.83
CUST_00128,2,4,1841.98,Texas,Corporate,5,1,3,513,9,Potential Loyalists,460.5,2486.67
CUST_00129,25,7,3224.45,North Carolina,Consumer,4,3,5,435,12,Loyal Customers,460.64,4353.01
CUST_00130,38,7,2117.33,Illinois,Consumer,4,3,3,433,10,Loyal Customers,302.48,2858.4
CUST_00131,14,6,2257.48,California,Consumer,5,3,4,534,12,Loyal Customers,376.25,3047.6
CUST_00132,33,7,5197.37,North Carolina,Consumer,4,3,5,435,12,Loyal Customers,742.48,7016.45
CUST_00133,193,8,2144.11,New York,Consumer,2,4,3,243,9,At Risk,268.01,2894.55
CUST_00134,111,5,956.53,Florida,Consumer,2,2,1,221,5,Customers Needing Attention,191.31,1291.32
CUST_00135,35,3,1733.5900000000001,New York,Small Business,4,1,3,413,8,Potential Loyalists,577.86,2340.35
CUST_00136,2,9,3186.15,Pennsylvania,Consumer,5,5,5,555,15,Champions,354.02,4301.3
CUST_00137,27,6,1270.91,Colorado,Consumer,4,3,2,432,9,Loyal Customers,211.82,1715.73
CUST_00138,51,9,2677.37,Illinois,Corporate,3,5,4,354,12,Loyal Customers,297.49,3614.45
CUST_00139,384,1,120.66,Colorado,Consumer,1,1,1,111,3,Lost Customers,120.66,162.89
CUST_00140,79,6,929.46,Florida,Small Business,3,3,1,331,7,Loyal Customers,154.91,1254.77
CUST_00141,74,4,2912.14,Washington,Small Business,3,1,4,314,8,Promising,728.04,3931.39
CUST_00142,16,4,1750.3899999999999,Colorado,Consumer,5,1,3,513,9,Potential Loyalists,437.6,2363.03
CUST_00143,33,9,3317.9,Washington,Consumer,4,5,5,455,14,Champions,368.66,4479.16
CUST_00144,85,7,1584.11,North Carolina,Consumer,3,3,2,332,8,Loyal Customers,226.3,2138.55
CUST_00145,53,7,1381.35,Ohio,Consumer,3,3,2,332,8,Loyal Customers,197.34,1864.82
CUST_00146,58,5,2134.87,Texas,Consumer,3,2,3,323,8,Promising,426.97,2882.07
CUST_00147,9,8,1637.12,North Carolina,Consumer,5,4,3,543,12,Champions,204.64,2210.11
CUST_00148,25,8,3597.89,New York,Consumer,4,4,5,445,13,Champions,449.74,4857.15
CUST_00149,30,9,2495.35,Texas,Consumer,4,5,4,454,13,Champions,277.26,3368.72
CUST_00150,410,5,1912.29,Colorado,Consumer,1,2,3,123,6,Hibernating,382.46,2581.59
CUST_00151,128,4,1513.9,Texas,Small Business,2,1,2,212,5,Customers Needing Attention,378.48,2043.77
CUST_00152,123,3,749.71,Massachusetts,Consumer,2,1,1,211,4,Customers Needing Attention,249.9,1012.11
CUST_00153,86,5,1462.76,California,Consumer,3,2,2,322,7,Promising,292.55,1974.73
CUST_00154,265,5,1444.87,Illinois,Consumer,1,2,2,122,5,Hibernating,288.97,1950.57
CUST_00155,2,6,3246.25,Florida,Small Business,5,3,5,535,13,Loyal Customers,541.04,4382.44
CUST_00156,214,3,2598.19,Illinois,Consumer,1,1,4,114,6,Lost Customers,866.06,3507.56
CUST_00157,47,7,1166.91,Washington,Consumer,3,3,2,332,8,Loyal Customers,166.7,1575.33
CUST_00158,41,4,699.14,California,Corporate,4,1,1,411,6,Potential Loyalists,174.78,943.84
CUST_00159,271,3,294.27,Illinois,Consumer,1,1,1,111,3,Lost Customers,98.09,397.26
CUST_00160,60,6,1946.8700000000001,Georgia,Corporate,3,3,3,333,9,Loyal Customers,324.48,2628.27
CUST_00161,269,7,3301.03,Washington,Consumer,1,3,5,135,9,Hibernating,471.58,4456.39
CUST_00162,11,7,2592.32,Illinois,Consumer,5,3,4,534,12,Loyal Customers,370.33,3499.63
CUST_00163,280,3,2091.98,New York,Consumer,1,1,3,113,5,Lost Customers,697.33,2824.17
CUST_00164,120,6,2315.05,New York,Consumer,2,3,4,234,9,At Risk,385.84,3125.32
CUST_00165,297,5,1156.47,California,Consumer,1,2,2,122,5,Hibernating,231.29,1561.23
CUST_00166,1,6,2386.42,New York,Corporate,5,3,4,534,12,Loyal Customers,397.74,3221.67
CUST_00167,18,4,1063.58,Texas,Consumer,5,1,2,512,8,Potential Loyalists,265.9,1435.83
CUST_00168,128,4,1894.92,Colorado,Consumer,2,1,3,213,6,Customers Needing Attention,473.73,2558.14
CUST_00169,48,4,717.26,Texas,Consumer,3,1,1,311,5,Promising,179.32,968.3
CUST_00170,103,5,3703.05,Colorado,Consumer,2,2,5,225,9,Customers Needing Attention,740.61,4999.12
CUST_00171,28,9,3196.69,Florida,Consumer,4,5,5,455,14,Champions,355.19,4315.53
CUST_00172,176,5,503.39,Colorado,Consumer,2,2,1,221,5,Customers Needing Attention,100.68,679.58
CUST_00173,214,6,1825.66,North Carolina,Consumer,1,3,3,133,7,Hibernating,304.28,2464.64
CUST_00174,301,4,266.31,Texas,Consumer,1,1,1,111,3,Lost Customers,66.58,359.52
CUST_00175,56,5,1211.9,California,Consumer,3,2,2,322,7,Promising,242.38,1636.07
CUST_00176,123,6,1624.29,Ohio,Consumer,2,3,3,233,8,At Risk,270.71,2192.79
CUST_00177,26,8,1780.98,Florida,Consumer,4,4,3,443,11,Champions,222.62,2404.32
CUST_00178,305,5,1236.3200000000002,Colorado,Consumer,1,2,2,122,5,Hibernating,247.26,1669.03
CUST_00179,125,4,548.27,California,Small Business,2,1,1,211,4,Customers Needing Attention,137.07,740.16
CUST_00180,13,6,1249.6200000000001,California,Consumer,5,3,2,532,10,Loyal Customers,208.27,1686.99
CUST_00181,23,7,3058.29,North Carolina,Consumer,4,3,4,434,11,Loyal Customers,436.9,4128.69
CUST_00182,118,7,1584.6799999999998,California,Consumer,2,3,2,232,7,At Risk,226.38,2139.32
CUST_00183,405,2,391.33,Illinois,Small Business,1,1,1,111,3,Lost Customers,195.66,528.3
CUST_00184,31,7,3112.52,New York,Corporate,4,3,5,435,12,Loyal Customers,444.65,4201.9
CUST_00185,24,7,1634.27,New York,Consumer,4,3,3,433,10,Loyal Customers,233.47,2206.26
CUST_00186,6,10,3002.62,California,Consumer,5,5,4,554,14,Champions,300.26,4053.54
CUST_00187,2,5,1511.77,Texas,Corporate,5,2,2,522,9,Potential Loyalists,302.35,2040.89
CUST_00188,138,6,2539.33,North Carolina,Consumer,2,3,4,234,9,At Risk,423.22,3428.1
CUST_00189,33,5,899.19,Texas,Consumer,4,2,1,421,7,Potential Loyalists,179.84,1213.91
CUST_00190,48,8,2068.88,Texas,Consumer,3,4,3,343,10,Loyal Customers,258.61,2792.99
CUST_00191,437,6,1317.34,California,Consumer,1,3,2,132,6,Hibernating,219.56,1778.41
CUST_00192,30,5,2505.27,Ohio,Corporate,4,2,4,424,10,Potential Loyalists,501.05,3382.11
CUST_00193,89,8,3082.0,Texas,Small Business,3,4,4,344,11,Loyal Customers,385.25,4160.7
CUST_00194,11,7,3521.8,California,Consumer,5,3,5,535,13,Loyal Customers,503.11,4754.43
CUST_00195,4,10,3923.71,Georgia,Consumer,5,5,5,555,15,Champions,392.37,5297.01
CUST_00196,13,5,1384.35,Washington,Consumer,5,2,2,522,9,Potential Loyalists,276.87,1868.87
CUST_00197,37,7,2084.2400000000002,North Carolina,Corporate,4,3,3,433,10,Loyal Customers,297.75,2813.72
CUST_00198,172,2,482.11,Massachusetts,Corporate,2,1,1,211,4,Customers Needing Attention,241.06,650.85
CUST_00199,299,6,3707.31,Washington,Corporate,1,3,5,135,9,Hibernating,617.88,5004.87
CUST_00200,34,2,128.21,California,Corporate,4,1,1,411,6,Potential Loyalists,64.1,173.08
CUST_00201,41,5,710.52,Illinois,Consumer,4,2,1,421,7,Potential Loyalists,142.1,959.2
CUST_00202,331,6,2153.74,Ohio,Consumer,1,3,3,133,7,Hibernating,358.96,2907.55
CUST_00203,237,5,1445.96,Pennsylvania,Consumer,1,2,2,122,5,Hibernating,289.19,1952.05
CUST_00204,9,8,2451.17,California,Corporate,5,4,4,544,13,Champions,306.4,3309.08
CUST_00205,331,5,1906.43,Texas,Consumer,1,2,3,123,6,Hibernating,381.29,2573.68
CUST_00206,59,5,486.88,Illinois,Consumer,3,2,1,321,6,Promising,97.38,657.29
CUST_00207,41,7,1810.85,Ohio,Consumer,4,3,3,433,10,Loyal Customers,258.69,2444.65
CUST_00208,61,9,3043.09,Texas,Consumer,3,5,4,354,12,Loyal Customers,338.12,4108.17
CUST_00209,228,10,4287.67,Illinois,Consumer,1,5,5,155,11,Can't Lose Them,428.77,5788.35
CUST_00210,25,9,5063.1900000000005,Georgia,Consumer,4,5,5,455,14,Champions,562.58,6835.31
CUST_00211,11,6,1089.23,Illinois,Consumer,5,3,2,532,10,Loyal Customers,181.54,1470.46
CUST_00212,65,7,1080.22,Washington,Consumer,3,3,2,332,8,Loyal Customers,154.32,1458.3
CUST_00213,52,12,3845.14,Georgia,Consumer,3,5,5,355,13,Loyal Customers,320.43,5190.94
CUST_00214,57,5,2571.89,Texas,Consumer,3,2,4,324,9,Promising,514.38,3472.05
CUST_00215,385,4,1170.79,New York,Corporate,1,1,2,112,4,Lost Customers,292.7,1580.57
CUST_00216,443,2,679.74,Florida,Consumer,1,1,1,111,3,Lost Customers,339.87,917.65
CUST_00217,175,7,1737.13,Texas,Consumer,2,3,3,233,8,At Risk,248.16,2345.13
CUST_00218,202,2,933.9000000000001,Colorado,Corporate,2,1,1,211,4,Customers Needing Attention,466.95,1260.77
CUST_00219,34,8,1276.81,Georgia,Consumer,4,4,2,442,10,Champions,159.6,1723.69
CUST_00220,17,5,1817.0,Massachusetts,Corporate,5,2,3,523,10,Potential Loyalists,363.4,2452.95
CUST_00221,98,5,2060.46,California,Consumer,2,2,3,223,7,Customers Needing Attention,412.09,2781.62
CUST_00222,481,4,1223.3899999999999,California,Consumer,1,1,2,112,4,Lost Customers,305.85,1651.58
CUST_00223,10,6,1820.0300000000002,Washington,Consumer,5,3,3,533,11,Loyal Customers,303.34,2457.04
CUST_00224,61,7,1764.3600000000001,California,Consumer,3,3,3,333,9,Loyal Customers,252.05,2381.89
CUST_00225,64,9,1974.0800000000002,Washington,Consumer,3,5,3,353,11,Loyal Customers,219.34,2665.01
CUST_00226,51,4,1132.24,New York,Consumer,3,1,2,312,6,Promising,283.06,1528.52
CUST_00227,68,7,1917.37,Illinois,Small Business,3,3,3,333,9,Loyal Customers,273.91,2588.45
CUST_00228,32,2,115.21000000000001,New York,Consumer,4,1,1,411,6,Potential Loyalists,57.6,155.53
CUST_00229,209,4,670.36,North Carolina,Corporate,2,1,1,211,4,Customers Needing Attention,167.59,904.99
CUST_00230,289,6,2607.62,Florida,Consumer,1,3,4,134,8,Hibernating,434.6,3520.29
CUST_00231,333,5,1471.01,Florida,Corporate,1,2,2,122,5,Hibernating,294.2,1985.86
CUST_00232,28,13,3176.85,New York,Consumer,4,5,5,455,14,Champions,244.37,4288.75
CUST_00233,7,7,1831.04,Texas,Consumer,5,3,3,533,11,Loyal Customers,261.58,2471.9
CUST_00234,44,6,4605.12,Illinois,Consumer,3,3,5,335,11,Loyal Customers,767.52,6216.91
CUST_00235,222,3,1446.08,Ohio,Consumer,1,1,2,112,4,Lost Customers,482.03,1952.21
CUST_00236,183,7,2794.69,Texas,Corporate,2,3,4,234,9,At Risk,399.24,3772.83
CUST_00237,304,3,566.49,North Carolina,Consumer,1,1,1,111,3,Lost Customers,188.83,764.76
CUST_00238,235,6,3100.29,New York,Consumer,1,3,5,135,9,Hibernating,516.72,4185.39
CUST_00239,143,6,817.11,Washington,Consumer,2,3,1,231,6,At Risk,136.18,1103.1
CUST_00240,159,6,3489.9,Colorado,Consumer,2,3,5,235,10,At Risk,581.65,4711.37
CUST_00241,89,3,246.36,California,Small Business,3,1,1,311,5,Promising,82.12,332.59
CUST_00242,94,5,1993.85,Pennsylvania,Small Business,2,2,3,223,7,Customers Needing Attention,398.77,2691.7
CUST_00243,31,8,6224.57,California,Small Business,4,4,5,445,13,Champions,778.07,8403.17
CUST_00244,59,10,2797.5,Colorado,Consumer,3,5,4,354,12,Loyal Customers,279.75,3776.63
CUST_00245,207,3,1901.6499999999999,New York,Consumer,2,1,3,213,6,Customers Needing Attention,633.88,2567.23
CUST_00246,254,4,1999.3,New York,Small Business,1,1,3,113,5,Lost Customers,499.82,2699.06
CUST_00247,190,5,824.6899999999999,New York,Consumer,2,2,1,221,5,Customers Needing Attention,164.94,1113.33
CUST_00248,67,11,4528.96,Texas,Small Business,3,5,5,355,13,Loyal Customers,411.72,6114.1
CUST_00249,48,4,1462.75,Washington,Small Business,3,1,2,312,6,Promising,365.69,1974.71
CUST_00250,128,6,3154.07,Florida,Corporate,2,3,5,235,10,At Risk,525.68,4257.99
CUST_00251,58,9,2454.65,New York,Consumer,3,5,4,354,12,Loyal Customers,272.74,3313.78
CUST_00252,98,4,1207.91,Ohio,Consumer,2,1,2,212,5,Customers Needing Attention,301.98,1630.68
CUST_00253,51,9,5515.59,New York,Corporate,3,5,5,355,13,Loyal Customers,612.84,7446.05
CUST_00254,49,4,1171.67,Illinois,Consumer,3,1,2,312,6,Promising,292.92,1581.75
CUST_00255,34,7,2705.83,California,Consumer,4,3,4,434,11,Loyal Customers,386.55,3652.87
CUST_00256,195,7,890.26,Texas,Consumer,2,3,1,231,6,At Risk,127.18,1201.85
CUST_00257,3,12,3586.98,California,Small Business,5,5,5,555,15,Champions,298.92,4842.42
CUST_00258,100,5,2256.95,Florida,Consumer,2,2,4,224,8,Customers Needing Attention,451.39,3046.88
CUST_00259,118,5,1269.1200000000001,Florida,Consumer,2,2,2,222,6,Customers Needing Attention,253.82,1713.31
CUST_00260,53,6,1594.07,Texas,Consumer,3,3,2,332,8,Loyal Customers,265.68,2151.99
CUST_00261,119,7,913.5,Colorado,Consumer,2,3,1,231,6,At Risk,130.5,1233.23
CUST_00262,1,13,3667.41,New York,Small Business,5,5,5,555,15,Champions,282.11,4951.0
CUST_00263,50,8,2978.7799999999997,Massachusetts,Consumer,3,4,4,344,11,Loyal Customers,372.35,4021.35
CUST_00264,44,8,2666.82,Ohio,Consumer,3,4,4,344,11,Loyal Customers,333.35,3600.21
CUST_00265,20,4,404.2,Colorado,Corporate,4,1,1,411,6,Potential Loyalists,101.05,545.67
CUST_00266,7,6,2706.09,Texas,Corporate,5,3,4,534,12,Loyal Customers,451.02,3653.22
CUST_00267,39,7,1048.31,Florida,Consumer,4,3,2,432,9,Loyal Customers,149.76,1415.22
CUST_00268,90,7,2036.7,Texas,Corporate,3,3,3,333,9,Loyal Customers,290.96,2749.54
CUST_00269,45,6,2421.94,Illinois,Consumer,3,3,4,334,10,Loyal Customers,403.66,3269.62
CUST_00270,336,4,1179.21,North Carolina,Consumer,1,1,2,112,4,Lost Customers,294.8,1591.93
CUST_00271,265,4,1344.93,Pennsylvania,Corporate,1,1,2,112,4,Lost Customers,336.23,1815.66
CUST_00272,465,2,62.03,North Carolina,Corporate,1,1,1,111,3,Lost Customers,31.02,83.74
CUST_00273,387,3,504.05,Washington,Corporate,1,1,1,111,3,Lost Customers,168.02,680.47
CUST_00274,483,4,1007.22,Pennsylvania,Small Business,1,1,1,111,3,Lost Customers,251.8,1359.75
CUST_00275,130,5,457.31,Ohio,Consumer,2,2,1,221,5,Customers Needing Attention,91.46,617.37
CUST_00276,31,14,6844.75,New York,Consumer,4,5,5,455,14,Champions,488.91,9240.41
CUST_00277,112,9,3506.7,Washington,Corporate,2,5,5,255,12,At Risk,389.63,4734.04
CUST_00278,58,10,4520.33,Ohio,Consumer,3,5,5,355,13,Loyal Customers,452.03,6102.45
CUST_00279,70,7,1945.73,Florida,Corporate,3,3,3,333,9,Loyal Customers,277.96,2626.74
CUST_00280,13,10,5933.5,Colorado,Corporate,5,5,5,555,15,Champions,593.35,8010.22
CUST_00281,58,9,1601.77,New York,Corporate,3,5,2,352,10,Loyal Customers,177.97,2162.39
CUST_00282,12,8,2765.19,Washington,Consumer,5,4,4,544,13,Champions,345.65,3733.01
CUST_00283,188,4,477.71,New York,Consumer,2,1,1,211,4,Customers Needing Attention,119.43,644.91
CUST_00284,173,13,3976.55,Massachusetts,Consumer,2,5,5,255,12,At Risk,305.89,5368.34
CUST_00285,37,8,1421.04,California,Consumer,4,4,2,442,10,Champions,177.63,1918.4
CUST_00286,24,3,339.06,North Carolina,Consumer,4,1,1,411,6,Potential Loyalists,113.02,457.73
CUST_00287,47,8,2696.23,North Carolina,Consumer,3,4,4,344,11,Loyal Customers,337.03,3639.91
CUST_00288,142,5,2803.7200000000003,Illinois,Consumer,2,2,4,224,8,Customers Needing Attention,560.74,3785.02
CUST_00289,160,4,2143.18,Florida,Consumer,2,1,3,213,6,Customers Needing Attention,535.79,2893.29
CUST_00290,32,7,2092.5,North Carolina,Consumer,4,3,3,433,10,Loyal Customers,298.93,2824.88
CUST_00291,56,6,854.25,Florida,Consumer,3,3,1,331,7,Loyal Customers,142.38,1153.24
CUST_00292,405,1,1051.8899999999999,Illinois,Consumer,1,1,2,112,4,Lost Customers,1051.89,1420.05
CUST_00293,208,9,3084.48,Florida,Corporate,2,5,4,254,11,At Risk,342.72,4164.05
CUST_00294,88,7,2486.23,Pennsylvania,Consumer,3,3,4,334,10,Loyal Customers,355.18,3356.41
CUST_00295,166,7,1298.64,Texas,Consumer,2,3,2,232,7,At Risk,185.52,1753.16
CUST_00296,93,3,731.37,Texas,Consumer,2,1,1,211,4,Customers Needing Attention,243.79,987.35
CUST_00297,3,10,3305.5800000000004,New York,Corporate,5,5,5,555,15,Champions,330.56,4462.53
CUST_00298,2,9,4574.7300000000005,New York,Consumer,5,5,5,555,15,Champions,508.3,6175.89
CUST_00299,20,8,3558.29,Illinois,Consumer,4,4,5,445,13,Champions,444.79,4803.69
CUST_00300,409,3,1778.3700000000001,Texas,Consumer,1,1,3,113,5,Lost Customers,592.79,2400.8
CUST_00301,54,5,1063.8899999999999,Pennsylvania,Consumer,3,2,2,322,7,Promising,212.78,1436.25
CUST_00302,142,5,2060.08,Texas,Consumer,2,2,3,223,7,Customers Needing Attention,412.02,2781.11
CUST_00303,28,4,1402.79,North Carolina,Consumer,4,1,2,412,7,Potential Loyalists,350.7,1893.77
CUST_00304,54,5,1852.0100000000002,Colorado,Consumer,3,2,3,323,8,Promising,370.4,2500.21
CUST_00305,8,10,4375.6,Washington,Corporate,5,5,5,555,15,Champions,437.56,5907.06
CUST_00306,20,8,2069.84,Pennsylvania,Small Business,4,4,3,443,11,Champions,258.73,2794.28
CUST_00307,31,6,1552.5,Ohio,Consumer,4,3,2,432,9,Loyal Customers,258.75,2095.88
CUST_00308,43,6,1917.79,Florida,Consumer,4,3,3,433,10,Loyal Customers,319.63,2589.02
CUST_00309,46,6,1511.69,Illinois,Corporate,3,3,2,332,8,Loyal Customers,251.95,2040.78
CUST_00310,51,8,2393.55,Florida,Consumer,3,4,4,344,11,Loyal Customers,299.19,3231.29
CUST_00311,420,3,1798.1799999999998,Ohio,Consumer,1,1,3,113,5,Lost Customers,599.39,2427.54
CUST_00312,279,8,2754.98,New York,Consumer,1,4,4,144,9,Can't Lose Them,344.37,3719.22
CUST_00313,55,7,1731.21,California,Consumer,3,3,3,333,9,Loyal Customers,247.32,2337.13
CUST_00314,18,4,544.13,Pennsylvania,Small Business,5,1,1,511,7,Potential Loyalists,136.03,734.58
CUST_00315,27,5,2022.97,Florida,Corporate,4,2,3,423,9,Potential Loyalists,404.59,2731.01
CUST_00316,142,6,2043.47,New York,Consumer,2,3,3,233,8,At Risk,340.58,2758.68
CUST_00317,176,6,932.71,Texas,Consumer,2,3,1,231,6,At Risk,155.45,1259.16
CUST_00318,15,6,2829.34,Texas,Consumer,5,3,4,534,12,Loyal Customers,471.56,3819.61
CUST_00319,44,3,323.79999999999995,Illinois,Consumer,3,1,1,311,5,Promising,107.93,437.13
CUST_00320,96,3,1205.72,California,Consumer,2,1,2,212,5,Customers Needing Attention,401.91,1627.72
CUST_00321,147,6,2895.9900000000002,Pennsylvania,Consumer,2,3,4,234,9,At Risk,482.66,3909.59
CUST_00322,4,8,5093.43,Illinois,Corporate,5,4,5,545,14,Champions,636.68,6876.13
CUST_00323,49,5,1282.96,Texas,Consumer,3,2,2,322,7,Promising,256.59,1732.0
CUST_00324,240,8,3771.95,Georgia,Consumer,1,4,5,145,10,Can't Lose Them,471.49,5092.13
CUST_00325,110,5,2439.2200000000003,Pennsylvania,Small Business,2,2,4,224,8,Customers Needing Attention,487.84,3292.95
CUST_00326,106,11,3776.59,California,Corporate,2,5,5,255,12,At Risk,343.33,5098.4
CUST_00327,130,7,2436.12,New York,Consumer,2,3,4,234,9,At Risk,348.02,3288.76
CUST_00328,44,9,2262.29,Ohio,Consumer,3,5,4,354,12,Loyal Customers,251.37,3054.09
CUST_00329,6,4,556.37,North Carolina,Consumer,5,1,1,511,7,Potential Loyalists,139.09,751.1
CUST_00330,426,7,2280.3500000000004,New York,Consumer,1,3,4,134,8,Hibernating,325.76,3078.47
CUST_00331,10,12,4400.26,Florida,Consumer,5,5,5,555,15,Champions,366.69,5940.35
CUST_00332,289,4,1632.21,Florida,Corporate,1,1,3,113,5,Lost Customers,408.05,2203.48
CUST_00333,16,3,626.76,Massachusetts,Consumer,5,1,1,511,7,Potential Loyalists,208.92,846.13
CUST_00334,1,10,2115.85,California,Consumer,5,5,3,553,13,Champions,211.58,2856.4
CUST_00335,35,2,1232.41,New York,Consumer,4,1,2,412,7,Potential Loyalists,616.21,1663.75
CUST_00336,23,3,773.83,California,Consumer,4,1,1,411,6,Potential Loyalists,257.94,1044.67
CUST_00337,8,8,3363.9199999999996,Colorado,Corporate,5,4,5,545,14,Champions,420.49,4541.29
CUST_00338,61,12,2819.34,California,Corporate,3,5,4,354,12,Loyal Customers,234.95,3806.11
CUST_00339,253,7,1756.8700000000001,California,Consumer,1,3,3,133,7,Hibernating,250.98,2371.77
CUST_00340,211,5,3123.9700000000003,Florida,Consumer,2,2,5,225,9,Customers Needing Attention,624.79,4217.36
CUST_00341,21,7,3254.52,Florida,Consumer,4,3,5,435,12,Loyal Customers,464.93,4393.6
CUST_00342,55,8,1115.77,Washington,Consumer,3,4,2,342,9,Loyal Customers,139.47,1506.29
CUST_00343,51,6,2760.37,New York,Consumer,3,3,4,334,10,Loyal Customers,460.06,3726.5
CUST_00344,82,9,3822.49,Washington,Consumer,3,5,5,355,13,Loyal Customers,424.72,5160.36
CUST_00345,413,5,807.45,Ohio,Consumer,1,2,1,121,4,Hibernating,161.49,1090.06
CUST_00346,3,6,2889.89,California,Consumer,5,3,4,534,12,Loyal Customers,481.65,3901.35
CUST_00347,210,4,1100.4,Washington,Consumer,2,1,2,212,5,Customers Needing Attention,275.1,1485.54
CUST_00348,45,9,2655.04,California,Consumer,3,5,4,354,12,Loyal Customers,295.0,3584.3
CUST_00349,162,8,4225.38,Ohio,Consumer,2,4,5,245,11,At Risk,528.17,5704.26
CUST_00350,262,5,473.71,North Carolina,Consumer,1,2,1,121,4,Hibernating,94.74,639.51
CUST_00351,52,6,2299.09,Pennsylvania,Consumer,3,3,4,334,10,Loyal Customers,383.18,3103.77
CUST_00352,259,8,3130.3,California,Corporate,1,4,5,145,10,Can't Lose Them,391.29,4225.91
CUST_00353,162,4,469.26,Georgia,Consumer,2,1,1,211,4,Customers Needing Attention,117.32,633.5
CUST_00354,67,6,1637.1299999999999,Ohio,Consumer,3,3,3,333,9,Loyal Customers,272.85,2210.13
CUST_00355,106,6,1715.02,Massachusetts,Consumer,2,3,3,233,8,At Risk,285.84,2315.28
CUST_00356,43,5,1247.0,California,Consumer,4,2,2,422,8,Potential Loyalists,249.4,1683.45
CUST_00357,34,7,3817.35,California,Consumer,4,3,5,435,12,Loyal Customers,545.34,5153.42
CUST_00358,7,4,892.5799999999999,Pennsylvania,Consumer,5,1,1,511,7,Potential Loyalists,223.14,1204.98
CUST_00359,6,13,3340.95,Texas,Small Business,5,5,5,555,15,Champions,257.0,4510.28
CUST_00360,193,7,2448.24,Massachusetts,Consumer,2,3,4,234,9,At Risk,349.75,3305.12
CUST_00361,2,6,2322.82,California,Consumer,5,3,4,534,12,Loyal Customers,387.14,3135.81
CUST_00362,63,10,3220.13,Washington,Consumer,3,5,5,355,13,Loyal Customers,322.01,4347.18
CUST_00363,16,8,2358.2,Massachusetts,Consumer,5,4,4,544,13,Champions,294.77,3183.57
CUST_00364,63,4,1501.75,California,Consumer,3,1,2,312,6,Promising,375.44,2027.36
CUST_00365,28,7,2829.51,Ohio,Small Business,4,3,4,434,11,Loyal Customers,404.22,3819.84
CUST_00366,38,6,2202.72,Texas,Consumer,4,3,3,433,10,Loyal Customers,367.12,2973.67
CUST_00367,2,5,1559.72,New York,Small Business,5,2,2,522,9,Potential Loyalists,311.94,2105.62
CUST_00368,173,8,1611.2800000000002,California,Small Business,2,4,2,242,8,At Risk,201.41,2175.23
CUST_00369,5,4,600.55,California,Consumer,5,1,1,511,7,Potential Loyalists,150.14,810.74
CUST_00370,21,7,1909.26,New York,Consumer,4,3,3,433,10,Loyal Customers,272.75,2577.5
CUST_00371,32,6,3077.9700000000003,California,Consumer,4,3,4,434,11,Loyal Customers,513.0,4155.26
CUST_00372,508,4,1641.2,Colorado,Consumer,1,1,3,113,5,Lost Customers,410.3,2215.62
CUST_00373,135,2,110.58,California,Consumer,2,1,1,211,4,Customers Needing Attention,55.29,149.28
CUST_00374,20,5,2709.4199999999996,Texas,Consumer,4,2,4,424,10,Potential Loyalists,541.88,3657.72
CUST_00375,4,6,3512.69,Illinois,Consumer,5,3,5,535,13,Loyal Customers,585.45,4742.13
CUST_00376,311,7,1252.07,North Carolina,Consumer,1,3,2,132,6,Hibernating,178.87,1690.29
CUST_00377,228,5,1775.25,Florida,Corporate,1,2,3,123,6,Hibernating,355.05,2396.59
CUST_00378,139,7,871.73,Texas,Consumer,2,3,1,231,6,At Risk,124.53,1176.84
CUST_00379,304,3,2224.62,Pennsylvania,Corporate,1,1,4,114,6,Lost Customers,741.54,3003.24
CUST_00380,41,7,2954.9700000000003,North Carolina,Consumer,4,3,4,434,11,Loyal Customers,422.14,3989.21
CUST_00381,11,7,2389.82,New York,Consumer,5,3,4,534,12,Loyal Customers,341.4,3226.26
CUST_00382,20,8,3652.1800000000003,Ohio,Consumer,4,4,5,445,13,Champions,456.52,4930.44
CUST_00383,176,9,3772.44,Florida,Consumer,2,5,5,255,12,At Risk,419.16,5092.79
CUST_00384,216,3,687.0899999999999,California,Corporate,1,1,1,111,3,Lost Customers,229.03,927.57
CUST_00385,62,8,1670.08,Ohio,Corporate,3,4,3,343,10,Loyal Customers,208.76,2254.61
CUST_00386,32,6,2062.72,Texas,Corporate,4,3,3,433,10,Loyal Customers,343.79,2784.67
CUST_00387,88,4,1348.29,California,Consumer,3,1,2,312,6,Promising,337.07,1820.19
CUST_00388,25,4,2128.76,Ohio,Consumer,4,1,3,413,8,Potential Loyalists,532.19,2873.83
CUST_00389,3,7,3070.41,Massachusetts,Corporate,5,3,4,534,12,Loyal Customers,438.63,4145.05
CUST_00390,7,4,1716.85,California,Corporate,5,1,3,513,9,Potential Loyalists,429.21,2317.75
CUST_00391,49,4,1262.8300000000002,Ohio,Small Business,3,1,2,312,6,Promising,315.71,1704.82
CUST_00392,44,8,2513.2400000000002,Illinois,Consumer,3,4,4,344,11,Loyal Customers,314.16,3392.87
CUST_00393,135,5,1505.56,Texas,Consumer,2,2,2,222,6,Customers Needing Attention,301.11,2032.51
CUST_00394,36,8,1932.96,Texas,Corporate,4,4,3,443,11,Champions,241.62,2609.5
CUST_00395,25,5,2246.12,Illinois,Consumer,4,2,4,424,10,Potential Loyalists,449.22,3032.26
CUST_00396,135,4,1277.3600000000001,Ohio,Small Business,2,1,2,212,5,Customers Needing Attention,319.34,1724.44
CUST_00397,45,4,1731.3600000000001,Florida,Corporate,3,1,3,313,7,Promising,432.84,2337.34
CUST_00398,248,3,330.87,Colorado,Consumer,1,1,1,111,3,Lost Customers,110.29,446.67
CUST_00399,5,7,1496.3899999999999,Texas,Corporate,5,3,2,532,10,Loyal Customers,213.77,2020.13
CUST_00400,408,3,1070.87,California,Corporate,1,1,2,112,4,Lost Customers,356.96,1445.67
CUST_00401,57,6,1289.87,California,Consumer,3,3,2,332,8,Loyal Customers,214.98,1741.32
CUST_00402,154,2,211.41,Georgia,Small Business,2,1,1,211,4,Customers Needing Attention,105.7,285.4
CUST_00403,19,7,3000.65,Illinois,Consumer,5,3,4,534,12,Loyal Customers,428.66,4050.88
CUST_00404,158,8,2022.44,Texas,Corporate,2,4,3,243,9,At Risk,252.8,2730.29
CUST_00405,49,5,1348.6299999999999,Florida,Consumer,3,2,2,322,7,Promising,269.73,1820.65
CUST_00406,43,5,960.5,Texas,Corporate,4,2,1,421,7,Potential Loyalists,192.1,1296.68
CUST_00407,24,8,2730.33,Ohio,Consumer,4,4,4,444,12,Champions,341.29,3685.95
CUST_00408,34,5,2044.48,California,Consumer,4,2,3,423,9,Potential Loyalists,408.9,2760.05
CUST_00409,151,10,4011.44,California,Small Business,2,5,5,255,12,At Risk,401.14,5415.44
CUST_00410,48,5,1143.74,Texas,Consumer,3,2,2,322,7,Promising,228.75,1544.05
CUST_00411,13,6,1464.67,Texas,Consumer,5,3,2,532,10,Loyal Customers,244.11,1977.3
CUST_00412,46,10,3218.63,California,Small Business,3,5,5,355,13,Loyal Customers,321.86,4345.15
CUST_00413,2,4,1370.92,Pennsylvania,Small Business,5,1,2,512,8,Potential Loyalists,342.73,1850.74
CUST_00414,35,6,1108.38,Ohio,Consumer,4,3,2,432,9,Loyal Customers,184.73,1496.31
CUST_00415,299,3,385.9,North Carolina,Consumer,1,1,1,111,3,Lost Customers,128.63,520.96
CUST_00416,357,3,268.66,California,Consumer,1,1,1,111,3,Lost Customers,89.55,362.69
CUST_00417,38,5,928.57,New York,Consumer,4,2,1,421,7,Potential Loyalists,185.71,1253.57
CUST_00418,16,6,2120.86,Texas,Consumer,5,3,3,533,11,Loyal Customers,353.48,2863.16
CUST_00419,260,8,1651.01,Florida,Consumer,1,4,3,143,8,Can't Lose Them,206.38,2228.86
CUST_00420,713,3,2594.34,California,Corporate,1,1,4,114,6,Lost Customers,864.78,3502.36
CUST_00421,31,11,5407.0599999999995,Texas,Corporate,4,5,5,455,14,Champions,491.55,7299.53
CUST_00422,12,10,3987.2200000000003,California,Corporate,5,5,5,555,15,Champions,398.72,5382.75
CUST_00423,39,4,1369.8,Massachusetts,Consumer,4,1,2,412,7,Potential Loyalists,342.45,1849.23
CUST_00424,27,9,1202.71,Pennsylvania,Consumer,4,5,2,452,11,Champions,133.63,1623.66
CUST_00425,27,8,1855.67,California,Consumer,4,4,3,443,11,Champions,231.96,2505.15
CUST_00426,357,6,1377.56,New York,Consumer,1,3,2,132,6,Hibernating,229.59,1859.71
CUST_00427,9,4,1068.33,Texas,Consumer,5,1,2,512,8,Potential Loyalists,267.08,1442.25
CUST_00428,29,8,2876.02,Florida,Corporate,4,4,4,444,12,Champions,359.5,3882.63
CUST_00429,425,4,2292.68,Ohio,Consumer,1,1,4,114,6,Lost Customers,573.17,3095.12
CUST_00430,116,4,2056.22,Illinois,Consumer,2,1,3,213,6,Customers Needing Attention,514.05,2775.9
CUST_00431,36,7,1194.47,New York,Consumer,4,3,2,432,9,Loyal Customers,170.64,1612.53
CUST_00432,95,9,2687.1,Florida,Corporate,2,5,4,254,11,At Risk,298.57,3627.58
CUST_00433,203,5,1519.22,Massachusetts,Consumer,2,2,2,222,6,Customers Needing Attention,303.84,2050.95
CUST_00434,9,6,2959.11,Massachusetts,Consumer,5,3,4,534,12,Loyal Customers,493.18,3994.8
CUST_00435,87,5,2671.61,Washington,Consumer,3,2,4,324,9,Promising,534.32,3606.67
CUST_00436,2,7,3726.62,Texas,Corporate,5,3,5,535,13,Loyal Customers,532.37,5030.94
CUST_00437,70,6,2009.22,Massachusetts,Consumer,3,3,3,333,9,Loyal Customers,334.87,2712.45
CUST_00438,53,5,844.98,Colorado,Corporate,3,2,1,321,6,Promising,169.0,1140.72
CUST_00439,189,4,1087.66,Ohio,Corporate,2,1,2,212,5,Customers Needing Attention,271.92,1468.34
CUST_00440,403,5,2947.46,Massachusetts,Consumer,1,2,4,124,7,Hibernating,589.49,3979.07
CUST_00441,46,7,1437.58,Texas,Consumer,3,3,2,332,8,Loyal Customers,205.37,1940.73
CUST_00442,52,9,6290.780000000001,Florida,Small Business,3,5,5,355,13,Loyal Customers,698.98,8492.55
CUST_00443,96,11,4816.76,Massachusetts,Consumer,2,5,5,255,12,At Risk,437.89,6502.63
CUST_00444,18,7,1436.75,California,Consumer,5,3,2,532,10,Loyal Customers,205.25,1939.61
CUST_00445,37,7,3140.03,Washington,Corporate,4,3,5,435,12,Loyal Customers,448.58,4239.04
CUST_00446,9,8,2444.2,California,Small Business,5,4,4,544,13,Champions,305.52,3299.67
CUST_00447,137,8,1215.28,Ohio,Small Business,2,4,2,242,8,At Risk,151.91,1640.63
CUST_00448,40,7,2456.3,New York,Corporate,4,3,4,434,11,Loyal Customers,350.9,3316.01
CUST_00449,4,8,2443.64,Ohio,Consumer,5,4,4,544,13,Champions,305.46,3298.91
CUST_00450,58,3,1396.32,Illinois,Consumer,3,1,2,312,6,Promising,465.44,1885.03
CUST_00451,697,3,885.6800000000001,Georgia,Corporate,1,1,1,111,3,Lost Customers,295.23,1195.67
CUST_00452,18,5,1904.6699999999998,Texas,Consumer,5,2,3,523,10,Potential Loyalists,380.93,2571.3
CUST_00453,7,6,2409.36,Massachusetts,Consumer,5,3,4,534,12,Loyal Customers,401.56,3252.64
CUST_00454,117,10,3649.94,Florida,Small Business,2,5,5,255,12,At Risk,364.99,4927.42
CUST_00455,110,5,1781.93,California,Consumer,2,2,3,223,7,Customers Needing Attention,356.39,2405.61
CUST_00456,407,6,3315.22,Georgia,Consumer,1,3,5,135,9,Hibernating,552.54,4475.55
CUST_00457,91,4,1844.7800000000002,Washington,Consumer,3,1,3,313,7,Promising,461.2,2490.45
CUST_00458,10,4,1134.3200000000002,Texas,Consumer,5,1,2,512,8,Potential Loyalists,283.58,1531.33
CUST_00459,331,8,4517.66,Florida,Consumer,1,4,5,145,10,Can't Lose Them,564.71,6098.84
CUST_00460,586,2,1006.8199999999999,Massachusetts,Consumer,1,1,1,111,3,Lost Customers,503.41,1359.21
CUST_00461,3,7,1926.73,Georgia,Consumer,5,3,3,533,11,Loyal Customers,275.25,2601.09
CUST_00462,2,7,900.73,Florida,Consumer,5,3,1,531,9,Loyal Customers,128.68,1215.99
CUST_00463,120,3,1717.7,Pennsylvania,Corporate,2,1,3,213,6,Customers Needing Attention,572.57,2318.9
CUST_00464,9,7,2860.87,Illinois,Consumer,5,3,4,534,12,Loyal Customers,408.7,3862.17
CUST_00465,37,10,3267.79,Texas,Small Business,4,5,5,455,14,Champions,326.78,4411.52
CUST_00466,12,9,3005.26,Massachusetts,Consumer,5,5,4,554,14,Champions,333.92,4057.1
CUST_00467,47,6,4306.37,Texas,Consumer,3,3,5,335,11,Loyal Customers,717.73,5813.6
CUST_00468,2,4,647.44,Ohio,Corporate,5,1,1,511,7,Potential Loyalists,161.86,874.04
CUST_00469,59,7,1788.0,Colorado,Consumer,3,3,3,333,9,Loyal Customers,255.43,2413.8
CUST_00470,206,9,3225.7200000000003,Pennsylvania,Small Business,2,5,5,255,12,At Risk,358.41,4354.72
CUST_00471,18,8,2304.3,Florida,Consumer,5,4,4,544,13,Champions,288.04,3110.8
CUST_00472,112,6,3419.9700000000003,Massachusetts,Small Business,2,3,5,235,10,At Risk,570.0,4616.96
CUST_00473,1,7,1344.47,Pennsylvania,Consumer,5,3,2,532,10,Loyal Customers,192.07,1815.03
CUST_00474,29,6,1180.36,North Carolina,Corporate,4,3,2,432,9,Loyal Customers,196.73,1593.49
CUST_00475,2,6,3225.42,California,Consumer,5,3,5,535,13,Loyal Customers,537.57,4354.32
CUST_00476,91,6,2078.94,California,Small Business,3,3,3,333,9,Loyal Customers,346.49,2806.57
CUST_00477,19,3,601.0,Texas,Consumer,5,1,1,511,7,Potential Loyalists,200.33,811.35
CUST_00478,57,6,2525.61,Massachusetts,Consumer,3,3,4,334,10,Loyal Customers,420.94,3409.57
CUST_00479,98,4,604.8199999999999,California,Small Business,2,1,1,211,4,Customers Needing Attention,151.2,816.51
CUST_00480,58,6,1738.54,North Carolina,Consumer,3,3,3,333,9,Loyal Customers,289.76,2347.03
CUST_00481,330,2,239.16000000000003,Texas,Consumer,1,1,1,111,3,Lost Customers,119.58,322.87
CUST_00482,37,10,4063.84,Colorado,Consumer,4,5,5,455,14,Champions,406.38,5486.18
CUST_00483,54,8,1849.68,New York,Consumer,3,4,3,343,10,Loyal Customers,231.21,2497.07
CUST_00484,7,4,1125.0900000000001,New York,Consumer,5,1,2,512,8,Potential Loyalists,281.27,1518.87
CUST_00485,46,6,2210.49,New York,Consumer,3,3,3,333,9,Loyal Customers,368.42,2984.16
CUST_00486,55,8,3150.22,Illinois,Small Business,3,4,5,345,12,Loyal Customers,393.78,4252.8
CUST_00487,23,7,2919.3900000000003,Pennsylvania,Consumer,4,3,4,434,11,Loyal Customers,417.06,3941.18
CUST_00488,382,1,297.21,Colorado,Consumer,1,1,1,111,3,Lost Customers,297.21,401.23
CUST_00489,20,10,2617.55,California,Small Business,4,5,4,454,13,Champions,261.76,3533.69
CUST_00490,24,4,391.12,California,Corporate,4,1,1,411,6,Potential Loyalists,97.78,528.01
CUST_00491,140,2,370.09,Texas,Consumer,2,1,1,211,4,Customers Needing Attention,185.04,499.62
CUST_00492,34,4,1733.3200000000002,Texas,Consumer,4,1,3,413,8,Potential Loyalists,433.33,2339.98
CUST_00493,49,7,3828.5699999999997,Colorado,Consumer,3,3,5,335,11,Loyal Customers,546.94,5168.57
CUST_00494,53,9,3079.1400000000003,Texas,Consumer,3,5,4,354,12,Loyal Customers,342.13,4156.84
CUST_00495,92,8,1561.46,California,Consumer,3,4,2,342,9,Loyal Customers,195.18,2107.97
CUST_00496,238,9,3304.1800000000003,Georgia,Consumer,1,5,5,155,11,Can't Lose Them,367.13,4460.64
CUST_00497,12,5,2174.59,Texas,Consumer,5,2,3,523,10,Potential Loyalists,434.92,2935.7
CUST_00498,34,6,1621.06,New York,Consumer,4,3,3,433,10,Loyal Customers,270.18,2188.43
CUST_00499,180,7,2215.67,Illinois,Small Business,2,3,3,233,8,At Risk,316.52,2991.15
CUST_00500,294,4,1258.11,Florida,Small Business,1,1,2,112,4,Lost Customers,314.53,1698.45
CUST_00501,80,6,2397.09,Illinois,Consumer,3,3,4,334,10,Loyal Customers,399.52,3236.07
CUST_00502,42,6,3396.54,Massachusetts,Consumer,4,3,5,435,12,Loyal Customers,566.09,4585.33
CUST_00503,67,6,1763.42,Washington,Consumer,3,3,3,333,9,Loyal Customers,293.9,2380.62
CUST_00504,155,7,1967.27,Florida,Corporate,2,3,3,233,8,At Risk,281.04,2655.81
CUST_00505,22,7,921.6,New York,Consumer,4,3,1,431,8,Loyal Customers,131.66,1244.16
CUST_00506,125,4,1511.27,Florida,Consumer,2,1,2,212,5,Customers Needing Attention,377.82,2040.21
CUST_00507,571,1,382.47,New York,Small Business,1,1,1,111,3,Lost Customers,382.47,516.33
CUST_00508,128,3,1176.17,New York,Corporate,2,1,2,212,5,Customers Needing Attention,392.06,1587.83
CUST_00509,73,7,3422.71,Texas,Small Business,3,3,5,335,11,Loyal Customers,488.96,4620.66
CUST_00510,61,4,894.5799999999999,Ohio,Corporate,3,1,1,311,5,Promising,223.64,1207.68
CUST_00511,37,4,1107.7,New York,Consumer,4,1,2,412,7,Potential Loyalists,276.92,1495.4
CUST_00512,17,8,1525.08,California,Consumer,5,4,2,542,11,Champions,190.64,2058.86
CUST_00513,198,6,1513.22,New York,Small Business,2,3,2,232,7,At Risk,252.2,2042.85
CUST_00514,6,8,1460.45,North Carolina,Corporate,5,4,2,542,11,Champions,182.56,1971.61
CUST_00515,35,10,3787.11,Pennsylvania,Consumer,4,5,5,455,14,Champions,378.71,5112.6
CUST_00516,83,7,2566.06,Texas,Consumer,3,3,4,334,10,Loyal Customers,366.58,3464.18
CUST_00517,7,5,1503.73,Texas,Consumer,5,2,2,522,9,Potential Loyalists,300.75,2030.04
CUST_00518,243,4,1543.2,Texas,Corporate,1,1,2,112,4,Lost Customers,385.8,2083.32
CUST_00519,12,5,1766.97,Colorado,Small Business,5,2,3,523,10,Potential Loyalists,353.39,2385.41
CUST_00520,229,6,2233.96,North Carolina,Consumer,1,3,4,134,8,Hibernating,372.33,3015.85
CUST_00521,2,10,4255.08,Florida,Consumer,5,5,5,555,15,Champions,425.51,5744.36
CUST_00522,644,1,749.48,California,Consumer,1,1,1,111,3,Lost Customers,749.48,1011.8
CUST_00523,34,9,3642.2,Georgia,Small Business,4,5,5,455,14,Champions,404.69,4916.97
CUST_00524,101,5,1542.08,California,Corporate,2,2,2,222,6,Customers Needing Attention,308.42,2081.81
CUST_00525,337,2,808.58,California,Corporate,1,1,1,111,3,Lost Customers,404.29,1091.58
CUST_00526,23,6,1882.08,Texas,Consumer,4,3,3,433,10,Loyal Customers,313.68,2540.81
CUST_00527,247,5,1152.98,Georgia,Consumer,1,2,2,122,5,Hibernating,230.6,1556.52
CUST_00528,58,8,1246.12,Texas,Consumer,3,4,2,342,9,Loyal Customers,155.76,1682.26
CUST_00529,174,3,259.03,Washington,Consumer,2,1,1,211,4,Customers Needing Attention,86.34,349.69
CUST_00530,61,7,867.99,Ohio,Corporate,3,3,1,331,7,Loyal Customers,124.0,1171.79
CUST_00531,13,8,4621.15,Florida,Corporate,5,4,5,545,14,Champions,577.64,6238.55
CUST_00532,58,6,2322.7200000000003,New York,Small Business,3,3,4,334,10,Loyal Customers,387.12,3135.67
CUST_00533,12,6,3524.2200000000003,Florida,Small Business,5,3,5,535,13,Loyal Customers,587.37,4757.7
CUST_00534,7,9,1447.89,Texas,Consumer,5,5,2,552,12,Champions,160.88,1954.65
CUST_00535,94,12,3889.95,Massachusetts,Corporate,2,5,5,255,12,At Risk,324.16,5251.43
CUST_00536,4,8,2868.09,Florida,Small Business,5,4,4,544,13,Champions,358.51,3871.92
CUST_00537,44,5,1455.03,Colorado,Corporate,3,2,2,322,7,Promising,291.01,1964.29
CUST_00538,189,6,1634.04,North Carolina,Consumer,2,3,3,233,8,At Risk,272.34,2205.95
CUST_00539,184,7,2304.0299999999997,Pennsylvania,Consumer,2,3,4,234,9,At Risk,329.15,3110.44
CUST_00540,302,6,1058.17,California,Consumer,1,3,2,132,6,Hibernating,176.36,1428.53
CUST_00541,123,3,2977.52,Ohio,Small Business,2,1,4,214,7,Customers Needing Attention,992.51,4019.65
CUST_00542,51,6,1544.97,Texas,Consumer,3,3,2,332,8,Loyal Customers,257.5,2085.71
CUST_00543,267,6,1982.2600000000002,Florida,Consumer,1,3,3,133,7,Hibernating,330.38,2676.05
CUST_00544,3,12,3771.27,New York,Consumer,5,5,5,555,15,Champions,314.27,5091.21
CUST_00545,205,3,234.06,California,Consumer,2,1,1,211,4,Customers Needing Attention,78.02,315.98
CUST_00546,84,6,1267.78,California,Consumer,3,3,2,332,8,Loyal Customers,211.3,1711.5
CUST_00547,34,7,1857.0,Colorado,Consumer,4,3,3,433,10,Loyal Customers,265.29,2506.95
CUST_00548,46,8,1660.62,New York,Consumer,3,4,3,343,10,Loyal Customers,207.58,2241.84
CUST_00549,14,12,3334.8,Florida,Consumer,5,5,5,555,15,Champions,277.9,4501.98
CUST_00550,5,8,1704.86,California,Corporate,5,4,3,543,12,Champions,213.11,2301.56
CUST_00551,15,7,2166.25,Massachusetts,Consumer,5,3,3,533,11,Loyal Customers,309.46,2924.44
CUST_00552,94,7,3535.42,Georgia,Corporate,2,3,5,235,10,At Risk,505.06,4772.82
CUST_00553,35,6,1568.31,California,Consumer,4,3,2,432,9,Loyal Customers,261.38,2117.22
CUST_00554,80,7,933.55,New York,Consumer,3,3,1,331,7,Loyal Customers,133.36,1260.29
CUST_00555,139,12,3428.84,Colorado,Corporate,2,5,5,255,12,At Risk,285.74,4628.93
CUST_00556,143,10,4154.57,New York,Consumer,2,5,5,255,12,At Risk,415.46,5608.67
CUST_00557,53,7,1805.3500000000001,California,Consumer,3,3,3,333,9,Loyal Customers,257.91,2437.22
CUST_00558,96,3,451.25,New York,Consumer,2,1,1,211,4,Customers Needing Attention,150.42,609.19
CUST_00559,95,9,1786.7,Florida,Corporate,2,5,3,253,10,At Risk,198.52,2412.04
CUST_00560,382,4,1266.95,New York,Consumer,1,1,2,112,4,Lost Customers,316.74,1710.38
CUST_00561,27,7,3573.83,California,Corporate,4,3,5,435,12,Loyal Customers,510.55,4824.67
CUST_00562,258,3,913.77,Washington,Consumer,1,1,1,111,3,Lost Customers,304.59,1233.59
CUST_00563,247,4,3046.1000000000004,Colorado,Consumer,1,1,4,114,6,Lost Customers,761.53,4112.24
CUST_00564,17,3,466.53,New York,Consumer,5,1,1,511,7,Potential Loyalists,155.51,629.82
CUST_00565,73,3,1276.85,Washington,Consumer,3,1,2,312,6,Promising,425.62,1723.75
CUST_00566,108,5,1163.95,Texas,Consumer,2,2,2,222,6,Customers Needing Attention,232.79,1571.33
CUST_00567,5,9,1623.45,Ohio,Consumer,5,5,3,553,13,Champions,180.38,2191.66
CUST_00568,5,8,3770.64,Florida,Consumer,5,4,5,545,14,Champions,471.33,5090.36
CUST_00569,5,13,4205.1,Texas,Small Business,5,5,5,555,15,Champions,323.47,5676.89
CUST_00570,62,7,1572.64,Texas,Consumer,3,3,2,332,8,Loyal Customers,224.66,2123.06
CUST_00571,218,3,785.1,Texas,Consumer,1,1,1,111,3,Lost Customers,261.7,1059.88
CUST_00572,37,7,1484.32,Texas,Corporate,4,3,2,432,9,Loyal Customers,212.05,2003.83
CUST_00573,76,6,2185.86,North Carolina,Consumer,3,3,3,333,9,Loyal Customers,364.31,2950.91
CUST_00574,117,10,3559.15,New York,Consumer,2,5,5,255,12,At Risk,355.92,4804.85
CUST_00575,209,8,3803.7,Washington,Corporate,2,4,5,245,11,At Risk,475.46,5135.0
CUST_00576,379,4,1084.75,California,Small Business,1,1,2,112,4,Lost Customers,271.19,1464.41
CUST_00577,301,5,1757.87,California,Consumer,1,2,3,123,6,Hibernating,351.57,2373.12
CUST_00578,671,1,818.33,California,Small Business,1,1,1,111,3,Lost Customers,818.33,1104.75
CUST_00579,9,3,968.85,North Carolina,Consumer,5,1,1,511,7,Potential Loyalists,322.95,1307.95
CUST_00580,214,5,1352.1,California,Consumer,1,2,2,122,5,Hibernating,270.42,1825.34
CUST_00581,56,8,2042.77,New York,Consumer,3,4,3,343,10,Loyal Customers,255.35,2757.74
CUST_00582,161,4,251.4,California,Small Business,2,1,1,211,4,Customers Needing Attention,62.85,339.39
CUST_00583,14,5,1894.0900000000001,Ohio,Consumer,5,2,3,523,10,Potential Loyalists,378.82,2557.02
CUST_00584,27,7,1995.48,California,Consumer,4,3,3,433,10,Loyal Customers,285.07,2693.9
CUST_00585,127,9,2538.29,California,Consumer,2,5,4,254,11,At Risk,282.03,3426.69
CUST_00586,474,1,154.63,New York,Consumer,1,1,1,111,3,Lost Customers,154.63,208.75
CUST_00587,19,2,288.71999999999997,California,Consumer,5,1,1,511,7,Potential Loyalists,144.36,389.77
CUST_00588,370,3,1815.8400000000001,California,Consumer,1,1,3,113,5,Lost Customers,605.28,2451.38
CUST_00589,318,9,3375.7000000000003,Texas,Consumer,1,5,5,155,11,Can't Lose Them,375.08,4557.2
CUST_00590,445,1,129.79,North Carolina,Consumer,1,1,1,111,3,Lost Customers,129.79,175.22
CUST_00591,130,2,1336.89,New York,Consumer,2,1,2,212,5,Customers Needing Attention,668.44,1804.8
CUST_00592,8,4,636.41,Illinois,Consumer,5,1,1,511,7,Potential Loyalists,159.1,859.15
CUST_00593,66,11,3878.27,California,Consumer,3,5,5,355,13,Loyal Customers,352.57,5235.66
CUST_00594,8,4,761.5600000000001,Pennsylvania,Consumer,5,1,1,511,7,Potential Loyalists,190.39,1028.11
CUST_00595,95,7,3135.02,California,Corporate,2,4,5,245,11,At Risk,447.86,4232.28
CUST_00596,467,3,904.52,Washington,Consumer,1,1,1,111,3,Lost Customers,301.51,1221.1
CUST_00597,41,6,1222.54,New York,Consumer,4,3,2,432,9,Loyal Customers,203.76,1650.43
CUST_00598,19,7,668.64,California,Consumer,5,4,1,541,10,Champions,95.52,902.66
CUST_00599,127,5,3267.03,Pennsylvania,Consumer,2,2,5,225,9,Customers Needing Attention,653.41,4410.49
CUST_00600,40,5,1852.74,Texas,Consumer,4,2,3,423,9,Potential Loyalists,370.55,2501.2
CUST_00601,377,3,736.62,Texas,Consumer,1,1,1,111,3,Lost Customers,245.54,994.44
CUST_00602,43,5,1815.69,Illinois,Consumer,4,2,3,423,9,Potential Loyalists,363.14,2451.18
CUST_00603,285,4,1143.9499999999998,Washington,Consumer,1,1,2,112,4,Lost Customers,285.99,1544.33
CUST_00604,162,11,4925.11,Texas,Consumer,2,5,5,255,12,At Risk,447.74,6648.9
CUST_00605,32,8,2435.5299999999997,Massachusetts,Consumer,4,4,4,444,12,Champions,304.44,3287.97
CUST_00606,38,7,1025.76,Florida,Consumer,4,4,1,441,9,Champions,146.54,1384.78
CUST_00607,28,6,1333.98,Colorado,Consumer,4,3,2,432,9,Loyal Customers,222.33,1800.87
CUST_00608,48,5,684.8,Florida,Consumer,3,2,1,321,6,Promising,136.96,924.48
CUST_00609,207,8,1753.27,Texas,Consumer,2,4,3,243,9,At Risk,219.16,2366.91
CUST_00610,108,6,1934.42,Pennsylvania,Consumer,2,3,3,233,8,At Risk,322.4,2611.47
CUST_00611,29,8,2524.48,New York,Consumer,4,4,4,444,12,Champions,315.56,3408.05
CUST_00612,23,8,3754.13,Texas,Corporate,4,4,5,445,13,Champions,469.27,5068.08
CUST_00613,443,6,1615.3700000000001,Illinois,Consumer,1,3,3,133,7,Hibernating,269.23,2180.75
CUST_00614,135,7,1664.22,New York,Consumer,2,4,3,243,9,At Risk,237.75,2246.7
CUST_00615,157,8,1415.31,Georgia,Corporate,2,4,2,242,8,At Risk,176.91,1910.67
CUST_00616,238,4,3533.4500000000003,Florida,Small Business,1,1,5,115,7,Lost Customers,883.36,4770.16
CUST_00617,55,9,2640.15,North Carolina,Consumer,3,5,4,354,12,Loyal Customers,293.35,3564.2
CUST_00618,21,5,1684.06,California,Consumer,4,2,3,423,9,Potential Loyalists,336.81,2273.48
CUST_00619,37,8,2870.98,New York,Corporate,4,4,4,444,12,Champions,358.87,3875.82
CUST_00620,23,10,2354.37,California,Corporate,4,5,4,454,13,Champions,235.44,3178.4
CUST_00621,226,7,2488.93,Florida,Consumer,1,4,4,144,9,Can't Lose Them,355.56,3360.06
CUST_00622,42,7,3638.42,Illinois,Consumer,4,4,5,445,13,Champions,519.77,4911.87
CUST_00623,40,1,138.1,Texas,Consumer,4,1,1,411,6,Potential Loyalists,138.1,186.44
CUST_00624,16,11,3436.5699999999997,New York,Consumer,5,5,5,555,15,Champions,312.42,4639.37
CUST_00625,35,6,4858.2,Colorado,Consumer,4,3,5,435,12,Loyal Customers,809.7,6558.57
CUST_00626,63,4,3648.53,New York,Consumer,3,1,5,315,9,Promising,912.13,4925.52
CUST_00627,68,7,1168.22,Colorado,Consumer,3,4,2,342,9,Loyal Customers,166.89,1577.1
CUST_00628,104,6,1107.56,New York,Corporate,2,3,2,232,7,At Risk,184.59,1495.21
CUST_00629,34,8,3291.86,California,Consumer,4,4,5,445,13,Champions,411.48,4444.01
CUST_00630,14,5,2244.83,California,Consumer,5,2,4,524,11,Potential Loyalists,448.97,3030.52
CUST_00631,38,8,1877.0,Massachusetts,Corporate,4,4,3,443,11,Champions,234.62,2533.95
CUST_00632,40,9,1351.09,Florida,Corporate,4,5,2,452,11,Champions,150.12,1823.97
CUST_00633,120,4,1067.3,Colorado,Consumer,2,1,2,212,5,Customers Needing Attention,266.82,1440.86
CUST_00634,44,13,2608.71,New York,Consumer,3,5,4,354,12,Loyal Customers,200.67,3521.76
CUST_00635,4,5,2153.87,New York,Consumer,5,2,3,523,10,Potential Loyalists,430.77,2907.72
CUST_00636,32,8,1640.7,New York,Consumer,4,4,3,443,11,Champions,205.09,2214.95
CUST_00637,295,4,1906.48,California,Consumer,1,1,3,113,5,Lost Customers,476.62,2573.75
CUST_00638,18,8,1939.93,California,Consumer,5,4,3,543,12,Champions,242.49,2618.91
CUST_00639,15,11,3170.29,Colorado,Consumer,5,5,5,555,15,Champions,288.21,4279.89
CUST_00640,171,3,552.84,New York,Consumer,2,1,1,211,4,Customers Needing Attention,184.28,746.33
CUST_00641,114,7,3456.79,Texas,Consumer,2,4,5,245,11,At Risk,493.83,4666.67
CUST_00642,13,8,2700.54,Pennsylvania,Consumer,5,4,4,544,13,Champions,337.57,3645.73
CUST_00643,55,7,1813.01,Texas,Consumer,3,4,3,343,10,Loyal Customers,259.0,2447.56
CUST_00644,32,4,1042.01,Florida,Consumer,4,1,2,412,7,Potential Loyalists,260.5,1406.71
CUST_00645,181,7,1082.85,California,Consumer,2,4,2,242,8,At Risk,154.69,1461.85
CUST_00646,34,11,3690.54,Texas,Corporate,4,5,5,455,14,Champions,335.5,4982.23
CUST_00647,2,5,1470.65,Georgia,Consumer,5,2,2,522,9,Potential Loyalists,294.13,1985.38
CUST_00648,8,6,1127.44,California,Consumer,5,3,2,532,10,Loyal Customers,187.91,1522.04
CUST_00649,34,8,4033.46,Georgia,Corporate,4,4,5,445,13,Champions,504.18,5445.17
CUST_00650,29,2,690.74,Ohio,Consumer,4,1,1,411,6,Potential Loyalists,345.37,932.5
CUST_00651,157,8,4523.1900000000005,Pennsylvania,Consumer,2,4,5,245,11,At Risk,565.4,6106.31
CUST_00652,9,4,1560.0700000000002,North Carolina,Consumer,5,1,2,512,8,Potential Loyalists,390.02,2106.09
CUST_00653,12,8,1445.81,Texas,Consumer,5,4,2,542,11,Champions,180.73,1951.84
CUST_00654,52,7,1411.41,Texas,Corporate,3,4,2,342,9,Loyal Customers,201.63,1905.4
CUST_00655,236,4,554.06,Pennsylvania,Consumer,1,1,1,111,3,Lost Customers,138.51,747.98
CUST_00656,26,7,2095.8199999999997,Texas,Consumer,4,4,3,443,11,Champions,299.4,2829.36
CUST_00657,52,6,2321.42,Texas,Consumer,3,3,4,334,10,Loyal Customers,386.9,3133.92
CUST_00658,280,1,195.46,Texas,Consumer,1,1,1,111,3,Lost Customers,195.46,263.87
CUST_00659,40,8,2741.01,Texas,Consumer,4,4,4,444,12,Champions,342.63,3700.36
CUST_00660,36,7,3448.63,Illinois,Consumer,4,4,5,445,13,Champions,492.66,4655.65
CUST_00661,33,4,541.27,California,Consumer,4,1,1,411,6,Potential Loyalists,135.32,730.71
CUST_00662,60,9,2369.09,New York,Small Business,3,5,4,354,12,Loyal Customers,263.23,3198.27
CUST_00663,39,6,2390.3900000000003,Ohio,Consumer,4,3,4,434,11,Loyal Customers,398.4,3227.03
CUST_00664,60,4,454.4,California,Consumer,3,1,1,311,5,Promising,113.6,613.44
CUST_00665,118,3,984.01,Texas,Consumer,2,1,1,211,4,Customers Needing Attention,328.0,1328.41
CUST_00666,32,7,3722.02,California,Consumer,4,4,5,445,13,Champions,531.72,5024.73
CUST_00667,39,8,3769.21,New York,Consumer,4,4,5,445,13,Champions,471.15,5088.43
CUST_00668,572,2,291.6,California,Consumer,1,1,1,111,3,Lost Customers,145.8,393.66
CUST_00669,285,3,1093.68,New York,Consumer,1,1,2,112,4,Lost Customers,364.56,1476.47
CUST_00670,31,8,5406.9400000000005,California,Consumer,4,4,5,445,13,Champions,675.87,7299.37
CUST_00671,10,6,2866.14,New York,Consumer,5,3,4,534,12,Loyal Customers,477.69,3869.29
CUST_00672,34,5,1082.97,New York,Corporate,4,2,2,422,8,Potential Loyalists,216.59,1462.01
CUST_00673,32,7,1611.0,Illinois,Consumer,4,4,2,442,10,Champions,230.14,2174.85
CUST_00674,10,6,1726.1599999999999,Washington,Consumer,5,3,3,533,11,Loyal Customers,287.69,2330.32
CUST_00675,68,5,2203.7799999999997,Massachusetts,Consumer,3,2,3,323,8,Promising,440.76,2975.1
CUST_00676,32,8,3939.4500000000003,Texas,Small Business,4,4,5,445,13,Champions,492.43,5318.26
CUST_00677,220,5,1474.44,California,Consumer,1,2,2,122,5,Hibernating,294.89,1990.49
CUST_00678,72,7,1931.69,Texas,Consumer,3,4,3,343,10,Loyal Customers,275.96,2607.78
CUST_00679,33,9,3249.64,Pennsylvania,Small Business,4,5,5,455,14,Champions,361.07,4387.01
CUST_00680,60,8,1407.5900000000001,Texas,Corporate,3,4,2,342,9,Loyal Customers,175.95,1900.25
CUST_00681,4,8,3183.09,California,Corporate,5,4,5,545,14,Champions,397.89,4297.17
CUST_00682,187,4,926.26,California,Consumer,2,1,1,211,4,Customers Needing Attention,231.56,1250.45
CUST_00683,6,6,1517.62,California,Consumer,5,3,2,532,10,Loyal Customers,252.94,2048.79
CUST_00684,61,8,2102.33,California,Consumer,3,4,3,343,10,Loyal Customers,262.79,2838.15
CUST_00685,6,8,3621.26,Georgia,Small Business,5,4,5,545,14,Champions,452.66,4888.7
CUST_00686,158,5,391.22,Massachusetts,Consumer,2,2,1,221,5,Customers Needing Attention,78.24,528.15
CUST_00687,66,4,262.88,New York,Consumer,3,1,1,311,5,Promising,65.72,354.89
CUST_00688,101,9,3265.8199999999997,Texas,Consumer,2,5,5,255,12,At Risk,362.87,4408.86
CUST_00689,17,3,2130.44,Florida,Corporate,5,1,3,513,9,Potential Loyalists,710.15,2876.09
CUST_00690,1,7,1519.96,New York,Consumer,5,4,2,542,11,Champions,217.14,2051.95
CUST_00691,216,7,4584.67,Massachusetts,Consumer,1,4,5,145,10,Can't Lose Them,654.95,6189.3
CUST_00692,30,10,4727.0599999999995,California,Consumer,4,5,5,455,14,Champions,472.71,6381.53
CUST_00693,289,5,610.55,Pennsylvania,Consumer,1,2,1,121,4,Hibernating,122.11,824.24
CUST_00694,295,5,1577.6399999999999,Texas,Consumer,1,2,2,122,5,Hibernating,315.53,2129.81
CUST_00695,313,6,790.72,California,Consumer,1,3,1,131,5,Hibernating,131.79,1067.47
CUST_00696,43,6,1119.46,Texas,Consumer,4,3,2,432,9,Loyal Customers,186.58,1511.27
CUST_00697,29,5,2152.2799999999997,Florida,Consumer,4,2,3,423,9,Potential Loyalists,430.46,2905.58
CUST_00698,32,10,2654.56,Texas,Consumer,4,5,4,454,13,Champions,265.46,3583.66
CUST_00699,98,9,2818.2,Ohio,Consumer,2,5,4,254,11,At Risk,313.13,3804.57
CUST_00700,46,7,2779.36,Washington,Consumer,3,4,4,344,11,Loyal Customers,397.05,3752.14
CUST_00701,77,6,1973.04,Florida,Consumer,3,3,3,333,9,Loyal Customers,328.84,2663.6
CUST_00702,8,3,1996.7299999999998,Texas,Consumer,5,1,3,513,9,Potential Loyalists,665.58,2695.59
CUST_00703,164,2,1042.35,Texas,Consumer,2,1,2,212,5,Customers Needing Attention,521.17,1407.17
CUST_00704,196,2,272.03000000000003,Pennsylvania,Consumer,2,1,1,211,4,Customers Needing Attention,136.02,367.24
CUST_00705,176,5,726.3,Pennsylvania,Consumer,2,2,1,221,5,Customers Needing Attention,145.26,980.5
CUST_00706,67,7,1423.43,Ohio,Small Business,3,4,2,342,9,Loyal Customers,203.35,1921.63
CUST_00707,45,7,1565.26,Massachusetts,Consumer,3,4,2,342,9,Loyal Customers,223.61,2113.1
CUST_00708,226,6,3857.38,California,Corporate,1,3,5,135,9,Hibernating,642.9,5207.46
CUST_00709,9,8,1189.04,Florida,Consumer,5,4,2,542,11,Champions,148.63,1605.2
CUST_00710,14,11,4463.45,California,Consumer,5,5,5,555,15,Champions,405.77,6025.66
CUST_00711,232,6,2546.36,Washington,Corporate,1,3,4,134,8,Hibernating,424.39,3437.59
CUST_00712,116,10,7536.9,Texas,Consumer,2,5,5,255,12,At Risk,753.69,10174.82
CUST_00713,31,6,2244.65,North Carolina,Consumer,4,3,4,434,11,Loyal Customers,374.11,3030.28
CUST_00714,64,8,2824.58,Texas,Consumer,3,4,4,344,11,Loyal Customers,353.07,3813.18
CUST_00715,96,6,4935.46,Massachusetts,Consumer,2,3,5,235,10,At Risk,822.58,6662.87
CUST_00716,41,5,1784.18,North Carolina,Small Business,4,2,3,423,9,Potential Loyalists,356.84,2408.64
CUST_00717,40,7,3115.3700000000003,New York,Corporate,4,4,5,445,13,Champions,445.05,4205.75
CUST_00718,201,6,1714.51,Texas,Small Business,2,3,3,233,8,At Risk,285.75,2314.59
CUST_00719,26,3,909.62,Georgia,Consumer,4,1,1,411,6,Potential Loyalists,303.21,1227.99
CUST_00720,8,6,2745.83,New York,Corporate,5,3,4,534,12,Loyal Customers,457.64,3706.87
CUST_00721,35,9,4482.58,California,Small Business,4,5,5,455,14,Champions,498.06,6051.48
CUST_00722,15,6,1597.92,Massachusetts,Consumer,5,3,2,532,10,Loyal Customers,266.32,2157.19
CUST_00723,48,5,2339.45,North Carolina,Consumer,3,2,4,324,9,Promising,467.89,3158.26
CUST_00724,60,5,1829.1499999999999,North Carolina,Corporate,3,2,3,323,8,Promising,365.83,2469.35
CUST_00725,280,5,970.9399999999999,New York,Consumer,1,2,1,121,4,Hibernating,194.19,1310.77
CUST_00726,509,2,401.23,New York,Corporate,1,1,1,111,3,Lost Customers,200.62,541.66
CUST_00727,132,5,1332.0700000000002,Florida,Consumer,2,2,2,222,6,Customers Needing Attention,266.41,1798.29
CUST_00728,331,4,1169.56,Florida,Corporate,1,1,2,112,4,Lost Customers,292.39,1578.91
CUST_00729,22,13,4357.91,Pennsylvania,Consumer,4,5,5,455,14,Champions,335.22,5883.18
CUST_00730,11,3,806.26,Massachusetts,Consumer,5,1,1,511,7,Potential Loyalists,268.75,1088.45
CUST_00731,30,9,2967.37,Massachusetts,Consumer,4,5,4,454,13,Champions,329.71,4005.95
CUST_00732,83,7,1978.58,Texas,Corporate,3,4,3,343,10,Loyal Customers,282.65,2671.08
CUST_00733,193,6,1158.25,Washington,Consumer,2,3,2,232,7,At Risk,193.04,1563.64
CUST_00734,56,7,1443.8999999999999,Florida,Consumer,3,4,2,342,9,Loyal Customers,206.27,1949.26
CUST_00735,929,1,38.92,Texas,Consumer,1,1,1,111,3,Lost Customers,38.92,52.54
CUST_00736,54,8,5394.56,Illinois,Corporate,3,4,5,345,12,Loyal Customers,674.32,7282.66
CUST_00737,43,6,1337.35,California,Consumer,4,3,2,432,9,Loyal Customers,222.89,1805.42
CUST_00738,17,3,1546.97,Georgia,Corporate,5,1,2,512,8,Potential Loyalists,515.66,2088.41
CUST_00739,277,3,1168.0900000000001,California,Consumer,1,1,2,112,4,Lost Customers,389.36,1576.92
CUST_00740,25,7,2780.79,Florida,Consumer,4,4,4,444,12,Champions,397.26,3754.07
CUST_00741,24,2,341.45,New York,Consumer,4,1,1,411,6,Potential Loyalists,170.72,460.96
CUST_00742,65,9,2040.24,Texas,Consumer,3,5,3,353,11,Loyal Customers,226.69,2754.32
CUST_00743,43,6,1910.73,Texas,Corporate,4,3,3,433,10,Loyal Customers,318.46,2579.49
CUST_00744,75,6,1325.47,Washington,Consumer,3,3,2,332,8,Loyal Customers,220.91,1789.38
CUST_00745,88,8,3450.61,Washington,Consumer,3,4,5,345,12,Loyal Customers,431.33,4658.32
CUST_00746,67,8,2644.85,New York,Corporate,3,4,4,344,11,Loyal Customers,330.61,3570.55
CUST_00747,43,6,767.04,Washington,Consumer,4,3,1,431,8,Loyal Customers,127.84,1035.5
CUST_00748,58,4,940.22,Texas,Consumer,3,1,1,311,5,Promising,235.06,1269.3
CUST_00749,16,9,3667.05,Washington,Small Business,5,5,5,555,15,Champions,407.45,4950.52
CUST_00750,404,5,2236.88,California,Consumer,1,2,4,124,7,Hibernating,447.38,3019.79
CUST_00751,19,10,3994.63,California,Consumer,5,5,5,555,15,Champions,399.46,5392.75
CUST_00752,246,2,163.24,Texas,Small Business,1,1,1,111,3,Lost Customers,81.62,220.37
CUST_00753,13,5,2308.66,Florida,Consumer,5,2,4,524,11,Potential Loyalists,461.73,3116.69
CUST_00754,89,3,1867.0900000000001,California,Consumer,3,1,3,313,7,Promising,622.36,2520.57
CUST_00755,224,3,1176.78,New York,Consumer,1,1,2,112,4,Lost Customers,392.26,1588.65
CUST_00756,143,5,1884.43,California,Corporate,2,2,3,223,7,Customers Needing Attention,376.89,2543.98
CUST_00757,92,10,3626.55,Florida,Consumer,3,5,5,355,13,Loyal Customers,362.66,4895.84
CUST_00758,21,8,1790.18,Massachusetts,Consumer,4,4,3,443,11,Champions,223.77,2416.74
CUST_00759,32,6,2703.1,Texas,Corporate,4,3,4,434,11,Loyal Customers,450.52,3649.18
CUST_00760,195,4,1114.87,Massachusetts,Corporate,2,1,2,212,5,Customers Needing Attention,278.72,1505.07
CUST_00761,48,8,3292.9300000000003,North Carolina,Consumer,3,4,5,345,12,Loyal Customers,411.62,4445.46
CUST_00762,36,7,1606.94,Florida,Consumer,4,4,2,442,10,Champions,229.56,2169.37
CUST_00763,22,8,1404.49,California,Consumer,4,4,2,442,10,Champions,175.56,1896.06
CUST_00764,22,11,3538.42,Florida,Corporate,4,5,5,455,14,Champions,321.67,4776.87
CUST_00765,245,8,3739.7599999999998,New York,Consumer,1,4,5,145,10,Can't Lose Them,467.47,5048.68
CUST_00766,241,8,1277.56,Massachusetts,Consumer,1,4,2,142,7,Can't Lose Them,159.7,1724.71
CUST_00767,423,3,1276.22,California,Corporate,1,1,2,112,4,Lost Customers,425.41,1722.9
CUST_00768,92,6,2598.9700000000003,Florida,Corporate,3,3,4,334,10,Loyal Customers,433.16,3508.61
CUST_00769,42,13,6723.5,California,Consumer,4,5,5,455,14,Champions,517.19,9076.72
CUST_00770,59,8,3518.79,Illinois,Corporate,3,4,5,345,12,Loyal Customers,439.85,4750.37
CUST_00771,48,9,1906.1,Pennsylvania,Consumer,3,5,3,353,11,Loyal Customers,211.79,2573.24
CUST_00772,46,9,3074.51,Florida,Corporate,3,5,4,354,12,Loyal Customers,341.61,4150.59
CUST_00773,65,6,845.1999999999999,Florida,Consumer,3,3,1,331,7,Loyal Customers,140.87,1141.02
CUST_00774,77,5,1275.8,Florida,Consumer,3,2,2,322,7,Promising,255.16,1722.33
CUST_00775,438,2,63.58,California,Corporate,1,1,1,111,3,Lost Customers,31.79,85.83
CUST_00776,45,3,524.19,Florida,Consumer,3,1,1,311,5,Promising,174.73,707.66
CUST_00777,256,5,2137.2799999999997,Florida,Consumer,1,2,3,123,6,Hibernating,427.46,2885.33
CUST_00778,227,6,1160.18,New York,Corporate,1,3,2,132,6,Hibernating,193.36,1566.24
CUST_00779,197,2,403.63,California,Corporate,2,1,1,211,4,Customers Needing Attention,201.82,544.9
CUST_00780,270,6,2478.2400000000002,New York,Consumer,1,3,4,134,8,Hibernating,413.04,3345.62
CUST_00781,39,4,654.29,Florida,Consumer,4,1,1,411,6,Potential Loyalists,163.57,883.29
CUST_00782,12,6,2490.52,New York,Consumer,5,3,4,534,12,Loyal Customers,415.09,3362.2
CUST_00783,19,5,909.84,Colorado,Consumer,5,2,1,521,8,Potential Loyalists,181.97,1228.28
CUST_00784,424,7,2187.88,California,Consumer,1,4,3,143,8,Can't Lose Them,312.55,2953.64
CUST_00785,39,8,5275.650000000001,Illinois,Consumer,4,4,5,445,13,Champions,659.46,7122.13
CUST_00786,548,3,578.89,Colorado,Small Business,1,1,1,111,3,Lost Customers,192.96,781.5
CUST_00787,256,10,3451.21,Texas,Consumer,1,5,5,155,11,Can't Lose Them,345.12,4659.13
CUST_00788,59,9,2485.5,Georgia,Consumer,3,5,4,354,12,Loyal Customers,276.17,3355.42
CUST_00789,2,11,3221.57,Georgia,Consumer,5,5,5,555,15,Champions,292.87,4349.12
CUST_00790,15,9,4216.31,California,Small Business,5,5,5,555,15,Champions,468.48,5692.02
CUST_00791,368,5,1608.01,California,Consumer,1,2,2,122,5,Hibernating,321.6,2170.81
CUST_00792,35,4,523.1800000000001,California,Consumer,4,1,1,411,6,Potential Loyalists,130.8,706.29
CUST_00793,176,3,1125.77,Texas,Consumer,2,1,2,212,5,Customers Needing Attention,375.26,1519.79
CUST_00794,15,6,2341.13,New York,Consumer,5,3,4,534,12,Loyal Customers,390.19,3160.53
CUST_00795,113,10,4871.74,Florida,Consumer,2,5,5,255,12,At Risk,487.17,6576.85
CUST_00796,1,6,1465.48,Florida,Corporate,5,3,2,532,10,Loyal Customers,244.25,1978.4
CUST_00797,14,8,2115.89,North Carolina,Small Business,5,4,3,543,12,Champions,264.49,2856.45
CUST_00798,19,11,3006.11,Illinois,Consumer,5,5,4,554,14,Champions,273.28,4058.25
CUST_00799,58,7,999.72,Texas,Consumer,3,4,1,341,8,Loyal Customers,142.82,1349.62
CUST_00800,23,9,2627.16,Texas,Small Business,4,5,4,454,13,Champions,291.91,3546.67
CUST_00801,75,6,1622.87,North Carolina,Corporate,3,3,3,333,9,Loyal Customers,270.48,2190.87
CUST_00802,160,6,3490.13,California,Consumer,2,3,5,235,10,At Risk,581.69,4711.68
CUST_00803,53,3,1393.3400000000001,California,Consumer,3,1,2,312,6,Promising,464.45,1881.01
CUST_00804,5,8,788.37,California,Consumer,5,4,1,541,10,Champions,98.55,1064.3
CUST_00805,208,3,604.41,Colorado,Consumer,2,1,1,211,4,Customers Needing Attention,201.47,815.95
CUST_00806,116,5,1722.73,Florida,Corporate,2,2,3,223,7,Customers Needing Attention,344.55,2325.69
CUST_00807,32,6,1526.71,California,Small Business,4,3,2,432,9,Loyal Customers,254.45,2061.06
CUST_00808,34,8,2515.48,North Carolina,Small Business,4,4,4,444,12,Champions,314.44,3395.9
CUST_00809,255,6,2015.3,New York,Consumer,1,3,3,133,7,Hibernating,335.88,2720.66
CUST_00810,59,7,1858.49,New York,Consumer,3,4,3,343,10,Loyal Customers,265.5,2508.96
CUST_00811,7,3,2574.93,Pennsylvania,Small Business,5,1,4,514,10,Potential Loyalists,858.31,3476.16
CUST_00812,52,2,1360.96,Florida,Corporate,3,1,2,312,6,Promising,680.48,1837.3
CUST_00813,50,8,1353.43,Georgia,Consumer,3,4,2,342,9,Loyal Customers,169.18,1827.13
CUST_00814,57,4,1243.97,Ohio,Small Business,3,1,2,312,6,Promising,310.99,1679.36
CUST_00815,279,9,2891.85,Illinois,Corporate,1,5,4,154,10,Can't Lose Them,321.32,3904.0
CUST_00816,7,9,2483.0299999999997,California,Consumer,5,5,4,554,14,Champions,275.89,3352.09
CUST_00817,18,7,2834.39,New York,Consumer,5,4,4,544,13,Champions,404.91,3826.43
CUST_00818,126,6,2977.85,New York,Consumer,2,3,4,234,9,At Risk,496.31,4020.1
CUST_00819,34,5,898.44,Florida,Consumer,4,2,1,421,7,Potential Loyalists,179.69,1212.89
CUST_00820,43,7,2561.24,New York,Consumer,4,4,4,444,12,Champions,365.89,3457.67
CUST_00821,20,6,3549.16,Washington,Corporate,4,3,5,435,12,Loyal Customers,591.53,4791.37
CUST_00822,284,4,1817.16,New York,Consumer,1,1,3,113,5,Lost Customers,454.29,2453.17
CUST_00823,2,8,4192.17,New York,Consumer,5,4,5,545,14,Champions,524.02,5659.43
CUST_00824,26,7,1457.44,Washington,Consumer,4,4,2,442,10,Champions,208.21,1967.54
CUST_00825,85,7,1895.26,California,Consumer,3,4,3,343,10,Loyal Customers,270.75,2558.6
CUST_00826,171,4,1611.8799999999999,New York,Small Business,2,1,2,212,5,Customers Needing Attention,402.97,2176.04
CUST_00827,17,6,2237.69,Florida,Consumer,5,3,4,534,12,Loyal Customers,372.95,3020.88
CUST_00828,4,8,3549.54,Texas,Consumer,5,4,5,545,14,Champions,443.69,4791.88
CUST_00829,17,11,2183.4700000000003,Texas,Corporate,5,5,3,553,13,Champions,198.5,2947.68
CUST_00830,205,5,2244.24,Pennsylvania,Consumer,2,2,4,224,8,Customers Needing Attention,448.85,3029.72
CUST_00831,119,4,933.42,Massachusetts,Consumer,2,1,1,211,4,Customers Needing Attention,233.36,1260.12
CUST_00832,20,6,2221.6,New York,Consumer,4,3,4,434,11,Loyal Customers,370.27,2999.16
CUST_00833,48,6,937.52,Georgia,Consumer,3,3,1,331,7,Loyal Customers,156.25,1265.65
CUST_00834,199,4,1218.46,Florida,Consumer,2,1,2,212,5,Customers Needing Attention,304.62,1644.92
CUST_00835,410,3,419.84,North Carolina,Consumer,1,1,1,111,3,Lost Customers,139.95,566.78
CUST_00836,160,8,705.24,Illinois,Consumer,2,4,1,241,7,At Risk,88.16,952.07
CUST_00837,18,5,1858.0500000000002,New York,Small Business,5,2,3,523,10,Potential Loyalists,371.61,2508.37
CUST_00838,36,7,2656.99,Washington,Consumer,4,4,4,444,12,Champions,379.57,3586.94
CUST_00839,7,12,4108.63,Ohio,Consumer,5,5,5,555,15,Champions,342.39,5546.65
CUST_00840,33,10,1816.01,Texas,Consumer,4,5,3,453,12,Champions,181.6,2451.61
CUST_00841,134,7,1967.08,Texas,Consumer,2,4,3,243,9,At Risk,281.01,2655.56
CUST_00842,23,4,225.26,Texas,Consumer,4,1,1,411,6,Potential Loyalists,56.32,304.1
CUST_00843,423,7,3399.61,North Carolina,Consumer,1,4,5,145,10,Can't Lose Them,485.66,4589.47
CUST_00844,196,5,777.75,Massachusetts,Small Business,2,2,1,221,5,Customers Needing Attention,155.55,1049.96
CUST_00845,360,6,1999.69,Colorado,Consumer,1,3,3,133,7,Hibernating,333.28,2699.58
CUST_00846,165,4,838.72,Pennsylvania,Consumer,2,1,1,211,4,Customers Needing Attention,209.68,1132.27
CUST_00847,425,1,29.34,Pennsylvania,Consumer,1,1,1,111,3,Lost Customers,29.34,39.61
CUST_00848,314,3,378.74,Massachusetts,Small Business,1,1,1,111,3,Lost Customers,126.25,511.3
CUST_00849,184,8,3744.13,Ohio,Consumer,2,4,5,245,11,At Risk,468.02,5054.58
CUST_00850,51,6,1262.38,Florida,Consumer,3,3,2,332,8,Loyal Customers,210.4,1704.21
CUST_00851,34,7,2238.07,Colorado,Consumer,4,4,4,444,12,Champions,319.72,3021.39
CUST_00852,40,5,1950.09,Texas,Corporate,4,2,3,423,9,Potential Loyalists,390.02,2632.62
CUST_00853,2,7,2385.8,Pennsylvania,Consumer,5,4,4,544,13,Champions,340.83,3220.83
CUST_00854,43,7,2469.86,New York,Corporate,4,4,4,444,12,Champions,352.84,3334.31
CUST_00855,24,7,1442.28,Illinois,Consumer,4,4,2,442,10,Champions,206.04,1947.08
CUST_00856,384,4,719.38,North Carolina,Consumer,1,1,1,111,3,Lost Customers,179.84,971.16
CUST_00857,42,8,3037.17,Texas,Consumer,4,4,4,444,12,Champions,379.65,4100.18
CUST_00858,2,6,2702.19,New York,Consumer,5,3,4,534,12,Loyal Customers,450.36,3647.96
CUST_00859,31,9,4584.17,Texas,Consumer,4,5,5,455,14,Champions,509.35,6188.63
CUST_00860,19,3,174.98,Colorado,Consumer,5,1,1,511,7,Potential Loyalists,58.33,236.22
CUST_00861,28,9,3094.45,Georgia,Corporate,4,5,4,454,13,Champions,343.83,4177.51
CUST_00862,136,7,1333.6100000000001,Colorado,Consumer,2,4,2,242,8,At Risk,190.52,1800.37
CUST_00863,471,5,1170.85,New York,Consumer,1,2,2,122,5,Hibernating,234.17,1580.65
CUST_00864,12,12,2408.8,California,Consumer,5,5,4,554,14,Champions,200.73,3251.88
CUST_00865,84,2,2112.42,Pennsylvania,Consumer,3,1,3,313,7,Promising,1056.21,2851.77
CUST_00866,24,12,3502.7299999999996,Texas,Consumer,4,5,5,455,14,Champions,291.89,4728.69
CUST_00867,16,7,6878.79,Illinois,Consumer,5,4,5,545,14,Champions,982.68,9286.37
CUST_00868,180,5,456.42,Texas,Consumer,2,2,1,221,5,Customers Needing Attention,91.28,616.17
CUST_00869,15,10,4264.5,Florida,Corporate,5,5,5,555,15,Champions,426.45,5757.08
CUST_00870,108,6,1654.81,Georgia,Small Business,2,3,3,233,8,At Risk,275.8,2233.99
CUST_00871,355,3,409.29,Ohio,Consumer,1,1,1,111,3,Lost Customers,136.43,552.54
CUST_00872,29,6,1487.02,Texas,Consumer,4,3,2,432,9,Loyal Customers,247.84,2007.48
CUST_00873,18,8,2044.12,Washington,Consumer,5,4,3,543,12,Champions,255.52,2759.56
CUST_00874,41,8,3948.9399999999996,North Carolina,Consumer,4,4,5,445,13,Champions,493.62,5331.07
CUST_00875,7,5,1272.1200000000001,Washington,Consumer,5,2,2,522,9,Potential Loyalists,254.42,1717.36
CUST_00876,57,10,3610.11,Georgia,Consumer,3,5,5,355,13,Loyal Customers,361.01,4873.65
CUST_00877,366,2,355.48,Georgia,Corporate,1,1,1,111,3,Lost Customers,177.74,479.9
CUST_00878,9,6,630.31,California,Consumer,5,3,1,531,9,Loyal Customers,105.05,850.92
CUST_00879,281,5,1514.8799999999999,California,Consumer,1,2,2,122,5,Hibernating,302.98,2045.09
CUST_00880,141,4,1035.79,Florida,Consumer,2,1,2,212,5,Customers Needing Attention,258.95,1398.32
CUST_00881,135,4,2072.53,California,Consumer,2,1,3,213,6,Customers Needing Attention,518.13,2797.92
CUST_00882,173,5,1343.87,Ohio,Consumer,2,2,2,222,6,Customers Needing Attention,268.77,1814.22
CUST_00883,13,8,1518.94,New York,Consumer,5,4,2,542,11,Champions,189.87,2050.57
CUST_00884,65,8,1845.8,Ohio,Consumer,3,4,3,343,10,Loyal Customers,230.72,2491.83
CUST_00885,200,5,976.0,Florida,Corporate,2,2,1,221,5,Customers Needing Attention,195.2,1317.6
CUST_00886,12,5,3295.59,Massachusetts,Consumer,5,2,5,525,12,Potential Loyalists,659.12,4449.05
CUST_00887,52,12,6049.41,California,Consumer,3,5,5,355,13,Loyal Customers,504.12,8166.7
CUST_00888,14,8,2975.07,Colorado,Consumer,5,4,4,544,13,Champions,371.88,4016.34
CUST_00889,477,4,2059.87,Ohio,Consumer,1,1,3,113,5,Lost Customers,514.97,2780.82
CUST_00890,323,7,3492.03,Florida,Consumer,1,4,5,145,10,Can't Lose Them,498.86,4714.24
CUST_00891,12,8,3720.6899999999996,Texas,Corporate,5,4,5,545,14,Champions,465.09,5022.93
CUST_00892,16,6,2591.03,Massachusetts,Corporate,5,3,4,534,12,Loyal Customers,431.84,3497.89
CUST_00893,239,5,3057.5299999999997,Ohio,Corporate,1,2,4,124,7,Hibernating,611.51,4127.67
CUST_00894,762,3,2327.1400000000003,Florida,Consumer,1,1,4,114,6,Lost Customers,775.71,3141.64
CUST_00895,311,4,292.91,New York,Consumer,1,1,1,111,3,Lost Customers,73.23,395.43
CUST_00896,52,4,4264.41,California,Consumer,3,1,5,315,9,Promising,1066.1,5756.95
CUST_00897,65,9,3243.12,Pennsylvania,Consumer,3,5,5,355,13,Loyal Customers,360.35,4378.21
CUST_00898,13,11,5469.09,California,Corporate,5,5,5,555,15,Champions,497.19,7383.27
CUST_00899,58,7,4083.7,Texas,Consumer,3,4,5,345,12,Loyal Customers,583.39,5513.0
CUST_00900,15,5,1561.92,North Carolina,Consumer,5,2,2,522,9,Potential Loyalists,312.38,2108.59
CUST_00901,227,5,2189.2799999999997,Ohio,Consumer,1,2,3,123,6,Hibernating,437.86,2955.53
CUST_00902,54,3,695.3399999999999,Texas,Consumer,3,1,1,311,5,Promising,231.78,938.71
CUST_00903,35,8,3069.49,Washington,Consumer,4,4,4,444,12,Champions,383.69,4143.81
CUST_00904,261,5,1290.44,North Carolina,Consumer,1,2,2,122,5,Hibernating,258.09,1742.09
CUST_00905,39,5,1540.5500000000002,New York,Consumer,4,2,2,422,8,Potential Loyalists,308.11,2079.74
CUST_00906,1,6,1659.92,Texas,Corporate,5,3,3,533,11,Loyal Customers,276.65,2240.89
CUST_00907,123,6,2470.95,Texas,Corporate,2,3,4,234,9,At Risk,411.82,3335.78
CUST_00908,365,8,1301.56,New York,Consumer,1,4,2,142,7,Can't Lose Them,162.7,1757.11
CUST_00909,142,2,832.8100000000001,Florida,Consumer,2,1,1,211,4,Customers Needing Attention,416.4,1124.29
CUST_00910,331,8,2076.58,North Carolina,Consumer,1,4,3,143,8,Can't Lose Them,259.57,2803.38
CUST_00911,355,6,2022.52,California,Consumer,1,3,3,133,7,Hibernating,337.09,2730.4
CUST_00912,94,7,3287.0800000000004,North Carolina,Consumer,2,4,5,245,11,At Risk,469.58,4437.56
CUST_00913,39,11,2247.76,Ohio,Consumer,4,5,4,454,13,Champions,204.34,3034.48
CUST_00914,59,7,2584.8599999999997,Texas,Consumer,3,4,4,344,11,Loyal Customers,369.27,3489.56
CUST_00915,63,11,3170.66,New York,Consumer,3,5,5,355,13,Loyal Customers,288.24,4280.39
CUST_00916,103,8,3392.73,California,Consumer,2,4,5,245,11,At Risk,424.09,4580.19
CUST_00917,53,9,2810.25,Colorado,Consumer,3,5,4,354,12,Loyal Customers,312.25,3793.84
CUST_00918,340,5,1111.29,California,Small Business,1,2,2,122,5,Hibernating,222.26,1500.24
CUST_00919,319,5,1912.92,Ohio,Corporate,1,2,3,123,6,Hibernating,382.58,2582.44
CUST_00920,11,7,1073.16,Florida,Consumer,5,4,2,542,11,Champions,153.31,1448.77
CUST_00921,478,2,96.08,Massachusetts,Corporate,1,1,1,111,3,Lost Customers,48.04,129.71
CUST_00922,9,6,1778.4,Massachusetts,Consumer,5,3,3,533,11,Loyal Customers,296.4,2400.84
CUST_00923,43,7,3658.82,California,Corporate,4,4,5,445,13,Champions,522.69,4939.41
CUST_00924,168,7,1436.6999999999998,California,Corporate,2,4,2,242,8,At Risk,205.24,1939.54
CUST_00925,4,3,2109.47,North Carolina,Consumer,5,1,3,513,9,Potential Loyalists,703.16,2847.78
CUST_00926,274,6,2046.21,California,Consumer,1,3,3,133,7,Hibernating,341.04,2762.38
CUST_00927,18,6,1915.79,Massachusetts,Consumer,5,3,3,533,11,Loyal Customers,319.3,2586.32
CUST_00928,51,4,644.75,Texas,Consumer,3,1,1,311,5,Promising,161.19,870.41
CUST_00929,35,8,1709.34,Massachusetts,Consumer,4,4,3,443,11,Champions,213.67,2307.61
CUST_00930,92,7,2146.4,Florida,Consumer,3,4,3,343,10,Loyal Customers,306.63,2897.64
CUST_00931,37,8,2621.27,Ohio,Consumer,4,4,4,444,12,Champions,327.66,3538.71
CUST_00932,23,10,2709.62,California,Corporate,4,5,4,454,13,Champions,270.96,3657.99
CUST_00933,18,6,927.67,Massachusetts,Small Business,5,3,1,531,9,Loyal Customers,154.61,1252.35
CUST_00934,96,7,1862.15,Florida,Consumer,2,4,3,243,9,At Risk,266.02,2513.9
CUST_00935,44,9,3218.56,Georgia,Consumer,3,5,5,355,13,Loyal Customers,357.62,4345.06
CUST_00936,11,3,366.7,Texas,Consumer,5,1,1,511,7,Potential Loyalists,122.23,495.04
CUST_00937,497,6,935.3,Florida,Consumer,1,3,1,131,5,Hibernating,155.88,1262.66
CUST_00938,15,11,4550.1900000000005,California,Small Business,5,5,5,555,15,Champions,413.65,6142.76
CUST_00939,387,2,1147.96,California,Consumer,1,1,2,112,4,Lost Customers,573.98,1549.75
CUST_00940,37,6,2532.54,New York,Consumer,4,3,4,434,11,Loyal Customers,422.09,3418.93
CUST_00941,12,5,668.18,Illinois,Consumer,5,2,1,521,8,Potential Loyalists,133.64,902.04
CUST_00942,37,8,2971.29,New York,Consumer,4,4,4,444,12,Champions,371.41,4011.24
CUST_00943,115,4,2142.18,Texas,Consumer,2,1,3,213,6,Customers Needing Attention,535.54,2891.94
CUST_00944,201,5,506.05,Illinois,Corporate,2,2,1,221,5,Customers Needing Attention,101.21,683.17
CUST_00945,121,3,917.34,New York,Consumer,2,1,1,211,4,Customers Needing Attention,305.78,1238.41
CUST_00946,326,10,4617.51,Illinois,Consumer,1,5,5,155,11,Can't Lose Them,461.75,6233.64
CUST_00947,29,10,1991.46,Illinois,Consumer,4,5,3,453,12,Champions,199.15,2688.47
CUST_00948,462,3,579.76,Florida,Small Business,1,1,1,111,3,Lost Customers,193.25,782.68
CUST_00949,219,6,2882.99,Pennsylvania,Corporate,1,3,4,134,8,Hibernating,480.5,3892.04
CUST_00950,52,4,1044.72,Florida,Consumer,3,1,2,312,6,Promising,261.18,1410.37
CUST_00951,170,8,1974.3400000000001,Texas,Consumer,2,4,3,243,9,At Risk,246.79,2665.36
CUST_00952,248,7,2832.5299999999997,Florida,Consumer,1,4,4,144,9,Can't Lose Them,404.65,3823.92
CUST_00953,17,4,1039.9,Florida,Consumer,5,1,2,512,8,Potential Loyalists,259.98,1403.87
CUST_00954,154,7,1414.33,California,Small Business,2,4,2,242,8,At Risk,202.05,1909.35
CUST_00955,17,6,1575.11,Massachusetts,Consumer,5,3,2,532,10,Loyal Customers,262.52,2126.4
CUST_00956,6,8,5766.16,Ohio,Consumer,5,4,5,545,14,Champions,720.77,7784.32
CUST_00957,52,10,2690.98,Pennsylvania,Consumer,3,5,4,354,12,Loyal Customers,269.1,3632.82
CUST_00958,2,7,4056.87,Massachusetts,Consumer,5,4,5,545,14,Champions,579.55,5476.77
CUST_00959,100,2,2049.52,New York,Consumer,2,1,3,213,6,Customers Needing Attention,1024.76,2766.85
CUST_00960,75,7,1467.77,California,Corporate,3,4,2,342,9,Loyal Customers,209.68,1981.49
CUST_00961,10,9,1931.99,California,Consumer,5,5,3,553,13,Champions,214.67,2608.19
CUST_00962,23,4,961.9,Texas,Consumer,4,1,1,411,6,Potential Loyalists,240.48,1298.56
CUST_00963,616,5,2674.78,Texas,Consumer,1,2,4,124,7,Hibernating,534.96,3610.95
CUST_00964,30,11,3909.63,New York,Consumer,4,5,5,455,14,Champions,355.42,5278.0
CUST_00965,44,7,6003.36,Texas,Consumer,3,4,5,345,12,Loyal Customers,857.62,8104.54
CUST_00966,9,2,1475.68,Florida,Consumer,5,1,2,512,8,Potential Loyalists,737.84,1992.17
CUST_00967,95,6,550.53,Texas,Corporate,2,3,1,231,6,At Risk,91.76,743.22
CUST_00968,4,8,3354.6,Pennsylvania,Consumer,5,4,5,545,14,Champions,419.32,4528.71
CUST_00969,100,6,3232.27,Illinois,Consumer,2,3,5,235,10,At Risk,538.71,4363.56
CUST_00970,2,5,282.45,Florida,Consumer,5,2,1,521,8,Potential Loyalists,56.49,381.31
CUST_00971,60,8,4638.46,Texas,Consumer,3,4,5,345,12,Loyal Customers,579.81,6261.92
CUST_00972,25,5,1951.95,California,Small Business,4,2,3,423,9,Potential Loyalists,390.39,2635.13
CUST_00973,166,4,2414.3,Texas,Corporate,2,1,4,214,7,Customers Needing Attention,603.58,3259.3
CUST_00974,129,11,3870.13,Washington,Consumer,2,5,5,255,12,At Risk,351.83,5224.68
CUST_00975,9,5,1006.0,California,Consumer,5,2,1,521,8,Potential Loyalists,201.2,1358.1
CUST_00976,470,2,321.46000000000004,Texas,Consumer,1,1,1,111,3,Lost Customers,160.73,433.97
CUST_00977,27,9,1484.18,Florida,Consumer,4,5,2,452,11,Champions,164.91,2003.64
CUST_00978,119,7,2822.6,Texas,Consumer,2,4,4,244,10,At Risk,403.23,3810.51
CUST_00979,28,5,789.9300000000001,Texas,Consumer,4,2,1,421,7,Potential Loyalists,157.99,1066.41
CUST_00980,212,4,1543.66,Pennsylvania,Consumer,2,1,2,212,5,Customers Needing Attention,385.92,2083.94
CUST_00981,110,7,5533.610000000001,Texas,Consumer,2,4,5,245,11,At Risk,790.52,7470.37
CUST_00982,92,6,871.56,California,Corporate,3,3,1,331,7,Loyal Customers,145.26,1176.61
CUST_00983,13,8,3609.94,Texas,Consumer,5,4,5,545,14,Champions,451.24,4873.42
CUST_00984,24,6,2110.41,New York,Consumer,4,3,3,433,10,Loyal Customers,351.73,2849.05
CUST_00985,127,4,2302.28,Texas,Corporate,2,1,4,214,7,Customers Needing Attention,575.57,3108.08
CUST_00986,11,9,3273.21,California,Consumer,5,5,5,555,15,Champions,363.69,4418.83
CUST_00987,61,5,939.86,Texas,Consumer,3,2,1,321,6,Promising,187.97,1268.81
CUST_00988,329,8,2474.8,Pennsylvania,Consumer,1,4,4,144,9,Can't Lose Them,309.35,3340.98
CUST_00989,32,4,1597.55,New York,Consumer,4,1,2,412,7,Potential Loyalists,399.39,2156.69
CUST_00990,24,2,920.44,North Carolina,Corporate,4,1,1,411,6,Potential Loyalists,460.22,1242.59
CUST_00991,30,6,3222.6600000000003,Colorado,Corporate,4,3,5,435,12,Loyal Customers,537.11,4350.59
CUST_00992,51,9,3667.73,Texas,Consumer,3,5,5,355,13,Loyal Customers,407.53,4951.44
CUST_00993,78,12,5210.83,New York,Consumer,3,5,5,355,13,Loyal Customers,434.24,7034.62
CUST_00994,66,6,2252.11,North Carolina,Consumer,3,3,4,334,10,Loyal Customers,375.35,3040.35
CUST_00995,38,6,1601.66,New York,Consumer,4,3,2,432,9,Loyal Customers,266.94,2162.24
CUST_00996,12,3,2216.54,California,Consumer,5,1,3,513,9,Potential Loyalists,738.85,2992.33
CUST_00997,351,5,1668.94,California,Small Business,1,2,3,123,6,Hibernating,333.79,2253.07
CUST_00998,410,4,1052.82,Ohio,Consumer,1,1,2,112,4,Lost Customers,263.2,1421.31
CUST_00999,42,4,1088.16,Georgia,Small Business,4,1,2,412,7,Potential Loyalists,272.04,1469.02
CUST_01000,190,4,1830.76,Georgia,Consumer,2,1,3,213,6,Customers Needing Attention,457.69,2471.53
CUST_01001,62,5,1270.3,Washington,Consumer,3,2,2,322,7,Promising,254.06,1714.9
CUST_01002,43,7,4011.46,Georgia,Consumer,4,4,5,445,13,Champions,573.07,5415.47
CUST_01003,73,9,2498.42,Texas,Corporate,3,5,4,354,12,Loyal Customers,277.6,3372.87
CUST_01004,27,7,1769.23,Ohio,Corporate,4,4,3,443,11,Champions,252.75,2388.46
CUST_01005,17,6,1953.17,California,Corporate,5,3,3,533,11,Loyal Customers,325.53,2636.78
CUST_01006,4,7,1428.84,North Carolina,Consumer,5,4,2,542,11,Champions,204.12,1928.93
CUST_01007,150,11,4023.04,Massachusetts,Consumer,2,5,5,255,12,At Risk,365.73,5431.1
CUST_01008,37,4,370.15,Georgia,Corporate,4,1,1,411,6,Potential Loyalists,92.54,499.7
CUST_01009,41,12,5026.0,Georgia,Consumer,4,5,5,455,14,Champions,418.83,6785.1
CUST_01010,46,5,2004.21,Florida,Consumer,3,2,3,323,8,Promising,400.84,2705.68
CUST_01011,22,6,2399.32,Washington,Consumer,4,3,4,434,11,Loyal Customers,399.89,3239.08
CUST_01012,364,8,2687.34,Texas,Small Business,1,4,4,144,9,Can't Lose Them,335.92,3627.91
CUST_01013,17,3,1096.25,Pennsylvania,Small Business,5,1,2,512,8,Potential Loyalists,365.42,1479.94
CUST_01014,14,8,3968.88,Ohio,Consumer,5,4,5,545,14,Champions,496.11,5357.99
CUST_01015,60,6,2595.94,Washington,Corporate,3,3,4,334,10,Loyal Customers,432.66,3504.52
CUST_01016,2,4,324.75,New York,Small Business,5,1,1,511,7,Potential Loyalists,81.19,438.41
CUST_01017,460,3,2367.52,New York,Consumer,1,1,4,114,6,Lost Customers,789.17,3196.15
CUST_01018,393,3,114.37,Illinois,Consumer,1,1,1,111,3,Lost Customers,38.12,154.4
CUST_01019,14,11,4110.22,Texas,Small Business,5,5,5,555,15,Champions,373.66,5548.8
CUST_01020,20,4,597.75,New York,Consumer,4,1,1,411,6,Potential Loyalists,149.44,806.96
CUST_01021,170,13,3929.7,California,Consumer,2,5,5,255,12,At Risk,302.28,5305.1
CUST_01022,701,2,225.55,Washington,Consumer,1,1,1,111,3,Lost Customers,112.78,304.49
CUST_01023,9,10,4277.46,Massachusetts,Small Business,5,5,5,555,15,Champions,427.75,5774.57
CUST_01024,139,6,2464.94,Florida,Small Business,2,3,4,234,9,At Risk,410.82,3327.67
CUST_01025,40,10,2934.51,Texas,Small Business,4,5,4,454,13,Champions,293.45,3961.59
CUST_01026,221,5,1457.66,California,Consumer,1,2,2,122,5,Hibernating,291.53,1967.84
CUST_01027,240,4,1068.91,Texas,Corporate,1,1,2,112,4,Lost Customers,267.23,1443.03
CUST_01028,379,4,943.66,North Carolina,Corporate,1,1,1,111,3,Lost Customers,235.92,1273.94
CUST_01029,12,4,769.6700000000001,Texas,Consumer,5,1,1,511,7,Potential Loyalists,192.42,1039.05
CUST_01030,31,8,3027.3,Texas,Corporate,4,4,4,444,12,Champions,378.41,4086.86
CUST_01031,15,4,2214.2,California,Consumer,5,1,3,513,9,Potential Loyalists,553.55,2989.17
CUST_01032,10,10,3488.33,Massachusetts,Consumer,5,5,5,555,15,Champions,348.83,4709.25
CUST_01033,108,6,2018.75,North Carolina,Consumer,2,3,3,233,8,At Risk,336.46,2725.31
CUST_01034,4,6,3415.34,Ohio,Consumer,5,3,5,535,13,Loyal Customers,569.22,4610.71
CUST_01035,45,1,175.26,Washington,Consumer,3,1,1,311,5,Promising,175.26,236.6
CUST_01036,178,6,2237.74,Texas,Consumer,2,3,4,234,9,At Risk,372.96,3020.95
CUST_01037,11,4,2564.67,California,Consumer,5,1,4,514,10,Potential Loyalists,641.17,3462.3
CUST_01038,630,3,963.47,North Carolina,Corporate,1,1,1,111,3,Lost Customers,321.16,1300.68
CUST_01039,184,9,2515.05,North Carolina,Consumer,2,5,4,254,11,At Risk,279.45,3395.32
CUST_01040,91,8,1851.03,North Carolina,Consumer,3,4,3,343,10,Loyal Customers,231.38,2498.89
CUST_01041,30,5,619.67,Florida,Consumer,4,2,1,421,7,Potential Loyalists,123.93,836.55
CUST_01042,326,8,2829.5699999999997,Pennsylvania,Corporate,1,4,4,144,9,Can't Lose Them,353.7,3819.92
CUST_01043,291,1,541.35,Colorado,Consumer,1,1,1,111,3,Lost Customers,541.35,730.82
CUST_01044,55,11,3711.13,New York,Consumer,3,5,5,355,13,Loyal Customers,337.38,5010.03
CUST_01045,68,6,1137.26,Texas,Corporate,3,3,2,332,8,Loyal Customers,189.54,1535.3
CUST_01046,25,5,1059.49,Georgia,Consumer,4,2,2,422,8,Potential Loyalists,211.9,1430.31
CUST_01047,349,2,172.06,California,Consumer,1,1,1,111,3,Lost Customers,86.03,232.28
CUST_01048,22,9,3955.01,Florida,Consumer,4,5,5,455,14,Champions,439.45,5339.26
CUST_01049,234,3,1913.91,California,Corporate,1,1,3,113,5,Lost Customers,637.97,2583.78
CUST_01050,280,4,521.49,Illinois,Consumer,1,1,1,111,3,Lost Customers,130.37,704.01
CUST_01051,1,5,1512.75,Florida,Corporate,5,2,2,522,9,Potential Loyalists,302.55,2042.21
CUST_01052,123,5,666.08,Texas,Consumer,2,2,1,221,5,Customers Needing Attention,133.22,899.21
CUST_01053,6,9,3754.03,Texas,Small Business,5,5,5,555,15,Champions,417.11,5067.94
CUST_01054,14,12,5068.2300000000005,Washington,Corporate,5,5,5,555,15,Champions,422.35,6842.11
CUST_01055,4,6,1753.74,California,Small Business,5,3,3,533,11,Loyal Customers,292.29,2367.55
CUST_01056,10,6,1690.24,California,Consumer,5,3,3,533,11,Loyal Customers,281.71,2281.82
CUST_01057,52,5,1041.01,Washington,Corporate,3,2,2,322,7,Promising,208.2,1405.36
CUST_01058,383,7,3207.25,Florida,Consumer,1,4,5,145,10,Can't Lose Them,458.18,4329.79
CUST_01059,187,8,1098.3899999999999,Florida,Consumer,2,4,2,242,8,At Risk,137.3,1482.83
CUST_01060,44,3,742.2099999999999,New York,Consumer,3,1,1,311,5,Promising,247.4,1001.98
CUST_01061,196,4,1234.08,Pennsylvania,Corporate,2,1,2,212,5,Customers Needing Attention,308.52,1666.01
CUST_01062,324,3,348.03000000000003,Washington,Small Business,1,1,1,111,3,Lost Customers,116.01,469.84
CUST_01063,113,3,1221.47,New York,Corporate,2,1,2,212,5,Customers Needing Attention,407.16,1648.98
CUST_01064,79,12,5888.64,Illinois,Consumer,3,5,5,355,13,Loyal Customers,490.72,7949.66
CUST_01065,90,8,2256.41,Texas,Consumer,3,4,4,344,11,Loyal Customers,282.05,3046.15
CUST_01066,9,6,250.26999999999998,Illinois,Corporate,5,3,1,531,9,Loyal Customers,41.71,337.86
CUST_01067,41,7,1156.94,Texas,Consumer,4,4,2,442,10,Champions,165.28,1561.87
CUST_01068,466,6,2445.86,Florida,Consumer,1,3,4,134,8,Hibernating,407.64,3301.91
CUST_01069,216,1,467.85,Washington,Consumer,1,1,1,111,3,Lost Customers,467.85,631.6
CUST_01070,100,7,1274.87,Texas,Consumer,2,4,2,242,8,At Risk,182.12,1721.07
CUST_01071,169,6,1929.8,Massachusetts,Consumer,2,3,3,233,8,At Risk,321.63,2605.23
CUST_01072,22,10,3805.39,New York,Consumer,4,5,5,455,14,Champions,380.54,5137.28
CUST_01073,103,8,4326.41,Florida,Consumer,2,4,5,245,11,At Risk,540.8,5840.65
CUST_01074,193,9,1314.94,Massachusetts,Consumer,2,5,2,252,9,At Risk,146.1,1775.17
CUST_01075,44,9,1735.8899999999999,Pennsylvania,Small Business,3,5,3,353,11,Loyal Customers,192.88,2343.45
CUST_01076,597,2,198.34,Pennsylvania,Consumer,1,1,1,111,3,Lost Customers,99.17,267.76
CUST_01077,31,6,1458.11,Illinois,Consumer,4,3,2,432,9,Loyal Customers,243.02,1968.45
CUST_01078,67,7,2953.78,Ohio,Consumer,3,4,4,344,11,Loyal Customers,421.97,3987.6
CUST_01079,17,7,3220.9300000000003,New York,Consumer,5,4,5,545,14,Champions,460.13,4348.26
CUST_01080,29,7,2096.84,Texas,Small Business,4,4,3,443,11,Champions,299.55,2830.73
CUST_01081,53,3,541.66,Colorado,Corporate,3,1,1,311,5,Promising,180.55,731.24
CUST_01082,17,4,1078.18,Washington,Consumer,5,1,2,512,8,Potential Loyalists,269.54,1455.54
CUST_01083,115,5,3312.46,Washington,Consumer,2,2,5,225,9,Customers Needing Attention,662.49,4471.82
CUST_01084,71,5,599.91,Washington,Corporate,3,2,1,321,6,Promising,119.98,809.88
CUST_01085,54,4,1079.52,Ohio,Small Business,3,1,2,312,6,Promising,269.88,1457.35
CUST_01086,15,6,1821.93,Illinois,Consumer,5,3,3,533,11,Loyal Customers,303.66,2459.61
CUST_01087,291,5,1138.75,Colorado,Consumer,1,2,2,122,5,Hibernating,227.75,1537.31
CUST_01088,208,5,451.32,Florida,Consumer,2,2,1,221,5,Customers Needing Attention,90.26,609.28
CUST_01089,24,5,1367.7,Illinois,Small Business,4,2,2,422,8,Potential Loyalists,273.54,1846.4
CUST_01090,81,8,1646.62,Massachusetts,Consumer,3,4,3,343,10,Loyal Customers,205.83,2222.94
CUST_01091,39,5,3248.08,Illinois,Small Business,4,2,5,425,11,Potential Loyalists,649.62,4384.91
CUST_01092,367,2,287.48,Florida,Consumer,1,1,1,111,3,Lost Customers,143.74,388.1
CUST_01093,47,5,854.0,Massachusetts,Consumer,3,2,1,321,6,Promising,170.8,1152.9
CUST_01094,182,3,670.09,North Carolina,Consumer,2,1,1,211,4,Customers Needing Attention,223.36,904.62
CUST_01095,267,6,3221.56,Texas,Consumer,1,3,5,135,9,Hibernating,536.93,4349.11
CUST_01096,200,3,455.40999999999997,Florida,Consumer,2,1,1,211,4,Customers Needing Attention,151.8,614.8
CUST_01097,27,9,3787.36,Texas,Consumer,4,5,5,455,14,Champions,420.82,5112.94
CUST_01098,2,5,2730.75,California,Consumer,5,2,4,524,11,Potential Loyalists,546.15,3686.51
CUST_01099,82,5,1987.47,California,Corporate,3,2,3,323,8,Promising,397.49,2683.08
CUST_01100,130,5,1823.57,New York,Consumer,2,2,3,223,7,Customers Needing Attention,364.71,2461.82
CUST_01101,17,7,2918.99,California,Consumer,5,4,4,544,13,Champions,417.0,3940.64
CUST_01102,254,7,1969.1799999999998,Texas,Small Business,1,4,3,143,8,Can't Lose Them,281.31,2658.39
CUST_01103,21,7,1901.3300000000002,New York,Corporate,4,4,3,443,11,Champions,271.62,2566.8
CUST_01104,47,8,2949.4,California,Small Business,3,4,4,344,11,Loyal Customers,368.68,3981.69
CUST_01105,346,5,581.77,Pennsylvania,Small Business,1,2,1,121,4,Hibernating,116.35,785.39
CUST_01106,24,6,4248.32,Ohio,Consumer,4,3,5,435,12,Loyal Customers,708.05,5735.23
CUST_01107,271,6,656.34,Texas,Consumer,1,3,1,131,5,Hibernating,109.39,886.06
CUST_01108,168,7,2522.35,Georgia,Corporate,2,4,4,244,10,At Risk,360.34,3405.17
CUST_01109,51,7,2117.54,Washington,Consumer,3,4,3,343,10,Loyal Customers,302.51,2858.68
CUST_01110,258,4,1763.93,California,Consumer,1,1,3,113,5,Lost Customers,440.98,2381.31
CUST_01111,20,4,1247.81,Georgia,Corporate,5,1,2,512,8,Potential Loyalists,311.95,1684.54
CUST_01112,6,6,2102.45,California,Consumer,5,3,3,533,11,Loyal Customers,350.41,2838.31
CUST_01113,3,5,1342.2,Washington,Consumer,5,2,2,522,9,Potential Loyalists,268.44,1811.97
CUST_01114,24,5,2117.79,California,Consumer,4,2,3,423,9,Potential Loyalists,423.56,2859.02
CUST_01115,356,5,3213.02,Florida,Consumer,1,2,5,125,8,Hibernating,642.6,4337.58
CUST_01116,27,11,3975.7200000000003,Texas,Consumer,4,5,5,455,14,Champions,361.43,5367.22
CUST_01117,15,10,2101.98,Texas,Consumer,5,5,3,553,13,Champions,210.2,2837.67
CUST_01118,124,6,3436.46,Massachusetts,Corporate,2,3,5,235,10,At Risk,572.74,4639.22
CUST_01119,164,2,489.46,Massachusetts,Consumer,2,1,1,211,4,Customers Needing Attention,244.73,660.77
CUST_01120,117,7,991.71,Georgia,Consumer,2,4,1,241,7,At Risk,141.67,1338.81
CUST_01121,356,4,1250.13,Florida,Corporate,1,1,2,112,4,Lost Customers,312.53,1687.68
CUST_01122,3,5,1847.58,Georgia,Small Business,5,2,3,523,10,Potential Loyalists,369.52,2494.23
CUST_01123,19,10,4506.93,New York,Corporate,5,5,5,555,15,Champions,450.69,6084.36
CUST_01124,45,7,2331.4,Colorado,Corporate,3,4,4,344,11,Loyal Customers,333.06,3147.39
CUST_01125,107,4,2944.57,Texas,Consumer,2,1,4,214,7,Customers Needing Attention,736.14,3975.17
CUST_01126,18,9,3670.9,California,Consumer,5,5,5,555,15,Champions,407.88,4955.72
CUST_01127,52,5,4211.24,New York,Consumer,3,2,5,325,10,Promising,842.25,5685.17
CUST_01128,240,7,1358.04,Colorado,Consumer,1,4,2,142,7,Can't Lose Them,194.01,1833.35
CUST_01129,133,11,3354.02,New York,Consumer,2,5,5,255,12,At Risk,304.91,4527.93
CUST_01130,59,9,2426.52,Illinois,Consumer,3,5,4,354,12,Loyal Customers,269.61,3275.8
CUST_01131,220,4,1166.14,Washington,Corporate,1,1,2,112,4,Lost Customers,291.54,1574.29
CUST_01132,257,4,967.04,California,Consumer,1,1,1,111,3,Lost Customers,241.76,1305.5
CUST_01133,12,7,3425.86,Massachusetts,Consumer,5,4,5,545,14,Champions,489.41,4624.91
CUST_01134,102,7,1736.05,Texas,Consumer,2,4,3,243,9,At Risk,248.01,2343.67
CUST_01135,98,5,1205.57,California,Consumer,2,2,2,222,6,Customers Needing Attention,241.11,1627.52
CUST_01136,97,8,2413.58,Colorado,Consumer,2,4,4,244,10,At Risk,301.7,3258.33
CUST_01137,75,5,1506.24,Colorado,Corporate,3,2,2,322,7,Promising,301.25,2033.42
CUST_01138,207,4,626.85,Pennsylvania,Consumer,2,1,1,211,4,Customers Needing Attention,156.71,846.25
CUST_01139,49,11,4577.54,Texas,Consumer,3,5,5,355,13,Loyal Customers,416.14,6179.68
CUST_01140,272,4,689.38,North Carolina,Consumer,1,1,1,111,3,Lost Customers,172.34,930.66
CUST_01141,86,6,1570.81,Florida,Corporate,3,3,2,332,8,Loyal Customers,261.8,2120.59
CUST_01142,31,4,1816.38,Texas,Consumer,4,1,3,413,8,Potential Loyalists,454.1,2452.11
CUST_01143,40,4,358.52,Illinois,Consumer,4,1,1,411,6,Potential Loyalists,89.63,484.0
CUST_01144,105,4,1134.0,New York,Consumer,2,1,2,212,5,Customers Needing Attention,283.5,1530.9
CUST_01145,57,5,2019.61,California,Consumer,3,2,3,323,8,Promising,403.92,2726.47
CUST_01146,149,8,4445.67,New York,Corporate,2,4,5,245,11,At Risk,555.71,6001.65
CUST_01147,42,9,3958.34,Texas,Corporate,4,5,5,455,14,Champions,439.82,5343.76
CUST_01148,93,6,1890.45,Illinois,Consumer,2,3,3,233,8,At Risk,315.08,2552.11
CUST_01149,266,5,1427.06,Washington,Corporate,1,2,2,122,5,Hibernating,285.41,1926.53
CUST_01150,103,6,3155.48,New York,Corporate,2,3,5,235,10,At Risk,525.91,4259.9
CUST_01151,59,11,4145.73,Illinois,Corporate,3,5,5,355,13,Loyal Customers,376.88,5596.74
CUST_01152,47,1,333.37,Texas,Corporate,3,1,1,311,5,Promising,333.37,450.05
CUST_01153,132,8,3196.1499999999996,New York,Consumer,2,4,5,245,11,At Risk,399.52,4314.8
CUST_01154,15,7,1444.19,Colorado,Consumer,5,4,2,542,11,Champions,206.31,1949.66
CUST_01155,227,6,1782.25,Pennsylvania,Consumer,1,3,3,133,7,Hibernating,297.04,2406.04
CUST_01156,275,2,343.46000000000004,Ohio,Corporate,1,1,1,111,3,Lost Customers,171.73,463.67
CUST_01157,15,11,2423.79,Florida,Consumer,5,5,4,554,14,Champions,220.34,3272.12
CUST_01158,24,7,1513.48,California,Corporate,4,4,2,442,10,Champions,216.21,2043.2
CUST_01159,215,5,1531.34,Florida,Corporate,1,2,2,122,5,Hibernating,306.27,2067.31
CUST_01160,523,2,73.0,Colorado,Consumer,1,1,1,111,3,Lost Customers,36.5,98.55
CUST_01161,45,6,1869.57,Texas,Corporate,3,3,3,333,9,Loyal Customers,311.59,2523.92
CUST_01162,18,6,1729.25,Texas,Consumer,5,3,3,533,11,Loyal Customers,288.21,2334.49
CUST_01163,37,5,883.73,Massachusetts,Consumer,4,2,1,421,7,Potential Loyalists,176.75,1193.04
CUST_01164,176,5,647.6899999999999,Ohio,Corporate,2,2,1,221,5,Customers Needing Attention,129.54,874.38
CUST_01165,93,7,1150.74,Illinois,Consumer,2,4,2,242,8,At Risk,164.39,1553.5
CUST_01166,14,4,878.37,New York,Corporate,5,1,1,511,7,Potential Loyalists,219.59,1185.8
CUST_01167,122,12,4947.16,New York,Corporate,2,5,5,255,12,At Risk,412.26,6678.67
CUST_01168,63,10,2094.48,New York,Consumer,3,5,3,353,11,Loyal Customers,209.45,2827.55
CUST_01169,272,3,555.6,California,Consumer,1,1,1,111,3,Lost Customers,185.2,750.06
CUST_01170,126,4,772.01,North Carolina,Consumer,2,1,1,211,4,Customers Needing Attention,193.0,1042.21
CUST_01171,27,6,2565.9,California,Consumer,4,3,4,434,11,Loyal Customers,427.65,3463.96
CUST_01172,626,3,928.64,California,Small Business,1,1,1,111,3,Lost Customers,309.55,1253.66
CUST_01173,499,3,507.21999999999997,California,Consumer,1,1,1,111,3,Lost Customers,169.07,684.75
CUST_01174,100,7,2863.63,Ohio,Consumer,2,4,4,244,10,At Risk,409.09,3865.9
CUST_01175,43,11,3882.0299999999997,Florida,Consumer,4,5,5,455,14,Champions,352.91,5240.74
CUST_01176,29,7,2650.11,Florida,Consumer,4,4,4,444,12,Champions,378.59,3577.65
CUST_01177,23,5,2012.73,New York,Corporate,4,2,3,423,9,Potential Loyalists,402.55,2717.19
CUST_01178,294,3,1491.8200000000002,Massachusetts,Consumer,1,1,2,112,4,Lost Customers,497.27,2013.96
CUST_01179,2,4,1912.97,Texas,Corporate,5,1,3,513,9,Potential Loyalists,478.24,2582.51
CUST_01180,46,4,1089.74,Ohio,Consumer,3,1,2,312,6,Promising,272.44,1471.15
CUST_01181,21,7,2298.45,Washington,Small Business,4,4,4,444,12,Champions,328.35,3102.91
CUST_01182,15,6,3684.76,New York,Consumer,5,3,5,535,13,Loyal Customers,614.13,4974.43
CUST_01183,31,7,3234.08,Massachusetts,Consumer,4,4,5,445,13,Champions,462.01,4366.01
CUST_01184,42,5,795.1600000000001,Ohio,Small Business,4,2,1,421,7,Potential Loyalists,159.03,1073.47
CUST_01185,45,5,2149.08,Illinois,Consumer,3,2,3,323,8,Promising,429.82,2901.26
CUST_01186,101,5,2165.34,Georgia,Small Business,2,2,3,223,7,Customers Needing Attention,433.07,2923.21
CUST_01187,216,3,1219.02,Texas,Consumer,1,1,2,112,4,Lost Customers,406.34,1645.68
CUST_01188,186,5,1588.46,Massachusetts,Consumer,2,2,2,222,6,Customers Needing Attention,317.69,2144.42
CUST_01189,351,5,1360.04,Colorado,Consumer,1,2,2,122,5,Hibernating,272.01,1836.05
CUST_01190,295,8,2682.1800000000003,California,Corporate,1,4,4,144,9,Can't Lose Them,335.27,3620.94
CUST_01191,95,7,1670.3000000000002,North Carolina,Consumer,2,4,3,243,9,At Risk,238.61,2254.91
CUST_01192,340,3,1765.8,Florida,Consumer,1,1,3,113,5,Lost Customers,588.6,2383.83
CUST_01193,10,10,1358.02,California,Consumer,5,5,2,552,12,Champions,135.8,1833.33
CUST_01194,526,2,294.92,North Carolina,Consumer,1,1,1,111,3,Lost Customers,147.46,398.14
CUST_01195,74,5,736.14,New York,Consumer,3,2,1,321,6,Promising,147.23,993.79
CUST_01196,112,8,2331.15,Washington,Corporate,2,4,4,244,10,At Risk,291.39,3147.05
CUST_01197,184,5,1263.91,Washington,Small Business,2,2,2,222,6,Customers Needing Attention,252.78,1706.28
CUST_01198,9,7,1958.5700000000002,Florida,Small Business,5,4,3,543,12,Champions,279.8,2644.07
CUST_01199,512,5,597.38,Massachusetts,Corporate,1,2,1,121,4,Hibernating,119.48,806.46
CUST_01200,331,4,3039.23,Illinois,Consumer,1,1,4,114,6,Lost Customers,759.81,4102.96
CUST_01201,220,6,1936.44,New York,Corporate,1,3,3,133,7,Hibernating,322.74,2614.19
CUST_01202,21,9,3303.53,Massachusetts,Consumer,4,5,5,455,14,Champions,367.06,4459.77
CUST_01203,187,5,3917.29,Washington,Consumer,2,2,5,225,9,Customers Needing Attention,783.46,5288.34
CUST_01204,7,11,3945.71,Texas,Consumer,5,5,5,555,15,Champions,358.7,5326.71
CUST_01205,108,5,1565.23,Massachusetts,Consumer,2,2,2,222,6,Customers Needing Attention,313.05,2113.06
CUST_01206,19,9,1689.25,California,Corporate,5,5,3,553,13,Champions,187.69,2280.49
CUST_01207,95,11,1813.6,New York,Consumer,2,5,3,253,10,At Risk,164.87,2448.36
CUST_01208,8,8,1556.8300000000002,New York,Consumer,5,4,2,542,11,Champions,194.6,2101.72
CUST_01209,9,7,3134.32,North Carolina,Consumer,5,4,5,545,14,Champions,447.76,4231.33
CUST_01210,171,4,604.52,Florida,Small Business,2,1,1,211,4,Customers Needing Attention,151.13,816.1
CUST_01211,55,7,713.55,Illinois,Consumer,3,4,1,341,8,Loyal Customers,101.94,963.29
CUST_01212,36,8,1789.47,California,Consumer,4,4,3,443,11,Champions,223.68,2415.78
CUST_01213,389,3,645.36,California,Consumer,1,1,1,111,3,Lost Customers,215.12,871.24
CUST_01214,7,8,3022.87,New York,Corporate,5,4,4,544,13,Champions,377.86,4080.87
CUST_01215,35,6,960.36,Texas,Consumer,4,3,1,431,8,Loyal Customers,160.06,1296.49
CUST_01216,43,7,3342.08,Texas,Consumer,4,4,5,445,13,Champions,477.44,4511.81
CUST_01217,301,5,631.95,Texas,Consumer,1,2,1,121,4,Hibernating,126.39,853.13
CUST_01218,37,6,3908.18,Georgia,Consumer,4,3,5,435,12,Loyal Customers,651.36,5276.04
CUST_01219,54,3,680.22,New York,Consumer,3,1,1,311,5,Promising,226.74,918.3
CUST_01220,53,6,2134.63,Washington,Consumer,3,3,3,333,9,Loyal Customers,355.77,2881.75
CUST_01221,48,6,2934.96,Washington,Small Business,3,3,4,334,10,Loyal Customers,489.16,3962.2
CUST_01222,46,8,3066.2,Texas,Consumer,3,4,4,344,11,Loyal Customers,383.28,4139.37
CUST_01223,2,8,2471.59,New York,Consumer,5,4,4,544,13,Champions,308.95,3336.65
CUST_01224,393,3,1355.57,Texas,Small Business,1,1,2,112,4,Lost Customers,451.86,1830.02
CUST_01225,6,6,2535.29,California,Consumer,5,3,4,534,12,Loyal Customers,422.55,3422.64
CUST_01226,56,9,1593.98,New York,Consumer,3,5,2,352,10,Loyal Customers,177.11,2151.87
CUST_01227,134,5,974.5,New York,Consumer,2,2,1,221,5,Customers Needing Attention,194.9,1315.58
CUST_01228,19,9,3661.48,California,Consumer,5,5,5,555,15,Champions,406.83,4943.0
CUST_01229,26,4,1127.6,Texas,Small Business,4,1,2,412,7,Potential Loyalists,281.9,1522.26
CUST_01230,299,3,826.1,Florida,Consumer,1,1,1,111,3,Lost Customers,275.37,1115.24
CUST_01231,41,10,2911.6099999999997,New York,Corporate,4,5,4,454,13,Champions,291.16,3930.67
CUST_01232,1,7,1217.1299999999999,North Carolina,Consumer,5,4,2,542,11,Champions,173.88,1643.13
CUST_01233,2,5,1940.32,California,Consumer,5,2,3,523,10,Potential Loyalists,388.06,2619.43
CUST_01234,454,7,3240.17,Florida,Consumer,1,4,5,145,10,Can't Lose Them,462.88,4374.23
CUST_01235,234,8,1805.68,California,Consumer,1,4,3,143,8,Can't Lose Them,225.71,2437.67
CUST_01236,412,4,846.6199999999999,New York,Consumer,1,1,1,111,3,Lost Customers,211.65,1142.94
CUST_01237,20,9,4025.6,Texas,Corporate,5,5,5,555,15,Champions,447.29,5434.56
CUST_01238,213,3,930.0,Illinois,Consumer,2,1,1,211,4,Customers Needing Attention,310.0,1255.5
CUST_01239,7,9,4328.22,California,Small Business,5,5,5,555,15,Champions,480.91,5843.1
CUST_01240,38,6,2083.52,Colorado,Consumer,4,3,3,433,10,Loyal Customers,347.25,2812.75
CUST_01241,251,5,883.94,Texas,Corporate,1,2,1,121,4,Hibernating,176.79,1193.32
CUST_01242,80,9,3714.38,Pennsylvania,Corporate,3,5,5,355,13,Loyal Customers,412.71,5014.41
CUST_01243,170,8,2325.82,Washington,Corporate,2,4,4,244,10,At Risk,290.73,3139.86
CUST_01244,55,5,1514.87,Florida,Corporate,3,2,2,322,7,Promising,302.97,2045.07
CUST_01245,74,5,400.81,California,Corporate,3,2,1,321,6,Promising,80.16,541.09
CUST_01246,39,5,1220.13,California,Consumer,4,2,2,422,8,Potential Loyalists,244.03,1647.18
CUST_01247,278,7,2167.79,New York,Consumer,1,4,3,143,8,Can't Lose Them,309.68,2926.52
CUST_01248,455,5,2103.17,California,Consumer,1,2,3,123,6,Hibernating,420.63,2839.28
CUST_01249,36,7,5404.900000000001,Texas,Small Business,4,4,5,445,13,Champions,772.13,7296.62
CUST_01250,13,7,3223.49,New York,Consumer,5,4,5,545,14,Champions,460.5,4351.71
CUST_01251,22,7,2043.41,Illinois,Corporate,4,4,3,443,11,Champions,291.92,2758.6
CUST_01252,11,9,2170.31,Texas,Consumer,5,5,3,553,13,Champions,241.15,2929.92
CUST_01253,46,12,1895.94,Ohio,Consumer,3,5,3,353,11,Loyal Customers,158.0,2559.52
CUST_01254,36,8,4950.11,Florida,Consumer,4,4,5,445,13,Champions,618.76,6682.65
CUST_01255,81,4,889.01,Georgia,Consumer,3,1,1,311,5,Promising,222.25,1200.16
CUST_01256,16,9,2583.24,Illinois,Consumer,5,5,4,554,14,Champions,287.03,3487.37
CUST_01257,37,4,1046.24,New York,Consumer,4,1,2,412,7,Potential Loyalists,261.56,1412.42
CUST_01258,229,7,2631.01,California,Consumer,1,4,4,144,9,Can't Lose Them,375.86,3551.86
CUST_01259,100,5,1220.79,Florida,Consumer,2,2,2,222,6,Customers Needing Attention,244.16,1648.07
CUST_01260,225,2,573.65,Texas,Consumer,1,1,1,111,3,Lost Customers,286.82,774.43
CUST_01261,323,4,1098.98,California,Consumer,1,1,2,112,4,Lost Customers,274.74,1483.62
CUST_01262,169,5,1963.34,Texas,Corporate,2,2,3,223,7,Customers Needing Attention,392.67,2650.51
CUST_01263,6,12,4076.54,California,Consumer,5,5,5,555,15,Champions,339.71,5503.33
CUST_01264,200,8,3677.89,New York,Consumer,2,4,5,245,11,At Risk,459.74,4965.15
CUST_01265,112,4,562.45,Washington,Consumer,2,1,1,211,4,Customers Needing Attention,140.61,759.31
CUST_01266,191,2,727.26,Pennsylvania,Consumer,2,1,1,211,4,Customers Needing Attention,363.63,981.8
CUST_01267,172,4,629.09,Texas,Consumer,2,1,1,211,4,Customers Needing Attention,157.27,849.27
CUST_01268,58,7,3048.3199999999997,Florida,Consumer,3,4,4,344,11,Loyal Customers,435.47,4115.23
CUST_01269,218,5,893.5,Texas,Consumer,1,2,1,121,4,Hibernating,178.7,1206.23
CUST_01270,38,4,776.54,Pennsylvania,Consumer,4,1,1,411,6,Potential Loyalists,194.14,1048.33
CUST_01271,472,3,147.76,Texas,Consumer,1,1,1,111,3,Lost Customers,49.25,199.48
CUST_01272,560,3,723.37,Massachusetts,Corporate,1,1,1,111,3,Lost Customers,241.12,976.55
CUST_01273,128,4,673.72,Ohio,Corporate,2,1,1,211,4,Customers Needing Attention,168.43,909.52
CUST_01274,67,8,4375.15,New York,Consumer,3,4,5,345,12,Loyal Customers,546.89,5906.45
CUST_01275,125,6,1074.44,Texas,Consumer,2,3,2,232,7,At Risk,179.07,1450.49
CUST_01276,171,3,245.39,California,Consumer,2,1,1,211,4,Customers Needing Attention,81.8,331.28
CUST_01277,92,5,2524.65,California,Consumer,3,2,4,324,9,Promising,504.93,3408.28
CUST_01278,340,2,1143.1399999999999,Massachusetts,Small Business,1,1,2,112,4,Lost Customers,571.57,1543.24
CUST_01279,38,8,2851.66,Texas,Consumer,4,4,4,444,12,Champions,356.46,3849.74
CUST_01280,345,5,2945.08,California,Consumer,1,2,4,124,7,Hibernating,589.02,3975.86
CUST_01281,23,6,1433.18,Colorado,Consumer,4,3,2,432,9,Loyal Customers,238.86,1934.79
CUST_01282,273,4,2582.91,North Carolina,Corporate,1,1,4,114,6,Lost Customers,645.73,3486.93
CUST_01283,60,10,4444.75,Ohio,Consumer,3,5,5,355,13,Loyal Customers,444.48,6000.41
CUST_01284,99,6,1465.12,Illinois,Consumer,2,3,2,232,7,At Risk,244.19,1977.91
CUST_01285,65,8,1148.43,Colorado,Consumer,3,4,2,342,9,Loyal Customers,143.55,1550.38
CUST_01286,400,4,1704.16,California,Consumer,1,1,3,113,5,Lost Customers,426.04,2300.62
CUST_01287,1001,2,2193.47,New York,Consumer,1,1,3,113,5,Lost Customers,1096.73,2961.18
CUST_01288,12,7,1683.01,Washington,Consumer,5,4,3,543,12,Champions,240.43,2272.06
CUST_01289,14,8,1800.01,North Carolina,Consumer,5,4,3,543,12,Champions,225.0,2430.01
CUST_01290,147,7,1188.7,Ohio,Consumer,2,4,2,242,8,At Risk,169.81,1604.74
CUST_01291,6,4,1746.51,Illinois,Consumer,5,1,3,513,9,Potential Loyalists,436.63,2357.79
CUST_01292,23,9,3580.03,New York,Consumer,4,5,5,455,14,Champions,397.78,4833.04
CUST_01293,28,5,2530.34,Florida,Consumer,4,2,4,424,10,Potential Loyalists,506.07,3415.96
CUST_01294,123,6,1354.1699999999998,Texas,Consumer,2,3,2,232,7,At Risk,225.69,1828.13
CUST_01295,141,7,2559.23,California,Corporate,2,4,4,244,10,At Risk,365.6,3454.96
CUST_01296,60,6,664.95,Colorado,Consumer,3,3,1,331,7,Loyal Customers,110.82,897.68
CUST_01297,60,5,611.53,California,Consumer,3,2,1,321,6,Promising,122.31,825.57
CUST_01298,58,5,1584.3899999999999,Texas,Consumer,3,2,2,322,7,Promising,316.88,2138.93
CUST_01299,5,11,3339.2,Georgia,Consumer,5,5,5,555,15,Champions,303.56,4507.92
CUST_01300,53,10,4480.53,California,Corporate,3,5,5,355,13,Loyal Customers,448.05,6048.72
CUST_01301,9,6,1334.46,Ohio,Consumer,5,3,2,532,10,Loyal Customers,222.41,1801.52
CUST_01302,243,1,290.28,New York,Small Business,1,1,1,111,3,Lost Customers,290.28,391.88
CUST_01303,213,3,981.14,New York,Consumer,2,1,1,211,4,Customers Needing Attention,327.05,1324.54
CUST_01304,173,6,2496.05,Florida,Consumer,2,3,4,234,9,At Risk,416.01,3369.67
CUST_01305,248,4,994.07,New York,Corporate,1,1,1,111,3,Lost Customers,248.52,1341.99
CUST_01306,17,6,1796.91,Florida,Corporate,5,3,3,533,11,Loyal Customers,299.48,2425.83
CUST_01307,41,5,1799.42,Ohio,Corporate,4,2,3,423,9,Potential Loyalists,359.88,2429.22
CUST_01308,139,7,2298.5299999999997,Washington,Corporate,2,4,4,244,10,At Risk,328.36,3103.02
CUST_01309,398,8,3368.64,Illinois,Consumer,1,4,5,145,10,Can't Lose Them,421.08,4547.66
CUST_01310,169,9,1920.02,Georgia,Corporate,2,5,3,253,10,At Risk,213.34,2592.03
CUST_01311,87,9,2968.41,Pennsylvania,Consumer,3,5,4,354,12,Loyal Customers,329.82,4007.35
CUST_01312,3,8,2908.55,Illinois,Corporate,5,4,4,544,13,Champions,363.57,3926.54
CUST_01313,131,14,3069.49,Texas,Consumer,2,5,4,254,11,At Risk,219.25,4143.81
CUST_01314,18,7,2627.82,California,Corporate,5,4,4,544,13,Champions,375.4,3547.56
CUST_01315,69,8,3666.65,California,Consumer,3,4,5,345,12,Loyal Customers,458.33,4949.98
CUST_01316,337,5,1026.7,Georgia,Consumer,1,2,2,122,5,Hibernating,205.34,1386.04
CUST_01317,84,4,1373.65,North Carolina,Consumer,3,1,2,312,6,Promising,343.41,1854.43
CUST_01318,1,6,1620.27,New York,Corporate,5,3,3,533,11,Loyal Customers,270.04,2187.36
CUST_01319,23,4,303.97,North Carolina,Consumer,4,1,1,411,6,Potential Loyalists,75.99,410.36
CUST_01320,7,11,3286.14,Texas,Consumer,5,5,5,555,15,Champions,298.74,4436.29
CUST_01321,403,2,124.08,Texas,Consumer,1,1,1,111,3,Lost Customers,62.04,167.51
CUST_01322,91,6,1308.8600000000001,Colorado,Consumer,3,3,2,332,8,Loyal Customers,218.14,1766.96
CUST_01323,190,4,677.54,Georgia,Corporate,2,1,1,211,4,Customers Needing Attention,169.38,914.68
CUST_01324,86,5,812.45,Washington,Consumer,3,2,1,321,6,Promising,162.49,1096.81
CUST_01325,44,6,1356.5,Texas,Small Business,3,3,2,332,8,Loyal Customers,226.08,1831.28
CUST_01326,460,2,334.21000000000004,California,Consumer,1,1,1,111,3,Lost Customers,167.1,451.18
CUST_01327,71,5,1292.57,Ohio,Consumer,3,2,2,322,7,Promising,258.51,1744.97
CUST_01328,101,4,1330.6200000000001,Illinois,Corporate,2,1,2,212,5,Customers Needing Attention,332.66,1796.34
CUST_01329,189,4,817.3,California,Consumer,2,1,1,211,4,Customers Needing Attention,204.32,1103.36
CUST_01330,32,7,2719.31,Illinois,Consumer,4,4,4,444,12,Champions,388.47,3671.07
CUST_01331,434,1,176.68,California,Consumer,1,1,1,111,3,Lost Customers,176.68,238.52
CUST_01332,5,3,2301.86,New York,Corporate,5,1,4,514,10,Potential Loyalists,767.29,3107.51
CUST_01333,7,4,1500.69,Illinois,Consumer,5,1,2,512,8,Potential Loyalists,375.17,2025.93
CUST_01334,5,10,4711.24,North Carolina,Small Business,5,5,5,555,15,Champions,471.12,6360.17
CUST_01335,27,8,3114.16,Ohio,Small Business,4,4,5,445,13,Champions,389.27,4204.12
CUST_01336,9,9,2692.52,Illinois,Consumer,5,5,4,554,14,Champions,299.17,3634.9
CUST_01337,22,10,3165.34,Florida,Consumer,4,5,5,455,14,Champions,316.53,4273.21
CUST_01338,97,9,1605.8700000000001,Ohio,Consumer,2,5,2,252,9,At Risk,178.43,2167.92
CUST_01339,10,4,2202.41,Massachusetts,Consumer,5,1,3,513,9,Potential Loyalists,550.6,2973.25
CUST_01340,221,7,4643.34,Florida,Consumer,1,4,5,145,10,Can't Lose Them,663.33,6268.51
CUST_01341,137,7,1788.35,Florida,Consumer,2,4,3,243,9,At Risk,255.48,2414.27
CUST_01342,84,5,1631.59,Texas,Consumer,3,2,3,323,8,Promising,326.32,2202.65
CUST_01343,11,17,4349.35,Texas,Corporate,5,5,5,555,15,Champions,255.84,5871.62
CUST_01344,120,5,1229.48,New York,Corporate,2,2,2,222,6,Customers Needing Attention,245.9,1659.8
CUST_01345,24,7,1167.3799999999999,California,Corporate,4,4,2,442,10,Champions,166.77,1575.96
CUST_01346,36,7,1520.3,Pennsylvania,Consumer,4,4,2,442,10,Champions,217.19,2052.41
CUST_01347,109,6,2525.2599999999998,Illinois,Consumer,2,3,4,234,9,At Risk,420.88,3409.1
CUST_01348,146,4,1150.94,Illinois,Consumer,2,1,2,212,5,Customers Needing Attention,287.74,1553.77
CUST_01349,71,2,374.24,New York,Small Business,3,1,1,311,5,Promising,187.12,505.22
CUST_01350,24,14,5400.17,Massachusetts,Consumer,4,5,5,455,14,Champions,385.73,7290.23
CUST_01351,52,7,1187.58,California,Corporate,3,4,2,342,9,Loyal Customers,169.65,1603.23
CUST_01352,8,7,2115.54,California,Consumer,5,4,3,543,12,Champions,302.22,2855.98
CUST_01353,272,7,2666.64,New York,Consumer,1,4,4,144,9,Can't Lose Them,380.95,3599.96
CUST_01354,125,5,2125.3900000000003,Florida,Corporate,2,2,3,223,7,Customers Needing Attention,425.08,2869.28
CUST_01355,8,4,1124.39,Texas,Consumer,5,1,2,512,8,Potential Loyalists,281.1,1517.93
CUST_01356,29,6,1285.93,Ohio,Corporate,4,3,2,432,9,Loyal Customers,214.32,1736.01
CUST_01357,160,4,951.24,Florida,Small Business,2,1,1,211,4,Customers Needing Attention,237.81,1284.17
CUST_01358,243,8,2789.13,New York,Consumer,1,4,4,144,9,Can't Lose Them,348.64,3765.33
CUST_01359,111,5,831.66,North Carolina,Consumer,2,2,1,221,5,Customers Needing Attention,166.33,1122.74
CUST_01360,59,5,1318.78,Washington,Consumer,3,2,2,322,7,Promising,263.76,1780.35
CUST_01361,156,4,804.57,New York,Small Business,2,1,1,211,4,Customers Needing Attention,201.14,1086.17
CUST_01362,47,6,2511.9500000000003,Texas,Consumer,3,3,4,334,10,Loyal Customers,418.66,3391.13
CUST_01363,40,6,915.19,Illinois,Consumer,4,3,1,431,8,Loyal Customers,152.53,1235.51
CUST_01364,65,5,3582.6099999999997,New York,Consumer,3,2,5,325,10,Promising,716.52,4836.52
CUST_01365,418,4,2073.74,New York,Corporate,1,1,3,113,5,Lost Customers,518.43,2799.55
CUST_01366,13,7,3241.44,Georgia,Consumer,5,4,5,545,14,Champions,463.06,4375.94
CUST_01367,37,9,2362.52,Colorado,Corporate,4,5,4,454,13,Champions,262.5,3189.4
CUST_01368,563,6,4870.54,Illinois,Small Business,1,3,5,135,9,Hibernating,811.76,6575.23
CUST_01369,28,11,3713.05,Colorado,Consumer,4,5,5,455,14,Champions,337.55,5012.62
CUST_01370,60,5,739.4399999999999,Colorado,Consumer,3,2,1,321,6,Promising,147.89,998.24
CUST_01371,75,10,3719.39,Colorado,Small Business,3,5,5,355,13,Loyal Customers,371.94,5021.18
CUST_01372,63,7,2028.31,New York,Consumer,3,4,3,343,10,Loyal Customers,289.76,2738.22
CUST_01373,51,7,2017.84,Massachusetts,Corporate,3,4,3,343,10,Loyal Customers,288.26,2724.08
CUST_01374,311,6,1139.8,Colorado,Consumer,1,3,2,132,6,Hibernating,189.97,1538.73
CUST_01375,41,6,2118.92,Pennsylvania,Consumer,4,3,3,433,10,Loyal Customers,353.15,2860.54
CUST_01376,333,4,1774.3,Colorado,Corporate,1,1,3,113,5,Lost Customers,443.58,2395.31
CUST_01377,241,8,989.01,New York,Consumer,1,4,1,141,6,Can't Lose Them,123.63,1335.16
CUST_01378,43,12,4197.67,New York,Consumer,4,5,5,455,14,Champions,349.81,5666.85
CUST_01379,154,7,1406.54,Florida,Consumer,2,4,2,242,8,At Risk,200.93,1898.83
CUST_01380,217,6,2525.62,Georgia,Consumer,1,3,4,134,8,Hibernating,420.94,3409.59
CUST_01381,111,3,685.61,Ohio,Consumer,2,1,1,211,4,Customers Needing Attention,228.54,925.57
CUST_01382,241,8,1642.1899999999998,California,Consumer,1,4,3,143,8,Can't Lose Them,205.27,2216.96
CUST_01383,41,8,3011.08,Georgia,Small Business,4,4,4,444,12,Champions,376.38,4064.96
CUST_01384,384,3,1287.6,Ohio,Consumer,1,1,2,112,4,Lost Customers,429.2,1738.26
CUST_01385,118,4,1283.8799999999999,California,Consumer,2,1,2,212,5,Customers Needing Attention,320.97,1733.24
CUST_01386,48,6,1241.24,New York,Consumer,3,3,2,332,8,Loyal Customers,206.87,1675.67
CUST_01387,209,5,2219.65,Illinois,Corporate,2,2,4,224,8,Customers Needing Attention,443.93,2996.53
CUST_01388,55,7,1838.07,Texas,Consumer,3,4,3,343,10,Loyal Customers,262.58,2481.39
CUST_01389,268,5,1026.55,New York,Small Business,1,2,1,121,4,Hibernating,205.31,1385.84
CUST_01390,226,8,3012.89,Illinois,Consumer,1,4,4,144,9,Can't Lose Them,376.61,4067.4
CUST_01391,94,7,3203.95,Texas,Consumer,2,4,5,245,11,At Risk,457.71,4325.33
CUST_01392,90,11,4558.46,New York,Consumer,3,5,5,355,13,Loyal Customers,414.41,6153.92
CUST_01393,46,8,2895.9300000000003,Ohio,Consumer,3,4,4,344,11,Loyal Customers,361.99,3909.51
CUST_01394,304,5,1649.21,Colorado,Consumer,1,2,3,123,6,Hibernating,329.84,2226.43
CUST_01395,11,10,2307.75,Florida,Consumer,5,5,4,554,14,Champions,230.78,3115.46
CUST_01396,46,9,3127.63,Washington,Corporate,3,5,5,355,13,Loyal Customers,347.51,4222.3
CUST_01397,3,9,2023.26,North Carolina,Consumer,5,5,3,553,13,Champions,224.81,2731.4
CUST_01398,400,1,435.57,California,Consumer,1,1,1,111,3,Lost Customers,435.57,588.02
CUST_01399,140,4,2012.46,California,Consumer,2,1,3,213,6,Customers Needing Attention,503.12,2716.82
CUST_01400,28,5,1936.9499999999998,New York,Corporate,4,2,3,423,9,Potential Loyalists,387.39,2614.88
CUST_01401,144,2,104.27000000000001,Georgia,Consumer,2,1,1,211,4,Customers Needing Attention,52.14,140.76
CUST_01402,4,10,2775.38,Illinois,Consumer,5,5,4,554,14,Champions,277.54,3746.76
CUST_01403,38,7,1763.16,Massachusetts,Consumer,4,4,3,443,11,Champions,251.88,2380.27
CUST_01404,24,8,3079.61,Texas,Corporate,4,4,4,444,12,Champions,384.95,4157.47
CUST_01405,354,3,1935.78,Ohio,Consumer,1,1,3,113,5,Lost Customers,645.26,2613.3
CUST_01406,221,5,4818.400000000001,New York,Consumer,1,2,5,125,8,Hibernating,963.68,6504.84
CUST_01407,38,9,2540.86,California,Corporate,4,5,4,454,13,Champions,282.32,3430.16
CUST_01408,64,5,2363.9900000000002,Pennsylvania,Corporate,3,2,4,324,9,Promising,472.8,3191.39
CUST_01409,10,8,4738.150000000001,California,Consumer,5,4,5,545,14,Champions,592.27,6396.5
CUST_01410,282,2,1068.18,Georgia,Corporate,1,1,2,112,4,Lost Customers,534.09,1442.04
CUST_01411,357,6,2872.0,North Carolina,Consumer,1,3,4,134,8,Hibernating,478.67,3877.2
CUST_01412,11,6,871.53,Massachusetts,Consumer,5,3,1,531,9,Loyal Customers,145.26,1176.57
CUST_01413,46,9,3346.0,Georgia,Consumer,3,5,5,355,13,Loyal Customers,371.78,4517.1
CUST_01414,20,10,5533.98,Pennsylvania,Consumer,5,5,5,555,15,Champions,553.4,7470.87
CUST_01415,84,8,5394.69,Georgia,Consumer,3,4,5,345,12,Loyal Customers,674.34,7282.83
CUST_01416,259,3,151.16,California,Small Business,1,1,1,111,3,Lost Customers,50.39,204.07
CUST_01417,119,6,3001.66,Washington,Consumer,2,3,4,234,9,At Risk,500.28,4052.24
CUST_01418,73,5,1891.09,California,Consumer,3,2,3,323,8,Promising,378.22,2552.97
CUST_01419,366,6,670.2,Colorado,Consumer,1,3,1,131,5,Hibernating,111.7,904.77
CUST_01420,55,7,770.63,California,Small Business,3,4,1,341,8,Loyal Customers,110.09,1040.35
CUST_01421,1,13,3672.77,Ohio,Consumer,5,5,5,555,15,Champions,282.52,4958.24
CUST_01422,15,8,2559.36,California,Consumer,5,4,4,544,13,Champions,319.92,3455.14
CUST_01423,24,7,2552.5,Pennsylvania,Consumer,4,4,4,444,12,Champions,364.64,3445.88
CUST_01424,197,6,1147.03,Illinois,Consumer,2,3,2,232,7,At Risk,191.17,1548.49
CUST_01425,247,3,814.41,Florida,Small Business,1,1,1,111,3,Lost Customers,271.47,1099.45
CUST_01426,205,5,1447.6399999999999,Florida,Small Business,2,2,2,222,6,Customers Needing Attention,289.53,1954.31
CUST_01427,6,8,2828.33,Pennsylvania,Consumer,5,4,4,544,13,Champions,353.54,3818.25
CUST_01428,114,6,1552.8899999999999,California,Small Business,2,3,2,232,7,At Risk,258.82,2096.4
CUST_01429,5,5,988.9399999999999,California,Consumer,5,2,1,521,8,Potential Loyalists,197.79,1335.07
CUST_01430,206,3,1634.94,New York,Corporate,2,1,3,213,6,Customers Needing Attention,544.98,2207.17
CUST_01431,211,6,4516.9,Florida,Consumer,2,3,5,235,10,At Risk,752.82,6097.82
CUST_01432,156,8,4065.54,Florida,Consumer,2,4,5,245,11,At Risk,508.19,5488.48
CUST_01433,76,7,3034.7299999999996,Texas,Consumer,3,4,4,344,11,Loyal Customers,433.53,4096.89
CUST_01434,112,6,2417.36,Washington,Consumer,2,3,4,234,9,At Risk,402.89,3263.44
CUST_01435,2,9,3209.46,Pennsylvania,Consumer,5,5,5,555,15,Champions,356.61,4332.77
CUST_01436,86,3,794.98,Illinois,Consumer,3,1,1,311,5,Promising,264.99,1073.22
CUST_01437,2,10,3142.9,New York,Consumer,5,5,5,555,15,Champions,314.29,4242.92
CUST_01438,116,5,935.8000000000001,Texas,Corporate,2,2,1,221,5,Customers Needing Attention,187.16,1263.33
CUST_01439,31,4,1723.12,Texas,Consumer,4,1,3,413,8,Potential Loyalists,430.78,2326.21
CUST_01440,29,5,2355.21,Florida,Consumer,4,2,4,424,10,Potential Loyalists,471.04,3179.53
CUST_01441,9,4,1306.8,Colorado,Small Business,5,1,2,512,8,Potential Loyalists,326.7,1764.18
CUST_01442,17,4,820.8100000000001,Pennsylvania,Consumer,5,1,1,511,7,Potential Loyalists,205.2,1108.09
CUST_01443,3,7,1871.95,Massachusetts,Consumer,5,4,3,543,12,Champions,267.42,2527.13
CUST_01444,117,6,3257.25,North Carolina,Consumer,2,3,5,235,10,At Risk,542.88,4397.29
CUST_01445,33,8,1772.63,Colorado,Corporate,4,4,3,443,11,Champions,221.58,2393.05
CUST_01446,194,3,1043.82,California,Consumer,2,1,2,212,5,Customers Needing Attention,347.94,1409.16
CUST_01447,317,4,911.74,Georgia,Consumer,1,1,1,111,3,Lost Customers,227.94,1230.85
CUST_01448,73,3,184.91,Florida,Corporate,3,1,1,311,5,Promising,61.64,249.63
CUST_01449,82,7,3601.7,Massachusetts,Small Business,3,4,5,345,12,Loyal Customers,514.53,4862.3
CUST_01450,10,11,4634.75,Texas,Consumer,5,5,5,555,15,Champions,421.34,6256.91
CUST_01451,11,7,2819.65,Illinois,Consumer,5,4,4,544,13,Champions,402.81,3806.53
CUST_01452,99,8,1618.24,California,Consumer,2,4,3,243,9,At Risk,202.28,2184.62
CUST_01453,58,5,1156.5,North Carolina,Corporate,3,2,2,322,7,Promising,231.3,1561.28
CUST_01454,123,5,1782.16,Texas,Consumer,2,2,3,223,7,Customers Needing Attention,356.43,2405.92
CUST_01455,26,9,1947.73,California,Consumer,4,5,3,453,12,Champions,216.41,2629.44
CUST_01456,3,6,1581.45,California,Small Business,5,3,2,532,10,Loyal Customers,263.58,2134.96
CUST_01457,6,6,2295.64,New York,Consumer,5,3,4,534,12,Loyal Customers,382.61,3099.11
CUST_01458,192,5,2410.31,New York,Consumer,2,2,4,224,8,Customers Needing Attention,482.06,3253.92
CUST_01459,29,5,1099.42,New York,Consumer,4,2,2,422,8,Potential Loyalists,219.88,1484.22
CUST_01460,54,7,2655.84,Florida,Consumer,3,4,4,344,11,Loyal Customers,379.41,3585.38
CUST_01461,144,4,1074.98,Florida,Consumer,2,1,2,212,5,Customers Needing Attention,268.74,1451.22
CUST_01462,11,12,5201.08,Texas,Consumer,5,5,5,555,15,Champions,433.42,7021.46
CUST_01463,137,3,215.10000000000002,Massachusetts,Consumer,2,1,1,211,4,Customers Needing Attention,71.7,290.39
CUST_01464,104,11,4598.81,Florida,Consumer,2,5,5,255,12,At Risk,418.07,6208.39
CUST_01465,36,8,2311.44,California,Small Business,4,4,4,444,12,Champions,288.93,3120.44
CUST_01466,310,2,691.34,Massachusetts,Consumer,1,1,1,111,3,Lost Customers,345.67,933.31
CUST_01467,20,7,1193.1200000000001,New York,Small Business,5,4,2,542,11,Champions,170.45,1610.71
CUST_01468,58,2,270.12,New York,Consumer,3,1,1,311,5,Promising,135.06,364.66
CUST_01469,46,5,1573.3,California,Corporate,3,2,2,322,7,Promising,314.66,2123.96
CUST_01470,116,6,1291.93,Florida,Corporate,2,3,2,232,7,At Risk,215.32,1744.11
CUST_01471,334,4,497.58,New York,Consumer,1,1,1,111,3,Lost Customers,124.4,671.73
CUST_01472,65,6,936.89,Massachusetts,Corporate,3,3,1,331,7,Loyal Customers,156.15,1264.8
CUST_01473,120,7,4611.31,Massachusetts,Corporate,2,4,5,245,11,At Risk,658.76,6225.27
CUST_01474,345,2,438.15999999999997,Pennsylvania,Consumer,1,1,1,111,3,Lost Customers,219.08,591.52
CUST_01475,53,6,1514.26,California,Consumer,3,3,2,332,8,Loyal Customers,252.38,2044.25
CUST_01476,46,7,1788.2199999999998,Massachusetts,Consumer,3,4,3,343,10,Loyal Customers,255.46,2414.1
CUST_01477,104,8,2846.0,Ohio,Corporate,2,4,4,244,10,At Risk,355.75,3842.1
CUST_01478,106,5,3338.89,Massachusetts,Corporate,2,2,5,225,9,Customers Needing Attention,667.78,4507.5
CUST_01479,34,8,2018.7,Ohio,Corporate,4,4,3,443,11,Champions,252.34,2725.25
CUST_01480,149,8,3546.85,Florida,Consumer,2,4,5,245,11,At Risk,443.36,4788.25
CUST_01481,95,5,707.24,Ohio,Corporate,2,2,1,221,5,Customers Needing Attention,141.45,954.77
CUST_01482,6,6,1571.33,Florida,Consumer,5,3,2,532,10,Loyal Customers,261.89,2121.3
CUST_01483,9,16,4362.38,Washington,Consumer,5,5,5,555,15,Champions,272.65,5889.21
CUST_01484,38,5,1493.0,Texas,Consumer,4,2,2,422,8,Potential Loyalists,298.6,2015.55
CUST_01485,67,8,4079.88,California,Consumer,3,4,5,345,12,Loyal Customers,509.98,5507.84
CUST_01486,53,5,462.61,Massachusetts,Consumer,3,2,1,321,6,Promising,92.52,624.52
CUST_01487,46,6,1136.44,Pennsylvania,Consumer,3,3,2,332,8,Loyal Customers,189.41,1534.19
CUST_01488,16,8,1845.23,California,Consumer,5,4,3,543,12,Champions,230.65,2491.06
CUST_01489,17,15,6444.25,California,Consumer,5,5,5,555,15,Champions,429.62,8699.74
CUST_01490,27,5,1343.55,North Carolina,Consumer,4,2,2,422,8,Potential Loyalists,268.71,1813.79
CUST_01491,97,9,1608.21,Texas,Consumer,2,5,2,252,9,At Risk,178.69,2171.08
CUST_01492,35,8,3157.92,Pennsylvania,Consumer,4,4,5,445,13,Champions,394.74,4263.19
CUST_01493,19,8,2528.69,California,Consumer,5,4,4,544,13,Champions,316.09,3413.73
CUST_01494,31,7,2407.64,Texas,Consumer,4,4,4,444,12,Champions,343.95,3250.31
CUST_01495,9,6,1175.8799999999999,New York,Consumer,5,3,2,532,10,Loyal Customers,195.98,1587.44
CUST_01496,97,8,2666.55,California,Consumer,2,4,4,244,10,At Risk,333.32,3599.84
CUST_01497,597,5,861.02,Texas,Consumer,1,2,1,121,4,Hibernating,172.2,1162.38
CUST_01498,69,8,2998.68,Illinois,Consumer,3,4,4,344,11,Loyal Customers,374.84,4048.22
CUST_01499,60,4,1737.3000000000002,New York,Consumer,3,1,3,313,7,Promising,434.33,2345.36
CUST_01500,156,6,2111.12,New York,Corporate,2,3,3,233,8,At Risk,351.85,2850.01
CUST_01501,198,3,461.0,Texas,Consumer,2,1,1,211,4,Customers Needing Attention,153.67,622.35
CUST_01502,872,2,509.29,Florida,Consumer,1,1,1,111,3,Lost Customers,254.64,687.54
CUST_01503,4,4,3451.91,Washington,Consumer,5,1,5,515,11,Potential Loyalists,862.98,4660.08
CUST_01504,88,4,2664.26,Texas,Consumer,3,1,4,314,8,Promising,666.06,3596.75
CUST_01505,158,10,5028.79,New York,Consumer,2,5,5,255,12,At Risk,502.88,6788.87
CUST_01506,101,6,2659.56,Texas,Consumer,2,3,4,234,9,At Risk,443.26,3590.41
CUST_01507,13,6,1576.95,California,Consumer,5,3,2,532,10,Loyal Customers,262.82,2128.88
CUST_01508,59,9,3378.42,Florida,Consumer,3,5,5,355,13,Loyal Customers,375.38,4560.87
CUST_01509,87,6,1662.88,Texas,Consumer,3,3,3,333,9,Loyal Customers,277.15,2244.89
CUST_01510,34,10,2190.96,Colorado,Corporate,4,5,3,453,12,Champions,219.1,2957.8
CUST_01511,150,6,3530.8900000000003,California,Corporate,2,3,5,235,10,At Risk,588.48,4766.7
CUST_01512,160,4,1473.63,California,Corporate,2,1,2,212,5,Customers Needing Attention,368.41,1989.4
CUST_01513,179,9,2061.35,Georgia,Small Business,2,5,3,253,10,At Risk,229.04,2782.82
CUST_01514,384,4,437.83000000000004,Texas,Consumer,1,1,1,111,3,Lost Customers,109.46,591.07
CUST_01515,39,3,1270.6699999999998,Washington,Consumer,4,1,2,412,7,Potential Loyalists,423.56,1715.4
CUST_01516,61,12,6447.75,Colorado,Consumer,3,5,5,355,13,Loyal Customers,537.31,8704.46
CUST_01517,142,4,612.97,California,Consumer,2,1,1,211,4,Customers Needing Attention,153.24,827.51
CUST_01518,11,10,2150.7,Pennsylvania,Corporate,5,5,3,553,13,Champions,215.07,2903.44
CUST_01519,266,2,175.45999999999998,California,Consumer,1,1,1,111,3,Lost Customers,87.73,236.87
CUST_01520,97,11,4096.81,Texas,Small Business,2,5,5,255,12,At Risk,372.44,5530.69
CUST_01521,2,6,1120.3799999999999,Colorado,Consumer,5,3,2,532,10,Loyal Customers,186.73,1512.51
CUST_01522,7,7,1841.43,Ohio,Small Business,5,4,3,543,12,Champions,263.06,2485.93
CUST_01523,54,6,2360.06,Pennsylvania,Consumer,3,3,4,334,10,Loyal Customers,393.34,3186.08
CUST_01524,397,3,947.6700000000001,Texas,Consumer,1,1,1,111,3,Lost Customers,315.89,1279.35
CUST_01525,30,8,2200.07,Illinois,Consumer,4,4,3,443,11,Champions,275.01,2970.09
CUST_01526,8,6,2252.09,Texas,Consumer,5,3,4,534,12,Loyal Customers,375.35,3040.32
CUST_01527,2,3,671.96,New York,Consumer,5,1,1,511,7,Potential Loyalists,223.99,907.15
CUST_01528,31,6,1577.38,Massachusetts,Consumer,4,3,2,432,9,Loyal Customers,262.9,2129.46
CUST_01529,37,8,2773.66,Pennsylvania,Corporate,4,4,4,444,12,Champions,346.71,3744.44
CUST_01530,435,6,2707.59,Texas,Consumer,1,3,4,134,8,Hibernating,451.27,3655.25
CUST_01531,27,7,2990.07,Massachusetts,Consumer,4,4,4,444,12,Champions,427.15,4036.59
CUST_01532,51,7,3408.17,Texas,Consumer,3,4,5,345,12,Loyal Customers,486.88,4601.03
CUST_01533,130,9,1937.32,Texas,Corporate,2,5,3,253,10,At Risk,215.26,2615.38
CUST_01534,15,5,745.1899999999999,California,Consumer,5,2,1,521,8,Potential Loyalists,149.04,1006.01
CUST_01535,32,5,969.62,Colorado,Consumer,4,2,1,421,7,Potential Loyalists,193.92,1308.99
CUST_01536,161,8,1763.48,Illinois,Consumer,2,4,3,243,9,At Risk,220.44,2380.7
CUST_01537,14,8,2410.77,Texas,Consumer,5,4,4,544,13,Champions,301.35,3254.54
CUST_01538,57,5,1276.06,Ohio,Consumer,3,2,2,322,7,Promising,255.21,1722.68
CUST_01539,76,3,943.15,North Carolina,Consumer,3,1,1,311,5,Promising,314.38,1273.25
CUST_01540,164,6,2111.67,Pennsylvania,Consumer,2,3,3,233,8,At Risk,351.94,2850.75
CUST_01541,12,4,1461.3899999999999,Georgia,Corporate,5,1,2,512,8,Potential Loyalists,365.35,1972.88
CUST_01542,325,4,2177.21,Georgia,Consumer,1,1,3,113,5,Lost Customers,544.3,2939.23
CUST_01543,45,7,1186.17,New York,Consumer,3,4,2,342,9,Loyal Customers,169.45,1601.33
CUST_01544,254,5,2314.73,California,Consumer,1,2,4,124,7,Hibernating,462.95,3124.89
CUST_01545,227,9,5247.63,California,Small Business,1,5,5,155,11,Can't Lose Them,583.07,7084.3
CUST_01546,183,5,2704.56,Pennsylvania,Consumer,2,2,4,224,8,Customers Needing Attention,540.91,3651.16
CUST_01547,14,11,2613.31,Pennsylvania,Corporate,5,5,4,554,14,Champions,237.57,3527.97
CUST_01548,186,6,1565.52,California,Consumer,2,3,2,232,7,At Risk,260.92,2113.45
CUST_01549,32,2,1052.96,New York,Consumer,4,1,2,412,7,Potential Loyalists,526.48,1421.5
CUST_01550,610,2,374.95000000000005,California,Consumer,1,1,1,111,3,Lost Customers,187.48,506.18
CUST_01551,143,6,2101.42,Texas,Small Business,2,3,3,233,8,At Risk,350.24,2836.92
CUST_01552,198,8,3623.61,California,Consumer,2,4,5,245,11,At Risk,452.95,4891.87
CUST_01553,597,2,1753.04,Massachusetts,Corporate,1,1,3,113,5,Lost Customers,876.52,2366.6
CUST_01554,446,4,2151.34,California,Corporate,1,1,3,113,5,Lost Customers,537.84,2904.31
CUST_01555,35,4,1597.56,Illinois,Consumer,4,1,2,412,7,Potential Loyalists,399.39,2156.71
CUST_01556,6,8,1506.1499999999999,Georgia,Consumer,5,4,2,542,11,Champions,188.27,2033.3
CUST_01557,254,4,759.76,Texas,Consumer,1,1,1,111,3,Lost Customers,189.94,1025.68
CUST_01558,44,7,1647.54,Illinois,Consumer,3,4,3,343,10,Loyal Customers,235.36,2224.18
CUST_01559,25,5,1096.71,California,Corporate,4,2,2,422,8,Potential Loyalists,219.34,1480.56
CUST_01560,142,8,1873.1000000000001,Colorado,Small Business,2,4,3,243,9,At Risk,234.14,2528.69
CUST_01561,43,9,2094.39,Washington,Consumer,4,5,3,453,12,Champions,232.71,2827.43
CUST_01562,31,9,1766.9,Ohio,Consumer,4,5,3,453,12,Champions,196.32,2385.32
CUST_01563,53,7,1419.63,Illinois,Corporate,3,4,2,342,9,Loyal Customers,202.8,1916.5
CUST_01564,17,7,1007.8499999999999,Pennsylvania,Consumer,5,4,1,541,10,Champions,143.98,1360.6
CUST_01565,19,5,3137.33,Illinois,Corporate,5,2,5,525,12,Potential Loyalists,627.47,4235.4
CUST_01566,126,6,1704.94,Georgia,Consumer,2,3,3,233,8,At Risk,284.16,2301.67
CUST_01567,41,5,2159.51,Washington,Consumer,4,2,3,423,9,Potential Loyalists,431.9,2915.34
CUST_01568,84,7,697.53,North Carolina,Consumer,3,4,1,341,8,Loyal Customers,99.65,941.67
CUST_01569,399,3,940.27,Ohio,Consumer,1,1,1,111,3,Lost Customers,313.42,1269.36
CUST_01570,199,6,2392.08,Colorado,Consumer,2,3,4,234,9,At Risk,398.68,3229.31
CUST_01571,18,6,2264.4,Texas,Consumer,5,3,4,534,12,Loyal Customers,377.4,3056.94
CUST_01572,52,7,1506.21,Massachusetts,Consumer,3,4,2,342,9,Loyal Customers,215.17,2033.38
CUST_01573,14,9,2957.06,New York,Corporate,5,5,4,554,14,Champions,328.56,3992.03
CUST_01574,15,6,1123.71,New York,Corporate,5,3,2,532,10,Loyal Customers,187.28,1517.01
CUST_01575,9,7,2397.1800000000003,North Carolina,Consumer,5,4,4,544,13,Champions,342.45,3236.19
CUST_01576,60,6,983.76,Georgia,Consumer,3,3,1,331,7,Loyal Customers,163.96,1328.08
CUST_01577,70,10,1939.5,Pennsylvania,Consumer,3,5,3,353,11,Loyal Customers,193.95,2618.33
CUST_01578,65,5,2318.61,California,Consumer,3,2,4,324,9,Promising,463.72,3130.12
CUST_01579,29,10,2052.56,California,Consumer,4,5,3,453,12,Champions,205.26,2770.96
CUST_01580,20,11,5265.31,Georgia,Consumer,5,5,5,555,15,Champions,478.66,7108.17
CUST_01581,21,9,3170.88,Pennsylvania,Consumer,4,5,5,455,14,Champions,352.32,4280.69
CUST_01582,3,9,3463.07,Colorado,Consumer,5,5,5,555,15,Champions,384.79,4675.14
CUST_01583,125,3,696.65,New York,Consumer,2,1,1,211,4,Customers Needing Attention,232.22,940.48
CUST_01584,12,4,546.89,Texas,Consumer,5,1,1,511,7,Potential Loyalists,136.72,738.3
CUST_01585,280,6,2266.31,California,Small Business,1,3,4,134,8,Hibernating,377.72,3059.52
CUST_01586,435,3,866.26,Colorado,Consumer,1,1,1,111,3,Lost Customers,288.75,1169.45
CUST_01587,74,5,547.04,Ohio,Consumer,3,2,1,321,6,Promising,109.41,738.5
CUST_01588,301,4,815.83,New York,Consumer,1,1,1,111,3,Lost Customers,203.96,1101.37
CUST_01589,89,6,1305.7,California,Consumer,3,3,2,332,8,Loyal Customers,217.62,1762.7
CUST_01590,49,4,615.28,Colorado,Corporate,3,1,1,311,5,Promising,153.82,830.63
CUST_01591,40,7,3421.7799999999997,Texas,Consumer,4,4,5,445,13,Champions,488.83,4619.4
CUST_01592,155,5,2492.65,Washington,Small Business,2,2,4,224,8,Customers Needing Attention,498.53,3365.08
CUST_01593,453,3,490.15999999999997,Ohio,Consumer,1,1,1,111,3,Lost Customers,163.39,661.72
CUST_01594,32,6,1858.2,New York,Consumer,4,3,3,433,10,Loyal Customers,309.7,2508.57
CUST_01595,38,8,3464.87,New York,Corporate,4,4,5,445,13,Champions,433.11,4677.57
CUST_01596,82,4,238.92,California,Consumer,3,1,1,311,5,Promising,59.73,322.54
CUST_01597,17,7,2555.8,Florida,Consumer,5,4,4,544,13,Champions,365.11,3450.33
CUST_01598,17,4,2319.4,New York,Consumer,5,1,4,514,10,Potential Loyalists,579.85,3131.19
CUST_01599,51,9,1885.53,New York,Consumer,3,5,3,353,11,Loyal Customers,209.5,2545.47
CUST_01600,33,6,1483.1599999999999,Ohio,Corporate,4,3,2,432,9,Loyal Customers,247.19,2002.27
CUST_01601,330,7,3606.94,Massachusetts,Consumer,1,4,5,145,10,Can't Lose Them,515.28,4869.37
CUST_01602,39,6,1388.36,Washington,Consumer,4,3,2,432,9,Loyal Customers,231.39,1874.29
CUST_01603,415,3,1319.91,Texas,Consumer,1,1,2,112,4,Lost Customers,439.97,1781.88
CUST_01604,55,5,1026.1,Florida,Consumer,3,2,1,321,6,Promising,205.22,1385.24
CUST_01605,23,6,896.83,Ohio,Consumer,4,3,1,431,8,Loyal Customers,149.47,1210.72
CUST_01606,68,8,3227.73,Massachusetts,Consumer,3,4,5,345,12,Loyal Customers,403.47,4357.44
CUST_01607,260,9,3924.08,North Carolina,Consumer,1,5,5,155,11,Can't Lose Them,436.01,5297.51
CUST_01608,82,3,690.55,New York,Corporate,3,1,1,311,5,Promising,230.18,932.24
CUST_01609,116,6,1002.78,Washington,Consumer,2,3,1,231,6,At Risk,167.13,1353.75
CUST_01610,89,5,1902.1,Washington,Consumer,3,2,3,323,8,Promising,380.42,2567.84
CUST_01611,17,9,2545.27,California,Corporate,5,5,4,554,14,Champions,282.81,3436.11
CUST_01612,36,7,2332.67,Colorado,Consumer,4,4,4,444,12,Champions,333.24,3149.1
CUST_01613,1,7,1735.72,Georgia,Consumer,5,4,3,543,12,Champions,247.96,2343.22
CUST_01614,65,5,1826.1399999999999,California,Consumer,3,2,3,323,8,Promising,365.23,2465.29
CUST_01615,18,4,1002.78,Pennsylvania,Consumer,5,1,1,511,7,Potential Loyalists,250.7,1353.75
CUST_01616,310,3,1547.98,Massachusetts,Consumer,1,1,2,112,4,Lost Customers,515.99,2089.77
CUST_01617,81,7,2542.53,Florida,Small Business,3,4,4,344,11,Loyal Customers,363.22,3432.42
CUST_01618,103,4,1366.76,Colorado,Consumer,2,1,2,212,5,Customers Needing Attention,341.69,1845.13
CUST_01619,160,10,4637.62,Texas,Consumer,2,5,5,255,12,At Risk,463.76,6260.79
CUST_01620,247,2,258.65,Ohio,Corporate,1,1,1,111,3,Lost Customers,129.32,349.18
CUST_01621,11,6,1563.99,Florida,Consumer,5,3,2,532,10,Loyal Customers,260.67,2111.39
CUST_01622,50,5,1412.22,Texas,Consumer,3,2,2,322,7,Promising,282.44,1906.5
CUST_01623,35,10,4326.09,Florida,Consumer,4,5,5,455,14,Champions,432.61,5840.22
CUST_01624,284,9,3092.65,Florida,Small Business,1,5,4,154,10,Can't Lose Them,343.63,4175.08
CUST_01625,87,6,3510.62,Texas,Consumer,3,3,5,335,11,Loyal Customers,585.1,4739.34
CUST_01626,95,7,2700.85,Pennsylvania,Consumer,2,4,4,244,10,At Risk,385.84,3646.15
CUST_01627,83,7,2405.96,Pennsylvania,Consumer,3,4,4,344,11,Loyal Customers,343.71,3248.05
CUST_01628,41,8,1659.8899999999999,Pennsylvania,Consumer,4,4,3,443,11,Champions,207.49,2240.85
CUST_01629,3,3,619.19,North Carolina,Consumer,5,1,1,511,7,Potential Loyalists,206.4,835.91
CUST_01630,263,5,951.72,Texas,Consumer,1,2,1,121,4,Hibernating,190.34,1284.82
CUST_01631,45,6,2094.95,Illinois,Corporate,3,3,3,333,9,Loyal Customers,349.16,2828.18
CUST_01632,279,4,1074.51,Texas,Consumer,1,1,2,112,4,Lost Customers,268.63,1450.59
CUST_01633,32,7,1636.78,Georgia,Consumer,4,4,3,443,11,Champions,233.83,2209.65
CUST_01634,226,5,1458.3899999999999,Florida,Corporate,1,2,2,122,5,Hibernating,291.68,1968.83
CUST_01635,32,12,3205.57,North Carolina,Small Business,4,5,5,455,14,Champions,267.13,4327.52
CUST_01636,538,3,936.0799999999999,Texas,Consumer,1,1,1,111,3,Lost Customers,312.03,1263.71
CUST_01637,57,5,2463.27,Florida,Consumer,3,2,4,324,9,Promising,492.65,3325.41
CUST_01638,59,8,4554.88,Ohio,Consumer,3,4,5,345,12,Loyal Customers,569.36,6149.09
CUST_01639,54,2,1279.05,California,Small Business,3,1,2,312,6,Promising,639.52,1726.72
CUST_01640,83,9,6035.57,Washington,Small Business,3,5,5,355,13,Loyal Customers,670.62,8148.02
CUST_01641,69,2,191.59,Texas,Consumer,3,1,1,311,5,Promising,95.8,258.65
CUST_01642,95,5,3755.5,North Carolina,Corporate,2,2,5,225,9,Customers Needing Attention,751.1,5069.92
CUST_01643,23,4,1288.6599999999999,North Carolina,Consumer,4,1,2,412,7,Potential Loyalists,322.16,1739.69
CUST_01644,1,4,259.51,Georgia,Consumer,5,1,1,511,7,Potential Loyalists,64.88,350.34
CUST_01645,301,6,1688.0,New York,Consumer,1,3,3,133,7,Hibernating,281.33,2278.8
CUST_01646,38,7,1070.53,Florida,Corporate,4,4,2,442,10,Champions,152.93,1445.22
CUST_01647,2,7,1522.94,Colorado,Consumer,5,4,2,542,11,Champions,217.56,2055.97
CUST_01648,88,7,3237.61,Texas,Corporate,3,4,5,345,12,Loyal Customers,462.52,4370.77
CUST_01649,46,6,1288.3400000000001,New York,Corporate,3,3,2,332,8,Loyal Customers,214.72,1739.26
CUST_01650,22,9,1941.74,Texas,Corporate,4,5,3,453,12,Champions,215.75,2621.35
CUST_01651,340,4,2898.4300000000003,New York,Consumer,1,1,4,114,6,Lost Customers,724.61,3912.88
CUST_01652,8,7,3135.21,California,Consumer,5,4,5,545,14,Champions,447.89,4232.53
CUST_01653,3,12,2944.51,California,Consumer,5,5,4,554,14,Champions,245.38,3975.09
CUST_01654,70,3,983.48,North Carolina,Consumer,3,1,1,311,5,Promising,327.83,1327.7
CUST_01655,38,5,1002.62,New York,Consumer,4,2,1,421,7,Potential Loyalists,200.52,1353.54
CUST_01656,234,6,1277.17,Florida,Small Business,1,3,2,132,6,Hibernating,212.86,1724.18
CUST_01657,33,6,1116.85,New York,Consumer,4,3,2,432,9,Loyal Customers,186.14,1507.75
CUST_01658,65,2,1192.68,Texas,Consumer,3,1,2,312,6,Promising,596.34,1610.12
CUST_01659,280,5,1275.24,California,Consumer,1,2,2,122,5,Hibernating,255.05,1721.57
CUST_01660,10,6,2923.3599999999997,Washington,Consumer,5,3,4,534,12,Loyal Customers,487.23,3946.54
CUST_01661,38,5,1722.3200000000002,Texas,Consumer,4,2,3,423,9,Potential Loyalists,344.46,2325.13
CUST_01662,127,3,710.9100000000001,New York,Consumer,2,1,1,211,4,Customers Needing Attention,236.97,959.73
CUST_01663,1,12,3790.76,Texas,Small Business,5,5,5,555,15,Champions,315.9,5117.53
CUST_01664,93,4,1774.5900000000001,Ohio,Consumer,2,1,3,213,6,Customers Needing Attention,443.65,2395.7
CUST_01665,371,3,572.24,North Carolina,Small Business,1,1,1,111,3,Lost Customers,190.75,772.52
CUST_01666,46,9,5149.4800000000005,Texas,Corporate,3,5,5,355,13,Loyal Customers,572.16,6951.8
CUST_01667,65,6,2174.53,Washington,Consumer,3,3,3,333,9,Loyal Customers,362.42,2935.62
CUST_01668,36,8,2103.88,North Carolina,Small Business,4,4,3,443,11,Champions,262.98,2840.24
CUST_01669,50,8,2204.67,Illinois,Consumer,3,4,3,343,10,Loyal Customers,275.58,2976.3
CUST_01670,48,5,1595.02,North Carolina,Corporate,3,2,2,322,7,Promising,319.0,2153.28
CUST_01671,33,7,2555.4300000000003,Florida,Consumer,4,4,4,444,12,Champions,365.06,3449.83
CUST_01672,12,5,3557.1,Illinois,Corporate,5,2,5,525,12,Potential Loyalists,711.42,4802.08
CUST_01673,51,7,770.74,Florida,Corporate,3,4,1,341,8,Loyal Customers,110.11,1040.5
CUST_01674,359,9,2822.19,Colorado,Corporate,1,5,4,154,10,Can't Lose Them,313.58,3809.96
CUST_01675,58,5,267.66,Florida,Corporate,3,2,1,321,6,Promising,53.53,361.34
CUST_01676,323,3,648.49,Pennsylvania,Consumer,1,1,1,111,3,Lost Customers,216.16,875.46
CUST_01677,30,6,1648.48,California,Consumer,4,3,3,433,10,Loyal Customers,274.75,2225.45
CUST_01678,49,6,3944.78,Massachusetts,Consumer,3,3,5,335,11,Loyal Customers,657.46,5325.45
CUST_01679,198,8,2230.33,New York,Consumer,2,4,4,244,10,At Risk,278.79,3010.95
CUST_01680,261,8,2748.88,New York,Consumer,1,4,4,144,9,Can't Lose Them,343.61,3710.99
CUST_01681,37,6,2249.75,Texas,Consumer,4,3,4,434,11,Loyal Customers,374.96,3037.16
CUST_01682,114,9,2121.61,Massachusetts,Small Business,2,5,3,253,10,At Risk,235.73,2864.17
CUST_01683,64,8,3834.96,Pennsylvania,Consumer,3,4,5,345,12,Loyal Customers,479.37,5177.2
CUST_01684,26,3,511.62,Florida,Corporate,4,1,1,411,6,Potential Loyalists,170.54,690.69
CUST_01685,57,8,2345.54,Pennsylvania,Consumer,3,4,4,344,11,Loyal Customers,293.19,3166.48
CUST_01686,83,5,2266.4,Pennsylvania,Corporate,3,2,4,324,9,Promising,453.28,3059.64
CUST_01687,20,8,1834.72,Colorado,Small Business,5,4,3,543,12,Champions,229.34,2476.87
CUST_01688,34,6,2373.05,Pennsylvania,Consumer,4,3,4,434,11,Loyal Customers,395.51,3203.62
CUST_01689,14,7,2416.67,California,Consumer,5,4,4,544,13,Champions,345.24,3262.5
CUST_01690,23,5,926.53,Pennsylvania,Corporate,4,2,1,421,7,Potential Loyalists,185.31,1250.82
CUST_01691,62,5,3609.9900000000002,Massachusetts,Consumer,3,2,5,325,10,Promising,722.0,4873.49
CUST_01692,124,5,804.49,Florida,Consumer,2,2,1,221,5,Customers Needing Attention,160.9,1086.06
CUST_01693,213,5,1579.28,California,Consumer,2,2,2,222,6,Customers Needing Attention,315.86,2132.03
CUST_01694,787,3,767.85,Colorado,Consumer,1,1,1,111,3,Lost Customers,255.95,1036.6
CUST_01695,140,4,2443.83,Pennsylvania,Consumer,2,1,4,214,7,Customers Needing Attention,610.96,3299.17
CUST_01696,50,4,1137.05,Illinois,Consumer,3,1,2,312,6,Promising,284.26,1535.02
CUST_01697,210,5,1909.21,California,Consumer,2,2,3,223,7,Customers Needing Attention,381.84,2577.43
CUST_01698,182,2,736.76,Colorado,Consumer,2,1,1,211,4,Customers Needing Attention,368.38,994.63
CUST_01699,326,5,3803.21,Colorado,Small Business,1,2,5,125,8,Hibernating,760.64,5134.33
CUST_01700,149,4,720.0899999999999,Ohio,Consumer,2,1,1,211,4,Customers Needing Attention,180.02,972.12
CUST_01701,32,8,1955.13,Pennsylvania,Small Business,4,4,3,443,11,Champions,244.39,2639.43
CUST_01702,438,2,1099.67,Massachusetts,Consumer,1,1,2,112,4,Lost Customers,549.84,1484.55
CUST_01703,34,6,819.94,Pennsylvania,Consumer,4,3,1,431,8,Loyal Customers,136.66,1106.92
CUST_01704,131,5,3494.8999999999996,Pennsylvania,Consumer,2,2,5,225,9,Customers Needing Attention,698.98,4718.12
CUST_01705,229,6,1021.94,North Carolina,Consumer,1,3,1,131,5,Hibernating,170.32,1379.62
CUST_01706,8,10,1767.79,Pennsylvania,Consumer,5,5,3,553,13,Champions,176.78,2386.52
CUST_01707,180,8,2145.41,Washington,Consumer,2,4,3,243,9,At Risk,268.18,2896.3
CUST_01708,174,4,834.25,California,Consumer,2,1,1,211,4,Customers Needing Attention,208.56,1126.24
CUST_01709,228,4,853.96,Washington,Consumer,1,1,1,111,3,Lost Customers,213.49,1152.85
CUST_01710,5,6,4781.38,Illinois,Consumer,5,3,5,535,13,Loyal Customers,796.9,6454.86
CUST_01711,411,3,1657.94,Washington,Consumer,1,1,3,113,5,Lost Customers,552.65,2238.22
CUST_01712,90,7,1225.09,California,Consumer,3,4,2,342,9,Loyal Customers,175.01,1653.87
CUST_01713,12,6,1540.68,Texas,Corporate,5,3,2,532,10,Loyal Customers,256.78,2079.92
CUST_01714,360,3,1464.09,California,Consumer,1,1,2,112,4,Lost Customers,488.03,1976.52
CUST_01715,18,7,3126.2000000000003,New York,Consumer,5,4,5,545,14,Champions,446.6,4220.37
CUST_01716,165,7,1787.25,Ohio,Small Business,2,4,3,243,9,At Risk,255.32,2412.79
CUST_01717,233,4,914.55,Georgia,Consumer,1,1,1,111,3,Lost Customers,228.64,1234.64
CUST_01718,98,5,3169.94,Florida,Consumer,2,2,5,225,9,Customers Needing Attention,633.99,4279.42
CUST_01719,256,4,1595.89,California,Small Business,1,1,2,112,4,Lost Customers,398.97,2154.45
CUST_01720,350,7,2519.15,Massachusetts,Consumer,1,4,4,144,9,Can't Lose Them,359.88,3400.85
CUST_01721,307,6,1064.93,Pennsylvania,Consumer,1,3,2,132,6,Hibernating,177.49,1437.66
CUST_01722,34,2,229.51,Pennsylvania,Consumer,4,1,1,411,6,Potential Loyalists,114.76,309.84
CUST_01723,2,11,2174.35,Florida,Consumer,5,5,3,553,13,Champions,197.67,2935.37
CUST_01724,444,5,1127.43,Pennsylvania,Consumer,1,2,2,122,5,Hibernating,225.49,1522.03
CUST_01725,2,12,4062.22,Texas,Consumer,5,5,5,555,15,Champions,338.52,5484.0
CUST_01726,61,8,2383.28,Florida,Consumer,3,4,4,344,11,Loyal Customers,297.91,3217.43
CUST_01727,75,5,1849.5699999999997,California,Consumer,3,2,3,323,8,Promising,369.91,2496.92
CUST_01728,394,3,1754.2,Illinois,Small Business,1,1,3,113,5,Lost Customers,584.73,2368.17
CUST_01729,69,6,2185.2599999999998,North Carolina,Corporate,3,3,3,333,9,Loyal Customers,364.21,2950.1
CUST_01730,243,7,1158.95,Washington,Consumer,1,4,2,142,7,Can't Lose Them,165.56,1564.58
CUST_01731,162,7,2626.0,Florida,Consumer,2,4,4,244,10,At Risk,375.14,3545.1
CUST_01732,6,8,3313.02,Texas,Consumer,5,4,5,545,14,Champions,414.13,4472.58
CUST_01733,56,9,3054.78,North Carolina,Consumer,3,5,4,354,12,Loyal Customers,339.42,4123.95
CUST_01734,37,10,2679.56,California,Consumer,4,5,4,454,13,Champions,267.96,3617.41
CUST_01735,59,4,1228.8500000000001,Pennsylvania,Consumer,3,1,2,312,6,Promising,307.21,1658.95
CUST_01736,105,3,768.7,Ohio,Corporate,2,1,1,211,4,Customers Needing Attention,256.23,1037.75
CUST_01737,24,8,3243.7200000000003,California,Consumer,4,4,5,445,13,Champions,405.46,4379.02
CUST_01738,234,7,6169.33,Colorado,Consumer,1,4,5,145,10,Can't Lose Them,881.33,8328.6
CUST_01739,19,7,1107.59,Florida,Consumer,5,4,2,542,11,Champions,158.23,1495.25
CUST_01740,93,8,2257.04,California,Consumer,2,4,4,244,10,At Risk,282.13,3047.0
CUST_01741,605,3,1828.73,Florida,Corporate,1,1,3,113,5,Lost Customers,609.58,2468.79
CUST_01742,95,5,2012.2,Texas,Corporate,2,2,3,223,7,Customers Needing Attention,402.44,2716.47
CUST_01743,39,6,1172.28,New York,Corporate,4,3,2,432,9,Loyal Customers,195.38,1582.58
CUST_01744,76,4,885.4699999999999,Florida,Consumer,3,1,1,311,5,Promising,221.37,1195.38
CUST_01745,58,7,4070.43,Georgia,Consumer,3,4,5,345,12,Loyal Customers,581.49,5495.08
CUST_01746,203,5,1652.27,Texas,Consumer,2,2,3,223,7,Customers Needing Attention,330.45,2230.56
CUST_01747,37,7,4210.6,Florida,Consumer,4,4,5,445,13,Champions,601.51,5684.31
CUST_01748,597,3,1181.98,California,Consumer,1,1,2,112,4,Lost Customers,393.99,1595.67
CUST_01749,217,3,1067.56,California,Corporate,1,1,2,112,4,Lost Customers,355.85,1441.21
CUST_01750,59,7,2344.4500000000003,California,Consumer,3,4,4,344,11,Loyal Customers,334.92,3165.01
CUST_01751,52,6,1367.59,Massachusetts,Consumer,3,3,2,332,8,Loyal Customers,227.93,1846.25
CUST_01752,18,7,2430.9700000000003,North Carolina,Consumer,5,4,4,544,13,Champions,347.28,3281.81
CUST_01753,44,7,1987.6,North Carolina,Consumer,3,4,3,343,10,Loyal Customers,283.94,2683.26
CUST_01754,7,11,3233.24,Texas,Consumer,5,5,5,555,15,Champions,293.93,4364.87
CUST_01755,269,5,1189.01,Illinois,Small Business,1,2,2,122,5,Hibernating,237.8,1605.16
CUST_01756,9,8,3860.0699999999997,Georgia,Corporate,5,4,5,545,14,Champions,482.51,5211.09
CUST_01757,40,4,1395.91,Texas,Small Business,4,1,2,412,7,Potential Loyalists,348.98,1884.48
CUST_01758,835,1,275.28,Georgia,Consumer,1,1,1,111,3,Lost Customers,275.28,371.63
CUST_01759,35,6,1684.31,Pennsylvania,Consumer,4,3,3,433,10,Loyal Customers,280.72,2273.82
CUST_01760,204,6,2490.1,Illinois,Consumer,2,3,4,234,9,At Risk,415.02,3361.64
CUST_01761,111,7,2543.9900000000002,Texas,Consumer,2,4,4,244,10,At Risk,363.43,3434.39
CUST_01762,15,7,3605.93,Pennsylvania,Corporate,5,4,5,545,14,Champions,515.13,4868.01
CUST_01763,180,6,1473.18,California,Consumer,2,3,2,232,7,At Risk,245.53,1988.79
CUST_01764,306,4,540.9,Florida,Consumer,1,1,1,111,3,Lost Customers,135.22,730.22
CUST_01765,42,2,1105.51,Washington,Consumer,4,1,2,412,7,Potential Loyalists,552.76,1492.44
CUST_01766,76,8,2497.1800000000003,Texas,Consumer,3,4,4,344,11,Loyal Customers,312.15,3371.19
CUST_01767,521,3,938.51,Massachusetts,Corporate,1,1,1,111,3,Lost Customers,312.84,1266.99
CUST_01768,382,2,248.45,Texas,Consumer,1,1,1,111,3,Lost Customers,124.22,335.41
CUST_01769,199,5,1583.97,Colorado,Consumer,2,2,2,222,6,Customers Needing Attention,316.79,2138.36
CUST_01770,97,8,3806.61,California,Consumer,2,4,5,245,11,At Risk,475.83,5138.92
CUST_01771,20,4,1007.68,Pennsylvania,Consumer,5,1,1,511,7,Potential Loyalists,251.92,1360.37
CUST_01772,107,12,3985.0099999999998,New York,Corporate,2,5,5,255,12,At Risk,332.08,5379.76
CUST_01773,17,10,3722.6099999999997,California,Corporate,5,5,5,555,15,Champions,372.26,5025.52
CUST_01774,248,2,1486.9,Ohio,Small Business,1,1,2,112,4,Lost Customers,743.45,2007.32
CUST_01775,5,8,4654.3,California,Corporate,5,4,5,545,14,Champions,581.79,6283.3
CUST_01776,29,8,1758.94,New York,Consumer,4,4,3,443,11,Champions,219.87,2374.57
CUST_01777,34,7,1775.03,Florida,Consumer,4,4,3,443,11,Champions,253.58,2396.29
CUST_01778,74,6,4175.3,New York,Consumer,3,3,5,335,11,Loyal Customers,695.88,5636.66
CUST_01779,184,9,5762.79,New York,Consumer,2,5,5,255,12,At Risk,640.31,7779.77
CUST_01780,283,3,1045.45,Colorado,Corporate,1,1,2,112,4,Lost Customers,348.48,1411.36
CUST_01781,30,7,3795.75,Texas,Consumer,4,4,5,445,13,Champions,542.25,5124.26
CUST_01782,39,3,905.72,Florida,Small Business,4,1,1,411,6,Potential Loyalists,301.91,1222.72
CUST_01783,9,6,1821.08,Washington,Consumer,5,3,3,533,11,Loyal Customers,303.51,2458.46
CUST_01784,46,10,4853.87,Texas,Consumer,3,5,5,355,13,Loyal Customers,485.39,6552.72
CUST_01785,155,4,1196.6100000000001,Texas,Consumer,2,1,2,212,5,Customers Needing Attention,299.15,1615.42
CUST_01786,140,4,1428.1,Florida,Corporate,2,1,2,212,5,Customers Needing Attention,357.02,1927.94
CUST_01787,251,5,912.53,Massachusetts,Consumer,1,2,1,121,4,Hibernating,182.51,1231.92
CUST_01788,51,8,4373.75,Florida,Consumer,3,4,5,345,12,Loyal Customers,546.72,5904.56
CUST_01789,12,3,320.53,Texas,Consumer,5,1,1,511,7,Potential Loyalists,106.84,432.72
CUST_01790,214,5,1951.51,North Carolina,Consumer,1,2,3,123,6,Hibernating,390.3,2634.54
CUST_01791,39,4,1634.65,New York,Consumer,4,1,3,413,8,Potential Loyalists,408.66,2206.78
CUST_01792,28,4,1687.0,Florida,Corporate,4,1,3,413,8,Potential Loyalists,421.75,2277.45
CUST_01793,58,7,1005.04,New York,Consumer,3,4,1,341,8,Loyal Customers,143.58,1356.8
CUST_01794,56,4,1497.2,Texas,Consumer,3,1,2,312,6,Promising,374.3,2021.22
CUST_01795,103,4,2117.62,Texas,Consumer,2,1,3,213,6,Customers Needing Attention,529.4,2858.79
CUST_01796,31,2,1982.9399999999998,Florida,Consumer,4,1,3,413,8,Potential Loyalists,991.47,2676.97
CUST_01797,62,10,3967.98,Colorado,Corporate,3,5,5,355,13,Loyal Customers,396.8,5356.77
CUST_01798,172,6,1586.15,Colorado,Consumer,2,3,2,232,7,At Risk,264.36,2141.3
CUST_01799,24,7,2774.25,New York,Consumer,4,4,4,444,12,Champions,396.32,3745.24
CUST_01800,116,8,3476.42,Massachusetts,Consumer,2,4,5,245,11,At Risk,434.55,4693.17
CUST_01801,40,7,1763.54,Florida,Small Business,4,4,3,443,11,Champions,251.93,2380.78
CUST_01802,2,5,1370.74,California,Corporate,5,2,2,522,9,Potential Loyalists,274.15,1850.5
CUST_01803,25,6,906.53,Pennsylvania,Consumer,4,3,1,431,8,Loyal Customers,151.09,1223.82
CUST_01804,879,2,816.46,California,Consumer,1,1,1,111,3,Lost Customers,408.23,1102.22
CUST_01805,24,3,689.23,Massachusetts,Consumer,4,1,1,411,6,Potential Loyalists,229.74,930.46
CUST_01806,36,5,2401.1800000000003,New York,Corporate,4,2,4,424,10,Potential Loyalists,480.24,3241.59
CUST_01807,6,8,2814.81,Texas,Consumer,5,4,4,544,13,Champions,351.85,3799.99
CUST_01808,127,6,5641.71,Pennsylvania,Consumer,2,3,5,235,10,At Risk,940.28,7616.31
CUST_01809,280,8,1620.08,California,Consumer,1,4,3,143,8,Can't Lose Them,202.51,2187.11
CUST_01810,85,5,1464.03,New York,Consumer,3,2,2,322,7,Promising,292.81,1976.44
CUST_01811,14,8,2321.61,California,Consumer,5,4,4,544,13,Champions,290.2,3134.17
CUST_01812,12,8,1955.95,Washington,Corporate,5,4,3,543,12,Champions,244.49,2640.53
CUST_01813,193,5,1275.79,Florida,Consumer,2,2,2,222,6,Customers Needing Attention,255.16,1722.32
CUST_01814,253,7,1059.37,Texas,Consumer,1,4,2,142,7,Can't Lose Them,151.34,1430.15
CUST_01815,7,8,3429.4300000000003,Ohio,Consumer,5,4,5,545,14,Champions,428.68,4629.73
CUST_01816,47,3,626.9100000000001,Texas,Small Business,3,1,1,311,5,Promising,208.97,846.33
CUST_01817,240,5,2196.25,Texas,Consumer,1,2,3,123,6,Hibernating,439.25,2964.94
CUST_01818,46,8,1202.79,Texas,Corporate,3,4,2,342,9,Loyal Customers,150.35,1623.77
CUST_01819,26,6,2442.44,New York,Consumer,4,3,4,434,11,Loyal Customers,407.07,3297.29
CUST_01820,9,7,2759.66,Washington,Consumer,5,4,4,544,13,Champions,394.24,3725.54
CUST_01821,480,6,1975.8,Colorado,Consumer,1,3,3,133,7,Hibernating,329.3,2667.33
CUST_01822,71,10,2827.25,New York,Consumer,3,5,4,354,12,Loyal Customers,282.73,3816.79
CUST_01823,178,5,1771.6100000000001,Florida,Consumer,2,2,3,223,7,Customers Needing Attention,354.32,2391.67
CUST_01824,101,10,3524.34,Florida,Corporate,2,5,5,255,12,At Risk,352.43,4757.86
CUST_01825,23,4,1419.04,California,Consumer,4,1,2,412,7,Potential Loyalists,354.76,1915.7
CUST_01826,39,14,4012.0,Georgia,Consumer,4,5,5,455,14,Champions,286.57,5416.2
CUST_01827,24,6,2829.8900000000003,New York,Consumer,4,3,4,434,11,Loyal Customers,471.65,3820.35
CUST_01828,14,6,2735.78,New York,Small Business,5,3,4,534,12,Loyal Customers,455.96,3693.3
CUST_01829,71,9,3958.76,New York,Corporate,3,5,5,355,13,Loyal Customers,439.86,5344.33
CUST_01830,38,8,2021.42,California,Consumer,4,4,3,443,11,Champions,252.68,2728.92
CUST_01831,74,7,2088.2599999999998,Florida,Small Business,3,4,3,343,10,Loyal Customers,298.32,2819.15
CUST_01832,170,4,1089.18,California,Consumer,2,1,2,212,5,Customers Needing Attention,272.3,1470.39
CUST_01833,4,14,5129.42,Illinois,Consumer,5,5,5,555,15,Champions,366.39,6924.72
CUST_01834,172,7,1981.1200000000001,California,Corporate,2,4,3,243,9,At Risk,283.02,2674.51
CUST_01835,134,4,751.49,California,Corporate,2,1,1,211,4,Customers Needing Attention,187.87,1014.51
CUST_01836,407,4,613.32,Massachusetts,Consumer,1,1,1,111,3,Lost Customers,153.33,827.98
CUST_01837,3,5,2332.61,Texas,Consumer,5,2,4,524,11,Potential Loyalists,466.52,3149.02
CUST_01838,50,5,2162.68,California,Consumer,3,2,3,323,8,Promising,432.54,2919.62
CUST_01839,445,3,624.5799999999999,Massachusetts,Small Business,1,1,1,111,3,Lost Customers,208.19,843.18
CUST_01840,34,5,1080.23,Florida,Consumer,4,2,2,422,8,Potential Loyalists,216.05,1458.31
CUST_01841,43,4,2013.9,New York,Consumer,4,1,3,413,8,Potential Loyalists,503.48,2718.77
CUST_01842,64,7,2522.07,North Carolina,Consumer,3,4,4,344,11,Loyal Customers,360.3,3404.79
CUST_01843,75,11,2737.76,Massachusetts,Consumer,3,5,4,354,12,Loyal Customers,248.89,3695.98
CUST_01844,127,3,1016.84,Georgia,Consumer,2,1,1,211,4,Customers Needing Attention,338.95,1372.73
CUST_01845,85,7,1950.63,Texas,Small Business,3,4,3,343,10,Loyal Customers,278.66,2633.35
CUST_01846,107,5,1049.42,California,Consumer,2,2,2,222,6,Customers Needing Attention,209.88,1416.72
CUST_01847,101,5,1269.71,Texas,Consumer,2,2,2,222,6,Customers Needing Attention,253.94,1714.11
CUST_01848,18,7,3024.26,North Carolina,Consumer,5,4,4,544,13,Champions,432.04,4082.75
CUST_01849,32,5,820.45,Florida,Corporate,4,2,1,421,7,Potential Loyalists,164.09,1107.61
CUST_01850,389,4,846.14,Pennsylvania,Consumer,1,1,1,111,3,Lost Customers,211.54,1142.29
CUST_01851,26,8,3107.25,Florida,Consumer,4,4,5,445,13,Champions,388.41,4194.79
CUST_01852,387,7,2393.7200000000003,Florida,Corporate,1,4,4,144,9,Can't Lose Them,341.96,3231.52
CUST_01853,3,4,1648.58,California,Corporate,5,1,3,513,9,Potential Loyalists,412.14,2225.58
CUST_01854,32,10,3407.88,North Carolina,Corporate,4,5,5,455,14,Champions,340.79,4600.64
CUST_01855,129,6,1499.6699999999998,Colorado,Small Business,2,3,2,232,7,At Risk,249.94,2024.55
CUST_01856,15,5,2086.15,Washington,Consumer,5,2,3,523,10,Potential Loyalists,417.23,2816.3
CUST_01857,324,3,1291.6000000000001,North Carolina,Corporate,1,1,2,112,4,Lost Customers,430.53,1743.66
CUST_01858,33,7,1762.29,Texas,Consumer,4,4,3,443,11,Champions,251.76,2379.09
CUST_01859,198,5,520.47,California,Corporate,2,2,1,221,5,Customers Needing Attention,104.09,702.63
CUST_01860,109,6,1473.23,Colorado,Corporate,2,3,2,232,7,At Risk,245.54,1988.86
CUST_01861,38,11,2399.08,Florida,Corporate,4,5,4,454,13,Champions,218.1,3238.76
CUST_01862,30,10,2478.75,Texas,Consumer,4,5,4,454,13,Champions,247.88,3346.31
CUST_01863,73,7,1536.6399999999999,New York,Consumer,3,4,2,342,9,Loyal Customers,219.52,2074.46
CUST_01864,139,5,1736.08,California,Consumer,2,2,3,223,7,Customers Needing Attention,347.22,2343.71
CUST_01865,37,6,3311.42,Texas,Small Business,4,3,5,435,12,Loyal Customers,551.9,4470.42
CUST_01866,56,3,1669.63,Massachusetts,Small Business,3,1,3,313,7,Promising,556.54,2254.0
CUST_01867,5,7,1990.9599999999998,Florida,Consumer,5,4,3,543,12,Champions,284.42,2687.8
CUST_01868,62,4,1208.44,Massachusetts,Consumer,3,1,2,312,6,Promising,302.11,1631.39
CUST_01869,39,6,911.78,New York,Consumer,4,3,1,431,8,Loyal Customers,151.96,1230.9
CUST_01870,290,5,1354.95,California,Corporate,1,2,2,122,5,Hibernating,270.99,1829.18
CUST_01871,157,6,2292.7400000000002,Texas,Corporate,2,3,4,234,9,At Risk,382.12,3095.2
CUST_01872,52,6,887.91,Georgia,Consumer,3,3,1,331,7,Loyal Customers,147.98,1198.68
CUST_01873,2,9,1390.0,California,Consumer,5,5,2,552,12,Champions,154.44,1876.5
CUST_01874,228,6,1157.3700000000001,Pennsylvania,Corporate,1,3,2,132,6,Hibernating,192.9,1562.45
CUST_01875,3,8,2298.1,Texas,Corporate,5,4,4,544,13,Champions,287.26,3102.44
CUST_01876,345,7,3620.71,Pennsylvania,Consumer,1,4,5,145,10,Can't Lose Them,517.24,4887.96
CUST_01877,35,12,3304.72,Texas,Consumer,4,5,5,455,14,Champions,275.39,4461.37
CUST_01878,16,8,1548.99,Massachusetts,Consumer,5,4,2,542,11,Champions,193.62,2091.14
CUST_01879,11,7,2244.48,New York,Consumer,5,4,4,544,13,Champions,320.64,3030.05
CUST_01880,46,10,5117.23,Pennsylvania,Consumer,3,5,5,355,13,Loyal Customers,511.72,6908.26
CUST_01881,249,7,2359.7,Florida,Consumer,1,4,4,144,9,Can't Lose Them,337.1,3185.6
CUST_01882,51,9,2597.4,Pennsylvania,Corporate,3,5,4,354,12,Loyal Customers,288.6,3506.49
CUST_01883,55,4,1758.8200000000002,Pennsylvania,Consumer,3,1,3,313,7,Promising,439.71,2374.41
CUST_01884,134,5,1144.56,California,Corporate,2,2,2,222,6,Customers Needing Attention,228.91,1545.16
CUST_01885,167,7,1843.6399999999999,Ohio,Consumer,2,4,3,243,9,At Risk,263.38,2488.91
CUST_01886,56,4,557.62,Pennsylvania,Consumer,3,2,1,321,6,Promising,139.4,752.79
CUST_01887,409,6,4234.25,Washington,Consumer,1,3,5,135,9,Hibernating,705.71,5716.24
CUST_01888,88,7,1834.1200000000001,Texas,Consumer,3,4,3,343,10,Loyal Customers,262.02,2476.06
CUST_01889,117,7,2700.01,Washington,Corporate,2,4,4,244,10,At Risk,385.72,3645.01
CUST_01890,114,8,4082.89,Texas,Small Business,2,4,5,245,11,At Risk,510.36,5511.9
CUST_01891,191,1,27.81,Colorado,Consumer,2,1,1,211,4,Customers Needing Attention,27.81,37.54
CUST_01892,222,10,2835.41,Georgia,Consumer,1,5,4,154,10,Can't Lose Them,283.54,3827.8
CUST_01893,104,7,2437.86,Texas,Corporate,2,4,4,244,10,At Risk,348.27,3291.11
CUST_01894,15,4,1391.69,California,Consumer,5,2,2,522,9,Potential Loyalists,347.92,1878.78
CUST_01895,4,10,4459.860000000001,Texas,Consumer,5,5,5,555,15,Champions,445.99,6020.81
CUST_01896,45,7,1803.46,Pennsylvania,Corporate,3,4,3,343,10,Loyal Customers,257.64,2434.67
CUST_01897,27,7,1992.6100000000001,Florida,Consumer,4,4,3,443,11,Champions,284.66,2690.02
CUST_01898,213,10,4274.74,California,Consumer,2,5,5,255,12,At Risk,427.47,5770.9
CUST_01899,234,7,3841.78,Washington,Consumer,1,4,5,145,10,Can't Lose Them,548.83,5186.4
CUST_01900,358,7,1427.81,North Carolina,Corporate,1,4,2,142,7,Can't Lose Them,203.97,1927.54
CUST_01901,231,3,2014.88,Georgia,Consumer,1,1,3,113,5,Lost Customers,671.63,2720.09
CUST_01902,236,4,2716.0,New York,Consumer,1,2,4,124,7,Hibernating,679.0,3666.6
CUST_01903,4,7,3816.09,Florida,Corporate,5,4,5,545,14,Champions,545.16,5151.72
CUST_01904,54,9,3162.7000000000003,Ohio,Consumer,3,5,5,355,13,Loyal Customers,351.41,4269.65
CUST_01905,213,7,5313.21,New York,Corporate,2,4,5,245,11,At Risk,759.03,7172.83
CUST_01906,58,8,4191.81,Colorado,Consumer,3,4,5,345,12,Loyal Customers,523.98,5658.94
CUST_01907,48,5,1558.42,New York,Small Business,3,2,2,322,7,Promising,311.68,2103.87
CUST_01908,156,10,3496.25,New York,Consumer,2,5,5,255,12,At Risk,349.62,4719.94
CUST_01909,177,2,713.27,Washington,Consumer,2,1,1,211,4,Customers Needing Attention,356.64,962.91
CUST_01910,372,5,1267.1,North Carolina,Consumer,1,2,2,122,5,Hibernating,253.42,1710.58
CUST_01911,52,8,3607.42,Washington,Consumer,3,4,5,345,12,Loyal Customers,450.93,4870.02
CUST_01912,109,9,3909.81,Texas,Corporate,2,5,5,255,12,At Risk,434.42,5278.24
CUST_01913,6,8,3406.1099999999997,Texas,Small Business,5,4,5,545,14,Champions,425.76,4598.25
CUST_01914,9,8,2626.57,North Carolina,Consumer,5,4,4,544,13,Champions,328.32,3545.87
CUST_01915,149,5,1335.24,Washington,Consumer,2,2,2,222,6,Customers Needing Attention,267.05,1802.57
CUST_01916,285,7,1862.44,New York,Corporate,1,4,3,143,8,Can't Lose Them,266.06,2514.29
CUST_01917,314,4,2189.4700000000003,New York,Corporate,1,2,3,123,6,Hibernating,547.37,2955.78
CUST_01918,1,6,5846.03,Colorado,Consumer,5,3,5,535,13,Loyal Customers,974.34,7892.14
CUST_01919,159,6,1783.92,Colorado,Consumer,2,3,3,233,8,At Risk,297.32,2408.29
CUST_01920,137,5,2219.21,California,Consumer,2,2,4,224,8,Customers Needing Attention,443.84,2995.93
CUST_01921,95,3,849.0,Massachusetts,Consumer,2,1,1,211,4,Customers Needing Attention,283.0,1146.15
CUST_01922,146,6,2692.9,Massachusetts,Consumer,2,3,4,234,9,At Risk,448.82,3635.42
CUST_01923,212,4,1101.99,California,Consumer,2,2,2,222,6,Customers Needing Attention,275.5,1487.69
CUST_01924,25,9,2858.7,Georgia,Consumer,4,5,4,454,13,Champions,317.63,3859.24
CUST_01925,56,4,3050.68,Illinois,Corporate,3,2,4,324,9,Promising,762.67,4118.42
CUST_01926,21,8,3516.56,North Carolina,Consumer,4,4,5,445,13,Champions,439.57,4747.36
CUST_01927,101,10,4107.22,Colorado,Consumer,2,5,5,255,12,At Risk,410.72,5544.75
CUST_01928,370,3,1265.6100000000001,Colorado,Consumer,1,1,2,112,4,Lost Customers,421.87,1708.57
CUST_01929,16,5,1192.9099999999999,Texas,Consumer,5,2,2,522,9,Potential Loyalists,238.58,1610.43
CUST_01930,234,3,353.92,Ohio,Consumer,1,1,1,111,3,Lost Customers,117.97,477.79
CUST_01931,212,5,1915.29,North Carolina,Consumer,2,2,3,223,7,Customers Needing Attention,383.06,2585.64
CUST_01932,253,9,1223.91,California,Consumer,1,5,2,152,8,Can't Lose Them,135.99,1652.28
CUST_01933,44,3,446.19,North Carolina,Consumer,3,1,1,311,5,Promising,148.73,602.36
CUST_01934,40,9,4724.76,California,Consumer,4,5,5,455,14,Champions,524.97,6378.43
CUST_01935,4,16,7067.4400000000005,Texas,Consumer,5,5,5,555,15,Champions,441.72,9541.04
CUST_01936,1,7,3258.17,New York,Corporate,5,4,5,545,14,Champions,465.45,4398.53
CUST_01937,109,7,935.37,North Carolina,Consumer,2,4,1,241,7,At Risk,133.62,1262.75
CUST_01938,47,9,2345.09,New York,Corporate,3,5,4,354,12,Loyal Customers,260.57,3165.87
CUST_01939,10,7,1639.28,California,Consumer,5,4,3,543,12,Champions,234.18,2213.03
CUST_01940,18,5,1629.93,Ohio,Consumer,5,2,3,523,10,Potential Loyalists,325.99,2200.41
CUST_01941,507,7,1837.8,Florida,Consumer,1,4,3,143,8,Can't Lose Them,262.54,2481.03
CUST_01942,235,9,4611.4800000000005,Massachusetts,Consumer,1,5,5,155,11,Can't Lose Them,512.39,6225.5
CUST_01943,39,5,2060.6,Illinois,Corporate,4,2,3,423,9,Potential Loyalists,412.12,2781.81
CUST_01944,53,8,2354.7400000000002,Washington,Corporate,3,4,4,344,11,Loyal Customers,294.34,3178.9
CUST_01945,53,7,5095.87,Georgia,Corporate,3,4,5,345,12,Loyal Customers,727.98,6879.42
CUST_01946,6,6,2294.93,California,Consumer,5,3,4,534,12,Loyal Customers,382.49,3098.16
CUST_01947,221,5,1152.0800000000002,Texas,Consumer,1,2,2,122,5,Hibernating,230.42,1555.31
CUST_01948,122,8,4498.95,North Carolina,Consumer,2,4,5,245,11,At Risk,562.37,6073.58
CUST_01949,272,2,799.6600000000001,North Carolina,Consumer,1,1,1,111,3,Lost Customers,399.83,1079.54
CUST_01950,90,6,2210.19,Pennsylvania,Consumer,3,3,3,333,9,Loyal Customers,368.36,2983.76
CUST_01951,50,7,2167.48,Pennsylvania,Consumer,3,4,3,343,10,Loyal Customers,309.64,2926.1
CUST_01952,368,4,779.45,North Carolina,Consumer,1,2,1,121,4,Hibernating,194.86,1052.26
CUST_01953,51,6,2388.1,New York,Consumer,3,3,4,334,10,Loyal Customers,398.02,3223.94
CUST_01954,275,6,1506.26,New York,Corporate,1,3,2,132,6,Hibernating,251.04,2033.45
CUST_01955,75,3,550.77,Pennsylvania,Small Business,3,1,1,311,5,Promising,183.59,743.54
CUST_01956,36,2,1207.3799999999999,Washington,Small Business,4,1,2,412,7,Potential Loyalists,603.69,1629.96
CUST_01957,205,5,2064.76,New York,Consumer,2,2,3,223,7,Customers Needing Attention,412.95,2787.43
CUST_01958,318,5,2586.33,Florida,Consumer,1,2,4,124,7,Hibernating,517.27,3491.55
CUST_01959,38,6,1572.46,New York,Consumer,4,3,2,432,9,Loyal Customers,262.08,2122.82
CUST_01960,32,8,3421.68,Florida,Corporate,4,4,5,445,13,Champions,427.71,4619.27
CUST_01961,219,4,1531.64,New York,Consumer,1,2,2,122,5,Hibernating,382.91,2067.71
CUST_01962,43,12,3608.81,California,Consumer,4,5,5,455,14,Champions,300.73,4871.89
CUST_01963,14,5,2445.58,Texas,Corporate,5,2,4,524,11,Potential Loyalists,489.12,3301.53
CUST_01964,737,1,136.73,Ohio,Consumer,1,1,1,111,3,Lost Customers,136.73,184.59
CUST_01965,50,8,1926.62,Georgia,Consumer,3,4,3,343,10,Loyal Customers,240.83,2600.94
CUST_01966,31,9,2824.99,Colorado,Consumer,4,5,4,454,13,Champions,313.89,3813.74
CUST_01967,203,7,2397.65,New York,Consumer,2,4,4,244,10,At Risk,342.52,3236.83
CUST_01968,4,11,2847.23,Colorado,Consumer,5,5,4,554,14,Champions,258.84,3843.76
CUST_01969,37,4,1615.01,Illinois,Consumer,4,2,3,423,9,Potential Loyalists,403.75,2180.26
CUST_01970,57,6,3989.9,Georgia,Consumer,3,3,5,335,11,Loyal Customers,664.98,5386.37
CUST_01971,155,5,4313.92,Illinois,Consumer,2,2,5,225,9,Customers Needing Attention,862.78,5823.79
CUST_01972,37,10,3361.51,Florida,Corporate,4,5,5,455,14,Champions,336.15,4538.04
CUST_01973,40,9,1939.98,California,Consumer,4,5,3,453,12,Champions,215.55,2618.97
CUST_01974,106,5,5081.03,New York,Consumer,2,2,5,225,9,Customers Needing Attention,1016.21,6859.39
CUST_01975,7,5,1315.08,Texas,Consumer,5,2,2,522,9,Potential Loyalists,263.02,1775.36
CUST_01976,46,4,603.4,California,Small Business,3,2,1,321,6,Promising,150.85,814.59
CUST_01977,124,14,3921.7000000000003,Pennsylvania,Consumer,2,5,5,255,12,At Risk,280.12,5294.3
CUST_01978,32,6,1998.06,Ohio,Consumer,4,3,3,433,10,Loyal Customers,333.01,2697.38
CUST_01979,16,13,6604.51,Texas,Corporate,5,5,5,555,15,Champions,508.04,8916.09
CUST_01980,3,7,2368.87,California,Corporate,5,4,4,544,13,Champions,338.41,3197.97
CUST_01981,189,9,2881.8,Massachusetts,Consumer,2,5,4,254,11,At Risk,320.2,3890.43
CUST_01982,19,10,1982.15,California,Corporate,5,5,3,553,13,Champions,198.22,2675.9
CUST_01983,166,7,2207.92,Georgia,Consumer,2,4,3,243,9,At Risk,315.42,2980.69
CUST_01984,94,4,2870.69,Massachusetts,Consumer,2,2,4,224,8,Customers Needing Attention,717.67,3875.43
CUST_01985,62,8,1643.05,New York,Consumer,3,4,3,343,10,Loyal Customers,205.38,2218.12
CUST_01986,413,8,1814.81,New York,Consumer,1,4,3,143,8,Can't Lose Them,226.85,2449.99
CUST_01987,9,9,4030.01,New York,Corporate,5,5,5,555,15,Champions,447.78,5440.51
CUST_01988,37,7,2691.04,California,Consumer,4,4,4,444,12,Champions,384.43,3632.9
CUST_01989,39,9,4832.94,California,Consumer,4,5,5,455,14,Champions,536.99,6524.47
CUST_01990,79,6,874.98,Massachusetts,Corporate,3,3,1,331,7,Loyal Customers,145.83,1181.22
CUST_01991,8,6,2552.85,Georgia,Corporate,5,3,4,534,12,Loyal Customers,425.48,3446.35
CUST_01992,2,10,1765.23,New York,Consumer,5,5,3,553,13,Champions,176.52,2383.06
CUST_01993,110,6,2855.44,Texas,Consumer,2,3,4,234,9,At Risk,475.91,3854.84
CUST_01994,181,9,1076.08,Massachusetts,Consumer,2,5,2,252,9,At Risk,119.56,1452.71
CUST_01995,76,5,2340.0299999999997,Illinois,Corporate,3,2,4,324,9,Promising,468.01,3159.04
CUST_01996,39,7,2068.0099999999998,California,Consumer,4,4,3,443,11,Champions,295.43,2791.81
CUST_01997,408,4,839.61,Texas,Small Business,1,2,1,121,4,Hibernating,209.9,1133.47
CUST_01998,317,4,945.76,New York,Consumer,1,2,1,121,4,Hibernating,236.44,1276.78
CUST_01999,26,7,3104.7000000000003,Florida,Consumer,4,4,5,445,13,Champions,443.53,4191.34
CUST_02000,14,11,2748.02,California,Consumer,5,5,4,554,14,Champions,249.82,3709.83
CUST_02001,47,7,1753.16,New York,Consumer,3,4,3,343,10,Loyal Customers,250.45,2366.77
CUST_02002,149,8,4452.900000000001,Texas,Consumer,2,4,5,245,11,At Risk,556.61,6011.42
CUST_02003,74,5,3872.35,Colorado,Small Business,3,2,5,325,10,Promising,774.47,5227.67
CUST_02004,18,8,1824.42,Florida,Consumer,5,4,3,543,12,Champions,228.05,2462.97
CUST_02005,152,10,3891.33,California,Consumer,2,5,5,255,12,At Risk,389.13,5253.3
CUST_02006,24,7,2169.15,Florida,Corporate,4,4,3,443,11,Champions,309.88,2928.35
CUST_02007,25,5,869.7599999999999,Texas,Consumer,4,2,1,421,7,Potential Loyalists,173.95,1174.18
CUST_02008,20,5,3060.51,California,Corporate,5,2,4,524,11,Potential Loyalists,612.1,4131.69
CUST_02009,46,9,2231.99,California,Consumer,3,5,4,354,12,Loyal Customers,248.0,3013.19
CUST_02010,29,6,2668.33,New York,Consumer,4,3,4,434,11,Loyal Customers,444.72,3602.25
CUST_02011,1,6,1701.1799999999998,Georgia,Consumer,5,3,3,533,11,Loyal Customers,283.53,2296.59
CUST_02012,4,6,3229.5,Illinois,Consumer,5,3,5,535,13,Loyal Customers,538.25,4359.83
CUST_02013,62,7,4198.18,Colorado,Small Business,3,4,5,345,12,Loyal Customers,599.74,5667.54
CUST_02014,9,10,3775.25,Illinois,Consumer,5,5,5,555,15,Champions,377.52,5096.59
CUST_02015,65,5,2817.48,Illinois,Consumer,3,2,4,324,9,Promising,563.5,3803.6
CUST_02016,136,6,711.09,Pennsylvania,Consumer,2,3,1,231,6,At Risk,118.52,959.97
CUST_02017,398,7,1215.57,Georgia,Consumer,1,4,2,142,7,Can't Lose Them,173.65,1641.02
CUST_02018,238,6,1383.16,Ohio,Corporate,1,3,2,132,6,Hibernating,230.53,1867.27
CUST_02019,110,10,2557.89,California,Consumer,2,5,4,254,11,At Risk,255.79,3453.15
CUST_02020,25,6,1376.6100000000001,Washington,Consumer,4,3,2,432,9,Loyal Customers,229.44,1858.42
CUST_02021,25,4,2745.36,Massachusetts,Small Business,4,2,4,424,10,Potential Loyalists,686.34,3706.24
CUST_02022,147,6,2226.36,Colorado,Consumer,2,3,4,234,9,At Risk,371.06,3005.59
CUST_02023,65,7,1243.02,California,Small Business,3,4,2,342,9,Loyal Customers,177.57,1678.08
CUST_02024,10,9,2550.1400000000003,Washington,Consumer,5,5,4,554,14,Champions,283.35,3442.69
CUST_02025,263,7,3698.32,Florida,Consumer,1,4,5,145,10,Can't Lose Them,528.33,4992.73
CUST_02026,400,3,1274.15,Washington,Consumer,1,1,2,112,4,Lost Customers,424.72,1720.1
CUST_02027,56,5,2094.88,Texas,Corporate,3,2,3,323,8,Promising,418.98,2828.09
CUST_02028,3,11,4033.8999999999996,New York,Small Business,5,5,5,555,15,Champions,366.72,5445.76
CUST_02029,241,3,2031.72,Pennsylvania,Consumer,1,1,3,113,5,Lost Customers,677.24,2742.82
CUST_02030,131,9,2099.37,Texas,Consumer,2,5,3,253,10,At Risk,233.26,2834.15
CUST_02031,404,4,1904.11,California,Consumer,1,2,3,123,6,Hibernating,476.03,2570.55
CUST_02032,373,6,2372.7200000000003,Texas,Consumer,1,3,4,134,8,Hibernating,395.45,3203.17
CUST_02033,55,5,1060.72,California,Consumer,3,2,2,322,7,Promising,212.14,1431.97
CUST_02034,22,6,2663.48,Florida,Small Business,4,3,4,434,11,Loyal Customers,443.91,3595.7
CUST_02035,75,6,2297.59,California,Consumer,3,3,4,334,10,Loyal Customers,382.93,3101.75
CUST_02036,19,7,2129.21,Georgia,Consumer,5,4,3,543,12,Champions,304.17,2874.43
CUST_02037,91,5,1127.99,North Carolina,Consumer,3,2,2,322,7,Promising,225.6,1522.79
CUST_02038,170,4,2085.8399999999997,North Carolina,Consumer,2,2,3,223,7,Customers Needing Attention,521.46,2815.88
CUST_02039,426,2,561.02,Florida,Consumer,1,1,1,111,3,Lost Customers,280.51,757.38
CUST_02040,12,8,852.11,Illinois,Consumer,5,4,1,541,10,Champions,106.51,1150.35
CUST_02041,200,6,760.64,Illinois,Corporate,2,3,1,231,6,At Risk,126.77,1026.86
CUST_02042,34,5,4144.84,Texas,Consumer,4,2,5,425,11,Potential Loyalists,828.97,5595.53
CUST_02043,484,5,1698.04,Texas,Consumer,1,2,3,123,6,Hibernating,339.61,2292.35
CUST_02044,28,8,2684.81,Florida,Consumer,4,4,4,444,12,Champions,335.6,3624.49
CUST_02045,1,6,2092.06,Pennsylvania,Corporate,5,3,3,533,11,Loyal Customers,348.68,2824.28
CUST_02046,250,4,967.25,Illinois,Corporate,1,2,1,121,4,Hibernating,241.81,1305.79
CUST_02047,188,10,2304.09,Pennsylvania,Consumer,2,5,4,254,11,At Risk,230.41,3110.52
CUST_02048,122,4,1965.93,Illinois,Corporate,2,2,3,223,7,Customers Needing Attention,491.48,2654.01
CUST_02049,13,6,979.95,Colorado,Consumer,5,3,1,531,9,Loyal Customers,163.33,1322.93
CUST_02050,263,5,684.5,New York,Consumer,1,2,1,121,4,Hibernating,136.9,924.08
CUST_02051,74,3,583.9300000000001,Massachusetts,Consumer,3,1,1,311,5,Promising,194.64,788.31
CUST_02052,20,8,3599.48,California,Consumer,5,4,5,545,14,Champions,449.94,4859.3
CUST_02053,270,8,2583.86,Georgia,Consumer,1,4,4,144,9,Can't Lose Them,322.98,3488.21
CUST_02054,341,7,3358.37,Ohio,Small Business,1,4,5,145,10,Can't Lose Them,479.77,4533.8
CUST_02055,77,5,1247.05,Massachusetts,Corporate,3,2,2,322,7,Promising,249.41,1683.52
CUST_02056,46,6,1528.1100000000001,Texas,Consumer,3,3,2,332,8,Loyal Customers,254.69,2062.95
CUST_02057,103,3,552.59,Colorado,Consumer,2,1,1,211,4,Customers Needing Attention,184.2,746.0
CUST_02058,54,8,2119.49,New York,Consumer,3,4,3,343,10,Loyal Customers,264.94,2861.31
CUST_02059,110,8,3592.4700000000003,North Carolina,Consumer,2,4,5,245,11,At Risk,449.06,4849.83
CUST_02060,145,3,1050.3400000000001,New York,Consumer,2,1,2,212,5,Customers Needing Attention,350.11,1417.96
CUST_02061,25,8,2155.84,California,Consumer,4,4,3,443,11,Champions,269.48,2910.38
CUST_02062,197,10,3258.67,New York,Consumer,2,5,5,255,12,At Risk,325.87,4399.2
CUST_02063,12,5,2375.19,Washington,Corporate,5,2,4,524,11,Potential Loyalists,475.04,3206.51
CUST_02064,60,6,1117.36,Colorado,Consumer,3,3,2,332,8,Loyal Customers,186.23,1508.44
CUST_02065,312,3,842.97,California,Consumer,1,1,1,111,3,Lost Customers,280.99,1138.01
CUST_02066,30,7,1582.6200000000001,Georgia,Corporate,4,4,2,442,10,Champions,226.09,2136.54
CUST_02067,56,7,3510.7799999999997,Ohio,Consumer,3,4,5,345,12,Loyal Customers,501.54,4739.55
CUST_02068,1,3,1066.59,Florida,Consumer,5,1,2,512,8,Potential Loyalists,355.53,1439.9
CUST_02069,58,9,2691.92,Washington,Consumer,3,5,4,354,12,Loyal Customers,299.1,3634.09
CUST_02070,293,5,2163.46,New York,Consumer,1,2,3,123,6,Hibernating,432.69,2920.67
CUST_02071,289,3,1824.87,Ohio,Corporate,1,1,3,113,5,Lost Customers,608.29,2463.57
CUST_02072,55,7,1666.53,Texas,Consumer,3,4,3,343,10,Loyal Customers,238.08,2249.82
CUST_02073,275,6,3276.75,Illinois,Consumer,1,3,5,135,9,Hibernating,546.12,4423.61
CUST_02074,156,8,1189.46,Illinois,Corporate,2,4,2,242,8,At Risk,148.68,1605.77
CUST_02075,10,8,2999.48,Florida,Corporate,5,4,4,544,13,Champions,374.94,4049.3
CUST_02076,426,2,117.19999999999999,New York,Corporate,1,1,1,111,3,Lost Customers,58.6,158.22
CUST_02077,201,9,4193.17,Texas,Consumer,2,5,5,255,12,At Risk,465.91,5660.78
CUST_02078,456,2,1733.65,Colorado,Consumer,1,1,3,113,5,Lost Customers,866.82,2340.43
CUST_02079,385,6,1729.35,Pennsylvania,Small Business,1,3,3,133,7,Hibernating,288.22,2334.62
CUST_02080,358,5,1427.8899999999999,Massachusetts,Corporate,1,2,2,122,5,Hibernating,285.58,1927.65
CUST_02081,101,9,3070.19,California,Consumer,2,5,4,254,11,At Risk,341.13,4144.76
CUST_02082,151,8,2867.25,Ohio,Consumer,2,4,4,244,10,At Risk,358.41,3870.79
CUST_02083,248,8,3345.4300000000003,Colorado,Consumer,1,4,5,145,10,Can't Lose Them,418.18,4516.33
CUST_02084,6,9,1926.8999999999999,California,Small Business,5,5,3,553,13,Champions,214.1,2601.32
CUST_02085,49,6,2852.69,Florida,Consumer,3,3,4,334,10,Loyal Customers,475.45,3851.13
CUST_02086,413,4,2660.39,Texas,Consumer,1,2,4,124,7,Hibernating,665.1,3591.53
CUST_02087,11,7,2350.51,Texas,Consumer,5,4,4,544,13,Champions,335.79,3173.19
CUST_02088,16,7,2134.36,Florida,Consumer,5,4,3,543,12,Champions,304.91,2881.39
CUST_02089,23,9,4127.85,Massachusetts,Corporate,4,5,5,455,14,Champions,458.65,5572.6
CUST_02090,15,6,1915.29,Texas,Consumer,5,3,3,533,11,Loyal Customers,319.21,2585.64
CUST_02091,46,4,777.4,Washington,Corporate,3,2,1,321,6,Promising,194.35,1049.49
CUST_02092,81,5,1517.6799999999998,Georgia,Small Business,3,2,2,322,7,Promising,303.54,2048.87
CUST_02093,131,6,2803.7700000000004,New York,Consumer,2,3,4,234,9,At Risk,467.3,3785.09
CUST_02094,101,9,2024.3799999999999,Ohio,Consumer,2,5,3,253,10,At Risk,224.93,2732.91
CUST_02095,443,2,275.70000000000005,Georgia,Consumer,1,1,1,111,3,Lost Customers,137.85,372.2
CUST_02096,318,7,1393.97,Texas,Corporate,1,4,2,142,7,Can't Lose Them,199.14,1881.86
CUST_02097,80,7,1600.55,Illinois,Consumer,3,4,2,342,9,Loyal Customers,228.65,2160.74
CUST_02098,96,12,3359.33,New York,Consumer,2,5,5,255,12,At Risk,279.94,4535.1
CUST_02099,2,5,721.4,Texas,Corporate,5,2,1,521,8,Potential Loyalists,144.28,973.89
CUST_02100,27,11,4552.04,California,Consumer,4,5,5,455,14,Champions,413.82,6145.25
CUST_02101,48,9,2989.66,North Carolina,Small Business,3,5,4,354,12,Loyal Customers,332.18,4036.04
CUST_02102,622,1,353.45,Colorado,Consumer,1,1,1,111,3,Lost Customers,353.45,477.16
CUST_02103,21,5,2602.45,North Carolina,Consumer,4,2,4,424,10,Potential Loyalists,520.49,3513.31
CUST_02104,43,4,644.64,Pennsylvania,Consumer,4,2,1,421,7,Potential Loyalists,161.16,870.26
CUST_02105,57,5,3238.16,California,Corporate,3,2,5,325,10,Promising,647.63,4371.52
CUST_02106,128,7,3129.13,Colorado,Consumer,2,4,5,245,11,At Risk,447.02,4224.33
CUST_02107,30,5,1078.08,Florida,Corporate,4,2,2,422,8,Potential Loyalists,215.62,1455.41
CUST_02108,304,6,1466.92,Texas,Small Business,1,3,2,132,6,Hibernating,244.49,1980.34
CUST_02109,49,7,2812.76,California,Consumer,3,4,4,344,11,Loyal Customers,401.82,3797.23
CUST_02110,102,6,1979.3200000000002,Colorado,Small Business,2,3,3,233,8,At Risk,329.89,2672.08
CUST_02111,191,5,1038.72,California,Consumer,2,2,2,222,6,Customers Needing Attention,207.74,1402.27
CUST_02112,59,10,3985.42,Illinois,Consumer,3,5,5,355,13,Loyal Customers,398.54,5380.32
CUST_02113,31,10,1675.0,Georgia,Consumer,4,5,3,453,12,Champions,167.5,2261.25
CUST_02114,63,8,2728.82,Illinois,Corporate,3,4,4,344,11,Loyal Customers,341.1,3683.91
CUST_02115,2,10,4322.5599999999995,Texas,Consumer,5,5,5,555,15,Champions,432.26,5835.46
CUST_02116,654,5,2841.27,California,Consumer,1,2,4,124,7,Hibernating,568.25,3835.71
CUST_02117,314,2,517.15,North Carolina,Consumer,1,1,1,111,3,Lost Customers,258.58,698.15
CUST_02118,105,6,1705.85,Florida,Consumer,2,3,3,233,8,At Risk,284.31,2302.9
CUST_02119,166,4,1111.05,California,Consumer,2,2,2,222,6,Customers Needing Attention,277.76,1499.92
CUST_02120,55,4,1722.5,Texas,Corporate,3,2,3,323,8,Promising,430.62,2325.38
CUST_02121,31,8,2809.42,Florida,Corporate,4,4,4,444,12,Champions,351.18,3792.72
CUST_02122,20,6,1155.91,New York,Consumer,5,3,2,532,10,Loyal Customers,192.65,1560.48
CUST_02123,37,7,1947.29,Florida,Small Business,4,4,3,443,11,Champions,278.18,2628.84
CUST_02124,235,5,1119.01,Massachusetts,Consumer,1,2,2,122,5,Hibernating,223.8,1510.66
CUST_02125,84,5,1402.1399999999999,North Carolina,Small Business,3,2,2,322,7,Promising,280.43,1892.89
CUST_02126,213,4,2639.09,Texas,Consumer,2,2,4,224,8,Customers Needing Attention,659.77,3562.77
CUST_02127,37,5,2197.93,North Carolina,Consumer,4,2,3,423,9,Potential Loyalists,439.59,2967.21
CUST_02128,5,10,5249.52,Colorado,Consumer,5,5,5,555,15,Champions,524.95,7086.85
CUST_02129,173,6,1929.6299999999999,Texas,Corporate,2,3,3,233,8,At Risk,321.6,2605.0
CUST_02130,261,6,1479.4599999999998,Colorado,Consumer,1,3,2,132,6,Hibernating,246.58,1997.27
CUST_02131,203,4,695.24,Washington,Consumer,2,2,1,221,5,Customers Needing Attention,173.81,938.57
CUST_02132,291,5,799.44,Florida,Consumer,1,2,1,121,4,Hibernating,159.89,1079.24
CUST_02133,2,14,3305.8199999999997,Illinois,Consumer,5,5,5,555,15,Champions,236.13,4462.86
CUST_02134,86,9,4463.46,Massachusetts,Consumer,3,5,5,355,13,Loyal Customers,495.94,6025.67
CUST_02135,31,9,1973.01,Illinois,Corporate,4,5,3,453,12,Champions,219.22,2663.56
CUST_02136,393,3,597.9200000000001,California,Corporate,1,1,1,111,3,Lost Customers,199.31,807.19
CUST_02137,9,5,3174.4599999999996,Massachusetts,Consumer,5,2,5,525,12,Potential Loyalists,634.89,4285.52
CUST_02138,89,8,2493.74,California,Corporate,3,4,4,344,11,Loyal Customers,311.72,3366.55
CUST_02139,109,5,1483.91,Pennsylvania,Consumer,2,2,2,222,6,Customers Needing Attention,296.78,2003.28
CUST_02140,32,8,2626.26,Colorado,Corporate,4,4,4,444,12,Champions,328.28,3545.45
CUST_02141,147,3,226.08999999999997,Texas,Corporate,2,1,1,211,4,Customers Needing Attention,75.36,305.22
CUST_02142,10,5,434.01,California,Consumer,5,2,1,521,8,Potential Loyalists,86.8,585.91
CUST_02143,56,6,1398.44,California,Corporate,3,3,2,332,8,Loyal Customers,233.07,1887.89
CUST_02144,214,10,4597.32,Massachusetts,Consumer,1,5,5,155,11,Can't Lose Them,459.73,6206.38
CUST_02145,23,7,2092.58,Florida,Consumer,4,4,3,443,11,Champions,298.94,2824.98
CUST_02146,56,7,3973.2500000000005,Colorado,Corporate,3,4,5,345,12,Loyal Customers,567.61,5363.89
CUST_02147,37,6,2059.82,California,Consumer,4,3,3,433,10,Loyal Customers,343.3,2780.76
CUST_02148,121,3,917.98,Massachusetts,Consumer,2,1,1,211,4,Customers Needing Attention,305.99,1239.27
CUST_02149,416,3,803.1,Ohio,Consumer,1,1,1,111,3,Lost Customers,267.7,1084.19
CUST_02150,54,9,2058.8,Massachusetts,Corporate,3,5,3,353,11,Loyal Customers,228.76,2779.38
CUST_02151,93,4,377.73,Florida,Consumer,2,2,1,221,5,Customers Needing Attention,94.43,509.94
CUST_02152,494,2,1308.99,Florida,Consumer,1,1,2,112,4,Lost Customers,654.5,1767.14
CUST_02153,197,6,1061.94,Colorado,Corporate,2,3,2,232,7,At Risk,176.99,1433.62
CUST_02154,30,10,2441.45,New York,Corporate,4,5,4,454,13,Champions,244.14,3295.96
CUST_02155,39,6,3520.64,Texas,Consumer,4,3,5,435,12,Loyal Customers,586.77,4752.86
CUST_02156,32,5,813.75,Pennsylvania,Consumer,4,2,1,421,7,Potential Loyalists,162.75,1098.56
CUST_02157,563,4,644.5699999999999,California,Consumer,1,2,1,121,4,Hibernating,161.14,870.17
CUST_02158,2,9,4897.01,Washington,Consumer,5,5,5,555,15,Champions,544.11,6610.96
CUST_02159,390,3,502.90999999999997,Texas,Consumer,1,1,1,111,3,Lost Customers,167.64,678.93
CUST_02160,106,7,1807.13,Georgia,Corporate,2,4,3,243,9,At Risk,258.16,2439.63
CUST_02161,19,10,5728.2,New York,Consumer,5,5,5,555,15,Champions,572.82,7733.07
CUST_02162,9,7,2605.8599999999997,Texas,Consumer,5,4,4,544,13,Champions,372.27,3517.91
CUST_02163,380,1,165.93,California,Consumer,1,1,1,111,3,Lost Customers,165.93,224.01
CUST_02164,162,6,1335.3700000000001,Georgia,Corporate,2,3,2,232,7,At Risk,222.56,1802.75
CUST_02165,359,3,890.8,California,Consumer,1,1,1,111,3,Lost Customers,296.93,1202.58
CUST_02166,28,9,1783.03,Georgia,Small Business,4,5,3,453,12,Champions,198.11,2407.09
CUST_02167,17,9,3268.81,Texas,Consumer,5,5,5,555,15,Champions,363.2,4412.89
CUST_02168,53,13,4803.55,California,Consumer,3,5,5,355,13,Loyal Customers,369.5,6484.79
CUST_02169,236,2,896.35,Illinois,Consumer,1,1,1,111,3,Lost Customers,448.18,1210.07
CUST_02170,64,5,2302.66,California,Consumer,3,2,4,324,9,Promising,460.53,3108.59
CUST_02171,172,3,1243.88,New York,Consumer,2,1,2,212,5,Customers Needing Attention,414.63,1679.24
CUST_02172,4,13,3193.74,Colorado,Consumer,5,5,5,555,15,Champions,245.67,4311.55
CUST_02173,161,5,1424.88,Texas,Consumer,2,2,2,222,6,Customers Needing Attention,284.98,1923.59
CUST_02174,37,9,1113.17,Pennsylvania,Corporate,4,5,2,452,11,Champions,123.69,1502.78
CUST_02175,29,8,4189.04,California,Consumer,4,4,5,445,13,Champions,523.63,5655.2
CUST_02176,6,6,1509.04,Florida,Corporate,5,3,2,532,10,Loyal Customers,251.51,2037.2
CUST_02177,28,4,1792.76,Texas,Consumer,4,2,3,423,9,Potential Loyalists,448.19,2420.23
CUST_02178,60,9,4055.52,New York,Consumer,3,5,5,355,13,Loyal Customers,450.61,5474.95
CUST_02179,7,8,3054.08,Texas,Consumer,5,4,4,544,13,Champions,381.76,4123.01
CUST_02180,301,2,924.3199999999999,Colorado,Consumer,1,1,1,111,3,Lost Customers,462.16,1247.83
CUST_02181,37,8,2019.01,New York,Consumer,4,4,3,443,11,Champions,252.38,2725.66
CUST_02182,56,6,3077.07,California,Consumer,3,3,4,334,10,Loyal Customers,512.84,4154.04
CUST_02183,317,5,707.73,Massachusetts,Consumer,1,2,1,121,4,Hibernating,141.55,955.44
CUST_02184,28,10,1682.8400000000001,Texas,Consumer,4,5,3,453,12,Champions,168.28,2271.83
CUST_02185,42,4,690.53,Georgia,Consumer,4,2,1,421,7,Potential Loyalists,172.63,932.22
CUST_02186,398,4,951.05,Texas,Small Business,1,2,1,121,4,Hibernating,237.76,1283.92
CUST_02187,28,10,2858.3,New York,Corporate,4,5,4,454,13,Champions,285.83,3858.71
CUST_02188,41,9,4716.83,California,Corporate,4,5,5,455,14,Champions,524.09,6367.72
CUST_02189,143,8,2432.79,Illinois,Corporate,2,4,4,244,10,At Risk,304.1,3284.27
CUST_02190,437,2,915.71,Texas,Consumer,1,1,1,111,3,Lost Customers,457.86,1236.21
CUST_02191,81,8,4729.18,New York,Consumer,3,4,5,345,12,Loyal Customers,591.15,6384.39
CUST_02192,17,7,3240.69,Washington,Small Business,5,4,5,545,14,Champions,462.96,4374.93
CUST_02193,13,7,1247.63,Massachusetts,Consumer,5,4,2,542,11,Champions,178.23,1684.3
CUST_02194,148,4,1054.1100000000001,Massachusetts,Consumer,2,2,2,222,6,Customers Needing Attention,263.53,1423.05
CUST_02195,236,3,682.51,California,Consumer,1,1,1,111,3,Lost Customers,227.5,921.39
CUST_02196,20,8,2675.57,Washington,Consumer,5,4,4,544,13,Champions,334.45,3612.02
CUST_02197,165,7,3515.05,Georgia,Consumer,2,4,5,245,11,At Risk,502.15,4745.32
CUST_02198,93,4,1589.42,New York,Corporate,2,2,2,222,6,Customers Needing Attention,397.36,2145.72
CUST_02199,41,3,2305.11,Texas,Consumer,4,1,4,414,9,Potential Loyalists,768.37,3111.9
CUST_02200,136,7,5729.4,Illinois,Consumer,2,4,5,245,11,At Risk,818.49,7734.69
CUST_02201,42,6,1970.3500000000001,Illinois,Small Business,4,3,3,433,10,Loyal Customers,328.39,2659.97
CUST_02202,171,5,2148.7200000000003,California,Consumer,2,2,3,223,7,Customers Needing Attention,429.74,2900.77
CUST_02203,77,8,2874.68,Colorado,Consumer,3,4,4,344,11,Loyal Customers,359.34,3880.82
CUST_02204,22,5,1431.93,North Carolina,Consumer,4,2,2,422,8,Potential Loyalists,286.39,1933.11
CUST_02205,452,6,1656.68,California,Corporate,1,3,3,133,7,Hibernating,276.11,2236.52
CUST_02206,235,5,1242.93,Texas,Small Business,1,2,2,122,5,Hibernating,248.59,1677.96
CUST_02207,33,6,1149.69,California,Consumer,4,3,2,432,9,Loyal Customers,191.62,1552.08
CUST_02208,38,10,3495.2200000000003,Pennsylvania,Corporate,4,5,5,455,14,Champions,349.52,4718.55
CUST_02209,25,5,649.37,Massachusetts,Consumer,4,2,1,421,7,Potential Loyalists,129.87,876.65
CUST_02210,108,5,2923.92,Colorado,Small Business,2,2,4,224,8,Customers Needing Attention,584.78,3947.29
CUST_02211,110,5,1448.27,Illinois,Corporate,2,2,2,222,6,Customers Needing Attention,289.65,1955.16
CUST_02212,177,10,2456.25,Georgia,Corporate,2,5,4,254,11,At Risk,245.62,3315.94
CUST_02213,9,4,1472.47,Texas,Consumer,5,2,2,522,9,Potential Loyalists,368.12,1987.83
CUST_02214,12,3,894.66,Texas,Small Business,5,1,1,511,7,Potential Loyalists,298.22,1207.79
CUST_02215,7,8,3819.1,Texas,Corporate,5,4,5,545,14,Champions,477.39,5155.78
CUST_02216,51,5,3098.69,Illinois,Consumer,3,2,5,325,10,Promising,619.74,4183.23
CUST_02217,10,7,1865.6699999999998,California,Corporate,5,4,3,543,12,Champions,266.52,2518.65
CUST_02218,445,6,2057.65,California,Consumer,1,3,3,133,7,Hibernating,342.94,2777.83
CUST_02219,115,6,1397.24,New York,Corporate,2,3,2,232,7,At Risk,232.87,1886.27
CUST_02220,55,4,882.78,Ohio,Consumer,3,2,1,321,6,Promising,220.7,1191.75
CUST_02221,25,7,1447.8,California,Corporate,4,4,2,442,10,Champions,206.83,1954.53
CUST_02222,703,2,833.36,Texas,Consumer,1,1,1,111,3,Lost Customers,416.68,1125.04
CUST_02223,209,4,3828.73,Texas,Consumer,2,2,5,225,9,Customers Needing Attention,957.18,5168.79
CUST_02224,218,3,863.83,Florida,Consumer,1,1,1,111,3,Lost Customers,287.94,1166.17
CUST_02225,119,4,1875.7399999999998,Florida,Consumer,2,2,3,223,7,Customers Needing Attention,468.93,2532.25
CUST_02226,93,8,1412.06,Massachusetts,Consumer,2,4,2,242,8,At Risk,176.51,1906.28
CUST_02227,341,3,1274.81,Colorado,Consumer,1,1,2,112,4,Lost Customers,424.94,1720.99
CUST_02228,376,3,741.0,Georgia,Consumer,1,1,1,111,3,Lost Customers,247.0,1000.35
CUST_02229,587,4,1097.26,Massachusetts,Consumer,1,2,2,122,5,Hibernating,274.32,1481.3
CUST_02230,29,6,3687.6800000000003,Ohio,Consumer,4,3,5,435,12,Loyal Customers,614.61,4978.37
CUST_02231,52,5,597.74,Florida,Corporate,3,2,1,321,6,Promising,119.55,806.95
CUST_02232,31,6,1590.71,Colorado,Consumer,4,3,2,432,9,Loyal Customers,265.12,2147.46
CUST_02233,172,6,2269.66,Pennsylvania,Small Business,2,3,4,234,9,At Risk,378.28,3064.04
CUST_02234,111,3,1495.1399999999999,Pennsylvania,Corporate,2,1,2,212,5,Customers Needing Attention,498.38,2018.44
CUST_02235,17,7,3098.4900000000002,California,Consumer,5,4,5,545,14,Champions,442.64,4182.96
CUST_02236,171,6,1074.11,Pennsylvania,Consumer,2,3,2,232,7,At Risk,179.02,1450.05
CUST_02237,35,8,3840.6400000000003,Washington,Corporate,4,5,5,455,14,Champions,480.08,5184.86
CUST_02238,113,4,877.0500000000001,California,Consumer,2,2,1,221,5,Customers Needing Attention,219.26,1184.02
CUST_02239,59,4,2919.14,Massachusetts,Consumer,3,2,4,324,9,Promising,729.78,3940.84
CUST_02240,35,5,888.96,Georgia,Consumer,4,2,1,421,7,Potential Loyalists,177.79,1200.1
CUST_02241,94,4,1007.46,Pennsylvania,Corporate,2,2,1,221,5,Customers Needing Attention,251.86,1360.07
CUST_02242,84,10,4970.64,Massachusetts,Consumer,3,5,5,355,13,Loyal Customers,497.06,6710.36
CUST_02243,39,5,1792.06,Pennsylvania,Consumer,4,2,3,423,9,Potential Loyalists,358.41,2419.28
CUST_02244,60,5,1148.43,New York,Small Business,3,2,2,322,7,Promising,229.69,1550.38
CUST_02245,49,8,1367.07,New York,Corporate,3,5,2,352,10,Loyal Customers,170.88,1845.54
CUST_02246,188,4,1810.74,Texas,Consumer,2,2,3,223,7,Customers Needing Attention,452.68,2444.5
CUST_02247,268,5,1316.42,Massachusetts,Consumer,1,2,2,122,5,Hibernating,263.28,1777.17
CUST_02248,78,8,3352.66,North Carolina,Corporate,3,5,5,355,13,Loyal Customers,419.08,4526.09
CUST_02249,368,6,2554.18,Georgia,Consumer,1,3,4,134,8,Hibernating,425.7,3448.14
CUST_02250,91,7,1266.34,Ohio,Consumer,3,4,2,342,9,Loyal Customers,180.91,1709.56
CUST_02251,12,12,5543.92,Florida,Consumer,5,5,5,555,15,Champions,461.99,7484.29
CUST_02252,15,11,4342.24,Washington,Small Business,5,5,5,555,15,Champions,394.75,5862.02
CUST_02253,54,8,2691.1,Massachusetts,Consumer,3,5,4,354,12,Loyal Customers,336.39,3632.98
CUST_02254,225,9,3408.42,Texas,Corporate,1,5,5,155,11,Can't Lose Them,378.71,4601.37
CUST_02255,89,5,1066.52,California,Corporate,3,2,2,322,7,Promising,213.3,1439.8
CUST_02256,65,6,1032.19,Georgia,Consumer,3,3,2,332,8,Loyal Customers,172.03,1393.46
CUST_02257,24,3,794.4100000000001,Texas,Consumer,4,1,1,411,6,Potential Loyalists,264.8,1072.45
CUST_02258,194,6,1307.22,New York,Consumer,2,3,2,232,7,At Risk,217.87,1764.75
CUST_02259,53,5,2542.56,North Carolina,Consumer,3,2,4,324,9,Promising,508.51,3432.46
CUST_02260,11,11,6297.2300000000005,Texas,Consumer,5,5,5,555,15,Champions,572.48,8501.26
CUST_02261,231,6,918.05,Texas,Corporate,1,3,1,131,5,Hibernating,153.01,1239.37
CUST_02262,90,4,3302.96,Colorado,Consumer,3,2,5,325,10,Promising,825.74,4459.0
CUST_02263,59,6,2257.46,Texas,Corporate,3,3,4,334,10,Loyal Customers,376.24,3047.57
CUST_02264,269,4,775.98,Massachusetts,Consumer,1,2,1,121,4,Hibernating,194.0,1047.57
CUST_02265,69,6,2745.52,Illinois,Consumer,3,3,4,334,10,Loyal Customers,457.59,3706.45
CUST_02266,153,6,2138.02,Pennsylvania,Consumer,2,3,3,233,8,At Risk,356.34,2886.33
CUST_02267,710,5,1862.13,California,Consumer,1,2,3,123,6,Hibernating,372.43,2513.88
CUST_02268,133,5,1207.31,California,Corporate,2,2,2,222,6,Customers Needing Attention,241.46,1629.87
CUST_02269,6,9,2294.75,California,Consumer,5,5,4,554,14,Champions,254.97,3097.91
CUST_02270,102,6,1897.8200000000002,Florida,Consumer,2,3,3,233,8,At Risk,316.3,2562.06
CUST_02271,484,2,132.82999999999998,Georgia,Consumer,1,1,1,111,3,Lost Customers,66.41,179.32
CUST_02272,22,7,1261.49,Illinois,Consumer,4,4,2,442,10,Champions,180.21,1703.01
CUST_02273,2,8,2500.84,Massachusetts,Consumer,5,5,4,554,14,Champions,312.6,3376.13
CUST_02274,22,3,379.76,Illinois,Consumer,4,1,1,411,6,Potential Loyalists,126.59,512.68
CUST_02275,280,6,1745.3400000000001,Massachusetts,Small Business,1,3,3,133,7,Hibernating,290.89,2356.21
CUST_02276,3,8,3869.0,New York,Consumer,5,5,5,555,15,Champions,483.62,5223.15
CUST_02277,229,3,779.7,Washington,Corporate,1,1,1,111,3,Lost Customers,259.9,1052.6
CUST_02278,4,8,4559.6,North Carolina,Consumer,5,5,5,555,15,Champions,569.95,6155.46
CUST_02279,397,5,1353.06,Illinois,Consumer,1,2,2,122,5,Hibernating,270.61,1826.63
CUST_02280,347,4,1537.82,Illinois,Consumer,1,2,2,122,5,Hibernating,384.46,2076.06
CUST_02281,13,3,351.69,Pennsylvania,Consumer,5,1,1,511,7,Potential Loyalists,117.23,474.78
CUST_02282,5,4,3031.7400000000002,Washington,Consumer,5,2,4,524,11,Potential Loyalists,757.94,4092.85
CUST_02283,106,8,1750.77,Massachusetts,Consumer,2,5,3,253,10,At Risk,218.85,2363.54
CUST_02284,53,5,1376.76,New York,Consumer,3,2,2,322,7,Promising,275.35,1858.63
CUST_02285,56,7,1772.5100000000002,California,Consumer,3,4,3,343,10,Loyal Customers,253.22,2392.89
CUST_02286,163,6,1684.58,Florida,Consumer,2,3,3,233,8,At Risk,280.76,2274.18
CUST_02287,11,9,3243.2599999999998,Texas,Small Business,5,5,5,555,15,Champions,360.36,4378.4
CUST_02288,34,6,4043.03,Ohio,Consumer,4,3,5,435,12,Loyal Customers,673.84,5458.09
CUST_02289,24,7,2995.7999999999997,Texas,Consumer,4,4,4,444,12,Champions,427.97,4044.33
CUST_02290,142,8,2582.82,Georgia,Consumer,2,5,4,254,11,At Risk,322.85,3486.81
CUST_02291,69,5,1979.09,Massachusetts,Consumer,3,2,3,323,8,Promising,395.82,2671.77
CUST_02292,116,4,1610.04,Pennsylvania,Consumer,2,2,2,222,6,Customers Needing Attention,402.51,2173.55
CUST_02293,12,7,1356.42,Ohio,Consumer,5,4,2,542,11,Champions,193.77,1831.17
CUST_02294,273,7,2729.8199999999997,Illinois,Consumer,1,4,4,144,9,Can't Lose Them,389.97,3685.26
CUST_02295,74,2,305.34999999999997,California,Consumer,3,1,1,311,5,Promising,152.67,412.22
CUST_02296,16,8,3208.35,Massachusetts,Consumer,5,5,5,555,15,Champions,401.04,4331.27
CUST_02297,16,8,1596.45,Texas,Consumer,5,5,2,552,12,Champions,199.56,2155.21
CUST_02298,65,3,946.36,Florida,Consumer,3,1,1,311,5,Promising,315.45,1277.59
CUST_02299,65,4,690.13,Illinois,Consumer,3,2,1,321,6,Promising,172.53,931.68
CUST_02300,165,5,1126.03,Washington,Consumer,2,2,2,222,6,Customers Needing Attention,225.21,1520.14
CUST_02301,69,5,1736.3000000000002,California,Corporate,3,2,3,323,8,Promising,347.26,2344.01
CUST_02302,6,4,881.63,Ohio,Consumer,5,2,1,521,8,Potential Loyalists,220.41,1190.2
CUST_02303,115,6,1723.36,Illinois,Consumer,2,3,3,233,8,At Risk,287.23,2326.54
CUST_02304,24,9,4660.5,Texas,Consumer,4,5,5,455,14,Champions,517.83,6291.68
CUST_02305,178,3,1926.3999999999999,Ohio,Small Business,2,1,3,213,6,Customers Needing Attention,642.13,2600.64
CUST_02306,12,8,2599.14,Florida,Consumer,5,5,4,554,14,Champions,324.89,3508.84
CUST_02307,337,4,236.65,New York,Consumer,1,2,1,121,4,Hibernating,59.16,319.48
CUST_02308,147,5,2334.6,California,Consumer,2,2,4,224,8,Customers Needing Attention,466.92,3151.71
CUST_02309,3,8,3550.48,North Carolina,Consumer,5,5,5,555,15,Champions,443.81,4793.15
CUST_02310,18,7,3097.53,Pennsylvania,Consumer,5,4,5,545,14,Champions,442.5,4181.67
CUST_02311,46,9,2211.02,Florida,Consumer,3,5,3,353,11,Loyal Customers,245.67,2984.88
CUST_02312,18,8,3373.92,Illinois,Corporate,5,5,5,555,15,Champions,421.74,4554.79
CUST_02313,3,8,1719.9299999999998,California,Consumer,5,5,3,553,13,Champions,214.99,2321.91
CUST_02314,8,4,602.93,Florida,Corporate,5,2,1,521,8,Potential Loyalists,150.73,813.96
CUST_02315,373,2,603.62,Ohio,Small Business,1,1,1,111,3,Lost Customers,301.81,814.89
CUST_02316,25,10,2358.2,Pennsylvania,Consumer,4,5,4,454,13,Champions,235.82,3183.57
CUST_02317,262,2,464.17,California,Consumer,1,1,1,111,3,Lost Customers,232.08,626.63
CUST_02318,377,4,412.61,Texas,Consumer,1,2,1,121,4,Hibernating,103.15,557.02
CUST_02319,12,7,2082.99,New York,Consumer,5,4,3,543,12,Champions,297.57,2812.04
CUST_02320,21,11,3410.91,California,Consumer,4,5,5,455,14,Champions,310.08,4604.73
CUST_02321,61,5,869.13,Texas,Small Business,3,2,1,321,6,Promising,173.83,1173.33
CUST_02322,136,4,1697.75,Pennsylvania,Corporate,2,2,3,223,7,Customers Needing Attention,424.44,2291.96
CUST_02323,6,6,1641.78,Texas,Consumer,5,3,3,533,11,Loyal Customers,273.63,2216.4
CUST_02324,217,6,2665.8,New York,Consumer,1,3,4,134,8,Hibernating,444.3,3598.83
CUST_02325,1,8,2828.58,Georgia,Corporate,5,5,4,554,14,Champions,353.57,3818.58
CUST_02326,37,7,2390.71,New York,Small Business,4,4,4,444,12,Champions,341.53,3227.46
CUST_02327,48,7,1562.72,California,Corporate,3,4,2,342,9,Loyal Customers,223.25,2109.67
CUST_02328,29,5,997.48,Georgia,Consumer,4,2,1,421,7,Potential Loyalists,199.5,1346.6
CUST_02329,45,7,2517.37,California,Consumer,3,4,4,344,11,Loyal Customers,359.62,3398.45
CUST_02330,153,2,638.17,Pennsylvania,Consumer,2,1,1,211,4,Customers Needing Attention,319.08,861.53
CUST_02331,17,7,2355.49,Massachusetts,Consumer,5,4,4,544,13,Champions,336.5,3179.91
CUST_02332,17,5,2728.29,Massachusetts,Consumer,5,2,4,524,11,Potential Loyalists,545.66,3683.19
CUST_02333,17,9,4178.78,California,Consumer,5,5,5,555,15,Champions,464.31,5641.35
CUST_02334,83,2,905.86,New York,Consumer,3,1,1,311,5,Promising,452.93,1222.91
CUST_02335,13,10,4950.31,California,Consumer,5,5,5,555,15,Champions,495.03,6682.92
CUST_02336,200,4,789.6,Pennsylvania,Consumer,2,2,1,221,5,Customers Needing Attention,197.4,1065.96
CUST_02337,7,6,1398.17,Texas,Consumer,5,3,2,532,10,Loyal Customers,233.03,1887.53
CUST_02338,406,7,1433.33,Florida,Consumer,1,4,2,142,7,Can't Lose Them,204.76,1935.0
CUST_02339,9,11,3563.73,Illinois,Consumer,5,5,5,555,15,Champions,323.98,4811.04
CUST_02340,53,6,2844.15,Massachusetts,Consumer,3,3,4,334,10,Loyal Customers,474.02,3839.6
CUST_02341,38,7,1611.45,Ohio,Corporate,4,4,2,442,10,Champions,230.21,2175.46
CUST_02342,83,9,3104.04,California,Consumer,3,5,5,355,13,Loyal Customers,344.89,4190.45
CUST_02343,24,4,1058.71,New York,Consumer,4,2,2,422,8,Potential Loyalists,264.68,1429.26
CUST_02345,36,5,2376.02,Illinois,Small Business,4,2,4,424,10,Potential Loyalists,475.2,3207.63
CUST_02346,12,7,1866.39,Texas,Consumer,5,4,3,543,12,Champions,266.63,2519.63
CUST_02347,153,9,3269.89,Ohio,Consumer,2,5,5,255,12,At Risk,363.32,4414.35
CUST_02348,7,3,1579.5900000000001,New York,Consumer,5,1,2,512,8,Potential Loyalists,526.53,2132.45
CUST_02349,2,7,2587.65,Ohio,Consumer,5,4,4,544,13,Champions,369.66,3493.33
CUST_02350,162,6,3427.88,Texas,Consumer,2,3,5,235,10,At Risk,571.31,4627.64
CUST_02351,10,6,1897.74,Florida,Consumer,5,3,3,533,11,Loyal Customers,316.29,2561.95
CUST_02352,18,8,1774.6599999999999,New York,Small Business,5,5,3,553,13,Champions,221.83,2395.79
CUST_02353,18,9,1855.51,North Carolina,Consumer,5,5,3,553,13,Champions,206.17,2504.94
CUST_02354,108,5,1033.8,North Carolina,Corporate,2,2,2,222,6,Customers Needing Attention,206.76,1395.63
CUST_02355,437,3,960.5500000000001,Texas,Corporate,1,1,1,111,3,Lost Customers,320.18,1296.74
CUST_02356,58,4,2556.54,Florida,Consumer,3,2,4,324,9,Promising,639.14,3451.33
CUST_02357,48,8,2925.2000000000003,Ohio,Small Business,3,5,4,354,12,Loyal Customers,365.65,3949.02
CUST_02358,1,9,2830.9500000000003,Florida,Consumer,5,5,4,554,14,Champions,314.55,3821.78
CUST_02359,80,6,2125.88,California,Consumer,3,3,3,333,9,Loyal Customers,354.31,2869.94
CUST_02360,206,3,2171.09,Massachusetts,Consumer,2,1,3,213,6,Customers Needing Attention,723.7,2930.97
CUST_02361,376,6,1091.47,Colorado,Consumer,1,3,2,132,6,Hibernating,181.91,1473.48
CUST_02362,232,4,879.37,New York,Consumer,1,2,1,121,4,Hibernating,219.84,1187.15
CUST_02363,16,4,1472.37,Florida,Consumer,5,2,2,522,9,Potential Loyalists,368.09,1987.7
CUST_02364,32,9,4550.389999999999,North Carolina,Consumer,4,5,5,455,14,Champions,505.6,6143.03
CUST_02365,18,7,2248.42,New York,Consumer,5,4,4,544,13,Champions,321.2,3035.37
CUST_02366,11,6,2248.57,California,Consumer,5,3,4,534,12,Loyal Customers,374.76,3035.57
CUST_02367,389,2,764.25,Florida,Consumer,1,1,1,111,3,Lost Customers,382.12,1031.74
CUST_02368,130,7,2517.7200000000003,Ohio,Consumer,2,4,4,244,10,At Risk,359.67,3398.92
CUST_02369,356,5,2086.15,California,Consumer,1,2,3,123,6,Hibernating,417.23,2816.3
CUST_02370,26,5,2071.21,New York,Corporate,4,2,3,423,9,Potential Loyalists,414.24,2796.13
CUST_02371,33,6,896.23,New York,Consumer,4,3,1,431,8,Loyal Customers,149.37,1209.91
CUST_02372,201,5,2064.18,New York,Corporate,2,2,3,223,7,Customers Needing Attention,412.84,2786.64
CUST_02373,3,10,1513.74,Florida,Consumer,5,5,2,552,12,Champions,151.37,2043.55
CUST_02374,5,5,1545.37,North Carolina,Consumer,5,2,2,522,9,Potential Loyalists,309.07,2086.25
CUST_02375,310,3,344.28999999999996,Ohio,Consumer,1,1,1,111,3,Lost Customers,114.76,464.79
CUST_02376,116,5,1661.31,California,Consumer,2,2,3,223,7,Customers Needing Attention,332.26,2242.77
CUST_02377,27,7,3858.37,Texas,Consumer,4,4,5,445,13,Champions,551.2,5208.8
CUST_02378,252,7,2360.32,Massachusetts,Corporate,1,4,4,144,9,Can't Lose Them,337.19,3186.43
CUST_02379,38,13,3293.17,Florida,Consumer,4,5,5,455,14,Champions,253.32,4445.78
CUST_02380,3,7,2739.2200000000003,New York,Corporate,5,4,4,544,13,Champions,391.32,3697.95
CUST_02381,281,2,928.66,Florida,Corporate,1,1,1,111,3,Lost Customers,464.33,1253.69
CUST_02382,20,8,1135.89,Georgia,Corporate,5,5,2,552,12,Champions,141.99,1533.45
CUST_02383,90,6,1822.8,Colorado,Small Business,3,3,3,333,9,Loyal Customers,303.8,2460.78
CUST_02384,51,1,388.71000000000004,Florida,Consumer,3,1,1,311,5,Promising,388.71,524.76
CUST_02385,15,6,2785.6,Texas,Consumer,5,3,4,534,12,Loyal Customers,464.27,3760.56
CUST_02386,49,6,2120.7799999999997,Georgia,Consumer,3,3,3,333,9,Loyal Customers,353.46,2863.05
CUST_02387,8,9,3206.35,California,Consumer,5,5,5,555,15,Champions,356.26,4328.57
CUST_02388,28,7,2812.16,California,Consumer,4,4,4,444,12,Champions,401.74,3796.42
CUST_02389,252,3,2229.94,Pennsylvania,Corporate,1,1,4,114,6,Lost Customers,743.31,3010.42
CUST_02390,165,9,3933.3,New York,Consumer,2,5,5,255,12,At Risk,437.03,5309.96
CUST_02391,44,5,1810.13,Ohio,Consumer,4,2,3,423,9,Potential Loyalists,362.03,2443.68
CUST_02392,249,4,2115.87,California,Consumer,1,2,3,123,6,Hibernating,528.97,2856.42
CUST_02393,197,3,357.79999999999995,Georgia,Consumer,2,1,1,211,4,Customers Needing Attention,119.27,483.03
CUST_02394,26,8,4887.58,Texas,Consumer,4,5,5,455,14,Champions,610.95,6598.23
CUST_02395,474,4,621.15,California,Corporate,1,2,1,121,4,Hibernating,155.29,838.55
CUST_02396,34,4,665.6,North Carolina,Consumer,4,2,1,421,7,Potential Loyalists,166.4,898.56
CUST_02397,38,8,2393.2,Washington,Consumer,4,5,4,454,13,Champions,299.15,3230.82
CUST_02398,253,3,971.8000000000001,California,Consumer,1,1,1,111,3,Lost Customers,323.93,1311.93
CUST_02399,75,6,4336.22,Texas,Consumer,3,3,5,335,11,Loyal Customers,722.7,5853.9
CUST_02400,17,3,2576.69,Texas,Consumer,5,1,4,514,10,Potential Loyalists,858.9,3478.53
CUST_02401,56,6,1517.48,Florida,Consumer,3,3,2,332,8,Loyal Customers,252.91,2048.6
CUST_02402,49,3,838.8499999999999,Texas,Consumer,3,1,1,311,5,Promising,279.62,1132.45
CUST_02403,3,10,3009.65,Texas,Consumer,5,5,4,554,14,Champions,300.97,4063.03
CUST_02404,43,9,3010.35,Colorado,Consumer,4,5,4,454,13,Champions,334.48,4063.97
CUST_02405,613,3,421.25,Washington,Consumer,1,1,1,111,3,Lost Customers,140.42,568.69
CUST_02406,35,7,2436.76,Illinois,Consumer,4,4,4,444,12,Champions,348.11,3289.63
CUST_02407,17,8,3692.01,California,Consumer,5,5,5,555,15,Champions,461.5,4984.21
CUST_02408,2,2,1252.12,Washington,Consumer,5,1,2,512,8,Potential Loyalists,626.06,1690.36
CUST_02409,34,7,2432.96,Pennsylvania,Small Business,4,4,4,444,12,Champions,347.57,3284.5
CUST_02410,21,3,1800.26,North Carolina,Consumer,4,1,3,413,8,Potential Loyalists,600.09,2430.35
CUST_02411,28,6,3168.7000000000003,Pennsylvania,Consumer,4,3,5,435,12,Loyal Customers,528.12,4277.75
CUST_02412,7,6,1321.74,Texas,Consumer,5,3,2,532,10,Loyal Customers,220.29,1784.35
CUST_02413,186,6,2183.7,Florida,Consumer,2,3,3,233,8,At Risk,363.95,2948.0
CUST_02414,52,4,1775.58,Ohio,Consumer,3,2,3,323,8,Promising,443.9,2397.03
CUST_02415,211,8,3465.9,Colorado,Consumer,2,5,5,255,12,At Risk,433.24,4678.96
CUST_02416,8,8,3314.18,Georgia,Small Business,5,5,5,555,15,Champions,414.27,4474.14
CUST_02417,17,9,4081.67,New York,Consumer,5,5,5,555,15,Champions,453.52,5510.25
CUST_02418,22,10,4634.25,New York,Consumer,4,5,5,455,14,Champions,463.42,6256.24
CUST_02419,27,5,2715.9,California,Consumer,4,2,4,424,10,Potential Loyalists,543.18,3666.46
CUST_02420,62,6,4041.47,Florida,Consumer,3,3,5,335,11,Loyal Customers,673.58,5455.98
CUST_02421,156,10,3944.97,Ohio,Consumer,2,5,5,255,12,At Risk,394.5,5325.71
CUST_02422,158,4,1427.86,Massachusetts,Consumer,2,2,2,222,6,Customers Needing Attention,356.96,1927.61
CUST_02423,13,6,2838.87,New York,Corporate,5,3,4,534,12,Loyal Customers,473.14,3832.47
CUST_02424,36,7,2026.66,New York,Consumer,4,4,3,443,11,Champions,289.52,2735.99
CUST_02425,1,7,2744.69,Texas,Consumer,5,4,4,544,13,Champions,392.1,3705.33
CUST_02426,58,10,1753.08,California,Small Business,3,5,3,353,11,Loyal Customers,175.31,2366.66
CUST_02427,3,8,3822.99,Florida,Consumer,5,5,5,555,15,Champions,477.87,5161.04
CUST_02428,65,8,1054.93,Texas,Small Business,3,5,2,352,10,Loyal Customers,131.87,1424.16
CUST_02429,354,3,274.32,Texas,Consumer,1,1,1,111,3,Lost Customers,91.44,370.33
CUST_02430,72,5,1210.4,Florida,Corporate,3,2,2,322,7,Promising,242.08,1634.04
CUST_02431,5,8,1519.5,Texas,Consumer,5,5,2,552,12,Champions,189.94,2051.33
CUST_02432,227,9,2373.13,Texas,Corporate,1,5,4,154,10,Can't Lose Them,263.68,3203.73
CUST_02433,34,5,2149.12,Texas,Small Business,4,2,3,423,9,Potential Loyalists,429.82,2901.31
CUST_02434,350,6,2185.98,California,Consumer,1,3,3,133,7,Hibernating,364.33,2951.07
CUST_02435,39,8,2323.2,Georgia,Small Business,4,5,4,454,13,Champions,290.4,3136.32
CUST_02436,299,6,2090.0,California,Consumer,1,3,3,133,7,Hibernating,348.33,2821.5
CUST_02437,47,3,1760.61,North Carolina,Consumer,3,1,3,313,7,Promising,586.87,2376.82
CUST_02438,36,5,1619.8200000000002,Illinois,Consumer,4,2,3,423,9,Potential Loyalists,323.96,2186.76
CUST_02439,35,3,656.45,North Carolina,Consumer,4,1,1,411,6,Potential Loyalists,218.82,886.21
CUST_02440,95,8,1473.98,New York,Consumer,2,5,2,252,9,At Risk,184.25,1989.87
CUST_02441,47,5,2056.75,Washington,Consumer,3,2,3,323,8,Promising,411.35,2776.61
CUST_02442,50,7,2383.35,Illinois,Consumer,3,4,4,344,11,Loyal Customers,340.48,3217.52
CUST_02443,6,7,2611.38,California,Corporate,5,4,4,544,13,Champions,373.05,3525.36
CUST_02444,110,3,872.3399999999999,Florida,Corporate,2,1,1,211,4,Customers Needing Attention,290.78,1177.66
CUST_02445,266,4,2091.1499999999996,New York,Consumer,1,2,3,123,6,Hibernating,522.79,2823.05
CUST_02446,19,8,2047.19,Pennsylvania,Consumer,5,5,3,553,13,Champions,255.9,2763.71
CUST_02447,101,7,1826.76,New York,Consumer,2,4,3,243,9,At Risk,260.97,2466.13
CUST_02448,24,9,2734.79,New York,Consumer,4,5,4,454,13,Champions,303.87,3691.97
CUST_02449,185,4,729.3,North Carolina,Consumer,2,2,1,221,5,Customers Needing Attention,182.32,984.56
CUST_02450,13,8,1166.24,Florida,Consumer,5,5,2,552,12,Champions,145.78,1574.42
CUST_02451,61,4,754.84,California,Consumer,3,2,1,321,6,Promising,188.71,1019.03
CUST_02452,21,4,2438.0299999999997,New York,Small Business,4,2,4,424,10,Potential Loyalists,609.51,3291.34
CUST_02453,72,7,2040.93,Texas,Consumer,3,4,3,343,10,Loyal Customers,291.56,2755.26
CUST_02454,37,4,1925.81,California,Consumer,4,2,3,423,9,Potential Loyalists,481.45,2599.84
CUST_02455,7,9,2857.5099999999998,Florida,Consumer,5,5,4,554,14,Champions,317.5,3857.64
CUST_02456,30,13,4743.88,New York,Consumer,4,5,5,455,14,Champions,364.91,6404.24
CUST_02457,32,12,3368.73,Georgia,Consumer,4,5,5,455,14,Champions,280.73,4547.79
CUST_02458,7,12,4667.39,Washington,Consumer,5,5,5,555,15,Champions,388.95,6300.98
CUST_02459,342,4,694.69,Georgia,Consumer,1,2,1,121,4,Hibernating,173.67,937.83
CUST_02460,33,7,3260.56,North Carolina,Consumer,4,4,5,445,13,Champions,465.79,4401.76
CUST_02461,30,6,1576.79,Florida,Small Business,4,3,2,432,9,Loyal Customers,262.8,2128.67
CUST_02462,139,5,1653.24,California,Corporate,2,2,3,223,7,Customers Needing Attention,330.65,2231.87
CUST_02463,17,8,3450.12,Massachusetts,Consumer,5,5,5,555,15,Champions,431.26,4657.66
CUST_02464,1,10,4688.25,California,Consumer,5,5,5,555,15,Champions,468.82,6329.14
CUST_02465,19,5,740.46,Massachusetts,Consumer,5,2,1,521,8,Potential Loyalists,148.09,999.62
CUST_02466,16,7,2266.23,Florida,Consumer,5,4,4,544,13,Champions,323.75,3059.41
CUST_02467,27,9,1868.72,Texas,Consumer,4,5,3,453,12,Champions,207.64,2522.77
CUST_02468,24,11,5530.78,California,Consumer,4,5,5,455,14,Champions,502.8,7466.55
CUST_02469,56,6,1748.58,North Carolina,Consumer,3,3,3,333,9,Loyal Customers,291.43,2360.58
CUST_02470,197,7,1794.84,Florida,Consumer,2,4,3,243,9,At Risk,256.41,2423.03
CUST_02471,86,7,3731.39,New York,Consumer,3,4,5,345,12,Loyal Customers,533.06,5037.38
CUST_02472,396,3,1326.2,Ohio,Small Business,1,1,2,112,4,Lost Customers,442.07,1790.37
CUST_02473,43,7,2188.5,New York,Small Business,4,4,3,443,11,Champions,312.64,2954.48
CUST_02474,39,3,1289.2400000000002,California,Corporate,4,1,2,412,7,Potential Loyalists,429.75,1740.47
CUST_02475,124,5,2068.96,Ohio,Consumer,2,2,3,223,7,Customers Needing Attention,413.79,2793.1
CUST_02476,14,8,2152.51,Washington,Corporate,5,5,3,553,13,Champions,269.06,2905.89
CUST_02477,70,12,3741.1099999999997,Florida,Consumer,3,5,5,355,13,Loyal Customers,311.76,5050.5
CUST_02478,43,7,1690.39,Florida,Corporate,4,4,3,443,11,Champions,241.48,2282.03
CUST_02479,42,6,1977.5900000000001,Washington,Consumer,4,3,3,433,10,Loyal Customers,329.6,2669.75
CUST_02480,197,5,1876.3,Florida,Corporate,2,2,3,223,7,Customers Needing Attention,375.26,2533.0
CUST_02481,339,4,1348.46,New York,Consumer,1,2,2,122,5,Hibernating,337.12,1820.42
CUST_02482,352,5,1005.9200000000001,Ohio,Corporate,1,2,1,121,4,Hibernating,201.18,1357.99
CUST_02483,31,9,2186.95,Illinois,Small Business,4,5,3,453,12,Champions,242.99,2952.38
CUST_02484,2,7,3126.74,Massachusetts,Consumer,5,4,5,545,14,Champions,446.68,4221.1
CUST_02485,54,7,2234.4900000000002,Georgia,Consumer,3,4,4,344,11,Loyal Customers,319.21,3016.56
CUST_02486,128,7,1830.93,California,Small Business,2,4,3,243,9,At Risk,261.56,2471.76
CUST_02487,106,4,1499.48,Texas,Consumer,2,2,2,222,6,Customers Needing Attention,374.87,2024.3
CUST_02488,31,9,1461.03,Pennsylvania,Corporate,4,5,2,452,11,Champions,162.34,1972.39
CUST_02489,31,7,3553.1600000000003,Florida,Consumer,4,4,5,445,13,Champions,507.59,4796.77
CUST_02490,127,5,1125.86,Texas,Consumer,2,2,2,222,6,Customers Needing Attention,225.17,1519.91
CUST_02491,198,5,1595.7500000000002,Georgia,Consumer,2,2,2,222,6,Customers Needing Attention,319.15,2154.26
CUST_02492,2,6,2522.13,New York,Consumer,5,3,4,534,12,Loyal Customers,420.36,3404.88
CUST_02493,41,5,905.4,New York,Corporate,4,2,1,421,7,Potential Loyalists,181.08,1222.29
CUST_02494,47,9,4485.21,New York,Consumer,3,5,5,355,13,Loyal Customers,498.36,6055.03
CUST_02495,271,4,1070.9,Texas,Consumer,1,2,2,122,5,Hibernating,267.73,1445.72
CUST_02496,148,3,1242.03,California,Consumer,2,1,2,212,5,Customers Needing Attention,414.01,1676.74
CUST_02497,270,6,1757.68,Illinois,Consumer,1,3,3,133,7,Hibernating,292.95,2372.87
CUST_02498,2,9,3028.06,New York,Corporate,5,5,4,554,14,Champions,336.45,4087.88
CUST_02499,109,4,1064.09,Texas,Small Business,2,2,2,222,6,Customers Needing Attention,266.02,1436.52
CUST_02500,19,1,145.55,New York,Consumer,5,1,1,511,7,Potential Loyalists,145.55,196.49
CUST_02501,186,9,2323.9900000000002,Florida,Corporate,2,5,4,254,11,At Risk,258.22,3137.39
CUST_02502,46,5,1205.9,California,Corporate,3,2,2,322,7,Promising,241.18,1627.96
CUST_02503,49,3,873.9,Florida,Consumer,3,1,1,311,5,Promising,291.3,1179.77
CUST_02504,5,10,4309.26,New York,Small Business,5,5,5,555,15,Champions,430.93,5817.5
CUST_02505,67,5,1916.15,Texas,Consumer,3,2,3,323,8,Promising,383.23,2586.8
CUST_02506,4,5,2529.54,Washington,Consumer,5,2,4,524,11,Potential Loyalists,505.91,3414.88
CUST_02507,82,4,1813.09,Massachusetts,Corporate,3,2,3,323,8,Promising,453.27,2447.67
CUST_02508,199,6,2717.91,Texas,Consumer,2,3,4,234,9,At Risk,452.98,3669.18
CUST_02509,31,4,684.46,Florida,Corporate,4,2,1,421,7,Potential Loyalists,171.12,924.02
CUST_02510,6,5,602.03,Illinois,Corporate,5,2,1,521,8,Potential Loyalists,120.41,812.74
CUST_02511,172,5,1078.73,California,Consumer,2,2,2,222,6,Customers Needing Attention,215.75,1456.29
CUST_02512,25,3,913.58,Georgia,Corporate,4,1,1,411,6,Potential Loyalists,304.53,1233.33
CUST_02513,145,7,4445.89,Texas,Consumer,2,4,5,245,11,At Risk,635.13,6001.95
CUST_02514,102,3,840.87,Florida,Consumer,2,1,1,211,4,Customers Needing Attention,280.29,1135.17
CUST_02515,341,2,171.12,New York,Consumer,1,1,1,111,3,Lost Customers,85.56,231.01
CUST_02516,17,6,2439.45,Florida,Small Business,5,3,4,534,12,Loyal Customers,406.58,3293.26
CUST_02517,4,8,2447.74,New York,Consumer,5,5,4,554,14,Champions,305.97,3304.45
CUST_02518,328,6,1666.1399999999999,New York,Consumer,1,3,3,133,7,Hibernating,277.69,2249.29
CUST_02519,73,9,3110.21,California,Consumer,3,5,5,355,13,Loyal Customers,345.58,4198.78
CUST_02520,108,7,2824.52,Florida,Corporate,2,4,4,244,10,At Risk,403.5,3813.1
CUST_02521,33,6,2383.51,New York,Consumer,4,3,4,434,11,Loyal Customers,397.25,3217.74
CUST_02522,588,3,1442.67,Illinois,Consumer,1,1,2,112,4,Lost Customers,480.89,1947.6
CUST_02523,65,14,3679.67,Georgia,Consumer,3,5,5,355,13,Loyal Customers,262.83,4967.55
CUST_02524,146,3,870.29,Texas,Consumer,2,1,1,211,4,Customers Needing Attention,290.1,1174.89
CUST_02525,35,7,3610.0899999999997,Pennsylvania,Corporate,4,4,5,445,13,Champions,515.73,4873.62
CUST_02526,51,5,1316.13,Ohio,Consumer,3,2,2,322,7,Promising,263.23,1776.78
CUST_02527,290,6,1040.8899999999999,California,Consumer,1,3,2,132,6,Hibernating,173.48,1405.2
CUST_02528,3,6,2683.75,Texas,Small Business,5,3,4,534,12,Loyal Customers,447.29,3623.06
CUST_02529,22,8,2881.68,Washington,Consumer,4,5,4,454,13,Champions,360.21,3890.27
CUST_02530,402,4,1323.17,Washington,Small Business,1,2,2,122,5,Hibernating,330.79,1786.28
CUST_02531,398,6,877.25,New York,Consumer,1,3,1,131,5,Hibernating,146.21,1184.29
CUST_02532,316,3,338.34000000000003,New York,Corporate,1,1,1,111,3,Lost Customers,112.78,456.76
CUST_02533,186,4,2014.16,Ohio,Consumer,2,2,3,223,7,Customers Needing Attention,503.54,2719.12
CUST_02534,206,4,2308.04,Texas,Consumer,2,2,4,224,8,Customers Needing Attention,577.01,3115.85
CUST_02535,41,8,2346.09,New York,Corporate,4,5,4,454,13,Champions,293.26,3167.22
CUST_02536,5,4,2637.04,Washington,Corporate,5,2,4,524,11,Potential Loyalists,659.26,3560.0
CUST_02537,10,6,4903.049999999999,California,Corporate,5,3,5,535,13,Loyal Customers,817.17,6619.12
CUST_02538,88,4,968.21,California,Consumer,3,2,1,321,6,Promising,242.05,1307.08
CUST_02539,396,7,1421.82,California,Corporate,1,4,2,142,7,Can't Lose Them,203.12,1919.46
CUST_02540,98,8,2150.09,Georgia,Corporate,2,5,3,253,10,At Risk,268.76,2902.62
CUST_02541,41,4,1163.1399999999999,New York,Consumer,4,2,2,422,8,Potential Loyalists,290.78,1570.24
CUST_02542,31,5,1626.6,Georgia,Corporate,4,2,3,423,9,Potential Loyalists,325.32,2195.91
CUST_02543,114,2,197.05,Florida,Corporate,2,1,1,211,4,Customers Needing Attention,98.52,266.02
CUST_02544,36,7,1296.5,California,Consumer,4,4,2,442,10,Champions,185.21,1750.28
CUST_02545,151,1,46.02,Texas,Consumer,2,1,1,211,4,Customers Needing Attention,46.02,62.13
CUST_02546,190,5,1178.69,Colorado,Consumer,2,2,2,222,6,Customers Needing Attention,235.74,1591.23
CUST_02547,10,7,2206.43,North Carolina,Consumer,5,4,3,543,12,Champions,315.2,2978.68
CUST_02548,91,5,1339.77,Texas,Consumer,3,2,2,322,7,Promising,267.95,1808.69
CUST_02549,138,2,103.25,Massachusetts,Consumer,2,1,1,211,4,Customers Needing Attention,51.62,139.39
CUST_02550,164,6,1469.48,California,Consumer,2,3,2,232,7,At Risk,244.91,1983.8
CUST_02551,43,6,6040.52,Ohio,Consumer,4,3,5,435,12,Loyal Customers,1006.75,8154.7
CUST_02552,120,6,1608.67,Pennsylvania,Consumer,2,3,2,232,7,At Risk,268.11,2171.7
CUST_02553,62,9,3512.98,Texas,Corporate,3,5,5,355,13,Loyal Customers,390.33,4742.52
CUST_02554,149,11,4421.17,Texas,Small Business,2,5,5,255,12,At Risk,401.92,5968.58
CUST_02555,354,3,1980.49,California,Consumer,1,1,3,113,5,Lost Customers,660.16,2673.66
CUST_02556,175,6,1571.61,California,Small Business,2,3,2,232,7,At Risk,261.94,2121.67
CUST_02557,238,3,320.39,Ohio,Consumer,1,1,1,111,3,Lost Customers,106.8,432.53
CUST_02558,7,8,2123.96,California,Consumer,5,5,3,553,13,Champions,265.5,2867.35
CUST_02559,43,2,206.1,Texas,Consumer,4,1,1,411,6,Potential Loyalists,103.05,278.24
CUST_02560,49,9,1623.41,Florida,Consumer,3,5,3,353,11,Loyal Customers,180.38,2191.6
CUST_02561,6,6,1659.23,California,Corporate,5,3,3,533,11,Loyal Customers,276.54,2239.96
CUST_02562,37,7,2207.06,California,Corporate,4,4,3,443,11,Champions,315.29,2979.53
CUST_02563,59,3,911.62,California,Consumer,3,1,1,311,5,Promising,303.87,1230.69
CUST_02564,502,4,1233.3700000000001,North Carolina,Consumer,1,2,2,122,5,Hibernating,308.34,1665.05
CUST_02565,17,8,4329.71,Washington,Consumer,5,5,5,555,15,Champions,541.21,5845.11
CUST_02566,552,3,1491.49,Georgia,Consumer,1,1,2,112,4,Lost Customers,497.16,2013.51
CUST_02567,40,6,2204.53,New York,Consumer,4,3,3,433,10,Loyal Customers,367.42,2976.12
CUST_02568,283,4,1821.63,Pennsylvania,Consumer,1,2,3,123,6,Hibernating,455.41,2459.2
CUST_02569,248,7,2755.83,Texas,Corporate,1,4,4,144,9,Can't Lose Them,393.69,3720.37
CUST_02570,25,6,2512.43,California,Small Business,4,3,4,434,11,Loyal Customers,418.74,3391.78
CUST_02571,74,10,2691.94,Texas,Consumer,3,5,4,354,12,Loyal Customers,269.19,3634.12
CUST_02572,403,6,2639.5099999999998,North Carolina,Small Business,1,3,4,134,8,Hibernating,439.92,3563.34
CUST_02573,273,7,2450.52,Illinois,Consumer,1,4,4,144,9,Can't Lose Them,350.07,3308.2
CUST_02574,10,8,2312.81,Georgia,Consumer,5,5,4,554,14,Champions,289.1,3122.29
CUST_02575,13,12,3508.9,Texas,Consumer,5,5,5,555,15,Champions,292.41,4737.02
CUST_02576,8,4,847.41,New York,Consumer,5,2,1,521,8,Potential Loyalists,211.85,1144.0
CUST_02577,94,7,1261.1,California,Small Business,2,4,2,242,8,At Risk,180.16,1702.48
CUST_02578,420,5,1248.64,California,Consumer,1,2,2,122,5,Hibernating,249.73,1685.66
CUST_02579,55,11,1992.39,Illinois,Consumer,3,5,3,353,11,Loyal Customers,181.13,2689.73
CUST_02580,142,6,2586.42,California,Consumer,2,3,4,234,9,At Risk,431.07,3491.67
CUST_02581,35,9,1703.56,Washington,Consumer,4,5,3,453,12,Champions,189.28,2299.81
CUST_02582,123,5,679.73,Colorado,Corporate,2,2,1,221,5,Customers Needing Attention,135.95,917.64
CUST_02583,32,4,552.89,Colorado,Consumer,4,2,1,421,7,Potential Loyalists,138.22,746.4
CUST_02584,293,4,1836.46,Pennsylvania,Consumer,1,2,3,123,6,Hibernating,459.12,2479.22
CUST_02585,107,3,674.39,Massachusetts,Consumer,2,1,1,211,4,Customers Needing Attention,224.8,910.43
CUST_02586,53,5,1623.4,Colorado,Consumer,3,2,3,323,8,Promising,324.68,2191.59
CUST_02587,91,7,1635.54,Illinois,Consumer,3,4,3,343,10,Loyal Customers,233.65,2207.98
CUST_02588,142,4,850.04,North Carolina,Consumer,2,2,1,221,5,Customers Needing Attention,212.51,1147.55
CUST_02589,58,3,960.03,California,Consumer,3,1,1,311,5,Promising,320.01,1296.04
CUST_02590,31,4,1106.1,New York,Corporate,4,2,2,422,8,Potential Loyalists,276.52,1493.24
CUST_02591,30,6,2195.56,Texas,Corporate,4,3,3,433,10,Loyal Customers,365.93,2964.01
CUST_02592,24,7,748.49,Texas,Corporate,4,4,1,441,9,Champions,106.93,1010.46
CUST_02593,76,6,2516.7400000000002,Washington,Consumer,3,3,4,334,10,Loyal Customers,419.46,3397.6
CUST_02595,38,6,3450.32,New York,Consumer,4,3,5,435,12,Loyal Customers,575.05,4657.93
CUST_02596,25,7,3006.51,Massachusetts,Corporate,4,4,4,444,12,Champions,429.5,4058.79
CUST_02597,291,10,2415.49,Illinois,Consumer,1,5,4,154,10,Can't Lose Them,241.55,3260.91
CUST_02598,175,7,3133.35,Pennsylvania,Consumer,2,4,5,245,11,At Risk,447.62,4230.02
CUST_02599,203,6,1458.49,California,Consumer,2,3,2,232,7,At Risk,243.08,1968.96
CUST_02600,311,9,5456.87,New York,Consumer,1,5,5,155,11,Can't Lose Them,606.32,7366.77
CUST_02601,23,8,3540.51,California,Consumer,4,5,5,455,14,Champions,442.56,4779.69
CUST_02602,147,4,1288.91,Washington,Consumer,2,2,2,222,6,Customers Needing Attention,322.23,1740.03
CUST_02603,59,7,1367.46,California,Corporate,3,4,2,342,9,Loyal Customers,195.35,1846.07
CUST_02604,177,7,1125.28,Florida,Consumer,2,4,2,242,8,At Risk,160.75,1519.13
CUST_02605,226,5,1279.32,New York,Consumer,1,2,2,122,5,Hibernating,255.86,1727.08
CUST_02606,24,10,2231.85,California,Consumer,4,5,4,454,13,Champions,223.18,3013.0
CUST_02607,214,4,584.7,North Carolina,Consumer,2,2,1,221,5,Customers Needing Attention,146.18,789.35
CUST_02608,130,5,3059.14,California,Consumer,2,2,4,224,8,Customers Needing Attention,611.83,4129.84
CUST_02609,36,6,2436.58,Florida,Corporate,4,3,4,434,11,Loyal Customers,406.1,3289.38
CUST_02610,213,4,2799.68,Georgia,Consumer,2,2,4,224,8,Customers Needing Attention,699.92,3779.57
CUST_02611,48,7,749.44,Texas,Corporate,3,4,1,341,8,Loyal Customers,107.06,1011.74
CUST_02612,14,4,2263.77,Massachusetts,Consumer,5,2,4,524,11,Potential Loyalists,565.94,3056.09
CUST_02613,347,7,1634.53,Texas,Consumer,1,4,3,143,8,Can't Lose Them,233.5,2206.62
CUST_02614,28,6,4271.0599999999995,New York,Corporate,4,3,5,435,12,Loyal Customers,711.84,5765.93
CUST_02615,139,3,505.31,New York,Consumer,2,1,1,211,4,Customers Needing Attention,168.44,682.17
CUST_02616,18,5,1044.6100000000001,Illinois,Consumer,5,2,2,522,9,Potential Loyalists,208.92,1410.22
CUST_02617,4,9,1770.11,North Carolina,Consumer,5,5,3,553,13,Champions,196.68,2389.65
CUST_02618,73,2,572.4599999999999,Colorado,Consumer,3,1,1,311,5,Promising,286.23,772.82
CUST_02619,82,4,2588.9600000000005,California,Corporate,3,2,4,324,9,Promising,647.24,3495.1
CUST_02620,352,4,2927.0,Ohio,Consumer,1,2,4,124,7,Hibernating,731.75,3951.45
CUST_02621,25,7,1390.93,Texas,Corporate,4,4,2,442,10,Champions,198.7,1877.76
CUST_02622,17,10,1395.6100000000001,California,Corporate,5,5,2,552,12,Champions,139.56,1884.07
CUST_02623,26,7,1995.89,Florida,Consumer,4,4,3,443,11,Champions,285.13,2694.45
CUST_02624,49,4,2163.45,Pennsylvania,Small Business,3,2,3,323,8,Promising,540.86,2920.66
CUST_02625,386,5,688.55,Georgia,Consumer,1,2,1,121,4,Hibernating,137.71,929.54
CUST_02626,103,9,3748.01,Georgia,Small Business,2,5,5,255,12,At Risk,416.45,5059.81
CUST_02627,72,6,1961.44,Texas,Consumer,3,3,3,333,9,Loyal Customers,326.91,2647.94
CUST_02628,46,10,3910.85,Texas,Consumer,3,5,5,355,13,Loyal Customers,391.08,5279.65
CUST_02629,60,8,2482.84,Ohio,Consumer,3,5,4,354,12,Loyal Customers,310.36,3351.83
CUST_02630,10,8,2884.6,Georgia,Consumer,5,5,4,554,14,Champions,360.58,3894.21
CUST_02631,167,7,4030.48,New York,Consumer,2,4,5,245,11,At Risk,575.78,5441.15
CUST_02632,48,7,3214.28,California,Corporate,3,4,5,345,12,Loyal Customers,459.18,4339.28
CUST_02633,203,9,2430.09,Pennsylvania,Consumer,2,5,4,254,11,At Risk,270.01,3280.62
CUST_02634,29,7,3108.04,Colorado,Consumer,4,4,5,445,13,Champions,444.01,4195.85
CUST_02635,11,3,549.0699999999999,Florida,Corporate,5,1,1,511,7,Potential Loyalists,183.02,741.24
CUST_02636,43,6,2442.0,Colorado,Consumer,4,3,4,434,11,Loyal Customers,407.0,3296.7
CUST_02638,59,5,811.15,Colorado,Corporate,3,2,1,321,6,Promising,162.23,1095.05
CUST_02639,205,4,566.96,Washington,Small Business,2,2,1,221,5,Customers Needing Attention,141.74,765.4
CUST_02640,296,5,3516.98,Florida,Corporate,1,2,5,125,8,Hibernating,703.4,4747.92
CUST_02641,252,3,977.09,Georgia,Consumer,1,1,1,111,3,Lost Customers,325.7,1319.07
CUST_02642,159,12,5747.24,Georgia,Consumer,2,5,5,255,12,At Risk,478.94,7758.77
CUST_02643,65,10,1739.82,New York,Corporate,3,5,3,353,11,Loyal Customers,173.98,2348.76
CUST_02644,251,7,2777.11,Illinois,Consumer,1,4,4,144,9,Can't Lose Them,396.73,3749.1
CUST_02645,33,10,5518.8,Georgia,Consumer,4,5,5,455,14,Champions,551.88,7450.38
CUST_02646,194,4,1199.0900000000001,Texas,Consumer,2,2,2,222,6,Customers Needing Attention,299.77,1618.77
CUST_02647,111,6,2597.0299999999997,Georgia,Small Business,2,3,4,234,9,At Risk,432.84,3505.99
CUST_02648,9,8,1222.43,Massachusetts,Consumer,5,5,2,552,12,Champions,152.8,1650.28
CUST_02649,51,6,1792.8500000000001,Georgia,Consumer,3,3,3,333,9,Loyal Customers,298.81,2420.35
CUST_02650,22,6,1167.51,North Carolina,Consumer,4,3,2,432,9,Loyal Customers,194.58,1576.14
CUST_02651,41,7,2420.55,Florida,Consumer,4,4,4,444,12,Champions,345.79,3267.74
CUST_02652,291,6,2384.46,Texas,Consumer,1,3,4,134,8,Hibernating,397.41,3219.02
CUST_02653,249,11,4747.74,Georgia,Consumer,1,5,5,155,11,Can't Lose Them,431.61,6409.45
CUST_02654,7,5,1382.87,California,Consumer,5,2,2,522,9,Potential Loyalists,276.57,1866.87
CUST_02655,49,11,2028.54,Massachusetts,Corporate,3,5,3,353,11,Loyal Customers,184.41,2738.53
CUST_02656,32,9,3478.83,Washington,Consumer,4,5,5,455,14,Champions,386.54,4696.42
CUST_02657,15,5,1133.4,Florida,Corporate,5,2,2,522,9,Potential Loyalists,226.68,1530.09
CUST_02658,207,10,3961.95,Massachusetts,Corporate,2,5,5,255,12,At Risk,396.2,5348.63
CUST_02659,256,5,1063.68,California,Consumer,1,2,2,122,5,Hibernating,212.74,1435.97
CUST_02660,37,6,1417.54,New York,Consumer,4,3,2,432,9,Loyal Customers,236.26,1913.68
CUST_02662,63,7,2429.24,Florida,Corporate,3,4,4,344,11,Loyal Customers,347.03,3279.47
CUST_02663,19,5,862.84,Pennsylvania,Consumer,5,2,1,521,8,Potential Loyalists,172.57,1164.83
CUST_02664,79,5,2094.9,New York,Consumer,3,2,3,323,8,Promising,418.98,2828.12
CUST_02665,100,7,701.8299999999999,California,Consumer,2,4,1,241,7,At Risk,100.26,947.47
CUST_02666,103,6,3159.28,Georgia,Consumer,2,3,5,235,10,At Risk,526.55,4265.03
CUST_02667,54,3,1376.32,Texas,Consumer,3,1,2,312,6,Promising,458.77,1858.03
CUST_02668,38,4,1615.27,Texas,Consumer,4,2,3,423,9,Potential Loyalists,403.82,2180.61
CUST_02669,37,6,1617.29,California,Corporate,4,3,3,433,10,Loyal Customers,269.55,2183.34
CUST_02670,37,8,1380.28,Pennsylvania,Consumer,4,5,2,452,11,Champions,172.54,1863.38
CUST_02671,416,5,2441.7,California,Consumer,1,2,4,124,7,Hibernating,488.34,3296.3
CUST_02672,5,11,2408.27,New York,Consumer,5,5,4,554,14,Champions,218.93,3251.16
CUST_02673,56,9,5101.349999999999,Ohio,Corporate,3,5,5,355,13,Loyal Customers,566.82,6886.82
CUST_02674,45,5,1775.07,New York,Consumer,3,2,3,323,8,Promising,355.01,2396.34
CUST_02675,39,3,2069.67,Texas,Corporate,4,1,3,413,8,Potential Loyalists,689.89,2794.05
CUST_02676,196,6,2776.7200000000003,Texas,Consumer,2,3,4,234,9,At Risk,462.79,3748.57
CUST_02677,235,4,1478.51,Florida,Consumer,1,2,2,122,5,Hibernating,369.63,1995.99
CUST_02678,304,9,1925.68,Washington,Consumer,1,5,3,153,9,Can't Lose Them,213.96,2599.67
CUST_02679,37,7,2917.86,Colorado,Consumer,4,4,4,444,12,Champions,416.84,3939.11
CUST_02680,8,8,3237.6,Massachusetts,Consumer,5,5,5,555,15,Champions,404.7,4370.76
CUST_02681,39,7,4621.4,Texas,Consumer,4,4,5,445,13,Champions,660.2,6238.89
CUST_02682,33,7,2314.76,New York,Corporate,4,4,4,444,12,Champions,330.68,3124.93
CUST_02683,310,5,434.26,Texas,Consumer,1,2,1,121,4,Hibernating,86.85,586.25
CUST_02684,4,8,3383.92,Colorado,Consumer,5,5,5,555,15,Champions,422.99,4568.29
CUST_02685,3,5,998.12,Illinois,Consumer,5,2,1,521,8,Potential Loyalists,199.62,1347.46
CUST_02686,38,5,1028.33,Massachusetts,Consumer,4,2,2,422,8,Potential Loyalists,205.67,1388.25
CUST_02687,37,8,4139.1900000000005,Washington,Consumer,4,5,5,455,14,Champions,517.4,5587.91
CUST_02688,61,6,1702.1399999999999,Texas,Consumer,3,3,3,333,9,Loyal Customers,283.69,2297.89
CUST_02689,62,5,2637.63,Georgia,Consumer,3,2,4,324,9,Promising,527.53,3560.8
CUST_02690,220,5,773.08,Washington,Consumer,1,2,1,121,4,Hibernating,154.62,1043.66
CUST_02691,121,4,1852.71,Texas,Consumer,2,2,3,223,7,Customers Needing Attention,463.18,2501.16
CUST_02692,268,12,3277.77,Washington,Consumer,1,5,5,155,11,Can't Lose Them,273.15,4424.99
CUST_02693,206,6,1492.7,Washington,Consumer,2,3,2,232,7,At Risk,248.78,2015.15
CUST_02694,42,9,3840.5,New York,Consumer,4,5,5,455,14,Champions,426.72,5184.68
CUST_02695,49,7,2736.9700000000003,Illinois,Small Business,3,4,4,344,11,Loyal Customers,391.0,3694.91
CUST_02696,39,6,2000.79,Illinois,Consumer,4,3,3,433,10,Loyal Customers,333.46,2701.07
CUST_02697,30,7,640.4,Massachusetts,Consumer,4,4,1,441,9,Champions,91.49,864.54
CUST_02698,296,7,2832.21,North Carolina,Consumer,1,4,4,144,9,Can't Lose Them,404.6,3823.48
CUST_02699,291,5,2356.42,Florida,Corporate,1,2,4,124,7,Hibernating,471.28,3181.17
CUST_02700,23,7,672.84,Georgia,Corporate,4,4,1,441,9,Champions,96.12,908.33
CUST_02701,106,8,2391.24,Illinois,Consumer,2,5,4,254,11,At Risk,298.9,3228.17
CUST_02702,413,4,1141.49,Pennsylvania,Small Business,1,2,2,122,5,Hibernating,285.37,1541.01
CUST_02703,51,7,1369.12,Georgia,Consumer,3,4,2,342,9,Loyal Customers,195.59,1848.31
CUST_02704,187,9,2550.9,Texas,Consumer,2,5,4,254,11,At Risk,283.43,3443.72
CUST_02705,40,7,1617.77,Massachusetts,Corporate,4,4,3,443,11,Champions,231.11,2183.99
CUST_02706,41,11,7993.33,Florida,Corporate,4,5,5,455,14,Champions,726.67,10791.0
CUST_02707,110,4,864.71,Colorado,Consumer,2,2,1,221,5,Customers Needing Attention,216.18,1167.36
CUST_02708,11,6,1907.9099999999999,California,Consumer,5,3,3,533,11,Loyal Customers,317.98,2575.68
CUST_02709,16,5,1253.27,Illinois,Consumer,5,2,2,522,9,Potential Loyalists,250.65,1691.91
CUST_02710,183,5,1327.1000000000001,Pennsylvania,Consumer,2,2,2,222,6,Customers Needing Attention,265.42,1791.59
CUST_02711,9,7,1166.97,Florida,Corporate,5,4,2,542,11,Champions,166.71,1575.41
CUST_02712,197,4,1199.67,California,Consumer,2,2,2,222,6,Customers Needing Attention,299.92,1619.55
CUST_02713,48,13,3976.53,California,Consumer,3,5,5,355,13,Loyal Customers,305.89,5368.32
CUST_02714,45,3,267.57,Pennsylvania,Consumer,3,1,1,311,5,Promising,89.19,361.22
CUST_02715,81,10,3779.87,New York,Consumer,3,5,5,355,13,Loyal Customers,377.99,5102.82
CUST_02716,20,7,2482.82,California,Consumer,5,4,4,544,13,Champions,354.69,3351.81
CUST_02717,423,5,1518.45,Georgia,Consumer,1,2,2,122,5,Hibernating,303.69,2049.91
CUST_02718,10,7,3695.65,Texas,Small Business,5,4,5,545,14,Champions,527.95,4989.13
CUST_02719,378,6,2658.38,California,Corporate,1,3,4,134,8,Hibernating,443.06,3588.81
CUST_02720,15,6,1974.81,California,Consumer,5,3,3,533,11,Loyal Customers,329.14,2665.99
CUST_02721,179,3,536.97,Illinois,Corporate,2,1,1,211,4,Customers Needing Attention,178.99,724.91
CUST_02722,18,5,1030.76,Florida,Corporate,5,2,2,522,9,Potential Loyalists,206.15,1391.53
CUST_02723,235,9,1616.71,Colorado,Corporate,1,5,3,153,9,Can't Lose Them,179.63,2182.56
CUST_02724,10,7,3611.3,New York,Consumer,5,4,5,545,14,Champions,515.9,4875.26
CUST_02725,10,8,1812.8600000000001,New York,Consumer,5,5,3,553,13,Champions,226.61,2447.36
CUST_02726,63,12,6974.73,Pennsylvania,Consumer,3,5,5,355,13,Loyal Customers,581.23,9415.89
CUST_02727,46,7,1282.08,Illinois,Consumer,3,4,2,342,9,Loyal Customers,183.15,1730.81
CUST_02728,16,5,1771.19,Florida,Consumer,5,2,3,523,10,Potential Loyalists,354.24,2391.11
CUST_02729,25,10,4664.150000000001,Ohio,Consumer,4,5,5,455,14,Champions,466.42,6296.6
CUST_02730,12,11,2148.63,California,Consumer,5,5,3,553,13,Champions,195.33,2900.65
CUST_02731,22,7,3417.78,California,Corporate,4,4,5,445,13,Champions,488.25,4614.0
CUST_02732,97,7,2631.71,Massachusetts,Consumer,2,4,4,244,10,At Risk,375.96,3552.81
CUST_02733,340,5,831.65,Illinois,Consumer,1,2,1,121,4,Hibernating,166.33,1122.73
CUST_02734,47,7,2729.2400000000002,North Carolina,Small Business,3,4,4,344,11,Loyal Customers,389.89,3684.47
CUST_02735,357,7,4162.6900000000005,New York,Small Business,1,4,5,145,10,Can't Lose Them,594.67,5619.63
CUST_02736,13,10,4671.64,Texas,Corporate,5,5,5,555,15,Champions,467.16,6306.71
CUST_02737,581,1,30.91,North Carolina,Small Business,1,1,1,111,3,Lost Customers,30.91,41.73
CUST_02738,390,4,689.6,California,Consumer,1,2,1,121,4,Hibernating,172.4,930.96
CUST_02739,299,7,4431.76,Florida,Small Business,1,4,5,145,10,Can't Lose Them,633.11,5982.88
CUST_02740,211,2,735.88,Colorado,Consumer,2,1,1,211,4,Customers Needing Attention,367.94,993.44
CUST_02741,230,5,904.3399999999999,California,Consumer,1,2,1,121,4,Hibernating,180.87,1220.86
CUST_02742,310,7,845.24,California,Consumer,1,4,1,141,6,Can't Lose Them,120.75,1141.07
CUST_02743,28,6,809.62,Washington,Consumer,4,3,1,431,8,Loyal Customers,134.94,1092.99
CUST_02744,27,4,419.09,California,Consumer,4,2,1,421,7,Potential Loyalists,104.77,565.77
CUST_02745,58,5,1394.03,New York,Consumer,3,2,2,322,7,Promising,278.81,1881.94
CUST_02746,435,5,1564.4099999999999,North Carolina,Corporate,1,2,2,122,5,Hibernating,312.88,2111.95
CUST_02747,99,11,4353.97,Florida,Consumer,2,5,5,255,12,At Risk,395.82,5877.86
CUST_02748,33,8,3278.21,Massachusetts,Consumer,4,5,5,455,14,Champions,409.78,4425.58
CUST_02749,16,2,309.15,Texas,Corporate,5,1,1,511,7,Potential Loyalists,154.57,417.35
CUST_02750,21,5,1966.64,Florida,Consumer,4,2,3,423,9,Potential Loyalists,393.33,2654.96
CUST_02751,59,5,2176.96,North Carolina,Consumer,3,2,3,323,8,Promising,435.39,2938.9
CUST_02752,44,7,2435.55,Texas,Consumer,4,4,4,444,12,Champions,347.94,3287.99
CUST_02753,34,4,749.4100000000001,California,Consumer,4,2,1,421,7,Potential Loyalists,187.35,1011.7
CUST_02754,118,6,1809.54,Texas,Consumer,2,3,3,233,8,At Risk,301.59,2442.88
CUST_02755,18,6,2119.05,Florida,Small Business,5,3,3,533,11,Loyal Customers,353.18,2860.72
CUST_02756,32,9,3846.75,Massachusetts,Consumer,4,5,5,455,14,Champions,427.42,5193.11
CUST_02757,190,2,713.86,Florida,Consumer,2,1,1,211,4,Customers Needing Attention,356.93,963.71
CUST_02758,15,10,2602.86,Texas,Corporate,5,5,4,554,14,Champions,260.29,3513.86
CUST_02759,39,8,1960.1,Florida,Corporate,4,5,3,453,12,Champions,245.01,2646.14
CUST_02760,31,7,2379.13,North Carolina,Consumer,4,4,4,444,12,Champions,339.88,3211.83
CUST_02761,33,5,3124.64,Florida,Consumer,4,2,5,425,11,Potential Loyalists,624.93,4218.26
CUST_02762,397,3,1254.22,Illinois,Consumer,1,1,2,112,4,Lost Customers,418.07,1693.2
CUST_02763,312,5,2529.52,Texas,Consumer,1,2,4,124,7,Hibernating,505.9,3414.85
CUST_02764,34,10,2866.74,California,Consumer,4,5,4,454,13,Champions,286.67,3870.1
CUST_02765,31,6,3608.95,Illinois,Consumer,4,3,5,435,12,Loyal Customers,601.49,4872.08
CUST_02766,130,8,3682.14,California,Small Business,2,5,5,255,12,At Risk,460.27,4970.89
CUST_02767,61,9,5006.86,Washington,Consumer,3,5,5,355,13,Loyal Customers,556.32,6759.26
CUST_02768,9,7,3861.7799999999997,Pennsylvania,Consumer,5,4,5,545,14,Champions,551.68,5213.4
CUST_02769,79,8,4531.84,California,Consumer,3,5,5,355,13,Loyal Customers,566.48,6117.98
CUST_02770,13,6,3398.5,Texas,Consumer,5,3,5,535,13,Loyal Customers,566.42,4587.98
CUST_02771,231,3,728.51,New York,Consumer,1,1,1,111,3,Lost Customers,242.84,983.49
CUST_02772,589,3,1915.48,Illinois,Consumer,1,1,3,113,5,Lost Customers,638.49,2585.9
CUST_02773,159,5,2369.48,Ohio,Corporate,2,2,4,224,8,Customers Needing Attention,473.9,3198.8
CUST_02774,44,7,1382.1599999999999,Washington,Consumer,4,4,2,442,10,Champions,197.45,1865.92
CUST_02775,23,12,2446.57,Florida,Consumer,4,5,4,454,13,Champions,203.88,3302.87
CUST_02776,30,8,1908.34,Pennsylvania,Consumer,4,5,3,453,12,Champions,238.54,2576.26
CUST_02777,746,2,125.13,California,Consumer,1,1,1,111,3,Lost Customers,62.56,168.93
CUST_02778,13,5,2728.5699999999997,New York,Consumer,5,2,4,524,11,Potential Loyalists,545.71,3683.57
CUST_02779,355,4,1089.72,Texas,Consumer,1,2,2,122,5,Hibernating,272.43,1471.12
CUST_02780,70,8,3118.65,Texas,Consumer,3,5,5,355,13,Loyal Customers,389.83,4210.18
CUST_02781,18,6,2352.54,New York,Consumer,5,3,4,534,12,Loyal Customers,392.09,3175.93
CUST_02782,102,8,977.6999999999999,North Carolina,Corporate,2,5,1,251,8,At Risk,122.21,1319.9
CUST_02783,289,5,3097.3199999999997,Illinois,Small Business,1,2,5,125,8,Hibernating,619.46,4181.38
CUST_02784,1,14,3355.19,Florida,Corporate,5,5,5,555,15,Champions,239.66,4529.51
CUST_02785,376,6,3324.58,North Carolina,Corporate,1,3,5,135,9,Hibernating,554.1,4488.18
CUST_02786,485,4,1240.63,New York,Consumer,1,2,2,122,5,Hibernating,310.16,1674.85
CUST_02787,11,6,1983.6999999999998,Washington,Small Business,5,3,3,533,11,Loyal Customers,330.62,2678.0
CUST_02788,22,10,1246.85,Pennsylvania,Consumer,4,5,2,452,11,Champions,124.68,1683.25
CUST_02789,16,8,3101.11,New York,Small Business,5,5,5,555,15,Champions,387.64,4186.5
CUST_02790,414,7,1723.28,Ohio,Small Business,1,4,3,143,8,Can't Lose Them,246.18,2326.43
CUST_02791,138,5,1400.6100000000001,Pennsylvania,Corporate,2,2,2,222,6,Customers Needing Attention,280.12,1890.82
CUST_02792,44,4,1062.71,California,Small Business,4,2,2,422,8,Potential Loyalists,265.68,1434.66
CUST_02793,200,5,1193.84,Florida,Consumer,2,2,2,222,6,Customers Needing Attention,238.77,1611.68
CUST_02794,432,3,1184.17,Pennsylvania,Consumer,1,1,2,112,4,Lost Customers,394.72,1598.63
CUST_02795,80,8,1743.02,Washington,Consumer,3,5,3,353,11,Loyal Customers,217.88,2353.08
CUST_02796,23,4,754.9399999999999,Florida,Consumer,4,2,1,421,7,Potential Loyalists,188.74,1019.17
CUST_02797,156,3,1164.24,North Carolina,Consumer,2,1,2,212,5,Customers Needing Attention,388.08,1571.72
CUST_02798,29,1,1097.3,California,Consumer,4,1,2,412,7,Potential Loyalists,1097.3,1481.36
CUST_02799,45,7,2318.5299999999997,Texas,Small Business,3,4,4,344,11,Loyal Customers,331.22,3130.02
CUST_02800,217,7,1663.8899999999999,Florida,Consumer,1,4,3,143,8,Can't Lose Them,237.7,2246.25
CUST_02801,207,4,1912.8700000000001,Washington,Corporate,2,2,3,223,7,Customers Needing Attention,478.22,2582.37
CUST_02802,4,7,3140.24,Massachusetts,Small Business,5,4,5,545,14,Champions,448.61,4239.32
CUST_02803,199,6,2323.71,Florida,Small Business,2,3,4,234,9,At Risk,387.28,3137.01
CUST_02804,14,3,1916.6100000000001,Illinois,Small Business,5,1,3,513,9,Potential Loyalists,638.87,2587.42
CUST_02805,16,12,6689.31,Florida,Consumer,5,5,5,555,15,Champions,557.44,9030.57
CUST_02806,72,6,3079.8,Texas,Small Business,3,3,4,334,10,Loyal Customers,513.3,4157.73
CUST_02807,195,8,3648.77,Florida,Corporate,2,5,5,255,12,At Risk,456.1,4925.84
CUST_02808,21,8,1587.71,Texas,Consumer,4,5,2,452,11,Champions,198.46,2143.41
CUST_02809,5,7,3727.44,New York,Consumer,5,4,5,545,14,Champions,532.49,5032.04
CUST_02810,310,4,1024.1200000000001,North Carolina,Corporate,1,2,1,121,4,Hibernating,256.03,1382.56
CUST_02811,36,5,1623.95,Washington,Consumer,4,2,3,423,9,Potential Loyalists,324.79,2192.33
CUST_02812,326,6,1092.07,Georgia,Consumer,1,3,2,132,6,Hibernating,182.01,1474.29
CUST_02813,51,7,2832.38,California,Consumer,3,4,4,344,11,Loyal Customers,404.63,3823.71
CUST_02814,80,6,1872.3200000000002,Florida,Consumer,3,3,3,333,9,Loyal Customers,312.05,2527.63
CUST_02815,13,2,647.76,Washington,Consumer,5,1,1,511,7,Potential Loyalists,323.88,874.48
CUST_02816,56,6,1080.09,Florida,Corporate,3,3,2,332,8,Loyal Customers,180.02,1458.12
CUST_02817,29,5,1136.33,Massachusetts,Consumer,4,2,2,422,8,Potential Loyalists,227.27,1534.05
CUST_02818,33,7,2304.29,North Carolina,Consumer,4,4,4,444,12,Champions,329.18,3110.79
CUST_02819,39,3,674.33,California,Consumer,4,1,1,411,6,Potential Loyalists,224.78,910.35
CUST_02820,43,7,1054.01,New York,Consumer,4,4,2,442,10,Champions,150.57,1422.91
CUST_02821,1,10,4887.13,Illinois,Small Business,5,5,5,555,15,Champions,488.71,6597.63
CUST_02822,179,2,249.4,North Carolina,Consumer,2,1,1,211,4,Customers Needing Attention,124.7,336.69
CUST_02823,7,7,1889.81,New York,Consumer,5,4,3,543,12,Champions,269.97,2551.24
CUST_02824,53,6,1212.23,Texas,Consumer,3,3,2,332,8,Loyal Customers,202.04,1636.51
CUST_02825,211,10,4128.2699999999995,Florida,Consumer,2,5,5,255,12,At Risk,412.83,5573.16
CUST_02826,38,8,2444.7799999999997,Texas,Corporate,4,5,4,454,13,Champions,305.6,3300.45
CUST_02827,2,8,2120.4,New York,Corporate,5,5,3,553,13,Champions,265.05,2862.54
CUST_02828,365,5,577.04,New York,Consumer,1,2,1,121,4,Hibernating,115.41,779.0
CUST_02829,68,3,319.75,Pennsylvania,Consumer,3,1,1,311,5,Promising,106.58,431.66
CUST_02830,181,5,3674.83,Massachusetts,Consumer,2,2,5,225,9,Customers Needing Attention,734.97,4961.02
CUST_02831,140,11,2744.45,Massachusetts,Consumer,2,5,4,254,11,At Risk,249.5,3705.01
CUST_02832,127,7,2063.94,Ohio,Consumer,2,4,3,243,9,At Risk,294.85,2786.32
CUST_02833,15,4,2090.9500000000003,New York,Consumer,5,2,3,523,10,Potential Loyalists,522.74,2822.78
CUST_02834,30,1,390.98,Texas,Consumer,4,1,1,411,6,Potential Loyalists,390.98,527.82
CUST_02835,44,5,865.78,North Carolina,Consumer,4,2,1,421,7,Potential Loyalists,173.16,1168.8
CUST_02836,30,6,3095.92,Pennsylvania,Small Business,4,3,5,435,12,Loyal Customers,515.99,4179.49
CUST_02837,38,6,2485.92,New York,Small Business,4,3,4,434,11,Loyal Customers,414.32,3355.99
CUST_02838,210,2,364.53,Florida,Consumer,2,1,1,211,4,Customers Needing Attention,182.26,492.12
CUST_02839,22,6,3451.34,Colorado,Corporate,4,3,5,435,12,Loyal Customers,575.22,4659.31
CUST_02840,47,10,2833.6099999999997,California,Consumer,3,5,4,354,12,Loyal Customers,283.36,3825.37
CUST_02841,244,4,748.16,Massachusetts,Consumer,1,2,1,121,4,Hibernating,187.04,1010.02
CUST_02842,118,6,818.18,California,Corporate,2,3,1,231,6,At Risk,136.36,1104.54
CUST_02843,182,5,1382.74,California,Small Business,2,2,2,222,6,Customers Needing Attention,276.55,1866.7
CUST_02844,45,6,1814.43,Colorado,Small Business,3,3,3,333,9,Loyal Customers,302.41,2449.48
CUST_02845,259,6,2751.55,Washington,Consumer,1,3,4,134,8,Hibernating,458.59,3714.59
CUST_02846,10,7,1703.0700000000002,Washington,Consumer,5,4,3,543,12,Champions,243.3,2299.14
CUST_02847,3,8,1686.25,North Carolina,Corporate,5,5,3,553,13,Champions,210.78,2276.44
CUST_02848,171,6,1764.08,Washington,Consumer,2,3,3,233,8,At Risk,294.01,2381.51
CUST_02849,55,10,5067.12,Colorado,Consumer,3,5,5,355,13,Loyal Customers,506.71,6840.61
CUST_02850,487,1,35.51,Massachusetts,Consumer,1,1,1,111,3,Lost Customers,35.51,47.94
CUST_02852,61,4,776.22,North Carolina,Consumer,3,2,1,321,6,Promising,194.06,1047.9
CUST_02853,45,11,4889.01,New York,Consumer,3,5,5,355,13,Loyal Customers,444.46,6600.16
CUST_02854,496,4,750.29,Washington,Small Business,1,2,1,121,4,Hibernating,187.57,1012.89
CUST_02855,732,3,216.79,California,Consumer,1,1,1,111,3,Lost Customers,72.26,292.67
CUST_02856,28,8,2708.83,Texas,Consumer,4,5,4,454,13,Champions,338.6,3656.92
CUST_02857,276,5,2541.79,Pennsylvania,Consumer,1,2,4,124,7,Hibernating,508.36,3431.42
CUST_02858,101,7,3809.75,New York,Consumer,2,4,5,245,11,At Risk,544.25,5143.16
CUST_02859,114,6,1871.0500000000002,California,Consumer,2,3,3,233,8,At Risk,311.84,2525.92
CUST_02860,44,9,3004.76,New York,Consumer,4,5,4,454,13,Champions,333.86,4056.43
CUST_02861,51,6,2347.49,Washington,Corporate,3,3,4,334,10,Loyal Customers,391.25,3169.11
CUST_02862,12,8,2557.22,Illinois,Consumer,5,5,4,554,14,Champions,319.65,3452.25
CUST_02863,388,7,2982.08,New York,Small Business,1,4,4,144,9,Can't Lose Them,426.01,4025.81
CUST_02864,322,3,253.42000000000002,Texas,Consumer,1,1,1,111,3,Lost Customers,84.47,342.12
CUST_02865,59,7,1097.98,Colorado,Consumer,3,4,2,342,9,Loyal Customers,156.85,1482.27
CUST_02866,11,4,2501.9,Texas,Consumer,5,2,4,524,11,Potential Loyalists,625.48,3377.57
CUST_02867,154,11,2041.69,Texas,Consumer,2,5,3,253,10,At Risk,185.61,2756.28
CUST_02868,219,4,2371.05,New York,Corporate,1,2,4,124,7,Hibernating,592.76,3200.92
CUST_02869,4,5,1181.35,California,Consumer,5,2,2,522,9,Potential Loyalists,236.27,1594.82
CUST_02870,168,7,1742.5900000000001,Ohio,Consumer,2,4,3,243,9,At Risk,248.94,2352.5
CUST_02871,551,5,3508.83,North Carolina,Corporate,1,2,5,125,8,Hibernating,701.77,4736.92
CUST_02872,37,6,4105.1900000000005,Pennsylvania,Small Business,4,3,5,435,12,Loyal Customers,684.2,5542.01
CUST_02873,570,4,814.5,Ohio,Corporate,1,2,1,121,4,Hibernating,203.62,1099.58
CUST_02874,289,4,1730.65,Georgia,Consumer,1,2,3,123,6,Hibernating,432.66,2336.38
CUST_02875,241,5,1252.5,California,Corporate,1,2,2,122,5,Hibernating,250.5,1690.88
CUST_02876,371,3,486.72,New York,Consumer,1,1,1,111,3,Lost Customers,162.24,657.07
CUST_02877,118,10,1746.64,California,Consumer,2,5,3,253,10,At Risk,174.66,2357.96
CUST_02878,240,4,1294.26,California,Consumer,1,2,2,122,5,Hibernating,323.56,1747.25
CUST_02879,276,6,3415.13,Massachusetts,Consumer,1,3,5,135,9,Hibernating,569.19,4610.43
CUST_02880,204,6,1734.8999999999999,Texas,Consumer,2,3,3,233,8,At Risk,289.15,2342.11
CUST_02881,9,7,2974.48,Texas,Consumer,5,4,4,544,13,Champions,424.93,4015.55
CUST_02882,28,3,384.07,Florida,Corporate,4,1,1,411,6,Potential Loyalists,128.02,518.49
CUST_02883,381,1,338.2,Ohio,Consumer,1,1,1,111,3,Lost Customers,338.2,456.57
CUST_02884,40,5,320.28,Pennsylvania,Consumer,4,2,1,421,7,Potential Loyalists,64.06,432.38
CUST_02885,42,7,2122.9,Illinois,Consumer,4,4,3,443,11,Champions,303.27,2865.92
CUST_02886,58,5,989.77,Illinois,Small Business,3,2,1,321,6,Promising,197.95,1336.19
CUST_02887,31,8,1977.44,Ohio,Consumer,4,5,3,453,12,Champions,247.18,2669.54
CUST_02888,23,6,2762.72,Pennsylvania,Consumer,4,3,4,434,11,Loyal Customers,460.45,3729.67
CUST_02889,2,5,2890.7200000000003,California,Corporate,5,2,4,524,11,Potential Loyalists,578.14,3902.47
CUST_02890,15,3,1023.31,California,Corporate,5,1,1,511,7,Potential Loyalists,341.1,1381.47
CUST_02891,30,3,1808.9099999999999,Florida,Consumer,4,1,3,413,8,Potential Loyalists,602.97,2442.03
CUST_02892,20,5,1301.67,Pennsylvania,Consumer,5,2,2,522,9,Potential Loyalists,260.33,1757.25
CUST_02893,40,6,994.97,Georgia,Corporate,4,3,1,431,8,Loyal Customers,165.83,1343.21
CUST_02894,44,4,503.73,California,Consumer,4,2,1,421,7,Potential Loyalists,125.93,680.04
CUST_02895,255,7,1252.06,Ohio,Consumer,1,4,2,142,7,Can't Lose Them,178.87,1690.28
CUST_02896,397,5,2177.06,Ohio,Corporate,1,2,3,123,6,Hibernating,435.41,2939.03
CUST_02897,135,2,1558.24,Massachusetts,Consumer,2,1,2,212,5,Customers Needing Attention,779.12,2103.62
CUST_02898,5,5,2381.13,Georgia,Consumer,5,2,4,524,11,Potential Loyalists,476.23,3214.53
CUST_02899,117,8,2763.04,Colorado,Consumer,2,5,4,254,11,At Risk,345.38,3730.1
CUST_02900,13,6,776.2,Washington,Consumer,5,3,1,531,9,Loyal Customers,129.37,1047.87
CUST_02901,115,5,1377.45,California,Consumer,2,2,2,222,6,Customers Needing Attention,275.49,1859.56
CUST_02902,385,8,2668.59,California,Corporate,1,5,4,154,10,Can't Lose Them,333.57,3602.6
CUST_02903,30,5,1946.15,California,Consumer,4,2,3,423,9,Potential Loyalists,389.23,2627.3
CUST_02904,281,6,1692.5300000000002,California,Consumer,1,3,3,133,7,Hibernating,282.09,2284.92
CUST_02905,4,7,2869.5099999999998,Texas,Consumer,5,4,4,544,13,Champions,409.93,3873.84
CUST_02906,72,4,2351.06,Washington,Consumer,3,2,4,324,9,Promising,587.76,3173.93
CUST_02907,36,9,2091.4900000000002,New York,Small Business,4,5,3,453,12,Champions,232.39,2823.51
CUST_02908,422,3,441.37,New York,Consumer,1,1,1,111,3,Lost Customers,147.12,595.85
CUST_02909,2,6,2316.05,Florida,Consumer,5,3,4,534,12,Loyal Customers,386.01,3126.67
CUST_02910,20,7,1578.96,Washington,Consumer,5,4,2,542,11,Champions,225.57,2131.6
CUST_02911,239,9,4714.39,Washington,Consumer,1,5,5,155,11,Can't Lose Them,523.82,6364.43
CUST_02912,21,6,2646.52,North Carolina,Consumer,4,3,4,434,11,Loyal Customers,441.09,3572.8
CUST_02913,59,5,870.6700000000001,North Carolina,Corporate,3,2,1,321,6,Promising,174.13,1175.4
CUST_02914,172,5,1603.45,Georgia,Small Business,2,2,2,222,6,Customers Needing Attention,320.69,2164.66
CUST_02915,75,7,1877.19,Florida,Consumer,3,4,3,343,10,Loyal Customers,268.17,2534.21
CUST_02916,196,8,2626.81,North Carolina,Consumer,2,5,4,254,11,At Risk,328.35,3546.19
CUST_02917,268,3,1612.28,Texas,Corporate,1,1,3,113,5,Lost Customers,537.43,2176.58
CUST_02918,7,6,2067.82,California,Corporate,5,3,3,533,11,Loyal Customers,344.64,2791.56
CUST_02919,142,8,2148.91,New York,Consumer,2,5,3,253,10,At Risk,268.61,2901.03
CUST_02920,9,4,606.31,Florida,Consumer,5,2,1,521,8,Potential Loyalists,151.58,818.52
CUST_02921,63,3,777.4100000000001,Florida,Consumer,3,1,1,311,5,Promising,259.14,1049.5
CUST_02922,50,7,2273.61,Massachusetts,Corporate,3,4,4,344,11,Loyal Customers,324.8,3069.37
CUST_02923,248,2,501.69,Massachusetts,Corporate,1,1,1,111,3,Lost Customers,250.84,677.28
CUST_02924,87,5,1087.7,Texas,Consumer,3,2,2,322,7,Promising,217.54,1468.4
CUST_02925,197,4,989.87,Ohio,Consumer,2,2,1,221,5,Customers Needing Attention,247.47,1336.32
CUST_02926,17,3,468.66999999999996,Ohio,Small Business,5,1,1,511,7,Potential Loyalists,156.22,632.7
CUST_02927,97,8,1616.48,Illinois,Corporate,2,5,3,253,10,At Risk,202.06,2182.25
CUST_02928,25,4,1153.71,California,Small Business,4,2,2,422,8,Potential Loyalists,288.43,1557.51
CUST_02929,16,7,2723.02,Georgia,Corporate,5,4,4,544,13,Champions,389.0,3676.08
CUST_02930,97,6,1334.61,Massachusetts,Consumer,2,3,2,232,7,At Risk,222.43,1801.72
CUST_02931,17,12,4800.7699999999995,Colorado,Consumer,5,5,5,555,15,Champions,400.06,6481.04
CUST_02932,165,10,3288.41,North Carolina,Consumer,2,5,5,255,12,At Risk,328.84,4439.35
CUST_02933,113,5,640.0,Colorado,Consumer,2,2,1,221,5,Customers Needing Attention,128.0,864.0
CUST_02934,266,5,529.57,Florida,Consumer,1,2,1,121,4,Hibernating,105.91,714.92
CUST_02935,91,4,463.21000000000004,Texas,Corporate,3,2,1,321,6,Promising,115.8,625.33
CUST_02936,269,6,2323.12,Massachusetts,Consumer,1,3,4,134,8,Hibernating,387.19,3136.21
CUST_02937,356,5,3547.43,Washington,Corporate,1,2,5,125,8,Hibernating,709.49,4789.03
CUST_02938,223,8,2330.54,California,Consumer,1,5,4,154,10,Can't Lose Them,291.32,3146.23
CUST_02939,29,5,3632.9100000000003,Illinois,Small Business,4,2,5,425,11,Potential Loyalists,726.58,4904.43
CUST_02940,47,6,2568.5699999999997,Colorado,Consumer,3,3,4,334,10,Loyal Customers,428.1,3467.57
CUST_02941,493,4,1321.39,Colorado,Consumer,1,2,2,122,5,Hibernating,330.35,1783.88
CUST_02942,39,2,339.21000000000004,Ohio,Consumer,4,1,1,411,6,Potential Loyalists,169.6,457.93
CUST_02943,49,7,2524.15,California,Consumer,3,4,4,344,11,Loyal Customers,360.59,3407.6
CUST_02944,144,8,3249.17,Illinois,Corporate,2,5,5,255,12,At Risk,406.15,4386.38
CUST_02945,760,4,1329.6699999999998,Florida,Corporate,1,2,2,122,5,Hibernating,332.42,1795.05
CUST_02946,63,5,883.5799999999999,New York,Consumer,3,2,1,321,6,Promising,176.72,1192.83
CUST_02947,44,6,1115.1100000000001,California,Consumer,4,3,2,432,9,Loyal Customers,185.85,1505.4
CUST_02948,30,9,3396.56,Texas,Consumer,4,5,5,455,14,Champions,377.4,4585.36
CUST_02949,41,5,2645.31,Illinois,Consumer,4,2,4,424,10,Potential Loyalists,529.06,3571.17
CUST_02950,386,2,1116.69,California,Small Business,1,1,2,112,4,Lost Customers,558.34,1507.53
CUST_02951,33,9,3467.78,Washington,Corporate,4,5,5,455,14,Champions,385.31,4681.5
CUST_02952,31,9,2131.97,Texas,Consumer,4,5,3,453,12,Champions,236.89,2878.16
CUST_02953,27,3,411.09,North Carolina,Corporate,4,1,1,411,6,Potential Loyalists,137.03,554.97
CUST_02954,14,4,1319.86,California,Consumer,5,2,2,522,9,Potential Loyalists,329.96,1781.81
CUST_02955,231,6,343.12,Washington,Small Business,1,3,1,131,5,Hibernating,57.19,463.21
CUST_02956,50,9,2908.99,Georgia,Consumer,3,5,4,354,12,Loyal Customers,323.22,3927.14
CUST_02957,74,6,1658.47,Illinois,Corporate,3,3,3,333,9,Loyal Customers,276.41,2238.93
CUST_02958,29,6,789.1800000000001,Georgia,Corporate,4,3,1,431,8,Loyal Customers,131.53,1065.39
CUST_02959,223,9,1785.56,Florida,Consumer,1,5,3,153,9,Can't Lose Them,198.4,2410.51
CUST_02960,70,9,2115.39,Washington,Corporate,3,5,3,353,11,Loyal Customers,235.04,2855.78
CUST_02961,99,5,2080.17,California,Consumer,2,2,3,223,7,Customers Needing Attention,416.03,2808.23
CUST_02962,571,2,177.47,Illinois,Consumer,1,1,1,111,3,Lost Customers,88.74,239.58
CUST_02963,439,5,1442.3600000000001,Washington,Consumer,1,2,2,122,5,Hibernating,288.47,1947.19
CUST_02964,12,4,2821.75,California,Small Business,5,2,4,524,11,Potential Loyalists,705.44,3809.36
CUST_02965,127,7,3001.52,California,Corporate,2,4,4,244,10,At Risk,428.79,4052.05
CUST_02966,75,10,5003.1900000000005,North Carolina,Corporate,3,5,5,355,13,Loyal Customers,500.32,6754.31
CUST_02967,9,7,2988.15,Ohio,Corporate,5,4,4,544,13,Champions,426.88,4034.0
CUST_02968,276,4,452.48,Pennsylvania,Consumer,1,2,1,121,4,Hibernating,113.12,610.85
CUST_02969,333,2,849.4200000000001,Colorado,Small Business,1,1,1,111,3,Lost Customers,424.71,1146.72
CUST_02970,56,7,1969.84,Florida,Consumer,3,4,3,343,10,Loyal Customers,281.41,2659.28
CUST_02971,256,5,1683.06,Washington,Consumer,1,2,3,123,6,Hibernating,336.61,2272.13
CUST_02972,386,1,225.08,New York,Consumer,1,1,1,111,3,Lost Customers,225.08,303.86
CUST_02973,389,6,1508.2400000000002,Georgia,Corporate,1,3,2,132,6,Hibernating,251.37,2036.12
CUST_02974,26,10,6987.57,Ohio,Corporate,4,5,5,455,14,Champions,698.76,9433.22
CUST_02975,44,6,1550.7,Pennsylvania,Consumer,4,3,2,432,9,Loyal Customers,258.45,2093.45
CUST_02976,27,7,2331.11,Georgia,Consumer,4,4,4,444,12,Champions,333.02,3147.0
CUST_02977,176,2,2103.58,Ohio,Corporate,2,1,3,213,6,Customers Needing Attention,1051.79,2839.83
CUST_02978,10,5,1269.9,New York,Consumer,5,2,2,522,9,Potential Loyalists,253.98,1714.37
CUST_02979,38,12,3382.0899999999997,Illinois,Corporate,4,5,5,455,14,Champions,281.84,4565.82
CUST_02980,58,5,516.7,Georgia,Small Business,3,2,1,321,6,Promising,103.34,697.54
CUST_02981,17,6,1816.27,Pennsylvania,Consumer,5,3,3,533,11,Loyal Customers,302.71,2451.96
CUST_02982,797,2,200.24,Colorado,Consumer,1,1,1,111,3,Lost Customers,100.12,270.32
CUST_02983,9,8,2510.68,Georgia,Corporate,5,5,4,554,14,Champions,313.83,3389.42
CUST_02984,117,7,1719.87,New York,Corporate,2,4,3,243,9,At Risk,245.7,2321.82
CUST_02985,19,7,2126.59,California,Consumer,5,4,3,543,12,Champions,303.8,2870.9
CUST_02986,267,5,873.3,New York,Small Business,1,2,1,121,4,Hibernating,174.66,1178.96
CUST_02987,38,7,1732.49,Georgia,Consumer,4,4,3,443,11,Champions,247.5,2338.86
CUST_02988,56,7,2166.54,Ohio,Consumer,3,4,3,343,10,Loyal Customers,309.51,2924.83
CUST_02989,70,7,1135.29,Illinois,Corporate,3,4,2,342,9,Loyal Customers,162.18,1532.64
CUST_02990,33,5,1709.1,New York,Corporate,4,2,3,423,9,Potential Loyalists,341.82,2307.28
CUST_02991,227,7,3054.36,Colorado,Consumer,1,4,4,144,9,Can't Lose Them,436.34,4123.39
CUST_02992,38,7,3581.9,Florida,Corporate,4,4,5,445,13,Champions,511.7,4835.57
CUST_02993,433,4,1054.56,North Carolina,Consumer,1,2,2,122,5,Hibernating,263.64,1423.66
CUST_02994,1,5,1352.16,Washington,Consumer,5,2,2,522,9,Potential Loyalists,270.43,1825.42
CUST_02995,19,13,3040.43,Illinois,Consumer,5,5,4,554,14,Champions,233.88,4104.58
CUST_02996,9,9,2596.25,Florida,Corporate,5,5,4,554,14,Champions,288.47,3504.94
CUST_02997,7,4,1013.4699999999999,Pennsylvania,Consumer,5,2,1,521,8,Potential Loyalists,253.37,1368.18
CUST_02998,374,4,1520.21,North Carolina,Consumer,1,2,2,122,5,Hibernating,380.05,2052.28
CUST_02999,59,2,467.21,Georgia,Consumer,3,1,1,311,5,Promising,233.6,630.73
CUST_03000,59,4,3207.0099999999998,Illinois,Corporate,3,2,5,325,10,Promising,801.75,4329.46
CUST_03001,32,9,1880.32,Texas,Consumer,4,5,3,453,12,Champions,208.92,2538.43
CUST_03002,4,5,1167.05,Illinois,Corporate,5,2,2,522,9,Potential Loyalists,233.41,1575.52
CUST_03003,61,4,1282.28,Texas,Consumer,3,2,2,322,7,Promising,320.57,1731.08
CUST_03004,21,7,2024.74,Pennsylvania,Consumer,4,4,3,443,11,Champions,289.25,2733.4
CUST_03005,31,5,1039.21,Florida,Consumer,4,2,2,422,8,Potential Loyalists,207.84,1402.93
CUST_03006,127,6,2545.0,Texas,Corporate,2,3,4,234,9,At Risk,424.17,3435.75
CUST_03007,242,5,2864.96,New York,Small Business,1,2,4,124,7,Hibernating,572.99,3867.7
CUST_03008,81,5,1392.78,Texas,Consumer,3,2,2,322,7,Promising,278.56,1880.25
CUST_03009,130,5,1126.57,Ohio,Consumer,2,2,2,222,6,Customers Needing Attention,225.31,1520.87
CUST_03010,111,4,575.4200000000001,Pennsylvania,Consumer,2,2,1,221,5,Customers Needing Attention,143.86,776.82
CUST_03012,57,6,2130.65,North Carolina,Consumer,3,3,3,333,9,Loyal Customers,355.11,2876.38
CUST_03013,55,8,4556.31,New York,Consumer,3,5,5,355,13,Loyal Customers,569.54,6151.02
CUST_03014,30,8,3320.25,Georgia,Consumer,4,5,5,455,14,Champions,415.03,4482.34
CUST_03015,56,6,3690.58,New York,Consumer,3,3,5,335,11,Loyal Customers,615.1,4982.28
CUST_03016,50,3,1068.06,California,Consumer,3,1,2,312,6,Promising,356.02,1441.88
CUST_03017,104,6,1724.17,Texas,Corporate,2,3,3,233,8,At Risk,287.36,2327.63
CUST_03018,61,8,2052.68,Colorado,Consumer,3,5,3,353,11,Loyal Customers,256.58,2771.12
CUST_03019,48,3,1329.82,Illinois,Consumer,3,1,2,312,6,Promising,443.27,1795.26
CUST_03020,48,4,1101.53,North Carolina,Corporate,3,2,2,322,7,Promising,275.38,1487.07
CUST_03021,72,6,1919.8000000000002,California,Consumer,3,3,3,333,9,Loyal Customers,319.97,2591.73
CUST_03022,494,3,478.85999999999996,New York,Consumer,1,1,1,111,3,Lost Customers,159.62,646.46
CUST_03023,512,5,2029.26,Texas,Consumer,1,2,3,123,6,Hibernating,405.85,2739.5
CUST_03024,85,6,2813.1600000000003,Pennsylvania,Consumer,3,3,4,334,10,Loyal Customers,468.86,3797.77
CUST_03025,236,3,1013.88,New York,Consumer,1,1,1,111,3,Lost Customers,337.96,1368.74
CUST_03026,31,6,2218.72,Texas,Consumer,4,3,4,434,11,Loyal Customers,369.79,2995.27
CUST_03027,204,8,2817.58,Pennsylvania,Small Business,2,5,4,254,11,At Risk,352.2,3803.73
CUST_03028,38,6,2275.54,Texas,Consumer,4,3,4,434,11,Loyal Customers,379.26,3071.98
CUST_03029,50,5,2193.09,Massachusetts,Consumer,3,2,3,323,8,Promising,438.62,2960.67
CUST_03030,292,5,3370.28,Washington,Consumer,1,2,5,125,8,Hibernating,674.06,4549.88
CUST_03031,17,4,979.9499999999999,Florida,Consumer,5,2,1,521,8,Potential Loyalists,244.99,1322.93
CUST_03032,417,2,1624.2800000000002,Pennsylvania,Consumer,1,1,3,113,5,Lost Customers,812.14,2192.78
CUST_03033,71,5,1288.67,Washington,Corporate,3,2,2,322,7,Promising,257.73,1739.7
CUST_03034,189,4,1166.26,New York,Consumer,2,2,2,222,6,Customers Needing Attention,291.56,1574.45
CUST_03035,115,7,2020.94,Georgia,Consumer,2,4,3,243,9,At Risk,288.71,2728.27
CUST_03036,107,8,4209.64,Georgia,Consumer,2,5,5,255,12,At Risk,526.21,5683.01
CUST_03037,48,3,781.6099999999999,Illinois,Consumer,3,1,1,311,5,Promising,260.54,1055.17
CUST_03038,131,9,3011.82,Massachusetts,Small Business,2,5,4,254,11,At Risk,334.65,4065.96
CUST_03039,347,5,2110.26,Pennsylvania,Consumer,1,2,3,123,6,Hibernating,422.05,2848.85
CUST_03040,56,6,1330.88,California,Consumer,3,3,2,332,8,Loyal Customers,221.81,1796.69
CUST_03041,53,6,1885.1399999999999,Texas,Consumer,3,3,3,333,9,Loyal Customers,314.19,2544.94
CUST_03042,29,4,3300.58,Illinois,Small Business,4,2,5,425,11,Potential Loyalists,825.14,4455.78
CUST_03043,25,10,2939.6,Massachusetts,Consumer,4,5,4,454,13,Champions,293.96,3968.46
CUST_03044,54,6,2481.41,Florida,Consumer,3,3,4,334,10,Loyal Customers,413.57,3349.9
CUST_03045,76,11,4222.47,Texas,Corporate,3,5,5,355,13,Loyal Customers,383.86,5700.33
CUST_03046,321,2,509.56,Colorado,Corporate,1,1,1,111,3,Lost Customers,254.78,687.91
CUST_03047,179,8,3968.8500000000004,Texas,Consumer,2,5,5,255,12,At Risk,496.11,5357.95
CUST_03048,42,7,1175.98,Illinois,Consumer,4,4,2,442,10,Champions,168.0,1587.57
CUST_03049,31,10,3571.24,California,Consumer,4,5,5,455,14,Champions,357.12,4821.17
CUST_03050,6,5,1605.6000000000001,Illinois,Consumer,5,2,2,522,9,Potential Loyalists,321.12,2167.56
CUST_03051,420,4,2682.57,California,Consumer,1,2,4,124,7,Hibernating,670.64,3621.47
CUST_03052,76,8,4267.25,Ohio,Consumer,3,5,5,355,13,Loyal Customers,533.41,5760.79
CUST_03053,199,6,3069.39,Massachusetts,Consumer,2,3,4,234,9,At Risk,511.56,4143.68
CUST_03054,6,6,1253.09,Washington,Consumer,5,3,2,532,10,Loyal Customers,208.85,1691.67
CUST_03055,287,3,1588.98,Ohio,Consumer,1,1,2,112,4,Lost Customers,529.66,2145.12
CUST_03056,537,5,693.18,California,Small Business,1,2,1,121,4,Hibernating,138.64,935.79
CUST_03057,60,7,1139.23,Massachusetts,Consumer,3,4,2,342,9,Loyal Customers,162.75,1537.96
CUST_03058,36,11,4165.59,Florida,Consumer,4,5,5,455,14,Champions,378.69,5623.55
CUST_03059,201,7,2701.71,Texas,Consumer,2,4,4,244,10,At Risk,385.96,3647.31
CUST_03060,15,5,1183.41,Massachusetts,Small Business,5,2,2,522,9,Potential Loyalists,236.68,1597.6
CUST_03061,12,4,1569.49,Florida,Consumer,5,2,2,522,9,Potential Loyalists,392.37,2118.81
CUST_03062,97,7,1283.45,North Carolina,Consumer,2,4,2,242,8,At Risk,183.35,1732.66
CUST_03063,33,9,1764.75,California,Consumer,4,5,3,453,12,Champions,196.08,2382.41
CUST_03064,20,5,2624.5299999999997,New York,Consumer,5,2,4,524,11,Potential Loyalists,524.91,3543.12
CUST_03065,24,9,2631.36,Florida,Consumer,4,5,4,454,13,Champions,292.37,3552.34
CUST_03066,23,9,738.27,California,Consumer,4,5,1,451,10,Champions,82.03,996.66
CUST_03067,191,9,3202.14,Texas,Consumer,2,5,5,255,12,At Risk,355.79,4322.89
CUST_03068,237,3,628.5799999999999,Pennsylvania,Small Business,1,1,1,111,3,Lost Customers,209.53,848.58
CUST_03069,51,9,2649.0099999999998,California,Consumer,3,5,4,354,12,Loyal Customers,294.33,3576.16
CUST_03070,314,4,1117.0,Florida,Consumer,1,2,2,122,5,Hibernating,279.25,1507.95
CUST_03071,124,9,4581.469999999999,North Carolina,Corporate,2,5,5,255,12,At Risk,509.05,6184.98
CUST_03072,1,6,4681.3,Pennsylvania,Consumer,5,3,5,535,13,Loyal Customers,780.22,6319.76
CUST_03073,397,7,1946.99,New York,Consumer,1,4,3,143,8,Can't Lose Them,278.14,2628.44
CUST_03075,208,5,1327.3600000000001,Washington,Consumer,2,2,2,222,6,Customers Needing Attention,265.47,1791.94
CUST_03076,116,8,3051.79,Florida,Corporate,2,5,4,254,11,At Risk,381.47,4119.92
CUST_03077,87,3,1104.22,New York,Small Business,3,1,2,312,6,Promising,368.07,1490.7
CUST_03078,173,3,1189.29,Pennsylvania,Consumer,2,1,2,212,5,Customers Needing Attention,396.43,1605.54
CUST_03079,1,7,1859.5,New York,Consumer,5,4,3,543,12,Champions,265.64,2510.33
CUST_03080,28,5,1285.1,North Carolina,Small Business,4,2,2,422,8,Potential Loyalists,257.02,1734.88
CUST_03081,414,5,1208.01,Pennsylvania,Corporate,1,2,2,122,5,Hibernating,241.6,1630.81
CUST_03082,310,5,2855.32,Illinois,Corporate,1,2,4,124,7,Hibernating,571.06,3854.68
CUST_03083,151,7,1832.44,Georgia,Consumer,2,4,3,243,9,At Risk,261.78,2473.79
CUST_03084,97,6,2517.8599999999997,Ohio,Consumer,2,3,4,234,9,At Risk,419.64,3399.11
CUST_03085,266,3,1733.79,Illinois,Corporate,1,1,3,113,5,Lost Customers,577.93,2340.62
CUST_03086,50,11,5084.95,Colorado,Consumer,3,5,5,355,13,Loyal Customers,462.27,6864.68
CUST_03087,45,7,1403.1200000000001,Ohio,Consumer,3,4,2,342,9,Loyal Customers,200.45,1894.21
CUST_03088,289,6,1634.41,California,Consumer,1,3,3,133,7,Hibernating,272.4,2206.45
CUST_03089,8,3,395.82,Texas,Consumer,5,1,1,511,7,Potential Loyalists,131.94,534.36
CUST_03090,141,6,1455.3600000000001,Texas,Consumer,2,3,2,232,7,At Risk,242.56,1964.74
CUST_03091,20,8,2286.67,Georgia,Consumer,5,5,4,554,14,Champions,285.83,3087.0
CUST_03092,81,11,2194.01,Pennsylvania,Small Business,3,5,3,353,11,Loyal Customers,199.46,2961.91
CUST_03093,28,4,2857.76,Massachusetts,Consumer,4,2,4,424,10,Potential Loyalists,714.44,3857.98
CUST_03094,77,1,586.97,Georgia,Corporate,3,1,1,311,5,Promising,586.97,792.41
CUST_03095,244,2,215.04999999999998,Illinois,Consumer,1,1,1,111,3,Lost Customers,107.52,290.32
CUST_03096,27,5,623.7,Texas,Consumer,4,2,1,421,7,Potential Loyalists,124.74,842.0
CUST_03097,81,6,2507.0,Texas,Small Business,3,3,4,334,10,Loyal Customers,417.83,3384.45
CUST_03098,12,5,588.48,Florida,Consumer,5,2,1,521,8,Potential Loyalists,117.7,794.45
CUST_03099,306,8,3349.79,Illinois,Consumer,1,5,5,155,11,Can't Lose Them,418.72,4522.22
CUST_03100,221,10,3253.13,Pennsylvania,Consumer,1,5,5,155,11,Can't Lose Them,325.31,4391.73
CUST_03101,87,5,860.5,Texas,Consumer,3,2,1,321,6,Promising,172.1,1161.68
CUST_03102,84,8,4610.43,California,Corporate,3,5,5,355,13,Loyal Customers,576.3,6224.08
CUST_03103,102,5,666.31,New York,Small Business,2,2,1,221,5,Customers Needing Attention,133.26,899.52
CUST_03104,60,5,1147.0400000000002,New York,Consumer,3,2,2,322,7,Promising,229.41,1548.5
CUST_03105,43,4,1331.87,Texas,Consumer,4,2,2,422,8,Potential Loyalists,332.97,1798.02
CUST_03106,83,9,2128.36,Texas,Consumer,3,5,3,353,11,Loyal Customers,236.48,2873.29
CUST_03107,40,4,768.84,Florida,Corporate,4,2,1,421,7,Potential Loyalists,192.21,1037.93
CUST_03108,35,13,4807.59,Florida,Consumer,4,5,5,455,14,Champions,369.81,6490.25
CUST_03109,8,7,2909.86,Florida,Consumer,5,4,4,544,13,Champions,415.69,3928.31
CUST_03110,211,6,1790.16,California,Consumer,2,3,3,233,8,At Risk,298.36,2416.72
CUST_03111,17,6,4764.93,Texas,Consumer,5,3,5,535,13,Loyal Customers,794.16,6432.66
CUST_03112,35,6,2082.75,New York,Consumer,4,3,3,433,10,Loyal Customers,347.12,2811.71
CUST_03113,49,8,1926.03,Massachusetts,Corporate,3,5,3,353,11,Loyal Customers,240.75,2600.14
CUST_03114,47,8,4836.82,Florida,Consumer,3,5,5,355,13,Loyal Customers,604.6,6529.71
CUST_03115,77,7,3163.2700000000004,Texas,Consumer,3,4,5,345,12,Loyal Customers,451.9,4270.41
CUST_03116,94,5,2048.1,California,Corporate,2,2,3,223,7,Customers Needing Attention,409.62,2764.94
CUST_03117,29,11,3538.4900000000002,Texas,Corporate,4,5,5,455,14,Champions,321.68,4776.96
CUST_03118,75,5,1954.15,California,Consumer,3,2,3,323,8,Promising,390.83,2638.1
CUST_03119,27,6,744.55,Colorado,Consumer,4,3,1,431,8,Loyal Customers,124.09,1005.14
CUST_03120,47,5,995.1,Florida,Consumer,3,2,1,321,6,Promising,199.02,1343.39
CUST_03121,13,6,2029.19,Ohio,Consumer,5,3,3,533,11,Loyal Customers,338.2,2739.41
CUST_03122,51,9,3191.0,Pennsylvania,Consumer,3,5,5,355,13,Loyal Customers,354.56,4307.85
CUST_03123,4,10,2756.37,Illinois,Consumer,5,5,4,554,14,Champions,275.64,3721.1
CUST_03124,283,10,4820.67,Texas,Consumer,1,5,5,155,11,Can't Lose Them,482.07,6507.9
CUST_03125,12,8,2790.03,Georgia,Corporate,5,5,4,554,14,Champions,348.75,3766.54
CUST_03126,116,5,1677.03,Florida,Consumer,2,2,3,223,7,Customers Needing Attention,335.41,2263.99
CUST_03127,2,6,2403.2,Georgia,Consumer,5,3,4,534,12,Loyal Customers,400.53,3244.32
CUST_03128,95,4,968.81,California,Consumer,2,2,1,221,5,Customers Needing Attention,242.2,1307.89
CUST_03129,181,6,1867.32,Georgia,Small Business,2,3,3,233,8,At Risk,311.22,2520.88
CUST_03130,12,9,3377.5,Texas,Corporate,5,5,5,555,15,Champions,375.28,4559.62
CUST_03131,2,6,1467.88,California,Corporate,5,3,2,532,10,Loyal Customers,244.65,1981.64
CUST_03132,33,7,2784.9700000000003,North Carolina,Corporate,4,4,4,444,12,Champions,397.85,3759.71
CUST_03133,39,5,1558.26,Florida,Small Business,4,2,2,422,8,Potential Loyalists,311.65,2103.65
CUST_03134,268,5,410.55,Florida,Consumer,1,2,1,121,4,Hibernating,82.11,554.24
CUST_03135,339,5,1311.24,Florida,Consumer,1,2,2,122,5,Hibernating,262.25,1770.17
CUST_03136,72,5,2222.35,Massachusetts,Consumer,3,2,4,324,9,Promising,444.47,3000.17
CUST_03137,344,8,3674.88,California,Corporate,1,5,5,155,11,Can't Lose Them,459.36,4961.09
CUST_03138,117,11,3665.79,Colorado,Corporate,2,5,5,255,12,At Risk,333.25,4948.82
CUST_03139,241,5,1089.17,Ohio,Consumer,1,2,2,122,5,Hibernating,217.83,1470.38
CUST_03140,1,8,2508.66,California,Consumer,5,5,4,554,14,Champions,313.58,3386.69
CUST_03141,37,4,1845.14,New York,Consumer,4,2,3,423,9,Potential Loyalists,461.28,2490.94
CUST_03142,20,3,427.56,California,Small Business,5,1,1,511,7,Potential Loyalists,142.52,577.21
CUST_03143,23,7,1050.43,New York,Consumer,4,4,2,442,10,Champions,150.06,1418.08
CUST_03144,95,7,2986.66,California,Consumer,2,4,4,244,10,At Risk,426.67,4031.99
CUST_03145,10,5,1635.9499999999998,Washington,Consumer,5,2,3,523,10,Potential Loyalists,327.19,2208.53
CUST_03146,14,11,2315.88,Georgia,Consumer,5,5,4,554,14,Champions,210.53,3126.44
CUST_03147,41,9,4781.9,Texas,Corporate,4,5,5,455,14,Champions,531.32,6455.56
CUST_03148,118,9,3856.36,California,Consumer,2,5,5,255,12,At Risk,428.48,5206.09
CUST_03149,35,5,2541.38,Florida,Corporate,4,3,4,434,11,Loyal Customers,508.28,3430.86
CUST_03150,90,7,2667.07,Georgia,Consumer,3,4,4,344,11,Loyal Customers,381.01,3600.54
CUST_03151,70,6,2389.02,Florida,Consumer,3,3,4,334,10,Loyal Customers,398.17,3225.18
CUST_03152,128,4,1102.94,Illinois,Consumer,2,2,2,222,6,Customers Needing Attention,275.74,1488.97
CUST_03153,25,6,533.38,Colorado,Corporate,4,3,1,431,8,Loyal Customers,88.9,720.06
CUST_03154,155,6,3581.19,Texas,Consumer,2,3,5,235,10,At Risk,596.86,4834.61
CUST_03155,32,10,3516.75,California,Consumer,4,5,5,455,14,Champions,351.68,4747.61
CUST_03156,9,8,2739.4,Washington,Consumer,5,5,4,554,14,Champions,342.42,3698.19
CUST_03157,19,2,100.65,Florida,Small Business,5,1,1,511,7,Potential Loyalists,50.32,135.88
CUST_03158,28,4,1231.05,Florida,Consumer,4,2,2,422,8,Potential Loyalists,307.76,1661.92
CUST_03159,24,6,1636.07,Texas,Corporate,4,3,3,433,10,Loyal Customers,272.68,2208.69
CUST_03160,41,7,1332.57,Illinois,Consumer,4,4,2,442,10,Champions,190.37,1798.97
CUST_03161,214,5,1574.1399999999999,Florida,Consumer,2,3,2,232,7,At Risk,314.83,2125.09
CUST_03162,34,4,480.69,Florida,Consumer,4,2,1,421,7,Potential Loyalists,120.17,648.93
CUST_03163,20,10,4107.84,California,Consumer,5,5,5,555,15,Champions,410.78,5545.58
CUST_03164,363,8,1621.84,Washington,Consumer,1,5,3,153,9,Can't Lose Them,202.73,2189.48
CUST_03165,2,8,2978.7200000000003,Texas,Consumer,5,5,4,554,14,Champions,372.34,4021.27
CUST_03166,65,11,2836.05,New York,Consumer,3,5,4,354,12,Loyal Customers,257.82,3828.67
CUST_03167,49,8,2069.37,Georgia,Small Business,3,5,3,353,11,Loyal Customers,258.67,2793.65
CUST_03168,320,7,2427.67,Illinois,Consumer,1,4,4,144,9,Can't Lose Them,346.81,3277.35
CUST_03169,39,4,1596.33,Florida,Corporate,4,2,2,422,8,Potential Loyalists,399.08,2155.05
CUST_03170,43,10,2132.91,Florida,Consumer,4,5,3,453,12,Champions,213.29,2879.43
CUST_03171,403,1,176.01999999999998,California,Consumer,1,1,1,111,3,Lost Customers,176.02,237.63
CUST_03172,34,5,2011.8,Pennsylvania,Consumer,4,3,3,433,10,Loyal Customers,402.36,2715.93
CUST_03173,41,2,954.63,Illinois,Consumer,4,1,1,411,6,Potential Loyalists,477.32,1288.75
CUST_03174,53,7,1992.74,California,Consumer,3,4,3,343,10,Loyal Customers,284.68,2690.2
CUST_03175,104,7,3202.0099999999998,California,Consumer,2,4,5,245,11,At Risk,457.43,4322.71
CUST_03176,276,3,285.13,Illinois,Consumer,1,1,1,111,3,Lost Customers,95.04,384.93
CUST_03177,362,3,657.27,Washington,Consumer,1,1,1,111,3,Lost Customers,219.09,887.31
CUST_03178,19,8,2686.2,Ohio,Corporate,5,5,4,554,14,Champions,335.78,3626.37
CUST_03179,277,6,1869.6,Colorado,Corporate,1,3,3,133,7,Hibernating,311.6,2523.96
CUST_03180,48,8,1667.6,Massachusetts,Consumer,3,5,3,353,11,Loyal Customers,208.45,2251.26
CUST_03181,203,6,2930.4700000000003,Washington,Consumer,2,3,4,234,9,At Risk,488.41,3956.13
CUST_03182,49,7,1030.28,Massachusetts,Consumer,3,4,2,342,9,Loyal Customers,147.18,1390.88
CUST_03183,10,9,4849.51,North Carolina,Consumer,5,5,5,555,15,Champions,538.83,6546.84
CUST_03184,38,6,1225.1399999999999,Florida,Consumer,4,3,2,432,9,Loyal Customers,204.19,1653.94
CUST_03185,748,4,639.63,California,Consumer,1,2,1,121,4,Hibernating,159.91,863.5
CUST_03186,3,6,1767.9,Florida,Consumer,5,3,3,533,11,Loyal Customers,294.65,2386.67
CUST_03187,41,6,1251.48,New York,Consumer,4,3,2,432,9,Loyal Customers,208.58,1689.5
CUST_03188,73,11,4311.15,California,Consumer,3,5,5,355,13,Loyal Customers,391.92,5820.05
CUST_03189,35,9,3388.13,Colorado,Corporate,4,5,5,455,14,Champions,376.46,4573.98
CUST_03190,70,6,2382.75,California,Corporate,3,3,4,334,10,Loyal Customers,397.12,3216.71
CUST_03191,26,6,1804.17,Texas,Consumer,4,3,3,433,10,Loyal Customers,300.7,2435.63
CUST_03192,55,6,2722.23,Texas,Small Business,3,3,4,334,10,Loyal Customers,453.7,3675.01
CUST_03193,38,13,5332.93,California,Small Business,4,5,5,455,14,Champions,410.23,7199.46
CUST_03194,11,7,2688.73,Washington,Consumer,5,4,4,544,13,Champions,384.1,3629.79
CUST_03195,178,5,1885.3400000000001,Washington,Consumer,2,3,3,233,8,At Risk,377.07,2545.21
CUST_03196,27,6,2923.27,Massachusetts,Consumer,4,3,4,434,11,Loyal Customers,487.21,3946.41
CUST_03197,145,4,1171.13,Massachusetts,Small Business,2,2,2,222,6,Customers Needing Attention,292.78,1581.03
CUST_03198,25,4,1905.83,Massachusetts,Corporate,4,2,3,423,9,Potential Loyalists,476.46,2572.87
CUST_03199,41,6,3529.67,Massachusetts,Consumer,4,3,5,435,12,Loyal Customers,588.28,4765.05
CUST_03200,63,7,2736.84,Massachusetts,Consumer,3,4,4,344,11,Loyal Customers,390.98,3694.73
CUST_03201,27,6,480.65,Pennsylvania,Consumer,4,3,1,431,8,Loyal Customers,80.11,648.88
CUST_03202,206,8,1383.58,Texas,Consumer,2,5,2,252,9,At Risk,172.95,1867.83
CUST_03203,135,8,3048.0299999999997,Washington,Consumer,2,5,4,254,11,At Risk,381.0,4114.84
CUST_03204,20,11,6077.52,California,Corporate,5,5,5,555,15,Champions,552.5,8204.65
CUST_03205,58,4,966.31,California,Consumer,3,2,1,321,6,Promising,241.58,1304.52
CUST_03206,17,10,2893.28,Pennsylvania,Corporate,5,5,4,554,14,Champions,289.33,3905.93
CUST_03207,39,6,2218.49,Florida,Corporate,4,3,3,433,10,Loyal Customers,369.75,2994.96
CUST_03208,31,7,1701.1,Massachusetts,Corporate,4,4,3,443,11,Champions,243.01,2296.48
CUST_03209,157,5,1127.46,New York,Consumer,2,3,2,232,7,At Risk,225.49,1522.07
CUST_03210,43,5,1194.88,Pennsylvania,Consumer,4,3,2,432,9,Loyal Customers,238.98,1613.09
CUST_03211,27,8,1364.34,Texas,Consumer,4,5,2,452,11,Champions,170.54,1841.86
CUST_03212,1,5,2161.59,New York,Consumer,5,3,3,533,11,Loyal Customers,432.32,2918.15
CUST_03213,374,5,706.07,New York,Consumer,1,3,1,131,5,Hibernating,141.21,953.19
CUST_03214,268,2,1216.42,Texas,Consumer,1,1,2,112,4,Lost Customers,608.21,1642.17
CUST_03215,223,9,1589.0900000000001,North Carolina,Consumer,1,5,2,152,8,Can't Lose Them,176.57,2145.27
CUST_03216,224,7,1761.03,Pennsylvania,Consumer,1,4,3,143,8,Can't Lose Them,251.58,2377.39
CUST_03217,11,5,1800.14,California,Consumer,5,3,3,533,11,Loyal Customers,360.03,2430.19
CUST_03218,6,9,4961.28,New York,Consumer,5,5,5,555,15,Champions,551.25,6697.73
CUST_03219,29,10,5003.05,Washington,Corporate,4,5,5,455,14,Champions,500.3,6754.12
CUST_03220,373,6,2311.07,Washington,Corporate,1,3,4,134,8,Hibernating,385.18,3119.94
CUST_03221,105,7,1781.94,Ohio,Consumer,2,4,3,243,9,At Risk,254.56,2405.62
CUST_03222,73,4,1159.31,California,Consumer,3,2,2,322,7,Promising,289.83,1565.07
CUST_03223,4,11,3372.62,Texas,Consumer,5,5,5,555,15,Champions,306.6,4553.04
CUST_03224,112,10,4164.35,Georgia,Consumer,2,5,5,255,12,At Risk,416.44,5621.87
CUST_03225,58,7,3194.14,California,Consumer,3,4,5,345,12,Loyal Customers,456.31,4312.09
CUST_03226,64,6,2540.36,Washington,Corporate,3,3,4,334,10,Loyal Customers,423.39,3429.49
CUST_03227,89,4,1981.35,Florida,Consumer,3,2,3,323,8,Promising,495.34,2674.82
CUST_03228,29,11,4316.08,California,Consumer,4,5,5,455,14,Champions,392.37,5826.71
CUST_03229,35,7,2457.96,Florida,Consumer,4,4,4,444,12,Champions,351.14,3318.25
CUST_03230,94,7,3152.34,Colorado,Consumer,2,4,5,245,11,At Risk,450.33,4255.66
CUST_03231,16,6,1920.13,New York,Consumer,5,3,3,533,11,Loyal Customers,320.02,2592.18
CUST_03232,220,2,693.7,Massachusetts,Consumer,1,1,1,111,3,Lost Customers,346.85,936.5
CUST_03233,40,5,1207.67,Ohio,Consumer,4,3,2,432,9,Loyal Customers,241.53,1630.35
CUST_03234,15,9,3016.8900000000003,Pennsylvania,Consumer,5,5,4,554,14,Champions,335.21,4072.8
CUST_03235,152,8,6303.17,Colorado,Consumer,2,5,5,255,12,At Risk,787.9,8509.28
CUST_03236,63,8,3547.77,North Carolina,Consumer,3,5,5,355,13,Loyal Customers,443.47,4789.49
CUST_03237,1,7,1780.7,California,Consumer,5,4,3,543,12,Champions,254.39,2403.95
CUST_03238,25,5,1461.84,New York,Small Business,4,3,2,432,9,Loyal Customers,292.37,1973.48
CUST_03239,10,9,2286.48,North Carolina,Consumer,5,5,4,554,14,Champions,254.05,3086.75
CUST_03240,3,3,825.02,Georgia,Consumer,5,1,1,511,7,Potential Loyalists,275.01,1113.78
CUST_03241,178,6,3290.22,Florida,Consumer,2,3,5,235,10,At Risk,548.37,4441.8
CUST_03242,256,4,842.99,New York,Consumer,1,2,1,121,4,Hibernating,210.75,1138.04
CUST_03243,7,8,1217.69,Florida,Consumer,5,5,2,552,12,Champions,152.21,1643.88
CUST_03244,93,6,935.4799999999999,Texas,Consumer,3,3,1,331,7,Loyal Customers,155.91,1262.9
CUST_03245,277,3,1802.13,Pennsylvania,Corporate,1,1,3,113,5,Lost Customers,600.71,2432.88
CUST_03246,328,5,1405.6399999999999,Texas,Consumer,1,3,2,132,6,Hibernating,281.13,1897.61
CUST_03247,149,7,3060.95,Massachusetts,Consumer,2,4,4,244,10,At Risk,437.28,4132.28
CUST_03248,8,6,1244.75,California,Consumer,5,3,2,532,10,Loyal Customers,207.46,1680.41
CUST_03249,39,9,3373.45,Georgia,Corporate,4,5,5,455,14,Champions,374.83,4554.16
CUST_03250,105,8,2833.63,Florida,Consumer,2,5,4,254,11,At Risk,354.2,3825.4
CUST_03251,25,5,2817.91,New York,Consumer,4,3,4,434,11,Loyal Customers,563.58,3804.18
CUST_03252,9,4,880.51,Illinois,Consumer,5,2,1,521,8,Potential Loyalists,220.13,1188.69
CUST_03253,24,5,1452.88,Florida,Consumer,4,3,2,432,9,Loyal Customers,290.58,1961.39
CUST_03254,14,13,4620.52,Georgia,Consumer,5,5,5,555,15,Champions,355.42,6237.7
CUST_03256,4,7,3449.2999999999997,California,Consumer,5,4,5,545,14,Champions,492.76,4656.56
CUST_03257,339,8,2187.96,Washington,Consumer,1,5,3,153,9,Can't Lose Them,273.5,2953.75
CUST_03258,281,7,1245.59,Pennsylvania,Consumer,1,4,2,142,7,Can't Lose Them,177.94,1681.55
CUST_03259,35,6,2301.23,Massachusetts,Consumer,4,3,4,434,11,Loyal Customers,383.54,3106.66
CUST_03260,59,7,2140.09,California,Corporate,3,4,3,343,10,Loyal Customers,305.73,2889.12
CUST_03261,104,10,2929.66,Washington,Consumer,2,5,4,254,11,At Risk,292.97,3955.04
CUST_03262,25,6,2126.25,Washington,Consumer,4,3,3,433,10,Loyal Customers,354.38,2870.44
CUST_03263,32,7,2639.9500000000003,Colorado,Consumer,4,4,4,444,12,Champions,377.14,3563.93
CUST_03264,85,6,1371.69,New York,Consumer,3,3,2,332,8,Loyal Customers,228.62,1851.78
CUST_03265,203,4,272.84000000000003,Washington,Corporate,2,2,1,221,5,Customers Needing Attention,68.21,368.33
CUST_03266,43,9,2825.58,California,Consumer,4,5,4,454,13,Champions,313.95,3814.53
CUST_03267,88,9,2849.91,Texas,Consumer,3,5,4,354,12,Loyal Customers,316.66,3847.38
CUST_03268,71,6,2419.6,Massachusetts,Consumer,3,3,4,334,10,Loyal Customers,403.27,3266.46
CUST_03269,5,7,1699.67,Massachusetts,Consumer,5,4,3,543,12,Champions,242.81,2294.55
CUST_03270,266,3,958.9200000000001,Florida,Consumer,1,1,1,111,3,Lost Customers,319.64,1294.54
CUST_03271,390,5,1006.91,Ohio,Consumer,1,3,1,131,5,Hibernating,201.38,1359.33
CUST_03272,3,8,1854.74,Georgia,Consumer,5,5,3,553,13,Champions,231.84,2503.9
CUST_03273,138,3,296.96,Washington,Corporate,2,1,1,211,4,Customers Needing Attention,98.99,400.9
CUST_03274,70,6,4178.29,North Carolina,Consumer,3,3,5,335,11,Loyal Customers,696.38,5640.69
CUST_03275,78,6,2838.95,Texas,Corporate,3,3,4,334,10,Loyal Customers,473.16,3832.58
CUST_03276,33,7,2239.64,Florida,Corporate,4,4,4,444,12,Champions,319.95,3023.51
CUST_03277,31,7,1260.67,Massachusetts,Corporate,4,4,2,442,10,Champions,180.1,1701.9
CUST_03278,14,10,3317.09,Illinois,Consumer,5,5,5,555,15,Champions,331.71,4478.07
CUST_03279,10,9,3283.38,Massachusetts,Consumer,5,5,5,555,15,Champions,364.82,4432.56
CUST_03280,49,7,1729.01,Georgia,Corporate,3,4,3,343,10,Loyal Customers,247.0,2334.16
CUST_03281,402,1,817.01,Texas,Consumer,1,1,1,111,3,Lost Customers,817.01,1102.96
CUST_03282,15,5,824.54,North Carolina,Consumer,5,3,1,531,9,Loyal Customers,164.91,1113.13
CUST_03283,314,8,2840.82,Georgia,Corporate,1,5,4,154,10,Can't Lose Them,355.1,3835.11
CUST_03284,193,4,916.21,Texas,Corporate,2,2,1,221,5,Customers Needing Attention,229.05,1236.88
CUST_03285,204,8,3581.25,California,Consumer,2,5,5,255,12,At Risk,447.66,4834.69
CUST_03286,15,4,2777.7400000000002,Massachusetts,Consumer,5,2,4,524,11,Potential Loyalists,694.44,3749.95
CUST_03287,353,5,3415.11,Texas,Consumer,1,3,5,135,9,Hibernating,683.02,4610.4
CUST_03288,78,4,1315.51,Texas,Corporate,3,2,2,322,7,Promising,328.88,1775.94
CUST_03289,38,10,2891.7799999999997,New York,Small Business,4,5,4,454,13,Champions,289.18,3903.9
CUST_03290,307,5,1038.9,Texas,Consumer,1,3,2,132,6,Hibernating,207.78,1402.52
CUST_03291,198,5,1000.76,Texas,Consumer,2,3,1,231,6,At Risk,200.15,1351.03
CUST_03292,54,5,2136.87,Texas,Corporate,3,3,3,333,9,Loyal Customers,427.37,2884.77
CUST_03293,174,9,3509.34,New York,Consumer,2,5,5,255,12,At Risk,389.93,4737.61
CUST_03294,622,1,851.39,Texas,Consumer,1,1,1,111,3,Lost Customers,851.39,1149.38
CUST_03295,297,1,76.72,California,Small Business,1,1,1,111,3,Lost Customers,76.72,103.57
CUST_03296,11,10,4235.21,Pennsylvania,Consumer,5,5,5,555,15,Champions,423.52,5717.53
CUST_03297,545,1,189.19,Florida,Consumer,1,1,1,111,3,Lost Customers,189.19,255.41
CUST_03298,19,11,3363.27,Ohio,Consumer,5,5,5,555,15,Champions,305.75,4540.41
CUST_03299,5,7,2148.52,California,Consumer,5,4,3,543,12,Champions,306.93,2900.5
CUST_03300,3,8,2083.18,Washington,Corporate,5,5,3,553,13,Champions,260.4,2812.29
CUST_03301,36,12,5928.93,Georgia,Consumer,4,5,5,455,14,Champions,494.08,8004.06
CUST_03302,210,9,4898.88,Florida,Small Business,2,5,5,255,12,At Risk,544.32,6613.49
CUST_03303,133,2,90.86,Washington,Consumer,2,1,1,211,4,Customers Needing Attention,45.43,122.66
CUST_03304,28,10,1273.29,Texas,Consumer,4,5,2,452,11,Champions,127.33,1718.94
CUST_03305,89,6,2410.8900000000003,New York,Consumer,3,3,4,334,10,Loyal Customers,401.82,3254.7
CUST_03306,4,7,2924.25,Pennsylvania,Consumer,5,4,4,544,13,Champions,417.75,3947.74
CUST_03307,11,11,4231.13,Florida,Consumer,5,5,5,555,15,Champions,384.65,5712.03
CUST_03308,10,7,2976.36,Colorado,Consumer,5,4,4,544,13,Champions,425.19,4018.09
CUST_03309,54,7,4188.88,Florida,Consumer,3,4,5,345,12,Loyal Customers,598.41,5654.99
CUST_03310,6,6,2454.01,New York,Consumer,5,3,4,534,12,Loyal Customers,409.0,3312.91
CUST_03311,110,6,1091.07,Texas,Corporate,2,3,2,232,7,At Risk,181.84,1472.94
CUST_03312,35,6,3437.6800000000003,Florida,Consumer,4,3,5,435,12,Loyal Customers,572.95,4640.87
CUST_03313,4,13,4429.79,Florida,Corporate,5,5,5,555,15,Champions,340.75,5980.22
CUST_03314,28,9,3434.04,New York,Consumer,4,5,5,455,14,Champions,381.56,4635.95
CUST_03315,7,3,852.61,Florida,Consumer,5,1,1,511,7,Potential Loyalists,284.2,1151.02
CUST_03316,54,7,2604.3,California,Consumer,3,4,4,344,11,Loyal Customers,372.04,3515.8
CUST_03317,19,6,3063.6600000000003,New York,Consumer,5,3,4,534,12,Loyal Customers,510.61,4135.94
CUST_03318,35,10,5145.52,Washington,Consumer,4,5,5,455,14,Champions,514.55,6946.45
CUST_03319,34,6,2009.06,Pennsylvania,Corporate,4,3,3,433,10,Loyal Customers,334.84,2712.23
CUST_03320,15,13,3909.19,New York,Corporate,5,5,5,555,15,Champions,300.71,5277.41
CUST_03321,283,8,3643.24,North Carolina,Consumer,1,5,5,155,11,Can't Lose Them,455.4,4918.37
CUST_03322,254,2,1618.8400000000001,Texas,Consumer,1,1,3,113,5,Lost Customers,809.42,2185.43
CUST_03323,16,5,2301.92,Pennsylvania,Corporate,5,3,4,534,12,Loyal Customers,460.38,3107.59
CUST_03324,91,5,2480.7000000000003,Illinois,Consumer,3,3,4,334,10,Loyal Customers,496.14,3348.95
CUST_03325,271,5,1146.2,Texas,Corporate,1,3,2,132,6,Hibernating,229.24,1547.37
CUST_03326,58,8,2049.54,New York,Corporate,3,5,3,353,11,Loyal Customers,256.19,2766.88
CUST_03327,21,5,623.67,Pennsylvania,Corporate,4,3,1,431,8,Loyal Customers,124.73,841.95
CUST_03328,48,9,3077.51,North Carolina,Consumer,3,5,4,354,12,Loyal Customers,341.95,4154.64
CUST_03329,14,6,956.03,California,Consumer,5,3,1,531,9,Loyal Customers,159.34,1290.64
CUST_03330,154,9,1931.99,North Carolina,Consumer,2,5,3,253,10,At Risk,214.67,2608.19
CUST_03331,4,6,2334.29,Ohio,Consumer,5,3,4,534,12,Loyal Customers,389.05,3151.29
CUST_03332,11,10,3312.17,Colorado,Corporate,5,5,5,555,15,Champions,331.22,4471.43
CUST_03333,11,9,3415.5,Texas,Consumer,5,5,5,555,15,Champions,379.5,4610.92
CUST_03334,42,5,1294.16,Texas,Consumer,4,3,2,432,9,Loyal Customers,258.83,1747.12
CUST_03335,61,7,2797.7799999999997,California,Corporate,3,4,4,344,11,Loyal Customers,399.68,3777.0
CUST_03336,38,11,2865.01,Florida,Corporate,4,5,4,454,13,Champions,260.46,3867.76
CUST_03337,89,8,2510.43,New York,Small Business,3,5,4,354,12,Loyal Customers,313.8,3389.08
CUST_03338,174,4,2396.5099999999998,Texas,Corporate,2,2,4,224,8,Customers Needing Attention,599.13,3235.29
CUST_03339,76,6,1989.71,Pennsylvania,Consumer,3,3,3,333,9,Loyal Customers,331.62,2686.11
CUST_03340,47,6,2517.21,California,Consumer,3,3,4,334,10,Loyal Customers,419.54,3398.23
CUST_03341,9,12,2915.67,Pennsylvania,Corporate,5,5,4,554,14,Champions,242.97,3936.15
CUST_03342,389,5,691.3299999999999,Pennsylvania,Consumer,1,3,1,131,5,Hibernating,138.27,933.3
CUST_03343,16,7,966.55,Texas,Consumer,5,4,1,541,10,Champions,138.08,1304.84
CUST_03344,499,6,674.89,California,Consumer,1,3,1,131,5,Hibernating,112.48,911.1
CUST_03345,15,8,4336.85,Colorado,Consumer,5,5,5,555,15,Champions,542.11,5854.75
CUST_03346,43,6,2053.59,Colorado,Corporate,4,3,3,433,10,Loyal Customers,342.27,2772.35
CUST_03347,214,6,1097.58,Florida,Consumer,2,3,2,232,7,At Risk,182.93,1481.73
CUST_03348,469,2,395.35,North Carolina,Consumer,1,1,1,111,3,Lost Customers,197.68,533.72
CUST_03349,46,7,2897.7000000000003,Florida,Consumer,3,4,4,344,11,Loyal Customers,413.96,3911.9
CUST_03350,251,3,399.21,Illinois,Consumer,1,1,1,111,3,Lost Customers,133.07,538.93
CUST_03351,39,2,256.3,Florida,Consumer,4,1,1,411,6,Potential Loyalists,128.15,346.01
CUST_03352,243,4,1723.76,Texas,Consumer,1,2,3,123,6,Hibernating,430.94,2327.08
CUST_03353,213,3,1285.8,North Carolina,Small Business,2,1,2,212,5,Customers Needing Attention,428.6,1735.83
CUST_03354,281,2,1270.58,Texas,Consumer,1,1,2,112,4,Lost Customers,635.29,1715.28
CUST_03355,87,7,2401.88,New York,Consumer,3,4,4,344,11,Loyal Customers,343.13,3242.54
CUST_03356,31,4,797.11,Texas,Consumer,4,2,1,421,7,Potential Loyalists,199.28,1076.1
CUST_03357,278,3,485.36,Texas,Consumer,1,1,1,111,3,Lost Customers,161.79,655.24
CUST_03358,185,3,1254.53,Illinois,Consumer,2,1,2,212,5,Customers Needing Attention,418.18,1693.62
CUST_03359,14,7,3217.54,Florida,Corporate,5,4,5,545,14,Champions,459.65,4343.68
CUST_03360,45,12,2908.07,New York,Consumer,3,5,4,354,12,Loyal Customers,242.34,3925.89
CUST_03361,296,4,1194.83,Massachusetts,Corporate,1,2,2,122,5,Hibernating,298.71,1613.02
CUST_03362,184,4,2329.83,Texas,Consumer,2,2,4,224,8,Customers Needing Attention,582.46,3145.27
CUST_03363,139,5,1467.06,Georgia,Consumer,2,3,2,232,7,At Risk,293.41,1980.53
CUST_03364,36,4,2024.77,Pennsylvania,Consumer,4,2,3,423,9,Potential Loyalists,506.19,2733.44
CUST_03365,437,4,1543.75,Florida,Small Business,1,2,2,122,5,Hibernating,385.94,2084.06
CUST_03366,21,8,1895.5,Colorado,Consumer,4,5,3,453,12,Champions,236.94,2558.93
CUST_03367,44,2,258.86,Massachusetts,Consumer,4,1,1,411,6,Potential Loyalists,129.43,349.46
CUST_03368,157,6,2567.75,California,Consumer,2,3,4,234,9,At Risk,427.96,3466.46
CUST_03369,208,4,1230.47,Colorado,Consumer,2,2,2,222,6,Customers Needing Attention,307.62,1661.13
CUST_03370,63,2,366.79,Texas,Consumer,3,1,1,311,5,Promising,183.4,495.17
CUST_03371,38,7,2767.78,Washington,Consumer,4,4,4,444,12,Champions,395.4,3736.5
CUST_03372,10,8,1792.07,Massachusetts,Consumer,5,5,3,553,13,Champions,224.01,2419.29
CUST_03373,72,3,573.54,Texas,Consumer,3,1,1,311,5,Promising,191.18,774.28
CUST_03374,87,8,2763.63,Colorado,Consumer,3,5,4,354,12,Loyal Customers,345.45,3730.9
CUST_03375,131,8,2692.92,Texas,Corporate,2,5,4,254,11,At Risk,336.62,3635.44
CUST_03376,162,7,1843.8,Pennsylvania,Corporate,2,4,3,243,9,At Risk,263.4,2489.13
CUST_03377,395,8,3054.23,Texas,Corporate,1,5,4,154,10,Can't Lose Them,381.78,4123.21
CUST_03378,165,6,2625.46,Massachusetts,Consumer,2,3,4,234,9,At Risk,437.58,3544.37
CUST_03379,245,4,874.69,Illinois,Consumer,1,2,1,121,4,Hibernating,218.67,1180.83
CUST_03380,14,7,1162.85,Colorado,Consumer,5,4,2,542,11,Champions,166.12,1569.85
CUST_03381,52,8,2049.0,New York,Consumer,3,5,3,353,11,Loyal Customers,256.12,2766.15
CUST_03382,32,4,566.72,New York,Consumer,4,2,1,421,7,Potential Loyalists,141.68,765.07
CUST_03383,32,7,1776.07,Texas,Consumer,4,4,3,443,11,Champions,253.72,2397.69
CUST_03384,378,5,2016.1,Texas,Consumer,1,3,3,133,7,Hibernating,403.22,2721.74
CUST_03385,52,5,1747.92,Florida,Consumer,3,3,3,333,9,Loyal Customers,349.58,2359.69
CUST_03386,10,8,1279.32,California,Corporate,5,5,2,552,12,Champions,159.92,1727.08
CUST_03387,251,6,1288.64,Washington,Consumer,1,3,2,132,6,Hibernating,214.77,1739.66
CUST_03388,120,5,2482.68,Illinois,Consumer,2,3,4,234,9,At Risk,496.54,3351.62
CUST_03389,59,4,908.84,Washington,Consumer,3,2,1,321,6,Promising,227.21,1226.93
CUST_03390,53,9,2617.77,Florida,Consumer,3,5,4,354,12,Loyal Customers,290.86,3533.99
CUST_03391,355,4,547.79,New York,Consumer,1,2,1,121,4,Hibernating,136.95,739.52
CUST_03392,50,7,2162.1,Massachusetts,Corporate,3,4,3,343,10,Loyal Customers,308.87,2918.84
CUST_03393,38,8,4007.22,California,Corporate,4,5,5,455,14,Champions,500.9,5409.75
CUST_03394,29,5,2499.38,Georgia,Consumer,4,3,4,434,11,Loyal Customers,499.88,3374.16
CUST_03395,11,8,3972.79,Ohio,Small Business,5,5,5,555,15,Champions,496.6,5363.27
CUST_03396,49,1,165.93,Illinois,Small Business,3,1,1,311,5,Promising,165.93,224.01
CUST_03397,19,4,742.79,California,Corporate,5,2,1,521,8,Potential Loyalists,185.7,1002.77
CUST_03398,26,2,171.17,Texas,Corporate,4,1,1,411,6,Potential Loyalists,85.58,231.08
CUST_03399,13,2,974.6,Colorado,Consumer,5,1,1,511,7,Potential Loyalists,487.3,1315.71
CUST_03400,409,4,1569.07,Georgia,Consumer,1,2,2,122,5,Hibernating,392.27,2118.24
CUST_03401,48,6,994.5,New York,Consumer,3,3,1,331,7,Loyal Customers,165.75,1342.58
CUST_03402,247,10,5394.16,Texas,Consumer,1,5,5,155,11,Can't Lose Them,539.42,7282.12
CUST_03403,14,5,762.58,Colorado,Small Business,5,3,1,531,9,Loyal Customers,152.52,1029.48
CUST_03404,97,2,222.33999999999997,Massachusetts,Consumer,2,1,1,211,4,Customers Needing Attention,111.17,300.16
CUST_03405,66,7,3259.85,Massachusetts,Corporate,3,4,5,345,12,Loyal Customers,465.69,4400.8
CUST_03406,92,7,2662.27,Illinois,Corporate,3,4,4,344,11,Loyal Customers,380.32,3594.06
CUST_03407,29,8,2593.21,Texas,Corporate,4,5,4,454,13,Champions,324.15,3500.83
CUST_03408,56,4,412.47,Colorado,Small Business,3,2,1,321,6,Promising,103.12,556.83
CUST_03409,505,2,881.3699999999999,Washington,Consumer,1,1,1,111,3,Lost Customers,440.68,1189.85
CUST_03410,47,3,820.13,New York,Consumer,3,1,1,311,5,Promising,273.38,1107.18
CUST_03411,24,4,1036.96,New York,Consumer,4,2,2,422,8,Potential Loyalists,259.24,1399.9
CUST_03412,311,5,1961.2,California,Consumer,1,3,3,133,7,Hibernating,392.24,2647.62
CUST_03413,48,7,3237.3,California,Consumer,3,4,5,345,12,Loyal Customers,462.47,4370.36
CUST_03414,16,11,3028.34,Texas,Consumer,5,5,4,554,14,Champions,275.3,4088.26
CUST_03415,15,7,1538.51,Georgia,Corporate,5,4,2,542,11,Champions,219.79,2076.99
CUST_03416,159,8,1386.45,Washington,Consumer,2,5,2,252,9,At Risk,173.31,1871.71
CUST_03417,16,6,2837.18,New York,Consumer,5,3,4,534,12,Loyal Customers,472.86,3830.19
CUST_03418,35,10,2560.7400000000002,Texas,Consumer,4,5,4,454,13,Champions,256.07,3457.0
CUST_03419,17,9,2562.72,Colorado,Consumer,5,5,4,554,14,Champions,284.75,3459.67
CUST_03420,207,6,1275.3799999999999,Massachusetts,Consumer,2,3,2,232,7,At Risk,212.56,1721.76
CUST_03421,27,4,221.55,Texas,Corporate,4,2,1,421,7,Potential Loyalists,55.39,299.09
CUST_03422,60,3,1787.1399999999999,New York,Consumer,3,1,3,313,7,Promising,595.71,2412.64
CUST_03423,36,5,818.76,Pennsylvania,Corporate,4,3,1,431,8,Loyal Customers,163.75,1105.33
CUST_03424,121,10,2743.0699999999997,Georgia,Consumer,2,5,4,254,11,At Risk,274.31,3703.14
CUST_03425,726,1,144.29,North Carolina,Corporate,1,1,1,111,3,Lost Customers,144.29,194.79
CUST_03426,3,10,4947.67,North Carolina,Consumer,5,5,5,555,15,Champions,494.77,6679.35
CUST_03427,314,4,957.39,California,Consumer,1,2,1,121,4,Hibernating,239.35,1292.48
CUST_03428,157,3,756.78,New York,Consumer,2,1,1,211,4,Customers Needing Attention,252.26,1021.65
CUST_03429,9,9,2402.96,California,Corporate,5,5,4,554,14,Champions,267.0,3244.0
CUST_03430,146,3,450.84,California,Consumer,2,1,1,211,4,Customers Needing Attention,150.28,608.63
CUST_03431,19,8,2169.7,California,Consumer,5,5,3,553,13,Champions,271.21,2929.1
CUST_03432,301,6,2818.19,New York,Small Business,1,3,4,134,8,Hibernating,469.7,3804.56
CUST_03433,330,2,1921.21,California,Corporate,1,1,3,113,5,Lost Customers,960.6,2593.63
CUST_03434,31,4,1086.0,New York,Consumer,4,2,2,422,8,Potential Loyalists,271.5,1466.1
CUST_03435,108,7,1734.47,California,Corporate,2,4,3,243,9,At Risk,247.78,2341.53
CUST_03436,140,10,4812.11,Washington,Consumer,2,5,5,255,12,At Risk,481.21,6496.35
CUST_03437,52,8,3615.15,Georgia,Consumer,3,5,5,355,13,Loyal Customers,451.89,4880.45
CUST_03438,312,7,2239.97,New York,Consumer,1,4,4,144,9,Can't Lose Them,320.0,3023.96
CUST_03439,68,13,3883.0299999999997,New York,Small Business,3,5,5,355,13,Loyal Customers,298.69,5242.09
CUST_03440,358,13,6814.64,Texas,Small Business,1,5,5,155,11,Can't Lose Them,524.2,9199.76
CUST_03441,12,7,3304.04,Florida,Consumer,5,4,5,545,14,Champions,472.01,4460.45
CUST_03442,288,7,2936.1,California,Consumer,1,4,4,144,9,Can't Lose Them,419.44,3963.74
CUST_03443,92,8,2251.06,California,Consumer,3,5,4,354,12,Loyal Customers,281.38,3038.93
CUST_03444,264,7,1841.53,Ohio,Small Business,1,4,3,143,8,Can't Lose Them,263.08,2486.07
CUST_03445,200,6,1722.1499999999999,Texas,Small Business,2,3,3,233,8,At Risk,287.02,2324.9
CUST_03446,374,3,469.61,Washington,Consumer,1,1,1,111,3,Lost Customers,156.54,633.97
CUST_03447,141,4,1409.12,California,Corporate,2,2,2,222,6,Customers Needing Attention,352.28,1902.31
CUST_03449,375,6,2903.4700000000003,California,Consumer,1,3,4,134,8,Hibernating,483.91,3919.68
CUST_03450,359,7,2274.13,Florida,Consumer,1,4,4,144,9,Can't Lose Them,324.88,3070.08
CUST_03451,206,5,2150.29,Washington,Consumer,2,3,3,233,8,At Risk,430.06,2902.89
CUST_03452,60,6,4775.9,Pennsylvania,Consumer,3,3,5,335,11,Loyal Customers,795.98,6447.46
CUST_03453,86,4,549.8,Texas,Consumer,3,2,1,321,6,Promising,137.45,742.23
CUST_03454,31,5,2675.46,Texas,Consumer,4,3,4,434,11,Loyal Customers,535.09,3611.87
CUST_03455,233,13,4598.19,Massachusetts,Small Business,1,5,5,155,11,Can't Lose Them,353.71,6207.56
CUST_03456,18,6,1839.78,Texas,Consumer,5,3,3,533,11,Loyal Customers,306.63,2483.7
CUST_03457,347,6,1426.31,Florida,Consumer,1,3,2,132,6,Hibernating,237.72,1925.52
CUST_03458,208,7,3134.78,North Carolina,Consumer,2,4,5,245,11,At Risk,447.83,4231.95
CUST_03459,116,2,2360.79,New York,Consumer,2,1,4,214,7,Customers Needing Attention,1180.4,3187.07
CUST_03460,104,7,2248.25,New York,Consumer,2,4,4,244,10,At Risk,321.18,3035.14
CUST_03461,40,10,2514.57,California,Consumer,4,5,4,454,13,Champions,251.46,3394.67
CUST_03462,106,7,1613.44,New York,Consumer,2,4,3,243,9,At Risk,230.49,2178.14
CUST_03463,40,8,2607.39,Texas,Consumer,4,5,4,454,13,Champions,325.92,3519.98
CUST_03464,20,5,820.94,Pennsylvania,Consumer,5,3,1,531,9,Loyal Customers,164.19,1108.27
CUST_03465,73,7,2599.21,Massachusetts,Consumer,3,4,4,344,11,Loyal Customers,371.32,3508.93
CUST_03466,370,5,518.8,Florida,Corporate,1,3,1,131,5,Hibernating,103.76,700.38
CUST_03467,423,1,1990.21,Florida,Consumer,1,1,3,113,5,Lost Customers,1990.21,2686.78
CUST_03468,114,4,348.49,Illinois,Consumer,2,2,1,221,5,Customers Needing Attention,87.12,470.46
CUST_03469,6,6,1508.88,Pennsylvania,Corporate,5,3,2,532,10,Loyal Customers,251.48,2036.99
CUST_03470,563,3,435.55,Illinois,Consumer,1,1,1,111,3,Lost Customers,145.18,587.99
CUST_03471,27,5,2064.11,Washington,Consumer,4,3,3,433,10,Loyal Customers,412.82,2786.55
CUST_03472,210,4,582.77,New York,Corporate,2,2,1,221,5,Customers Needing Attention,145.69,786.74
CUST_03473,18,4,1631.22,New York,Consumer,5,2,3,523,10,Potential Loyalists,407.8,2202.15
CUST_03474,19,6,3228.75,New York,Consumer,5,3,5,535,13,Loyal Customers,538.12,4358.81
CUST_03475,38,4,1280.12,Georgia,Corporate,4,2,2,422,8,Potential Loyalists,320.03,1728.16
CUST_03476,48,4,581.54,Texas,Corporate,3,2,1,321,6,Promising,145.38,785.08
CUST_03477,39,8,2129.01,New York,Small Business,4,5,3,453,12,Champions,266.13,2874.16
CUST_03478,732,1,94.59,Texas,Consumer,1,1,1,111,3,Lost Customers,94.59,127.7
CUST_03479,61,12,4204.81,New York,Consumer,3,5,5,355,13,Loyal Customers,350.4,5676.49
CUST_03480,144,6,1827.85,California,Consumer,2,3,3,233,8,At Risk,304.64,2467.6
CUST_03481,56,9,3090.14,Texas,Consumer,3,5,4,354,12,Loyal Customers,343.35,4171.69
CUST_03482,58,9,3011.77,Washington,Consumer,3,5,4,354,12,Loyal Customers,334.64,4065.89
CUST_03483,22,5,1664.8,Texas,Consumer,4,3,3,433,10,Loyal Customers,332.96,2247.48
CUST_03484,10,4,1953.32,Georgia,Small Business,5,2,3,523,10,Potential Loyalists,488.33,2636.98
CUST_03485,68,10,2594.7,Massachusetts,Consumer,3,5,4,354,12,Loyal Customers,259.47,3502.84
CUST_03486,185,5,989.23,Georgia,Consumer,2,3,1,231,6,At Risk,197.85,1335.46
CUST_03487,135,7,1585.13,New York,Consumer,2,4,2,242,8,At Risk,226.45,2139.93
CUST_03488,23,7,2807.84,Florida,Consumer,4,4,4,444,12,Champions,401.12,3790.58
CUST_03489,25,9,2100.96,Texas,Consumer,4,5,3,453,12,Champions,233.44,2836.3
CUST_03490,1,5,2417.16,California,Consumer,5,3,4,534,12,Loyal Customers,483.43,3263.17
CUST_03491,255,5,1197.58,Pennsylvania,Consumer,1,3,2,132,6,Hibernating,239.52,1616.73
CUST_03492,103,5,455.04999999999995,Texas,Consumer,2,3,1,231,6,At Risk,91.01,614.32
CUST_03493,213,5,2191.65,Texas,Corporate,2,3,3,233,8,At Risk,438.33,2958.73
CUST_03494,470,4,627.1700000000001,Texas,Corporate,1,2,1,121,4,Hibernating,156.79,846.68
CUST_03495,116,4,2231.01,New York,Consumer,2,2,4,224,8,Customers Needing Attention,557.75,3011.86
CUST_03496,96,3,1057.77,Colorado,Consumer,2,1,2,212,5,Customers Needing Attention,352.59,1427.99
CUST_03497,442,2,1075.83,California,Corporate,1,1,2,112,4,Lost Customers,537.92,1452.37
CUST_03498,29,4,763.92,Florida,Corporate,4,2,1,421,7,Potential Loyalists,190.98,1031.29
CUST_03499,49,12,1934.4499999999998,Pennsylvania,Consumer,3,5,3,353,11,Loyal Customers,161.2,2611.51
CUST_03500,540,3,293.11,New York,Corporate,1,1,1,111,3,Lost Customers,97.7,395.7
