customer_id,first_name,last_name,email,city,state,zip_code,signup_date,segment,full_name,rfm_segment,rfm_cell,rfm_score,recency_days,frequency,monetary,clv_estimate
CUST_00001,Ava,Jones,ava.jones1@example-domain.com,San Diego,California,92101,2023-10-10,Consumer,Ava Jones,Loyal Customers,533,11.0,7.0,7.0,1992.0900000000001,2689.32
CUST_00002,Olivia,Hernandez,olivia.hernandez2@example-domain.com,Raleigh,North Carolina,27601,2023-10-01,Small Business,Olivia Hernandez,Lost Customers,111,3.0,362.0,2.0,706.7,954.04
CUST_00003,Alex,Martinez,alex.martinez3@example-domain.com,Orlando,Florida,32801,2024-08-24,Corporate,Alex Martinez,Hibernating,121,4.0,300.0,5.0,827.89,1117.65
CUST_00004,Mia,Thomas,mia.thomas4@example-domain.com,Buffalo,New York,14201,2024-04-02,Consumer,Mia Thomas,Promising,311,5.0,55.0,2.0,582.7,786.65
CUST_00005,Lucas,Thomas,lucas.thomas5@example-domain.com,Seattle,Washington,98101,2023-12-07,Consumer,Lucas Thomas,Champions,454,13.0,28.0,10.0,2852.33,3850.65
CUST_00006,Lucas,Moore,lucas.moore6@example-domain.com,Boston,Massachusetts,02108,2024-04-11,Consumer,Lucas Moore,Lost Customers,111,3.0,249.0,2.0,905.5999999999999,1222.56
CUST_00007,Ethan,Miller,ethan.miller7@example-domain.com,Dallas,Texas,75201,2024-08-08,Consumer,Ethan Miller,Potential Loyalists,424,10.0,42.0,5.0,2313.39,3123.08
CUST_00008,Liam,Davis,liam.davis8@example-domain.com,Atlanta,Georgia,30301,2023-02-14,Corporate,Liam Davis,Lost Customers,111,3.0,625.0,2.0,553.43,747.13
CUST_00009,Ethan,Thomas,ethan.thomas9@example-domain.com,Boston,Massachusetts,02108,2024-01-31,Consumer,Ethan Thomas,At Risk,245,11.0,167.0,8.0,4106.860000000001,5544.26
CUST_00010,Sam,Thomas,sam.thomas10@example-domain.com,San Francisco,California,94102,2023-05-10,Corporate,Sam Thomas,Loyal Customers,334,10.0,76.0,6.0,2907.31,3924.87
CUST_00011,Ava,Jackson,ava.jackson11@example-domain.com,Chicago,Illinois,60601,2023-04-13,Consumer,Ava Jackson,Loyal Customers,353,11.0,71.0,10.0,2140.15,2889.2
CUST_00012,Noah,Brown,noah.brown12@example-domain.com,Raleigh,North Carolina,27601,2024-04-12,Small Business,Noah Brown,Customers Needing Attention,221,5.0,190.0,5.0,642.03,866.74
CUST_00013,Alex,Jones,alex.jones13@example-domain.com,Atlanta,Georgia,30301,2024-11-01,Corporate,Alex Jones,At Risk,245,11.0,101.0,8.0,3527.52,4762.15
CUST_00014,Sam,Williams,sam.williams14@example-domain.com,Philadelphia,Pennsylvania,19102,2023-09-29,Consumer,Sam Williams,Champions,544,13.0,4.0,8.0,2960.71,3996.96
CUST_00015,Ethan,Martin,ethan.martin15@example-domain.com,Boston,Massachusetts,02108,2024-10-27,Consumer,Ethan Martin,Loyal Customers,533,11.0,14.0,7.0,1734.83,2342.02
CUST_00016,Taylor,Hernandez,taylor.hernandez16@example-domain.com,Columbus,Ohio,43215,2024-01-25,Consumer,Taylor Hernandez,Lost Customers,114,6.0,218.0,4.0,2219.32,2996.08
CUST_00017,Ethan,Thomas,ethan.thomas17@example-domain.com,Columbus,Ohio,43215,2023-02-06,Consumer,Ethan Thomas,Lost Customers,111,3.0,243.0,2.0,305.34,412.21
CUST_00018,Jackson,Williams,jackson.williams18@example-domain.com,Dallas,Texas,75201,2024-10-08,Consumer,Jackson Williams,Hibernating,135,9.0,448.0,6.0,4015.13,5420.43
CUST_00019,Dakota,Davis,dakota.davis19@example-domain.com,San Diego,California,92101,2024-03-20,Consumer,Dakota Davis,Champions,455,14.0,29.0,11.0,4737.93,6396.21
CUST_00020,Morgan,Brown,morgan.brown20@example-domain.com,Denver,Colorado,80202,2023-06-20,Consumer,Morgan Brown,At Risk,233,8.0,196.0,6.0,1753.77,2367.59
CUST_00021,Dakota,Smith,dakota.smith21@example-domain.com,San Francisco,California,94102,2023-11-29,Consumer,Dakota Smith,Loyal Customers,535,13.0,14.0,7.0,4163.89,5621.25
CUST_00022,Jordan,Martinez,jordan.martinez22@example-domain.com,Seattle,Washington,98101,2024-01-19,Consumer,Jordan Martinez,Potential Loyalists,525,12.0,10.0,5.0,3786.3999999999996,5111.64
CUST_00023,Olivia,Jones,olivia.jones23@example-domain.com,Dallas,Texas,75201,2024-06-27,Consumer,Olivia Jones,Hibernating,132,6.0,248.0,7.0,1573.4099999999999,2124.1
CUST_00024,Olivia,Jackson,olivia.jackson24@example-domain.com,Houston,Texas,77001,2023-06-24,Consumer,Olivia Jackson,Lost Customers,111,3.0,221.0,3.0,478.45,645.91
CUST_00025,Chris,Williams,chris.williams25@example-domain.com,Boston,Massachusetts,02108,2024-09-26,Consumer,Chris Williams,Promising,312,6.0,48.0,4.0,1246.68,1683.02
CUST_00026,Riley,Thomas,riley.thomas26@example-domain.com,Buffalo,New York,14201,2023-08-26,Corporate,Riley Thomas,Promising,323,8.0,46.0,5.0,1886.1899999999998,2546.36
CUST_00027,Noah,Rodriguez,noah.rodriguez27@example-domain.com,Denver,Colorado,80202,2023-09-19,Consumer,Noah Rodriguez,Lost Customers,112,4.0,214.0,4.0,1170.85,1580.65
CUST_00028,Alex,Anderson,alex.anderson28@example-domain.com,Orlando,Florida,32801,2024-11-24,Consumer,Alex Anderson,Loyal Customers,535,13.0,19.0,6.0,3657.61,4937.77
CUST_00029,Lucas,Garcia,lucas.garcia29@example-domain.com,San Diego,California,92101,2024-03-28,Consumer,Lucas Garcia,Loyal Customers,355,13.0,77.0,9.0,3169.3,4278.56
CUST_00030,Sophia,Jackson,sophia.jackson30@example-domain.com,Orlando,Florida,32801,2024-10-16,Consumer,Sophia Jackson,Can't Lose Them,155,11.0,274.0,9.0,3883.93,5243.31
CUST_00031,Olivia,Rodriguez,olivia.rodriguez31@example-domain.com,Denver,Colorado,80202,2023-11-06,Consumer,Olivia Rodriguez,At Risk,234,9.0,144.0,6.0,2323.85,3137.2
CUST_00032,Pat,Gonzalez,pat.gonzalez32@example-domain.com,Philadelphia,Pennsylvania,19102,2023-04-20,Consumer,Pat Gonzalez,Lost Customers,111,3.0,334.0,3.0,236.04000000000002,318.65
CUST_00033,Riley,Gonzalez,riley.gonzalez33@example-domain.com,Seattle,Washington,98101,2024-08-11,Consumer,Riley Gonzalez,Promising,311,5.0,61.0,3.0,750.87,1013.67
CUST_00034,Dakota,Martinez,dakota.martinez34@example-domain.com,Los Angeles,California,90001,2024-11-05,Small Business,Dakota Martinez,Lost Customers,111,3.0,421.0,2.0,128.24,173.12
CUST_00035,Liam,Rodriguez,liam.rodriguez35@example-domain.com,Los Angeles,California,90001,2024-08-02,Small Business,Liam Rodriguez,Can't Lose Them,154,10.0,240.0,9.0,2482.9100000000003,3351.93
CUST_00036,Jordan,Martin,jordan.martin36@example-domain.com,Philadelphia,Pennsylvania,19102,2023-10-21,Corporate,Jordan Martin,Lost Customers,112,4.0,301.0,4.0,1043.79,1409.12
CUST_00037,Riley,Martin,riley.martin37@example-domain.com,Seattle,Washington,98101,2023-08-13,Consumer,Riley Martin,Customers Needing Attention,223,7.0,190.0,5.0,1798.29,2427.69
CUST_00038,Pat,Martin,pat.martin38@example-domain.com,Miami,Florida,33101,2024-11-25,Consumer,Pat Martin,Champions,554,14.0,3.0,10.0,2909.25,3927.49
CUST_00039,Sam,Brown,sam.brown39@example-domain.com,San Francisco,California,94102,2023-11-13,Consumer,Sam Brown,Hibernating,135,9.0,280.0,7.0,3965.85,5353.9
CUST_00040,Noah,Johnson,noah.johnson40@example-domain.com,Seattle,Washington,98101,2023-05-15,Consumer,Noah Johnson,Champions,555,15.0,1.0,9.0,3578.76,4831.33
CUST_00041,Taylor,Martinez,taylor.martinez41@example-domain.com,Chicago,Illinois,60601,2024-03-01,Consumer,Taylor Martinez,Customers Needing Attention,221,5.0,140.0,5.0,893.1,1205.69
CUST_00042,Chris,Miller,chris.miller42@example-domain.com,Buffalo,New York,14201,2024-07-06,Consumer,Chris Miller,Champions,444,12.0,20.0,8.0,2493.36,3366.04
CUST_00043,Sophia,Taylor,sophia.taylor43@example-domain.com,Raleigh,North Carolina,27601,2023-10-07,Consumer,Sophia Taylor,Loyal Customers,333,9.0,78.0,6.0,1988.73,2684.79
CUST_00044,Chris,Rodriguez,chris.rodriguez44@example-domain.com,Philadelphia,Pennsylvania,19102,2023-10-30,Small Business,Chris Rodriguez,Loyal Customers,332,8.0,59.0,7.0,1430.21,1930.78
CUST_00045,Ethan,Brown,ethan.brown45@example-domain.com,Denver,Colorado,80202,2023-03-19,Consumer,Ethan Brown,Customers Needing Attention,224,8.0,93.0,5.0,2745.38,3706.26
CUST_00046,Sam,Davis,sam.davis46@example-domain.com,Boston,Massachusetts,02108,2024-07-24,Consumer,Sam Davis,Loyal Customers,334,10.0,44.0,7.0,2487.51,3358.14
CUST_00047,Sophia,Williams,sophia.williams47@example-domain.com,Boston,Massachusetts,02108,2023-01-15,Consumer,Sophia Williams,At Risk,244,10.0,97.0,8.0,2714.08,3664.01
CUST_00048,Cameron,Moore,cameron.moore48@example-domain.com,New York City,New York,10001,2024-04-10,Consumer,Cameron Moore,Loyal Customers,534,12.0,8.0,7.0,2564.09,3461.52
CUST_00049,Sophia,Rodriguez,sophia.rodriguez49@example-domain.com,Boston,Massachusetts,02108,2024-10-15,Consumer,Sophia Rodriguez,Potential Loyalists,411,6.0,25.0,4.0,849.5699999999999,1146.92
CUST_00050,Sophia,Brown,sophia.brown50@example-domain.com,Dallas,Texas,75201,2024-04-27,Consumer,Sophia Brown,Loyal Customers,355,13.0,59.0,10.0,3415.58,4611.03
CUST_00051,Alex,Martin,alex.martin51@example-domain.com,Columbus,Ohio,43215,2023-12-02,Small Business,Alex Martin,Hibernating,132,6.0,310.0,6.0,1594.45,2152.51
CUST_00052,Jackson,Davis,jackson.davis52@example-domain.com,San Diego,California,92101,2024-10-12,Corporate,Jackson Davis,Loyal Customers,534,12.0,1.0,6.0,2448.67,3305.7
CUST_00053,Noah,Martinez,noah.martinez53@example-domain.com,Atlanta,Georgia,30301,2023-04-30,Small Business,Noah Martinez,Champions,455,14.0,33.0,11.0,4102.9800000000005,5539.02
CUST_00054,Sam,Johnson,sam.johnson54@example-domain.com,San Francisco,California,94102,2023-11-08,Corporate,Sam Johnson,Customers Needing Attention,221,5.0,200.0,5.0,507.51,685.14
CUST_00055,Emma,Brown,emma.brown55@example-domain.com,New York City,New York,10001,2023-08-29,Consumer,Emma Brown,Promising,322,7.0,48.0,5.0,1126.75,1521.11
CUST_00056,Lucas,Jones,lucas.jones56@example-domain.com,Boston,Massachusetts,02108,2024-04-09,Small Business,Lucas Jones,Lost Customers,111,3.0,375.0,4.0,755.19,1019.51
CUST_00057,Sophia,Moore,sophia.moore57@example-domain.com,Atlanta,Georgia,30301,2024-08-24,Consumer,Sophia Moore,Champions,444,12.0,38.0,8.0,2921.77,3944.39
CUST_00058,Sam,Wilson,sam.wilson58@example-domain.com,New York City,New York,10001,2024-05-16,Consumer,Sam Wilson,Champions,552,12.0,16.0,10.0,1562.68,2109.62
CUST_00059,Jackson,Wilson,jackson.wilson59@example-domain.com,Miami,Florida,33101,2023-02-03,Consumer,Jackson Wilson,At Risk,255,12.0,114.0,10.0,6211.3099999999995,8385.27
CUST_00060,Sophia,Miller,sophia.miller60@example-domain.com,Denver,Colorado,80202,2024-03-31,Consumer,Sophia Miller,Promising,311,5.0,77.0,4.0,880.75,1189.01
CUST_00061,Riley,Lopez,riley.lopez61@example-domain.com,New York City,New York,10001,2024-12-03,Consumer,Riley Lopez,Lost Customers,113,5.0,392.0,3.0,1654.64,2233.76
CUST_00062,Sophia,Moore,sophia.moore62@example-domain.com,Seattle,Washington,98101,2023-03-04,Consumer,Sophia Moore,Lost Customers,113,5.0,215.0,4.0,1720.86,2323.16
CUST_00063,Liam,Rodriguez,liam.rodriguez63@example-domain.com,Austin,Texas,78701,2023-05-06,Corporate,Liam Rodriguez,Lost Customers,111,3.0,336.0,1.0,81.24,109.67
CUST_00064,Noah,Williams,noah.williams64@example-domain.com,Austin,Texas,78701,2024-10-19,Consumer,Noah Williams,At Risk,235,10.0,187.0,6.0,3461.99,4673.69
CUST_00065,Jackson,Smith,jackson.smith65@example-domain.com,San Francisco,California,94102,2023-12-08,Consumer,Jackson Smith,Potential Loyalists,411,6.0,31.0,4.0,710.99,959.84
CUST_00066,Riley,Jones,riley.jones66@example-domain.com,Austin,Texas,78701,2023-03-12,Consumer,Riley Jones,Potential Loyalists,423,9.0,25.0,5.0,2027.33,2736.9
CUST_00067,Lucas,Miller,lucas.miller67@example-domain.com,Austin,Texas,78701,2023-08-27,Consumer,Lucas Miller,Potential Loyalists,423,9.0,39.0,5.0,2174.25,2935.24
CUST_00068,Ethan,Jones,ethan.jones68@example-domain.com,Los Angeles,California,90001,2023-10-11,Corporate,Ethan Jones,Potential Loyalists,522,9.0,4.0,5.0,1563.66,2110.94
CUST_00069,Sam,Jones,sam.jones69@example-domain.com,Columbus,Ohio,43215,2023-09-14,Consumer,Sam Jones,Loyal Customers,435,12.0,42.0,7.0,3684.87,4974.57
CUST_00070,Chris,Brown,chris.brown70@example-domain.com,Los Angeles,California,90001,2023-05-15,Small Business,Chris Brown,Potential Loyalists,422,8.0,35.0,5.0,1115.85,1506.4
CUST_00071,Alex,Lopez,alex.lopez71@example-domain.com,Dallas,Texas,75201,2024-08-25,Corporate,Alex Lopez,Can't Lose Them,144,9.0,366.0,8.0,2507.39,3384.98
CUST_00072,Ethan,Smith,ethan.smith72@example-domain.com,Houston,Texas,77001,2023-09-29,Consumer,Ethan Smith,Customers Needing Attention,222,6.0,96.0,5.0,1192.3,1609.6
CUST_00073,Jordan,Jones,jordan.jones73@example-domain.com,Atlanta,Georgia,30301,2024-06-22,Consumer,Jordan Jones,Lost Customers,111,3.0,548.0,1.0,929.49,1254.81
CUST_00074,Morgan,Williams,morgan.williams74@example-domain.com,Philadelphia,Pennsylvania,19102,2024-04-04,Corporate,Morgan Williams,At Risk,232,7.0,105.0,6.0,1188.02,1603.83
CUST_00075,Sophia,Taylor,sophia.taylor75@example-domain.com,New York City,New York,10001,2024-04-07,Corporate,Sophia Taylor,Champions,553,13.0,2.0,10.0,1929.1999999999998,2604.42
CUST_00076,Ava,Davis,ava.davis76@example-domain.com,San Francisco,California,94102,2024-11-05,Corporate,Ava Davis,Champions,553,13.0,14.0,9.0,1776.78,2398.65
CUST_00077,Ava,Martinez,ava.martinez77@example-domain.com,Denver,Colorado,80202,2024-10-20,Corporate,Ava Martinez,Champions,543,12.0,10.0,8.0,2188.71,2954.76
CUST_00078,Alex,Johnson,alex.johnson78@example-domain.com,Philadelphia,Pennsylvania,19102,2024-02-16,Consumer,Alex Johnson,Loyal Customers,531,9.0,17.0,6.0,718.46,969.92
CUST_00079,Olivia,Brown,olivia.brown79@example-domain.com,Philadelphia,Pennsylvania,19102,2024-12-30,Consumer,Olivia Brown,Potential Loyalists,511,7.0,16.0,1.0,448.4,605.34
CUST_00080,Noah,Williams,noah.williams80@example-domain.com,San Diego,California,92101,2023-11-26,Consumer,Noah Williams,Champions,455,14.0,41.0,9.0,3823.42,5161.62
CUST_00081,Jackson,Jones,jackson.jones81@example-domain.com,San Diego,California,92101,2023-05-10,Corporate,Jackson Jones,Hibernating,125,8.0,372.0,5.0,3771.31,5091.27
CUST_00082,Cameron,Martin,cameron.martin82@example-domain.com,Columbus,Ohio,43215,2024-12-30,Consumer,Cameron Martin,Loyal Customers,435,12.0,40.0,7.0,4081.92,5510.59
CUST_00083,Ethan,Gonzalez,ethan.gonzalez83@example-domain.com,Raleigh,North Carolina,27601,2023-10-29,Consumer,Ethan Gonzalez,Lost Customers,112,4.0,262.0,2.0,1537.09,2075.07
CUST_00084,Noah,Taylor,noah.taylor84@example-domain.com,Atlanta,Georgia,30301,2023-04-12,Consumer,Noah Taylor,Loyal Customers,332,8.0,48.0,7.0,1402.8700000000001,1893.87
CUST_00085,Morgan,Moore,morgan.moore85@example-domain.com,Austin,Texas,78701,2024-03-16,Consumer,Morgan Moore,Customers Needing Attention,211,4.0,198.0,3.0,210.39,284.03
CUST_00086,Noah,Davis,noah.davis86@example-domain.com,Atlanta,Georgia,30301,2023-12-14,Consumer,Noah Davis,Loyal Customers,533,11.0,3.0,6.0,1984.1,2678.54
CUST_00087,Noah,Gonzalez,noah.gonzalez87@example-domain.com,Atlanta,Georgia,30301,2023-04-08,Corporate,Noah Gonzalez,Loyal Customers,332,8.0,46.0,6.0,1056.68,1426.52
CUST_00088,Ethan,Wilson,ethan.wilson88@example-domain.com,Chicago,Illinois,60601,2024-11-12,Consumer,Ethan Wilson,Potential Loyalists,512,8.0,9.0,4.0,1084.77,1464.44
CUST_00089,Cameron,Lopez,cameron.lopez89@example-domain.com,Buffalo,New York,14201,2024-12-04,Corporate,Cameron Lopez,Can't Lose Them,155,11.0,312.0,9.0,3315.8199999999997,4476.36
CUST_00090,Emma,Williams,emma.williams90@example-domain.com,San Diego,California,92101,2023-03-29,Consumer,Emma Williams,At Risk,255,12.0,106.0,11.0,4405.63,5947.6
CUST_00091,Taylor,Wilson,taylor.wilson91@example-domain.com,New York City,New York,10001,2024-01-17,Consumer,Taylor Wilson,Potential Loyalists,513,9.0,3.0,4.0,2217.94,2994.22
CUST_00092,Sam,Moore,sam.moore92@example-domain.com,San Francisco,California,94102,2024-08-23,Corporate,Sam Moore,Lost Customers,111,3.0,246.0,4.0,966.59,1304.9
CUST_00093,Lucas,Moore,lucas.moore93@example-domain.com,Chicago,Illinois,60601,2024-11-17,Corporate,Lucas Moore,Loyal Customers,335,11.0,53.0,7.0,3293.03,4445.59
CUST_00094,Morgan,Wilson,morgan.wilson94@example-domain.com,Seattle,Washington,98101,2024-11-12,Consumer,Morgan Wilson,At Risk,255,12.0,98.0,9.0,3175.23,4286.56
CUST_00095,Olivia,Johnson,olivia.johnson95@example-domain.com,Orlando,Florida,32801,2024-09-06,Corporate,Olivia Johnson,At Risk,255,12.0,94.0,10.0,5293.33,7146.0
CUST_00096,Dakota,Lopez,dakota.lopez96@example-domain.com,New York City,New York,10001,2024-08-14,Consumer,Dakota Lopez,At Risk,235,10.0,115.0,7.0,3477.2,4694.22
CUST_00097,Ava,Miller,ava.miller97@example-domain.com,Buffalo,New York,14201,2024-11-03,Consumer,Ava Miller,Potential Loyalists,512,8.0,11.0,4.0,1460.04,1971.05
CUST_00098,Emma,Davis,emma.davis98@example-domain.com,New York City,New York,10001,2023-12-25,Consumer,Emma Davis,At Risk,235,10.0,183.0,6.0,5955.61,8040.07
CUST_00099,Lucas,Lopez,lucas.lopez99@example-domain.com,New York City,New York,10001,2023-10-13,Consumer,Lucas Lopez,Hibernating,132,6.0,258.0,7.0,1357.03,1831.99
CUST_00100,Mia,Davis,mia.davis100@example-domain.com,Atlanta,Georgia,30301,2024-07-28,Consumer,Mia Davis,At Risk,242,8.0,115.0,8.0,1405.84,1897.88
CUST_00101,Jackson,Martin,jackson.martin101@example-domain.com,Columbus,Ohio,43215,2023-01-27,Consumer,Jackson Martin,Loyal Customers,334,10.0,59.0,7.0,3081.27,4159.71
CUST_00102,Jackson,Rodriguez,jackson.rodriguez102@example-domain.com,Los Angeles,California,90001,2023-07-04,Consumer,Jackson Rodriguez,Potential Loyalists,521,8.0,18.0,5.0,943.3800000000001,1273.56
CUST_00103,Cameron,Martinez,cameron.martinez103@example-domain.com,Chicago,Illinois,60601,2023-12-26,Consumer,Cameron Martinez,Customers Needing Attention,211,4.0,103.0,3.0,338.26,456.65
CUST_00104,Alex,Garcia,alex.garcia104@example-domain.com,Buffalo,New York,14201,2024-08-02,Consumer,Alex Garcia,Potential Loyalists,522,9.0,19.0,5.0,1038.5,1401.98
CUST_00105,Liam,Williams,liam.williams105@example-domain.com,Buffalo,New York,14201,2024-10-10,Small Business,Liam Williams,Champions,555,15.0,5.0,10.0,3251.62,4389.69
CUST_00106,Alex,Williams,alex.williams106@example-domain.com,Raleigh,North Carolina,27601,2023-08-09,Consumer,Alex Williams,Loyal Customers,333,9.0,44.0,7.0,2042.74,2757.7
CUST_00107,Liam,Wilson,liam.wilson107@example-domain.com,Denver,Colorado,80202,2023-12-16,Consumer,Liam Wilson,Lost Customers,114,6.0,245.0,4.0,2348.9700000000003,3171.11
CUST_00108,Chris,Lopez,chris.lopez108@example-domain.com,Orlando,Florida,32801,2023-11-29,Corporate,Chris Lopez,Loyal Customers,355,13.0,68.0,11.0,3977.34,5369.41
CUST_00109,Mia,Martin,mia.martin109@example-domain.com,San Diego,California,92101,2023-02-23,Consumer,Mia Martin,Promising,311,5.0,72.0,4.0,738.19,996.56
CUST_00110,Sam,Garcia,sam.garcia110@example-domain.com,San Francisco,California,94102,2024-11-21,Consumer,Sam Garcia,Champions,553,13.0,15.0,9.0,2062.54,2784.43
CUST_00111,Taylor,Rodriguez,taylor.rodriguez111@example-domain.com,Denver,Colorado,80202,2024-11-08,Consumer,Taylor Rodriguez,Lost Customers,113,5.0,371.0,4.0,1701.04,2296.4
CUST_00112,Olivia,Thomas,olivia.thomas112@example-domain.com,Denver,Colorado,80202,2024-02-29,Consumer,Olivia Thomas,Loyal Customers,435,12.0,30.0,6.0,3273.11,4418.7
CUST_00113,Cameron,Miller,cameron.miller113@example-domain.com,Raleigh,North Carolina,27601,2023-04-27,Small Business,Cameron Miller,Champions,554,14.0,10.0,10.0,2625.59,3544.55
CUST_00114,Sophia,Wilson,sophia.wilson114@example-domain.com,New York City,New York,10001,2023-10-18,Corporate,Sophia Wilson,Loyal Customers,435,12.0,31.0,6.0,3489.6800000000003,4711.07
CUST_00115,Mia,Thomas,mia.thomas115@example-domain.com,Raleigh,North Carolina,27601,2024-11-14,Consumer,Mia Thomas,Loyal Customers,334,10.0,51.0,7.0,2432.6,3284.01
CUST_00116,Dakota,Johnson,dakota.johnson116@example-domain.com,Dallas,Texas,75201,2024-02-09,Corporate,Dakota Johnson,Loyal Customers,343,10.0,48.0,8.0,2015.71,2721.21
CUST_00117,Jackson,Johnson,jackson.johnson117@example-domain.com,Los Angeles,California,90001,2023-07-29,Corporate,Jackson Johnson,Lost Customers,111,3.0,592.0,1.0,243.4,328.59
CUST_00118,Dakota,Miller,dakota.miller118@example-domain.com,Buffalo,New York,14201,2023-09-19,Consumer,Dakota Miller,Customers Needing Attention,222,6.0,192.0,5.0,1187.56,1603.21
CUST_00119,Dakota,Hernandez,dakota.hernandez119@example-domain.com,New York City,New York,10001,2023-01-08,Corporate,Dakota Hernandez,Loyal Customers,344,11.0,65.0,8.0,2508.12,3385.96
CUST_00120,Emma,Wilson,emma.wilson120@example-domain.com,Houston,Texas,77001,2023-05-13,Consumer,Emma Wilson,Hibernating,133,7.0,269.0,7.0,1633.3400000000001,2205.01
CUST_00121,Liam,Moore,liam.moore121@example-domain.com,Dallas,Texas,75201,2024-05-27,Corporate,Liam Moore,Potential Loyalists,511,7.0,7.0,3.0,315.90000000000003,426.47
CUST_00122,Lucas,Lopez,lucas.lopez122@example-domain.com,San Diego,California,92101,2024-02-11,Corporate,Lucas Lopez,At Risk,234,9.0,198.0,6.0,2526.76,3411.13
CUST_00123,Jordan,Wilson,jordan.wilson123@example-domain.com,Los Angeles,California,90001,2024-04-15,Consumer,Jordan Wilson,Can't Lose Them,144,9.0,323.0,8.0,2741.19,3700.61
CUST_00124,Taylor,Hernandez,taylor.hernandez124@example-domain.com,Atlanta,Georgia,30301,2024-08-10,Consumer,Taylor Hernandez,Loyal Customers,435,12.0,34.0,7.0,3396.2400000000002,4584.92
CUST_00125,Liam,Wilson,liam.wilson125@example-domain.com,Orlando,Florida,32801,2023-04-28,Consumer,Liam Wilson,Hibernating,122,5.0,390.0,5.0,1224.8700000000001,1653.57
CUST_00126,Liam,Smith,liam.smith126@example-domain.com,Chicago,Illinois,60601,2023-06-25,Consumer,Liam Smith,Loyal Customers,532,10.0,15.0,6.0,1065.48,1438.4
CUST_00127,Jackson,Anderson,jackson.anderson127@example-domain.com,Seattle,Washington,98101,2023-04-01,Corporate,Jackson Anderson,Promising,321,6.0,51.0,5.0,815.4300000000001,1100.83
CUST_00128,Olivia,Brown,olivia.brown128@example-domain.com,Dallas,Texas,75201,2024-03-22,Corporate,Olivia Brown,Potential Loyalists,513,9.0,2.0,4.0,1841.98,2486.67
CUST_00129,Mia,Gonzalez,mia.gonzalez129@example-domain.com,Raleigh,North Carolina,27601,2023-03-22,Consumer,Mia Gonzalez,Loyal Customers,435,12.0,25.0,7.0,3224.45,4353.01
CUST_00130,Liam,Martinez,liam.martinez130@example-domain.com,Chicago,Illinois,60601,2023-08-15,Consumer,Liam Martinez,Loyal Customers,433,10.0,38.0,7.0,2117.33,2858.4
CUST_00131,Ethan,Garcia,ethan.garcia131@example-domain.com,San Diego,California,92101,2024-06-06,Consumer,Ethan Garcia,Loyal Customers,534,12.0,14.0,6.0,2257.48,3047.6
CUST_00132,Morgan,Taylor,morgan.taylor132@example-domain.com,Raleigh,North Carolina,27601,2023-07-18,Consumer,Morgan Taylor,Loyal Customers,435,12.0,33.0,7.0,5197.37,7016.45
CUST_00133,Sophia,Lopez,sophia.lopez133@example-domain.com,Buffalo,New York,14201,2023-08-30,Consumer,Sophia Lopez,At Risk,243,9.0,193.0,8.0,2144.11,2894.55
CUST_00134,Morgan,Jones,morgan.jones134@example-domain.com,Miami,Florida,33101,2023-07-22,Consumer,Morgan Jones,Customers Needing Attention,221,5.0,111.0,5.0,956.53,1291.32
CUST_00135,Chris,Martin,chris.martin135@example-domain.com,Buffalo,New York,14201,2024-11-02,Small Business,Chris Martin,Potential Loyalists,413,8.0,35.0,3.0,1733.5900000000001,2340.35
CUST_00136,Taylor,Garcia,taylor.garcia136@example-domain.com,Philadelphia,Pennsylvania,19102,2024-04-20,Consumer,Taylor Garcia,Champions,555,15.0,2.0,9.0,3186.15,4301.3
CUST_00137,Mia,Jackson,mia.jackson137@example-domain.com,Denver,Colorado,80202,2024-11-28,Consumer,Mia Jackson,Loyal Customers,432,9.0,27.0,6.0,1270.91,1715.73
CUST_00138,Mia,Martin,mia.martin138@example-domain.com,Chicago,Illinois,60601,2024-10-04,Corporate,Mia Martin,Loyal Customers,354,12.0,51.0,9.0,2677.37,3614.45
CUST_00139,Ethan,Jones,ethan.jones139@example-domain.com,Denver,Colorado,80202,2023-03-11,Consumer,Ethan Jones,Lost Customers,111,3.0,384.0,1.0,120.66,162.89
CUST_00140,Emma,Anderson,emma.anderson140@example-domain.com,Orlando,Florida,32801,2023-10-09,Small Business,Emma Anderson,Loyal Customers,331,7.0,79.0,6.0,929.46,1254.77
CUST_00141,Mia,Johnson,mia.johnson141@example-domain.com,Seattle,Washington,98101,2024-06-03,Small Business,Mia Johnson,Promising,314,8.0,74.0,4.0,2912.14,3931.39
CUST_00142,Taylor,Martinez,taylor.martinez142@example-domain.com,Denver,Colorado,80202,2024-04-07,Consumer,Taylor Martinez,Potential Loyalists,513,9.0,16.0,4.0,1750.3899999999999,2363.03
CUST_00143,Jordan,Johnson,jordan.johnson143@example-domain.com,Seattle,Washington,98101,2023-10-21,Consumer,Jordan Johnson,Champions,455,14.0,33.0,9.0,3317.9,4479.16
CUST_00144,Taylor,Williams,taylor.williams144@example-domain.com,Raleigh,North Carolina,27601,2024-01-29,Consumer,Taylor Williams,Loyal Customers,332,8.0,85.0,7.0,1584.11,2138.55
CUST_00145,Noah,Jackson,noah.jackson145@example-domain.com,Columbus,Ohio,43215,2023-02-12,Consumer,Noah Jackson,Loyal Customers,332,8.0,53.0,7.0,1381.35,1864.82
CUST_00146,Noah,Jackson,noah.jackson146@example-domain.com,Austin,Texas,78701,2023-11-26,Consumer,Noah Jackson,Promising,323,8.0,58.0,5.0,2134.87,2882.07
CUST_00147,Jackson,Thomas,jackson.thomas147@example-domain.com,Raleigh,North Carolina,27601,2023-06-04,Consumer,Jackson Thomas,Champions,543,12.0,9.0,8.0,1637.12,2210.11
CUST_00148,Jordan,Anderson,jordan.anderson148@example-domain.com,New York City,New York,10001,2023-12-18,Consumer,Jordan Anderson,Champions,445,13.0,25.0,8.0,3597.89,4857.15
CUST_00149,Taylor,Taylor,taylor.taylor149@example-domain.com,Houston,Texas,77001,2023-02-10,Consumer,Taylor Taylor,Champions,454,13.0,30.0,9.0,2495.35,3368.72
CUST_00150,Riley,Anderson,riley.anderson150@example-domain.com,Denver,Colorado,80202,2024-06-20,Consumer,Riley Anderson,Hibernating,123,6.0,410.0,5.0,1912.29,2581.59
CUST_00151,Ava,Martin,ava.martin151@example-domain.com,Houston,Texas,77001,2024-01-08,Small Business,Ava Martin,Customers Needing Attention,212,5.0,128.0,4.0,1513.9,2043.77
CUST_00152,Sophia,Martinez,sophia.martinez152@example-domain.com,Boston,Massachusetts,02108,2024-02-23,Consumer,Sophia Martinez,Customers Needing Attention,211,4.0,123.0,3.0,749.71,1012.11
CUST_00153,Ethan,Martin,ethan.martin153@example-domain.com,San Francisco,California,94102,2024-10-08,Consumer,Ethan Martin,Promising,322,7.0,86.0,5.0,1462.76,1974.73
CUST_00154,Ethan,Williams,ethan.williams154@example-domain.com,Chicago,Illinois,60601,2023-04-07,Consumer,Ethan Williams,Hibernating,122,5.0,265.0,5.0,1444.87,1950.57
CUST_00155,Lucas,Gonzalez,lucas.gonzalez155@example-domain.com,Orlando,Florida,32801,2023-09-16,Small Business,Lucas Gonzalez,Loyal Customers,535,13.0,2.0,6.0,3246.25,4382.44
CUST_00156,Jackson,Jones,jackson.jones156@example-domain.com,Chicago,Illinois,60601,2023-03-25,Consumer,Jackson Jones,Lost Customers,114,6.0,214.0,3.0,2598.19,3507.56
CUST_00157,Mia,Jones,mia.jones157@example-domain.com,Seattle,Washington,98101,2023-11-14,Consumer,Mia Jones,Loyal Customers,332,8.0,47.0,7.0,1166.91,1575.33
CUST_00158,Liam,Jones,liam.jones158@example-domain.com,San Diego,California,92101,2023-11-14,Corporate,Liam Jones,Potential Loyalists,411,6.0,41.0,4.0,699.14,943.84
CUST_00159,Lucas,Gonzalez,lucas.gonzalez159@example-domain.com,Chicago,Illinois,60601,2023-05-11,Consumer,Lucas Gonzalez,Lost Customers,111,3.0,271.0,3.0,294.27,397.26
CUST_00160,Ava,Williams,ava.williams160@example-domain.com,Atlanta,Georgia,30301,2024-06-04,Corporate,Ava Williams,Loyal Customers,333,9.0,60.0,6.0,1946.8700000000001,2628.27
CUST_00161,Sophia,Smith,sophia.smith161@example-domain.com,Seattle,Washington,98101,2023-11-13,Consumer,Sophia Smith,Hibernating,135,9.0,269.0,7.0,3301.03,4456.39
CUST_00162,Chris,Miller,chris.miller162@example-domain.com,Chicago,Illinois,60601,2024-05-12,Consumer,Chris Miller,Loyal Customers,534,12.0,11.0,7.0,2592.32,3499.63
CUST_00163,Pat,Davis,pat.davis163@example-domain.com,Buffalo,New York,14201,2023-06-08,Consumer,Pat Davis,Lost Customers,113,5.0,280.0,3.0,2091.98,2824.17
CUST_00164,Taylor,Martinez,taylor.martinez164@example-domain.com,New York City,New York,10001,2024-06-03,Consumer,Taylor Martinez,At Risk,234,9.0,120.0,6.0,2315.05,3125.32
CUST_00165,Lucas,Taylor,lucas.taylor165@example-domain.com,San Francisco,California,94102,2024-11-08,Consumer,Lucas Taylor,Hibernating,122,5.0,297.0,5.0,1156.47,1561.23
CUST_00166,Ethan,Martin,ethan.martin166@example-domain.com,Buffalo,New York,14201,2024-09-03,Corporate,Ethan Martin,Loyal Customers,534,12.0,1.0,6.0,2386.42,3221.67
CUST_00167,Liam,Jones,liam.jones167@example-domain.com,Houston,Texas,77001,2023-07-05,Consumer,Liam Jones,Potential Loyalists,512,8.0,18.0,4.0,1063.58,1435.83
CUST_00168,Jackson,Garcia,jackson.garcia168@example-domain.com,Denver,Colorado,80202,2023-02-14,Consumer,Jackson Garcia,Customers Needing Attention,213,6.0,128.0,4.0,1894.92,2558.14
CUST_00169,Olivia,Lopez,olivia.lopez169@example-domain.com,Dallas,Texas,75201,2024-03-30,Consumer,Olivia Lopez,Promising,311,5.0,48.0,4.0,717.26,968.3
CUST_00170,Jackson,Martinez,jackson.martinez170@example-domain.com,Denver,Colorado,80202,2023-08-28,Consumer,Jackson Martinez,Customers Needing Attention,225,9.0,103.0,5.0,3703.05,4999.12
CUST_00171,Lucas,Davis,lucas.davis171@example-domain.com,Orlando,Florida,32801,2024-04-25,Consumer,Lucas Davis,Champions,455,14.0,28.0,9.0,3196.69,4315.53
CUST_00172,Pat,Lopez,pat.lopez172@example-domain.com,Denver,Colorado,80202,2024-04-17,Consumer,Pat Lopez,Customers Needing Attention,221,5.0,176.0,5.0,503.39,679.58
CUST_00173,Dakota,Gonzalez,dakota.gonzalez173@example-domain.com,Raleigh,North Carolina,27601,2024-06-24,Consumer,Dakota Gonzalez,Hibernating,133,7.0,214.0,6.0,1825.66,2464.64
CUST_00174,Olivia,Garcia,olivia.garcia174@example-domain.com,Austin,Texas,78701,2024-09-11,Consumer,Olivia Garcia,Lost Customers,111,3.0,301.0,4.0,266.31,359.52
CUST_00175,Sam,Rodriguez,sam.rodriguez175@example-domain.com,San Francisco,California,94102,2024-10-18,Consumer,Sam Rodriguez,Promising,322,7.0,56.0,5.0,1211.9,1636.07
CUST_00176,Emma,Lopez,emma.lopez176@example-domain.com,Columbus,Ohio,43215,2023-04-16,Consumer,Emma Lopez,At Risk,233,8.0,123.0,6.0,1624.29,2192.79
CUST_00177,Ava,Brown,ava.brown177@example-domain.com,Orlando,Florida,32801,2023-03-27,Consumer,Ava Brown,Champions,443,11.0,26.0,8.0,1780.98,2404.32
CUST_00178,Chris,Rodriguez,chris.rodriguez178@example-domain.com,Denver,Colorado,80202,2024-06-09,Consumer,Chris Rodriguez,Hibernating,122,5.0,305.0,5.0,1236.3200000000002,1669.03
CUST_00179,Sam,Wilson,sam.wilson179@example-domain.com,San Diego,California,92101,2023-08-16,Small Business,Sam Wilson,Customers Needing Attention,211,4.0,125.0,4.0,548.27,740.16
CUST_00180,Noah,Lopez,noah.lopez180@example-domain.com,Los Angeles,California,90001,2024-02-29,Consumer,Noah Lopez,Loyal Customers,532,10.0,13.0,6.0,1249.6200000000001,1686.99
CUST_00181,Jordan,Gonzalez,jordan.gonzalez181@example-domain.com,Raleigh,North Carolina,27601,2024-01-18,Consumer,Jordan Gonzalez,Loyal Customers,434,11.0,23.0,7.0,3058.29,4128.69
CUST_00182,Riley,Gonzalez,riley.gonzalez182@example-domain.com,San Diego,California,92101,2024-01-19,Consumer,Riley Gonzalez,At Risk,232,7.0,118.0,7.0,1584.6799999999998,2139.32
CUST_00183,Riley,Smith,riley.smith183@example-domain.com,Chicago,Illinois,60601,2023-04-12,Small Business,Riley Smith,Lost Customers,111,3.0,405.0,2.0,391.33,528.3
CUST_00184,Ethan,Jones,ethan.jones184@example-domain.com,Buffalo,New York,14201,2023-02-09,Corporate,Ethan Jones,Loyal Customers,435,12.0,31.0,7.0,3112.52,4201.9
CUST_00185,Dakota,Thomas,dakota.thomas185@example-domain.com,Buffalo,New York,14201,2024-12-23,Consumer,Dakota Thomas,Loyal Customers,433,10.0,24.0,7.0,1634.27,2206.26
CUST_00186,Emma,Anderson,emma.anderson186@example-domain.com,Los Angeles,California,90001,2023-03-23,Consumer,Emma Anderson,Champions,554,14.0,6.0,10.0,3002.62,4053.54
CUST_00187,Alex,Rodriguez,alex.rodriguez187@example-domain.com,Austin,Texas,78701,2023-06-03,Corporate,Alex Rodriguez,Potential Loyalists,522,9.0,2.0,5.0,1511.77,2040.89
CUST_00188,Lucas,Martin,lucas.martin188@example-domain.com,Raleigh,North Carolina,27601,2024-03-09,Consumer,Lucas Martin,At Risk,234,9.0,138.0,6.0,2539.33,3428.1
CUST_00189,Morgan,Martinez,morgan.martinez189@example-domain.com,Dallas,Texas,75201,2023-11-05,Consumer,Morgan Martinez,Potential Loyalists,421,7.0,33.0,5.0,899.19,1213.91
CUST_00190,Morgan,Johnson,morgan.johnson190@example-domain.com,Dallas,Texas,75201,2024-03-05,Consumer,Morgan Johnson,Loyal Customers,343,10.0,48.0,8.0,2068.88,2792.99
CUST_00191,Jackson,Anderson,jackson.anderson191@example-domain.com,San Diego,California,92101,2023-04-24,Consumer,Jackson Anderson,Hibernating,132,6.0,437.0,6.0,1317.34,1778.41
CUST_00192,Emma,Martin,emma.martin192@example-domain.com,Columbus,Ohio,43215,2023-01-17,Corporate,Emma Martin,Potential Loyalists,424,10.0,30.0,5.0,2505.27,3382.11
CUST_00193,Ava,Jackson,ava.jackson193@example-domain.com,Dallas,Texas,75201,2023-05-28,Small Business,Ava Jackson,Loyal Customers,344,11.0,89.0,8.0,3082.0,4160.7
CUST_00194,Dakota,Wilson,dakota.wilson194@example-domain.com,Los Angeles,California,90001,2024-09-21,Consumer,Dakota Wilson,Loyal Customers,535,13.0,11.0,7.0,3521.8,4754.43
CUST_00195,Sophia,Davis,sophia.davis195@example-domain.com,Atlanta,Georgia,30301,2023-07-11,Consumer,Sophia Davis,Champions,555,15.0,4.0,10.0,3923.71,5297.01
CUST_00196,Taylor,Taylor,taylor.taylor196@example-domain.com,Seattle,Washington,98101,2023-03-11,Consumer,Taylor Taylor,Potential Loyalists,522,9.0,13.0,5.0,1384.35,1868.87
CUST_00197,Ava,Moore,ava.moore197@example-domain.com,Raleigh,North Carolina,27601,2024-06-03,Corporate,Ava Moore,Loyal Customers,433,10.0,37.0,7.0,2084.2400000000002,2813.72
CUST_00198,Lucas,Smith,lucas.smith198@example-domain.com,Boston,Massachusetts,02108,2024-04-26,Corporate,Lucas Smith,Customers Needing Attention,211,4.0,172.0,2.0,482.11,650.85
CUST_00199,Jordan,Gonzalez,jordan.gonzalez199@example-domain.com,Seattle,Washington,98101,2023-09-17,Corporate,Jordan Gonzalez,Hibernating,135,9.0,299.0,6.0,3707.31,5004.87
CUST_00200,Alex,Lopez,alex.lopez200@example-domain.com,San Diego,California,92101,2023-12-20,Corporate,Alex Lopez,Potential Loyalists,411,6.0,34.0,2.0,128.21,173.08
CUST_00201,Riley,Brown,riley.brown201@example-domain.com,Chicago,Illinois,60601,2023-05-17,Consumer,Riley Brown,Potential Loyalists,421,7.0,41.0,5.0,710.52,959.2
CUST_00202,Jordan,Lopez,jordan.lopez202@example-domain.com,Columbus,Ohio,43215,2023-12-13,Consumer,Jordan Lopez,Hibernating,133,7.0,331.0,6.0,2153.74,2907.55
CUST_00203,Chris,Anderson,chris.anderson203@example-domain.com,Philadelphia,Pennsylvania,19102,2024-10-08,Consumer,Chris Anderson,Hibernating,122,5.0,237.0,5.0,1445.96,1952.05
CUST_00204,Chris,Jones,chris.jones204@example-domain.com,San Diego,California,92101,2024-04-13,Corporate,Chris Jones,Champions,544,13.0,9.0,8.0,2451.17,3309.08
CUST_00205,Jordan,Martinez,jordan.martinez205@example-domain.com,Austin,Texas,78701,2023-02-14,Consumer,Jordan Martinez,Hibernating,123,6.0,331.0,5.0,1906.43,2573.68
CUST_00206,Pat,Johnson,pat.johnson206@example-domain.com,Chicago,Illinois,60601,2023-11-14,Consumer,Pat Johnson,Promising,321,6.0,59.0,5.0,486.88,657.29
CUST_00207,Ava,Gonzalez,ava.gonzalez207@example-domain.com,Columbus,Ohio,43215,2024-04-29,Consumer,Ava Gonzalez,Loyal Customers,433,10.0,41.0,7.0,1810.85,2444.65
CUST_00208,Cameron,Johnson,cameron.johnson208@example-domain.com,Austin,Texas,78701,2023-10-20,Consumer,Cameron Johnson,Loyal Customers,354,12.0,61.0,9.0,3043.09,4108.17
CUST_00209,Sophia,Johnson,sophia.johnson209@example-domain.com,Chicago,Illinois,60601,2023-10-07,Consumer,Sophia Johnson,Can't Lose Them,155,11.0,228.0,10.0,4287.67,5788.35
CUST_00210,Morgan,Lopez,morgan.lopez210@example-domain.com,Atlanta,Georgia,30301,2024-02-14,Consumer,Morgan Lopez,Champions,455,14.0,25.0,9.0,5063.1900000000005,6835.31
CUST_00211,Noah,Gonzalez,noah.gonzalez211@example-domain.com,Chicago,Illinois,60601,2023-07-11,Consumer,Noah Gonzalez,Loyal Customers,532,10.0,11.0,6.0,1089.23,1470.46
CUST_00212,Emma,Thomas,emma.thomas212@example-domain.com,Seattle,Washington,98101,2024-06-15,Consumer,Emma Thomas,Loyal Customers,332,8.0,65.0,7.0,1080.22,1458.3
CUST_00213,Cameron,Williams,cameron.williams213@example-domain.com,Atlanta,Georgia,30301,2023-03-22,Consumer,Cameron Williams,Loyal Customers,355,13.0,52.0,12.0,3845.14,5190.94
CUST_00214,Olivia,Martin,olivia.martin214@example-domain.com,Houston,Texas,77001,2024-07-12,Consumer,Olivia Martin,Promising,324,9.0,57.0,5.0,2571.89,3472.05
CUST_00215,Dakota,Hernandez,dakota.hernandez215@example-domain.com,New York City,New York,10001,2023-03-23,Corporate,Dakota Hernandez,Lost Customers,112,4.0,385.0,4.0,1170.79,1580.57
CUST_00216,Ethan,Martinez,ethan.martinez216@example-domain.com,Orlando,Florida,32801,2024-04-01,Consumer,Ethan Martinez,Lost Customers,111,3.0,443.0,2.0,679.74,917.65
CUST_00217,Jackson,Wilson,jackson.wilson217@example-domain.com,Houston,Texas,77001,2024-12-07,Consumer,Jackson Wilson,At Risk,233,8.0,175.0,7.0,1737.13,2345.13
CUST_00218,Noah,Lopez,noah.lopez218@example-domain.com,Denver,Colorado,80202,2023-02-13,Corporate,Noah Lopez,Customers Needing Attention,211,4.0,202.0,2.0,933.9000000000001,1260.77
CUST_00219,Sophia,Martin,sophia.martin219@example-domain.com,Atlanta,Georgia,30301,2023-10-09,Consumer,Sophia Martin,Champions,442,10.0,34.0,8.0,1276.81,1723.69
CUST_00220,Jordan,Williams,jordan.williams220@example-domain.com,Boston,Massachusetts,02108,2024-01-08,Corporate,Jordan Williams,Potential Loyalists,523,10.0,17.0,5.0,1817.0,2452.95
CUST_00221,Ava,Garcia,ava.garcia221@example-domain.com,Los Angeles,California,90001,2023-05-27,Consumer,Ava Garcia,Customers Needing Attention,223,7.0,98.0,5.0,2060.46,2781.62
CUST_00222,Jackson,Anderson,jackson.anderson222@example-domain.com,San Francisco,California,94102,2023-05-10,Consumer,Jackson Anderson,Lost Customers,112,4.0,481.0,4.0,1223.3899999999999,1651.58
CUST_00223,Taylor,Davis,taylor.davis223@example-domain.com,Seattle,Washington,98101,2024-01-06,Consumer,Taylor Davis,Loyal Customers,533,11.0,10.0,6.0,1820.0300000000002,2457.04
CUST_00224,Liam,Jackson,liam.jackson224@example-domain.com,San Francisco,California,94102,2024-09-11,Consumer,Liam Jackson,Loyal Customers,333,9.0,61.0,7.0,1764.3600000000001,2381.89
CUST_00225,Sam,Anderson,sam.anderson225@example-domain.com,Seattle,Washington,98101,2024-01-16,Consumer,Sam Anderson,Loyal Customers,353,11.0,64.0,9.0,1974.0800000000002,2665.01
CUST_00226,Noah,Williams,noah.williams226@example-domain.com,Buffalo,New York,14201,2024-06-26,Consumer,Noah Williams,Promising,312,6.0,51.0,4.0,1132.24,1528.52
CUST_00227,Sophia,Gonzalez,sophia.gonzalez227@example-domain.com,Chicago,Illinois,60601,2024-10-27,Small Business,Sophia Gonzalez,Loyal Customers,333,9.0,68.0,7.0,1917.37,2588.45
CUST_00228,Cameron,Davis,cameron.davis228@example-domain.com,New York City,New York,10001,2023-01-27,Consumer,Cameron Davis,Potential Loyalists,411,6.0,32.0,2.0,115.21000000000001,155.53
CUST_00229,Chris,Thomas,chris.thomas229@example-domain.com,Raleigh,North Carolina,27601,2024-02-01,Corporate,Chris Thomas,Customers Needing Attention,211,4.0,209.0,4.0,670.36,904.99
CUST_00230,Lucas,Brown,lucas.brown230@example-domain.com,Miami,Florida,33101,2023-09-24,Consumer,Lucas Brown,Hibernating,134,8.0,289.0,6.0,2607.62,3520.29
CUST_00231,Noah,Miller,noah.miller231@example-domain.com,Orlando,Florida,32801,2024-12-11,Corporate,Noah Miller,Hibernating,122,5.0,333.0,5.0,1471.01,1985.86
CUST_00232,Emma,Miller,emma.miller232@example-domain.com,New York City,New York,10001,2023-05-19,Consumer,Emma Miller,Champions,455,14.0,28.0,13.0,3176.85,4288.75
CUST_00233,Taylor,Anderson,taylor.anderson233@example-domain.com,Houston,Texas,77001,2024-12-31,Consumer,Taylor Anderson,Loyal Customers,533,11.0,7.0,7.0,1831.04,2471.9
CUST_00234,Noah,Williams,noah.williams234@example-domain.com,Chicago,Illinois,60601,2024-11-14,Consumer,Noah Williams,Loyal Customers,335,11.0,44.0,6.0,4605.12,6216.91
CUST_00235,Sophia,Williams,sophia.williams235@example-domain.com,Columbus,Ohio,43215,2024-07-09,Consumer,Sophia Williams,Lost Customers,112,4.0,222.0,3.0,1446.08,1952.21
CUST_00236,Dakota,Martinez,dakota.martinez236@example-domain.com,Houston,Texas,77001,2024-12-29,Corporate,Dakota Martinez,At Risk,234,9.0,183.0,7.0,2794.69,3772.83
CUST_00237,Chris,Lopez,chris.lopez237@example-domain.com,Raleigh,North Carolina,27601,2023-08-18,Consumer,Chris Lopez,Lost Customers,111,3.0,304.0,3.0,566.49,764.76
CUST_00238,Morgan,Miller,morgan.miller238@example-domain.com,Buffalo,New York,14201,2023-08-31,Consumer,Morgan Miller,Hibernating,135,9.0,235.0,6.0,3100.29,4185.39
CUST_00239,Emma,Smith,emma.smith239@example-domain.com,Seattle,Washington,98101,2024-07-21,Consumer,Emma Smith,At Risk,231,6.0,143.0,6.0,817.11,1103.1
CUST_00240,Mia,Lopez,mia.lopez240@example-domain.com,Denver,Colorado,80202,2024-07-18,Consumer,Mia Lopez,At Risk,235,10.0,159.0,6.0,3489.9,4711.37
CUST_00241,Sam,Martin,sam.martin241@example-domain.com,San Diego,California,92101,2023-03-09,Small Business,Sam Martin,Promising,311,5.0,89.0,3.0,246.36,332.59
CUST_00242,Dakota,Gonzalez,dakota.gonzalez242@example-domain.com,Philadelphia,Pennsylvania,19102,2024-06-22,Small Business,Dakota Gonzalez,Customers Needing Attention,223,7.0,94.0,5.0,1993.85,2691.7
CUST_00243,Olivia,Wilson,olivia.wilson243@example-domain.com,San Diego,California,92101,2023-05-09,Small Business,Olivia Wilson,Champions,445,13.0,31.0,8.0,6224.57,8403.17
CUST_00244,Ethan,Williams,ethan.williams244@example-domain.com,Denver,Colorado,80202,2024-04-22,Consumer,Ethan Williams,Loyal Customers,354,12.0,59.0,10.0,2797.5,3776.63
CUST_00245,Ava,Lopez,ava.lopez245@example-domain.com,Buffalo,New York,14201,2024-07-18,Consumer,Ava Lopez,Customers Needing Attention,213,6.0,207.0,3.0,1901.6499999999999,2567.23
CUST_00246,Mia,Garcia,mia.garcia246@example-domain.com,Buffalo,New York,14201,2024-03-19,Small Business,Mia Garcia,Lost Customers,113,5.0,254.0,4.0,1999.3,2699.06
CUST_00247,Ava,Johnson,ava.johnson247@example-domain.com,New York City,New York,10001,2024-06-14,Consumer,Ava Johnson,Customers Needing Attention,221,5.0,190.0,5.0,824.6899999999999,1113.33
CUST_00248,Sam,Martinez,sam.martinez248@example-domain.com,Houston,Texas,77001,2023-06-15,Small Business,Sam Martinez,Loyal Customers,355,13.0,67.0,11.0,4528.96,6114.1
CUST_00249,Ethan,Davis,ethan.davis249@example-domain.com,Seattle,Washington,98101,2024-06-15,Small Business,Ethan Davis,Promising,312,6.0,48.0,4.0,1462.75,1974.71
CUST_00250,Dakota,Williams,dakota.williams250@example-domain.com,Miami,Florida,33101,2023-07-21,Corporate,Dakota Williams,At Risk,235,10.0,128.0,6.0,3154.07,4257.99
CUST_00251,Lucas,Rodriguez,lucas.rodriguez251@example-domain.com,Buffalo,New York,14201,2024-10-02,Consumer,Lucas Rodriguez,Loyal Customers,354,12.0,58.0,9.0,2454.65,3313.78
CUST_00252,Dakota,Martin,dakota.martin252@example-domain.com,Columbus,Ohio,43215,2023-04-06,Consumer,Dakota Martin,Customers Needing Attention,212,5.0,98.0,4.0,1207.91,1630.68
CUST_00253,Ava,Garcia,ava.garcia253@example-domain.com,Buffalo,New York,14201,2023-06-25,Corporate,Ava Garcia,Loyal Customers,355,13.0,51.0,9.0,5515.59,7446.05
CUST_00254,Jackson,Martin,jackson.martin254@example-domain.com,Chicago,Illinois,60601,2024-07-31,Consumer,Jackson Martin,Promising,312,6.0,49.0,4.0,1171.67,1581.75
CUST_00255,Jordan,Smith,jordan.smith255@example-domain.com,San Diego,California,92101,2023-02-16,Consumer,Jordan Smith,Loyal Customers,434,11.0,34.0,7.0,2705.83,3652.87
CUST_00256,Mia,Rodriguez,mia.rodriguez256@example-domain.com,Austin,Texas,78701,2024-08-08,Consumer,Mia Rodriguez,At Risk,231,6.0,195.0,7.0,890.26,1201.85
CUST_00257,Olivia,Martin,olivia.martin257@example-domain.com,Los Angeles,California,90001,2024-05-24,Small Business,Olivia Martin,Champions,555,15.0,3.0,12.0,3586.98,4842.42
CUST_00258,Lucas,Martinez,lucas.martinez258@example-domain.com,Orlando,Florida,32801,2024-05-09,Consumer,Lucas Martinez,Customers Needing Attention,224,8.0,100.0,5.0,2256.95,3046.88
CUST_00259,Riley,Gonzalez,riley.gonzalez259@example-domain.com,Orlando,Florida,32801,2024-04-09,Consumer,Riley Gonzalez,Customers Needing Attention,222,6.0,118.0,5.0,1269.1200000000001,1713.31
CUST_00260,Taylor,Johnson,taylor.johnson260@example-domain.com,Houston,Texas,77001,2024-03-26,Consumer,Taylor Johnson,Loyal Customers,332,8.0,53.0,6.0,1594.07,2151.99
CUST_00261,Olivia,Thomas,olivia.thomas261@example-domain.com,Denver,Colorado,80202,2023-07-28,Consumer,Olivia Thomas,At Risk,231,6.0,119.0,7.0,913.5,1233.23
CUST_00262,Ethan,Martin,ethan.martin262@example-domain.com,Buffalo,New York,14201,2023-11-17,Small Business,Ethan Martin,Champions,555,15.0,1.0,13.0,3667.41,4951.0
CUST_00263,Ethan,Lopez,ethan.lopez263@example-domain.com,Boston,Massachusetts,02108,2023-05-14,Consumer,Ethan Lopez,Loyal Customers,344,11.0,50.0,8.0,2978.7799999999997,4021.35
CUST_00264,Sophia,Taylor,sophia.taylor264@example-domain.com,Columbus,Ohio,43215,2023-04-19,Consumer,Sophia Taylor,Loyal Customers,344,11.0,44.0,8.0,2666.82,3600.21
CUST_00265,Ethan,Davis,ethan.davis265@example-domain.com,Denver,Colorado,80202,2023-05-06,Corporate,Ethan Davis,Potential Loyalists,411,6.0,20.0,4.0,404.2,545.67
CUST_00266,Cameron,Anderson,cameron.anderson266@example-domain.com,Dallas,Texas,75201,2023-05-25,Corporate,Cameron Anderson,Loyal Customers,534,12.0,7.0,6.0,2706.09,3653.22
CUST_00267,Morgan,Johnson,morgan.johnson267@example-domain.com,Orlando,Florida,32801,2024-01-29,Consumer,Morgan Johnson,Loyal Customers,432,9.0,39.0,7.0,1048.31,1415.22
CUST_00268,Jackson,Wilson,jackson.wilson268@example-domain.com,Dallas,Texas,75201,2023-06-13,Corporate,Jackson Wilson,Loyal Customers,333,9.0,90.0,7.0,2036.7,2749.54
CUST_00269,Ethan,Jackson,ethan.jackson269@example-domain.com,Chicago,Illinois,60601,2023-07-14,Consumer,Ethan Jackson,Loyal Customers,334,10.0,45.0,6.0,2421.94,3269.62
CUST_00270,Chris,Thomas,chris.thomas270@example-domain.com,Raleigh,North Carolina,27601,2024-04-23,Consumer,Chris Thomas,Lost Customers,112,4.0,336.0,4.0,1179.21,1591.93
CUST_00271,Emma,Martinez,emma.martinez271@example-domain.com,Philadelphia,Pennsylvania,19102,2023-01-24,Corporate,Emma Martinez,Lost Customers,112,4.0,265.0,4.0,1344.93,1815.66
CUST_00272,Taylor,Gonzalez,taylor.gonzalez272@example-domain.com,Raleigh,North Carolina,27601,2024-04-13,Corporate,Taylor Gonzalez,Lost Customers,111,3.0,465.0,2.0,62.03,83.74
CUST_00273,Riley,Miller,riley.miller273@example-domain.com,Seattle,Washington,98101,2023-02-19,Corporate,Riley Miller,Lost Customers,111,3.0,387.0,3.0,504.05,680.47
CUST_00274,Jordan,Martinez,jordan.martinez274@example-domain.com,Philadelphia,Pennsylvania,19102,2024-09-03,Small Business,Jordan Martinez,Lost Customers,111,3.0,483.0,4.0,1007.22,1359.75
CUST_00275,Emma,Martinez,emma.martinez275@example-domain.com,Columbus,Ohio,43215,2023-01-09,Consumer,Emma Martinez,Customers Needing Attention,221,5.0,130.0,5.0,457.31,617.37
CUST_00276,Morgan,Wilson,morgan.wilson276@example-domain.com,Buffalo,New York,14201,2023-09-28,Consumer,Morgan Wilson,Champions,455,14.0,31.0,14.0,6844.75,9240.41
CUST_00277,Sophia,Gonzalez,sophia.gonzalez277@example-domain.com,Seattle,Washington,98101,2023-02-16,Corporate,Sophia Gonzalez,At Risk,255,12.0,112.0,9.0,3506.7,4734.04
CUST_00278,Liam,Johnson,liam.johnson278@example-domain.com,Columbus,Ohio,43215,2023-07-19,Consumer,Liam Johnson,Loyal Customers,355,13.0,58.0,10.0,4520.33,6102.45
CUST_00279,Sophia,Moore,sophia.moore279@example-domain.com,Orlando,Florida,32801,2023-03-17,Corporate,Sophia Moore,Loyal Customers,333,9.0,70.0,7.0,1945.73,2626.74
CUST_00280,Liam,Taylor,liam.taylor280@example-domain.com,Denver,Colorado,80202,2024-07-17,Corporate,Liam Taylor,Champions,555,15.0,13.0,10.0,5933.5,8010.22
CUST_00281,Cameron,Martin,cameron.martin281@example-domain.com,New York City,New York,10001,2023-05-12,Corporate,Cameron Martin,Loyal Customers,352,10.0,58.0,9.0,1601.77,2162.39
CUST_00282,Morgan,Gonzalez,morgan.gonzalez282@example-domain.com,Seattle,Washington,98101,2023-12-14,Consumer,Morgan Gonzalez,Champions,544,13.0,12.0,8.0,2765.19,3733.01
CUST_00283,Lucas,Lopez,lucas.lopez283@example-domain.com,Buffalo,New York,14201,2023-07-23,Consumer,Lucas Lopez,Customers Needing Attention,211,4.0,188.0,4.0,477.71,644.91
CUST_00284,Jackson,Taylor,jackson.taylor284@example-domain.com,Boston,Massachusetts,02108,2024-05-27,Consumer,Jackson Taylor,At Risk,255,12.0,173.0,13.0,3976.55,5368.34
CUST_00285,Jordan,Johnson,jordan.johnson285@example-domain.com,San Francisco,California,94102,2023-05-21,Consumer,Jordan Johnson,Champions,442,10.0,37.0,8.0,1421.04,1918.4
CUST_00286,Ethan,Thomas,ethan.thomas286@example-domain.com,Raleigh,North Carolina,27601,2024-04-12,Consumer,Ethan Thomas,Potential Loyalists,411,6.0,24.0,3.0,339.06,457.73
CUST_00287,Sam,Martin,sam.martin287@example-domain.com,Raleigh,North Carolina,27601,2023-05-24,Consumer,Sam Martin,Loyal Customers,344,11.0,47.0,8.0,2696.23,3639.91
CUST_00288,Ethan,Martin,ethan.martin288@example-domain.com,Chicago,Illinois,60601,2023-06-16,Consumer,Ethan Martin,Customers Needing Attention,224,8.0,142.0,5.0,2803.7200000000003,3785.02
CUST_00289,Liam,Martin,liam.martin289@example-domain.com,Orlando,Florida,32801,2024-08-30,Consumer,Liam Martin,Customers Needing Attention,213,6.0,160.0,4.0,2143.18,2893.29
CUST_00290,Ethan,Taylor,ethan.taylor290@example-domain.com,Raleigh,North Carolina,27601,2024-06-29,Consumer,Ethan Taylor,Loyal Customers,433,10.0,32.0,7.0,2092.5,2824.88
CUST_00291,Emma,Jackson,emma.jackson291@example-domain.com,Orlando,Florida,32801,2024-05-01,Consumer,Emma Jackson,Loyal Customers,331,7.0,56.0,6.0,854.25,1153.24
CUST_00292,Alex,Lopez,alex.lopez292@example-domain.com,Chicago,Illinois,60601,2024-11-20,Consumer,Alex Lopez,Lost Customers,112,4.0,405.0,1.0,1051.8899999999999,1420.05
CUST_00293,Morgan,Wilson,morgan.wilson293@example-domain.com,Orlando,Florida,32801,2024-12-05,Corporate,Morgan Wilson,At Risk,254,11.0,208.0,9.0,3084.48,4164.05
CUST_00294,Alex,Martin,alex.martin294@example-domain.com,Philadelphia,Pennsylvania,19102,2023-09-29,Consumer,Alex Martin,Loyal Customers,334,10.0,88.0,7.0,2486.23,3356.41
CUST_00295,Mia,Jackson,mia.jackson295@example-domain.com,Dallas,Texas,75201,2023-02-22,Consumer,Mia Jackson,At Risk,232,7.0,166.0,7.0,1298.64,1753.16
CUST_00296,Mia,Thomas,mia.thomas296@example-domain.com,Houston,Texas,77001,2024-06-20,Consumer,Mia Thomas,Customers Needing Attention,211,4.0,93.0,3.0,731.37,987.35
CUST_00297,Jackson,Gonzalez,jackson.gonzalez297@example-domain.com,Buffalo,New York,14201,2024-11-28,Corporate,Jackson Gonzalez,Champions,555,15.0,3.0,10.0,3305.5800000000004,4462.53
CUST_00298,Riley,Johnson,riley.johnson298@example-domain.com,New York City,New York,10001,2023-07-15,Consumer,Riley Johnson,Champions,555,15.0,2.0,9.0,4574.7300000000005,6175.89
CUST_00299,Alex,Anderson,alex.anderson299@example-domain.com,Chicago,Illinois,60601,2024-03-04,Consumer,Alex Anderson,Champions,445,13.0,20.0,8.0,3558.29,4803.69
CUST_00300,Sam,Wilson,sam.wilson300@example-domain.com,Austin,Texas,78701,2024-02-25,Consumer,Sam Wilson,Lost Customers,113,5.0,409.0,3.0,1778.3700000000001,2400.8
CUST_00301,Ava,Martin,ava.martin301@example-domain.com,Philadelphia,Pennsylvania,19102,2023-03-05,Consumer,Ava Martin,Promising,322,7.0,54.0,5.0,1063.8899999999999,1436.25
CUST_00302,Sam,Taylor,sam.taylor302@example-domain.com,Austin,Texas,78701,2024-07-28,Consumer,Sam Taylor,Customers Needing Attention,223,7.0,142.0,5.0,2060.08,2781.11
CUST_00303,Ethan,Thomas,ethan.thomas303@example-domain.com,Raleigh,North Carolina,27601,2024-01-21,Consumer,Ethan Thomas,Potential Loyalists,412,7.0,28.0,4.0,1402.79,1893.77
CUST_00304,Ethan,Garcia,ethan.garcia304@example-domain.com,Denver,Colorado,80202,2024-06-29,Consumer,Ethan Garcia,Promising,323,8.0,54.0,5.0,1852.0100000000002,2500.21
CUST_00305,Ethan,Moore,ethan.moore305@example-domain.com,Seattle,Washington,98101,2024-11-23,Corporate,Ethan Moore,Champions,555,15.0,8.0,10.0,4375.6,5907.06
CUST_00306,Cameron,Martin,cameron.martin306@example-domain.com,Philadelphia,Pennsylvania,19102,2023-07-16,Small Business,Cameron Martin,Champions,443,11.0,20.0,8.0,2069.84,2794.28
CUST_00307,Riley,Rodriguez,riley.rodriguez307@example-domain.com,Columbus,Ohio,43215,2023-11-02,Consumer,Riley Rodriguez,Loyal Customers,432,9.0,31.0,6.0,1552.5,2095.88
CUST_00308,Riley,Martinez,riley.martinez308@example-domain.com,Orlando,Florida,32801,2024-12-22,Consumer,Riley Martinez,Loyal Customers,433,10.0,43.0,6.0,1917.79,2589.02
CUST_00309,Pat,Thomas,pat.thomas309@example-domain.com,Chicago,Illinois,60601,2024-05-06,Corporate,Pat Thomas,Loyal Customers,332,8.0,46.0,6.0,1511.69,2040.78
CUST_00310,Sophia,Moore,sophia.moore310@example-domain.com,Miami,Florida,33101,2023-10-22,Consumer,Sophia Moore,Loyal Customers,344,11.0,51.0,8.0,2393.55,3231.29
CUST_00311,Morgan,Jackson,morgan.jackson311@example-domain.com,Columbus,Ohio,43215,2024-01-24,Consumer,Morgan Jackson,Lost Customers,113,5.0,420.0,3.0,1798.1799999999998,2427.54
CUST_00312,Liam,Lopez,liam.lopez312@example-domain.com,Buffalo,New York,14201,2023-10-25,Consumer,Liam Lopez,Can't Lose Them,144,9.0,279.0,8.0,2754.98,3719.22
CUST_00313,Jordan,Martinez,jordan.martinez313@example-domain.com,San Diego,California,92101,2023-12-21,Consumer,Jordan Martinez,Loyal Customers,333,9.0,55.0,7.0,1731.21,2337.13
CUST_00314,Noah,Rodriguez,noah.rodriguez314@example-domain.com,Philadelphia,Pennsylvania,19102,2023-08-08,Small Business,Noah Rodriguez,Potential Loyalists,511,7.0,18.0,4.0,544.13,734.58
CUST_00315,Pat,Moore,pat.moore315@example-domain.com,Miami,Florida,33101,2024-07-29,Corporate,Pat Moore,Potential Loyalists,423,9.0,27.0,5.0,2022.97,2731.01
CUST_00316,Cameron,Jones,cameron.jones316@example-domain.com,New York City,New York,10001,2024-09-22,Consumer,Cameron Jones,At Risk,233,8.0,142.0,6.0,2043.47,2758.68
CUST_00317,Mia,Davis,mia.davis317@example-domain.com,Dallas,Texas,75201,2023-02-21,Consumer,Mia Davis,At Risk,231,6.0,176.0,6.0,932.71,1259.16
CUST_00318,Ava,Davis,ava.davis318@example-domain.com,Dallas,Texas,75201,2023-02-23,Consumer,Ava Davis,Loyal Customers,534,12.0,15.0,6.0,2829.34,3819.61
CUST_00319,Morgan,Wilson,morgan.wilson319@example-domain.com,Chicago,Illinois,60601,2024-04-28,Consumer,Morgan Wilson,Promising,311,5.0,44.0,3.0,323.79999999999995,437.13
CUST_00320,Morgan,Jones,morgan.jones320@example-domain.com,Los Angeles,California,90001,2024-07-17,Consumer,Morgan Jones,Customers Needing Attention,212,5.0,96.0,3.0,1205.72,1627.72
CUST_00321,Chris,Wilson,chris.wilson321@example-domain.com,Philadelphia,Pennsylvania,19102,2024-05-03,Consumer,Chris Wilson,At Risk,234,9.0,147.0,6.0,2895.9900000000002,3909.59
CUST_00322,Pat,Martinez,pat.martinez322@example-domain.com,Chicago,Illinois,60601,2023-10-20,Corporate,Pat Martinez,Champions,545,14.0,4.0,8.0,5093.43,6876.13
CUST_00323,Jordan,Williams,jordan.williams323@example-domain.com,Dallas,Texas,75201,2024-07-01,Consumer,Jordan Williams,Promising,322,7.0,49.0,5.0,1282.96,1732.0
CUST_00324,Jordan,Garcia,jordan.garcia324@example-domain.com,Atlanta,Georgia,30301,2023-06-30,Consumer,Jordan Garcia,Can't Lose Them,145,10.0,240.0,8.0,3771.95,5092.13
CUST_00325,Jordan,Gonzalez,jordan.gonzalez325@example-domain.com,Philadelphia,Pennsylvania,19102,2023-07-10,Small Business,Jordan Gonzalez,Customers Needing Attention,224,8.0,110.0,5.0,2439.2200000000003,3292.95
CUST_00326,Dakota,Johnson,dakota.johnson326@example-domain.com,Los Angeles,California,90001,2023-11-02,Corporate,Dakota Johnson,At Risk,255,12.0,106.0,11.0,3776.59,5098.4
CUST_00327,Mia,Martin,mia.martin327@example-domain.com,New York City,New York,10001,2023-12-10,Consumer,Mia Martin,At Risk,234,9.0,130.0,7.0,2436.12,3288.76
CUST_00328,Dakota,Anderson,dakota.anderson328@example-domain.com,Columbus,Ohio,43215,2024-06-20,Consumer,Dakota Anderson,Loyal Customers,354,12.0,44.0,9.0,2262.29,3054.09
CUST_00329,Emma,Jones,emma.jones329@example-domain.com,Raleigh,North Carolina,27601,2024-04-24,Consumer,Emma Jones,Potential Loyalists,511,7.0,6.0,4.0,556.37,751.1
CUST_00330,Cameron,Miller,cameron.miller330@example-domain.com,New York City,New York,10001,2023-12-05,Consumer,Cameron Miller,Hibernating,134,8.0,426.0,7.0,2280.3500000000004,3078.47
CUST_00331,Chris,Anderson,chris.anderson331@example-domain.com,Miami,Florida,33101,2023-07-10,Consumer,Chris Anderson,Champions,555,15.0,10.0,12.0,4400.26,5940.35
CUST_00332,Alex,Hernandez,alex.hernandez332@example-domain.com,Orlando,Florida,32801,2024-08-04,Corporate,Alex Hernandez,Lost Customers,113,5.0,289.0,4.0,1632.21,2203.48
CUST_00333,Pat,Garcia,pat.garcia333@example-domain.com,Boston,Massachusetts,02108,2024-03-13,Consumer,Pat Garcia,Potential Loyalists,511,7.0,16.0,3.0,626.76,846.13
CUST_00334,Ava,Hernandez,ava.hernandez334@example-domain.com,San Diego,California,92101,2024-02-15,Consumer,Ava Hernandez,Champions,553,13.0,1.0,10.0,2115.85,2856.4
CUST_00335,Morgan,Garcia,morgan.garcia335@example-domain.com,Buffalo,New York,14201,2024-05-03,Consumer,Morgan Garcia,Potential Loyalists,412,7.0,35.0,2.0,1232.41,1663.75
CUST_00336,Ethan,Davis,ethan.davis336@example-domain.com,Los Angeles,California,90001,2023-09-25,Consumer,Ethan Davis,Potential Loyalists,411,6.0,23.0,3.0,773.83,1044.67
CUST_00337,Liam,Davis,liam.davis337@example-domain.com,Denver,Colorado,80202,2023-10-01,Corporate,Liam Davis,Champions,545,14.0,8.0,8.0,3363.9199999999996,4541.29
CUST_00338,Ethan,Martinez,ethan.martinez338@example-domain.com,Los Angeles,California,90001,2023-09-25,Corporate,Ethan Martinez,Loyal Customers,354,12.0,61.0,12.0,2819.34,3806.11
CUST_00339,Sophia,Davis,sophia.davis339@example-domain.com,San Francisco,California,94102,2024-11-14,Consumer,Sophia Davis,Hibernating,133,7.0,253.0,7.0,1756.8700000000001,2371.77
CUST_00340,Morgan,Anderson,morgan.anderson340@example-domain.com,Orlando,Florida,32801,2023-06-13,Consumer,Morgan Anderson,Customers Needing Attention,225,9.0,211.0,5.0,3123.9700000000003,4217.36
CUST_00341,Liam,Taylor,liam.taylor341@example-domain.com,Orlando,Florida,32801,2024-12-07,Consumer,Liam Taylor,Loyal Customers,435,12.0,21.0,7.0,3254.52,4393.6
CUST_00342,Morgan,Martinez,morgan.martinez342@example-domain.com,Seattle,Washington,98101,2024-09-21,Consumer,Morgan Martinez,Loyal Customers,342,9.0,55.0,8.0,1115.77,1506.29
CUST_00343,Riley,Davis,riley.davis343@example-domain.com,Buffalo,New York,14201,2024-05-04,Consumer,Riley Davis,Loyal Customers,334,10.0,51.0,6.0,2760.37,3726.5
CUST_00344,Sam,Anderson,sam.anderson344@example-domain.com,Seattle,Washington,98101,2024-03-01,Consumer,Sam Anderson,Loyal Customers,355,13.0,82.0,9.0,3822.49,5160.36
CUST_00345,Lucas,Thomas,lucas.thomas345@example-domain.com,Columbus,Ohio,43215,2024-11-11,Consumer,Lucas Thomas,Hibernating,121,4.0,413.0,5.0,807.45,1090.06
CUST_00346,Pat,Davis,pat.davis346@example-domain.com,San Diego,California,92101,2024-06-22,Consumer,Pat Davis,Loyal Customers,534,12.0,3.0,6.0,2889.89,3901.35
CUST_00347,Noah,Taylor,noah.taylor347@example-domain.com,Seattle,Washington,98101,2023-03-21,Consumer,Noah Taylor,Customers Needing Attention,212,5.0,210.0,4.0,1100.4,1485.54
CUST_00348,Mia,Brown,mia.brown348@example-domain.com,San Francisco,California,94102,2024-07-14,Consumer,Mia Brown,Loyal Customers,354,12.0,45.0,9.0,2655.04,3584.3
CUST_00349,Ava,Miller,ava.miller349@example-domain.com,Columbus,Ohio,43215,2023-06-03,Consumer,Ava Miller,At Risk,245,11.0,162.0,8.0,4225.38,5704.26
CUST_00350,Chris,Hernandez,chris.hernandez350@example-domain.com,Raleigh,North Carolina,27601,2024-03-28,Consumer,Chris Hernandez,Hibernating,121,4.0,262.0,5.0,473.71,639.51
CUST_00351,Morgan,Miller,morgan.miller351@example-domain.com,Philadelphia,Pennsylvania,19102,2023-04-04,Consumer,Morgan Miller,Loyal Customers,334,10.0,52.0,6.0,2299.09,3103.77
CUST_00352,Ava,Anderson,ava.anderson352@example-domain.com,San Francisco,California,94102,2024-04-09,Corporate,Ava Anderson,Can't Lose Them,145,10.0,259.0,8.0,3130.3,4225.91
CUST_00353,Sam,Taylor,sam.taylor353@example-domain.com,Atlanta,Georgia,30301,2024-04-12,Consumer,Sam Taylor,Customers Needing Attention,211,4.0,162.0,4.0,469.26,633.5
CUST_00354,Mia,Johnson,mia.johnson354@example-domain.com,Columbus,Ohio,43215,2024-04-18,Consumer,Mia Johnson,Loyal Customers,333,9.0,67.0,6.0,1637.1299999999999,2210.13
CUST_00355,Dakota,Smith,dakota.smith355@example-domain.com,Boston,Massachusetts,02108,2023-09-18,Consumer,Dakota Smith,At Risk,233,8.0,106.0,6.0,1715.02,2315.28
CUST_00356,Alex,Miller,alex.miller356@example-domain.com,San Diego,California,92101,2023-02-16,Consumer,Alex Miller,Potential Loyalists,422,8.0,43.0,5.0,1247.0,1683.45
CUST_00357,Olivia,Lopez,olivia.lopez357@example-domain.com,San Diego,California,92101,2024-07-08,Consumer,Olivia Lopez,Loyal Customers,435,12.0,34.0,7.0,3817.35,5153.42
CUST_00358,Jordan,Williams,jordan.williams358@example-domain.com,Philadelphia,Pennsylvania,19102,2023-02-02,Consumer,Jordan Williams,Potential Loyalists,511,7.0,7.0,4.0,892.5799999999999,1204.98
CUST_00359,Dakota,Wilson,dakota.wilson359@example-domain.com,Houston,Texas,77001,2023-05-19,Small Business,Dakota Wilson,Champions,555,15.0,6.0,13.0,3340.95,4510.28
CUST_00360,Olivia,Lopez,olivia.lopez360@example-domain.com,Boston,Massachusetts,02108,2024-04-04,Consumer,Olivia Lopez,At Risk,234,9.0,193.0,7.0,2448.24,3305.12
CUST_00361,Liam,Gonzalez,liam.gonzalez361@example-domain.com,San Diego,California,92101,2024-11-30,Consumer,Liam Gonzalez,Loyal Customers,534,12.0,2.0,6.0,2322.82,3135.81
CUST_00362,Lucas,Jones,lucas.jones362@example-domain.com,Seattle,Washington,98101,2023-05-02,Consumer,Lucas Jones,Loyal Customers,355,13.0,63.0,10.0,3220.13,4347.18
CUST_00363,Chris,Moore,chris.moore363@example-domain.com,Boston,Massachusetts,02108,2024-06-25,Consumer,Chris Moore,Champions,544,13.0,16.0,8.0,2358.2,3183.57
CUST_00364,Sam,Davis,sam.davis364@example-domain.com,Los Angeles,California,90001,2023-01-24,Consumer,Sam Davis,Promising,312,6.0,63.0,4.0,1501.75,2027.36
CUST_00365,Dakota,Anderson,dakota.anderson365@example-domain.com,Columbus,Ohio,43215,2024-03-10,Small Business,Dakota Anderson,Loyal Customers,434,11.0,28.0,7.0,2829.51,3819.84
CUST_00366,Lucas,Gonzalez,lucas.gonzalez366@example-domain.com,Dallas,Texas,75201,2023-09-11,Consumer,Lucas Gonzalez,Loyal Customers,433,10.0,38.0,6.0,2202.72,2973.67
CUST_00367,Noah,Lopez,noah.lopez367@example-domain.com,Buffalo,New York,14201,2023-10-10,Small Business,Noah Lopez,Potential Loyalists,522,9.0,2.0,5.0,1559.72,2105.62
CUST_00368,Pat,Brown,pat.brown368@example-domain.com,San Francisco,California,94102,2024-11-07,Small Business,Pat Brown,At Risk,242,8.0,173.0,8.0,1611.2800000000002,2175.23
CUST_00369,Olivia,Martin,olivia.martin369@example-domain.com,Los Angeles,California,90001,2023-09-04,Consumer,Olivia Martin,Potential Loyalists,511,7.0,5.0,4.0,600.55,810.74
CUST_00370,Pat,Williams,pat.williams370@example-domain.com,New York City,New York,10001,2024-08-31,Consumer,Pat Williams,Loyal Customers,433,10.0,21.0,7.0,1909.26,2577.5
CUST_00371,Jordan,Anderson,jordan.anderson371@example-domain.com,San Francisco,California,94102,2023-09-08,Consumer,Jordan Anderson,Loyal Customers,434,11.0,32.0,6.0,3077.9700000000003,4155.26
CUST_00372,Jordan,Gonzalez,jordan.gonzalez372@example-domain.com,Denver,Colorado,80202,2023-08-28,Consumer,Jordan Gonzalez,Lost Customers,113,5.0,508.0,4.0,1641.2,2215.62
CUST_00373,Lucas,Miller,lucas.miller373@example-domain.com,San Francisco,California,94102,2023-05-24,Consumer,Lucas Miller,Customers Needing Attention,211,4.0,135.0,2.0,110.58,149.28
CUST_00374,Ava,Martinez,ava.martinez374@example-domain.com,Dallas,Texas,75201,2024-08-12,Consumer,Ava Martinez,Potential Loyalists,424,10.0,20.0,5.0,2709.4199999999996,3657.72
CUST_00375,Ethan,Jackson,ethan.jackson375@example-domain.com,Chicago,Illinois,60601,2023-08-31,Consumer,Ethan Jackson,Loyal Customers,535,13.0,4.0,6.0,3512.69,4742.13
CUST_00376,Dakota,Jones,dakota.jones376@example-domain.com,Raleigh,North Carolina,27601,2023-08-15,Consumer,Dakota Jones,Hibernating,132,6.0,311.0,7.0,1252.07,1690.29
CUST_00377,Olivia,Martinez,olivia.martinez377@example-domain.com,Miami,Florida,33101,2023-03-04,Corporate,Olivia Martinez,Hibernating,123,6.0,228.0,5.0,1775.25,2396.59
CUST_00378,Lucas,Jackson,lucas.jackson378@example-domain.com,Houston,Texas,77001,2024-10-03,Consumer,Lucas Jackson,At Risk,231,6.0,139.0,7.0,871.73,1176.84
CUST_00379,Olivia,Moore,olivia.moore379@example-domain.com,Philadelphia,Pennsylvania,19102,2023-02-18,Corporate,Olivia Moore,Lost Customers,114,6.0,304.0,3.0,2224.62,3003.24
CUST_00380,Sophia,Gonzalez,sophia.gonzalez380@example-domain.com,Raleigh,North Carolina,27601,2023-11-23,Consumer,Sophia Gonzalez,Loyal Customers,434,11.0,41.0,7.0,2954.9700000000003,3989.21
CUST_00381,Olivia,Wilson,olivia.wilson381@example-domain.com,Buffalo,New York,14201,2023-11-04,Consumer,Olivia Wilson,Loyal Customers,534,12.0,11.0,7.0,2389.82,3226.26
CUST_00382,Liam,Garcia,liam.garcia382@example-domain.com,Columbus,Ohio,43215,2024-04-29,Consumer,Liam Garcia,Champions,445,13.0,20.0,8.0,3652.1800000000003,4930.44
CUST_00383,Riley,Davis,riley.davis383@example-domain.com,Orlando,Florida,32801,2024-12-25,Consumer,Riley Davis,At Risk,255,12.0,176.0,9.0,3772.44,5092.79
CUST_00384,Sam,Anderson,sam.anderson384@example-domain.com,San Francisco,California,94102,2024-07-29,Corporate,Sam Anderson,Lost Customers,111,3.0,216.0,3.0,687.0899999999999,927.57
CUST_00385,Olivia,Wilson,olivia.wilson385@example-domain.com,Columbus,Ohio,43215,2024-06-26,Corporate,Olivia Wilson,Loyal Customers,343,10.0,62.0,8.0,1670.08,2254.61
CUST_00386,Sam,Gonzalez,sam.gonzalez386@example-domain.com,Dallas,Texas,75201,2023-09-19,Corporate,Sam Gonzalez,Loyal Customers,433,10.0,32.0,6.0,2062.72,2784.67
CUST_00387,Pat,Hernandez,pat.hernandez387@example-domain.com,San Diego,California,92101,2024-04-05,Consumer,Pat Hernandez,Promising,312,6.0,88.0,4.0,1348.29,1820.19
CUST_00388,Sophia,Williams,sophia.williams388@example-domain.com,Columbus,Ohio,43215,2023-07-15,Consumer,Sophia Williams,Potential Loyalists,413,8.0,25.0,4.0,2128.76,2873.83
CUST_00389,Jordan,Rodriguez,jordan.rodriguez389@example-domain.com,Boston,Massachusetts,02108,2024-11-20,Corporate,Jordan Rodriguez,Loyal Customers,534,12.0,3.0,7.0,3070.41,4145.05
CUST_00390,Jackson,Martin,jackson.martin390@example-domain.com,San Francisco,California,94102,2023-03-16,Corporate,Jackson Martin,Potential Loyalists,513,9.0,7.0,4.0,1716.85,2317.75
CUST_00391,Pat,Jackson,pat.jackson391@example-domain.com,Columbus,Ohio,43215,2023-08-11,Small Business,Pat Jackson,Promising,312,6.0,49.0,4.0,1262.8300000000002,1704.82
CUST_00392,Emma,Miller,emma.miller392@example-domain.com,Chicago,Illinois,60601,2023-11-07,Consumer,Emma Miller,Loyal Customers,344,11.0,44.0,8.0,2513.2400000000002,3392.87
CUST_00393,Alex,Miller,alex.miller393@example-domain.com,Austin,Texas,78701,2023-05-01,Consumer,Alex Miller,Customers Needing Attention,222,6.0,135.0,5.0,1505.56,2032.51
CUST_00394,Emma,Davis,emma.davis394@example-domain.com,Austin,Texas,78701,2024-02-11,Corporate,Emma Davis,Champions,443,11.0,36.0,8.0,1932.96,2609.5
CUST_00395,Riley,Moore,riley.moore395@example-domain.com,Chicago,Illinois,60601,2023-10-17,Consumer,Riley Moore,Potential Loyalists,424,10.0,25.0,5.0,2246.12,3032.26
CUST_00396,Liam,Anderson,liam.anderson396@example-domain.com,Columbus,Ohio,43215,2024-10-26,Small Business,Liam Anderson,Customers Needing Attention,212,5.0,135.0,4.0,1277.3600000000001,1724.44
CUST_00397,Sophia,Martinez,sophia.martinez397@example-domain.com,Miami,Florida,33101,2024-01-04,Corporate,Sophia Martinez,Promising,313,7.0,45.0,4.0,1731.3600000000001,2337.34
CUST_00398,Ava,Thomas,ava.thomas398@example-domain.com,Denver,Colorado,80202,2023-04-11,Consumer,Ava Thomas,Lost Customers,111,3.0,248.0,3.0,330.87,446.67
CUST_00399,Emma,Hernandez,emma.hernandez399@example-domain.com,Austin,Texas,78701,2024-01-15,Corporate,Emma Hernandez,Loyal Customers,532,10.0,5.0,7.0,1496.3899999999999,2020.13
CUST_00400,Ethan,Wilson,ethan.wilson400@example-domain.com,San Francisco,California,94102,2024-07-30,Corporate,Ethan Wilson,Lost Customers,112,4.0,408.0,3.0,1070.87,1445.67
CUST_00401,Riley,Jones,riley.jones401@example-domain.com,Los Angeles,California,90001,2023-09-25,Consumer,Riley Jones,Loyal Customers,332,8.0,57.0,6.0,1289.87,1741.32
CUST_00402,Lucas,Jackson,lucas.jackson402@example-domain.com,Atlanta,Georgia,30301,2023-10-30,Small Business,Lucas Jackson,Customers Needing Attention,211,4.0,154.0,2.0,211.41,285.4
CUST_00403,Sam,Miller,sam.miller403@example-domain.com,Chicago,Illinois,60601,2023-08-24,Consumer,Sam Miller,Loyal Customers,534,12.0,19.0,7.0,3000.65,4050.88
CUST_00404,Liam,Jackson,liam.jackson404@example-domain.com,Dallas,Texas,75201,2024-05-26,Corporate,Liam Jackson,At Risk,243,9.0,158.0,8.0,2022.44,2730.29
CUST_00405,Lucas,Hernandez,lucas.hernandez405@example-domain.com,Miami,Florida,33101,2024-05-15,Consumer,Lucas Hernandez,Promising,322,7.0,49.0,5.0,1348.6299999999999,1820.65
CUST_00406,Emma,Anderson,emma.anderson406@example-domain.com,Houston,Texas,77001,2023-12-27,Corporate,Emma Anderson,Potential Loyalists,421,7.0,43.0,5.0,960.5,1296.68
CUST_00407,Chris,Jones,chris.jones407@example-domain.com,Columbus,Ohio,43215,2024-05-15,Consumer,Chris Jones,Champions,444,12.0,24.0,8.0,2730.33,3685.95
CUST_00408,Chris,Moore,chris.moore408@example-domain.com,San Francisco,California,94102,2024-06-20,Consumer,Chris Moore,Potential Loyalists,423,9.0,34.0,5.0,2044.48,2760.05
CUST_00409,Jordan,Williams,jordan.williams409@example-domain.com,San Francisco,California,94102,2023-01-07,Small Business,Jordan Williams,At Risk,255,12.0,151.0,10.0,4011.44,5415.44
CUST_00410,Olivia,Jones,olivia.jones410@example-domain.com,Dallas,Texas,75201,2023-03-11,Consumer,Olivia Jones,Promising,322,7.0,48.0,5.0,1143.74,1544.05
CUST_00411,Sam,Smith,sam.smith411@example-domain.com,Austin,Texas,78701,2024-06-01,Consumer,Sam Smith,Loyal Customers,532,10.0,13.0,6.0,1464.67,1977.3
CUST_00412,Noah,Lopez,noah.lopez412@example-domain.com,San Francisco,California,94102,2024-09-24,Small Business,Noah Lopez,Loyal Customers,355,13.0,46.0,10.0,3218.63,4345.15
CUST_00413,Jackson,Thomas,jackson.thomas413@example-domain.com,Philadelphia,Pennsylvania,19102,2023-01-17,Small Business,Jackson Thomas,Potential Loyalists,512,8.0,2.0,4.0,1370.92,1850.74
CUST_00414,Alex,Moore,alex.moore414@example-domain.com,Columbus,Ohio,43215,2024-02-26,Consumer,Alex Moore,Loyal Customers,432,9.0,35.0,6.0,1108.38,1496.31
CUST_00415,Alex,Smith,alex.smith415@example-domain.com,Raleigh,North Carolina,27601,2023-10-09,Consumer,Alex Smith,Lost Customers,111,3.0,299.0,3.0,385.9,520.96
CUST_00416,Lucas,Martinez,lucas.martinez416@example-domain.com,Los Angeles,California,90001,2024-05-29,Consumer,Lucas Martinez,Lost Customers,111,3.0,357.0,3.0,268.66,362.69
CUST_00417,Olivia,Garcia,olivia.garcia417@example-domain.com,New York City,New York,10001,2023-04-09,Consumer,Olivia Garcia,Potential Loyalists,421,7.0,38.0,5.0,928.57,1253.57
CUST_00418,Ava,Jones,ava.jones418@example-domain.com,Dallas,Texas,75201,2023-07-16,Consumer,Ava Jones,Loyal Customers,533,11.0,16.0,6.0,2120.86,2863.16
CUST_00419,Jackson,Taylor,jackson.taylor419@example-domain.com,Miami,Florida,33101,2023-12-29,Consumer,Jackson Taylor,Can't Lose Them,143,8.0,260.0,8.0,1651.01,2228.86
CUST_00420,Cameron,Gonzalez,cameron.gonzalez420@example-domain.com,San Diego,California,92101,2024-01-18,Corporate,Cameron Gonzalez,Lost Customers,114,6.0,713.0,3.0,2594.34,3502.36
CUST_00421,Liam,Anderson,liam.anderson421@example-domain.com,Dallas,Texas,75201,2024-12-14,Corporate,Liam Anderson,Champions,455,14.0,31.0,11.0,5407.0599999999995,7299.53
CUST_00422,Riley,Martinez,riley.martinez422@example-domain.com,San Diego,California,92101,2024-10-31,Corporate,Riley Martinez,Champions,555,15.0,12.0,10.0,3987.2200000000003,5382.75
CUST_00423,Jordan,Williams,jordan.williams423@example-domain.com,Boston,Massachusetts,02108,2024-01-24,Consumer,Jordan Williams,Potential Loyalists,412,7.0,39.0,4.0,1369.8,1849.23
CUST_00424,Liam,Moore,liam.moore424@example-domain.com,Philadelphia,Pennsylvania,19102,2023-02-27,Consumer,Liam Moore,Champions,452,11.0,27.0,9.0,1202.71,1623.66
CUST_00425,Alex,Garcia,alex.garcia425@example-domain.com,San Diego,California,92101,2024-05-26,Consumer,Alex Garcia,Champions,443,11.0,27.0,8.0,1855.67,2505.15
CUST_00426,Olivia,Hernandez,olivia.hernandez426@example-domain.com,New York City,New York,10001,2024-06-24,Consumer,Olivia Hernandez,Hibernating,132,6.0,357.0,6.0,1377.56,1859.71
CUST_00427,Jordan,Davis,jordan.davis427@example-domain.com,Austin,Texas,78701,2024-12-09,Consumer,Jordan Davis,Potential Loyalists,512,8.0,9.0,4.0,1068.33,1442.25
CUST_00428,Mia,Thomas,mia.thomas428@example-domain.com,Miami,Florida,33101,2023-02-17,Corporate,Mia Thomas,Champions,444,12.0,29.0,8.0,2876.02,3882.63
CUST_00429,Taylor,Rodriguez,taylor.rodriguez429@example-domain.com,Columbus,Ohio,43215,2024-07-31,Consumer,Taylor Rodriguez,Lost Customers,114,6.0,425.0,4.0,2292.68,3095.12
CUST_00430,Jordan,Garcia,jordan.garcia430@example-domain.com,Chicago,Illinois,60601,2023-01-17,Consumer,Jordan Garcia,Customers Needing Attention,213,6.0,116.0,4.0,2056.22,2775.9
CUST_00431,Pat,Jackson,pat.jackson431@example-domain.com,Buffalo,New York,14201,2024-12-30,Consumer,Pat Jackson,Loyal Customers,432,9.0,36.0,7.0,1194.47,1612.53
CUST_00432,Liam,Williams,liam.williams432@example-domain.com,Orlando,Florida,32801,2023-06-16,Corporate,Liam Williams,At Risk,254,11.0,95.0,9.0,2687.1,3627.58
CUST_00433,Mia,Davis,mia.davis433@example-domain.com,Boston,Massachusetts,02108,2024-11-24,Consumer,Mia Davis,Customers Needing Attention,222,6.0,203.0,5.0,1519.22,2050.95
CUST_00434,Lucas,Hernandez,lucas.hernandez434@example-domain.com,Boston,Massachusetts,02108,2023-05-24,Consumer,Lucas Hernandez,Loyal Customers,534,12.0,9.0,6.0,2959.11,3994.8
CUST_00435,Taylor,Taylor,taylor.taylor435@example-domain.com,Seattle,Washington,98101,2023-02-24,Consumer,Taylor Taylor,Promising,324,9.0,87.0,5.0,2671.61,3606.67
CUST_00436,Morgan,Wilson,morgan.wilson436@example-domain.com,Dallas,Texas,75201,2023-03-19,Corporate,Morgan Wilson,Loyal Customers,535,13.0,2.0,7.0,3726.62,5030.94
CUST_00437,Ethan,Martin,ethan.martin437@example-domain.com,Boston,Massachusetts,02108,2023-12-01,Consumer,Ethan Martin,Loyal Customers,333,9.0,70.0,6.0,2009.22,2712.45
CUST_00438,Alex,Rodriguez,alex.rodriguez438@example-domain.com,Denver,Colorado,80202,2024-05-17,Corporate,Alex Rodriguez,Promising,321,6.0,53.0,5.0,844.98,1140.72
CUST_00439,Riley,Lopez,riley.lopez439@example-domain.com,Columbus,Ohio,43215,2024-01-20,Corporate,Riley Lopez,Customers Needing Attention,212,5.0,189.0,4.0,1087.66,1468.34
CUST_00440,Olivia,Garcia,olivia.garcia440@example-domain.com,Boston,Massachusetts,02108,2023-03-29,Consumer,Olivia Garcia,Hibernating,124,7.0,403.0,5.0,2947.46,3979.07
CUST_00441,Jackson,Martinez,jackson.martinez441@example-domain.com,Dallas,Texas,75201,2024-12-31,Consumer,Jackson Martinez,Loyal Customers,332,8.0,46.0,7.0,1437.58,1940.73
CUST_00442,Taylor,Williams,taylor.williams442@example-domain.com,Miami,Florida,33101,2023-06-07,Small Business,Taylor Williams,Loyal Customers,355,13.0,52.0,9.0,6290.780000000001,8492.55
CUST_00443,Liam,Jones,liam.jones443@example-domain.com,Boston,Massachusetts,02108,2023-11-21,Consumer,Liam Jones,At Risk,255,12.0,96.0,11.0,4816.76,6502.63
CUST_00444,Sophia,Brown,sophia.brown444@example-domain.com,San Diego,California,92101,2023-01-06,Consumer,Sophia Brown,Loyal Customers,532,10.0,18.0,7.0,1436.75,1939.61
CUST_00445,Dakota,Anderson,dakota.anderson445@example-domain.com,Seattle,Washington,98101,2023-10-04,Corporate,Dakota Anderson,Loyal Customers,435,12.0,37.0,7.0,3140.03,4239.04
CUST_00446,Morgan,Jones,morgan.jones446@example-domain.com,San Diego,California,92101,2023-07-11,Small Business,Morgan Jones,Champions,544,13.0,9.0,8.0,2444.2,3299.67
CUST_00447,Olivia,Anderson,olivia.anderson447@example-domain.com,Columbus,Ohio,43215,2024-07-22,Small Business,Olivia Anderson,At Risk,242,8.0,137.0,8.0,1215.28,1640.63
CUST_00448,Ava,Wilson,ava.wilson448@example-domain.com,New York City,New York,10001,2023-01-27,Corporate,Ava Wilson,Loyal Customers,434,11.0,40.0,7.0,2456.3,3316.01
CUST_00449,Taylor,Lopez,taylor.lopez449@example-domain.com,Columbus,Ohio,43215,2023-04-06,Consumer,Taylor Lopez,Champions,544,13.0,4.0,8.0,2443.64,3298.91
CUST_00450,Jackson,Martin,jackson.martin450@example-domain.com,Chicago,Illinois,60601,2024-01-30,Consumer,Jackson Martin,Promising,312,6.0,58.0,3.0,1396.32,1885.03
CUST_00451,Alex,Martinez,alex.martinez451@example-domain.com,Atlanta,Georgia,30301,2024-02-02,Corporate,Alex Martinez,Lost Customers,111,3.0,697.0,3.0,885.6800000000001,1195.67
CUST_00452,Taylor,Moore,taylor.moore452@example-domain.com,Dallas,Texas,75201,2024-08-08,Consumer,Taylor Moore,Potential Loyalists,523,10.0,18.0,5.0,1904.6699999999998,2571.3
CUST_00453,Ava,Garcia,ava.garcia453@example-domain.com,Boston,Massachusetts,02108,2023-06-23,Consumer,Ava Garcia,Loyal Customers,534,12.0,7.0,6.0,2409.36,3252.64
CUST_00454,Sam,Rodriguez,sam.rodriguez454@example-domain.com,Orlando,Florida,32801,2023-10-02,Small Business,Sam Rodriguez,At Risk,255,12.0,117.0,10.0,3649.94,4927.42
CUST_00455,Emma,Jones,emma.jones455@example-domain.com,San Diego,California,92101,2023-06-21,Consumer,Emma Jones,Customers Needing Attention,223,7.0,110.0,5.0,1781.93,2405.61
CUST_00456,Olivia,Rodriguez,olivia.rodriguez456@example-domain.com,Atlanta,Georgia,30301,2023-11-03,Consumer,Olivia Rodriguez,Hibernating,135,9.0,407.0,6.0,3315.22,4475.55
CUST_00457,Emma,Williams,emma.williams457@example-domain.com,Seattle,Washington,98101,2023-09-15,Consumer,Emma Williams,Promising,313,7.0,91.0,4.0,1844.7800000000002,2490.45
CUST_00458,Riley,Thomas,riley.thomas458@example-domain.com,Austin,Texas,78701,2024-04-13,Consumer,Riley Thomas,Potential Loyalists,512,8.0,10.0,4.0,1134.3200000000002,1531.33
CUST_00459,Morgan,Jones,morgan.jones459@example-domain.com,Orlando,Florida,32801,2023-01-07,Consumer,Morgan Jones,Can't Lose Them,145,10.0,331.0,8.0,4517.66,6098.84
CUST_00460,Liam,Hernandez,liam.hernandez460@example-domain.com,Boston,Massachusetts,02108,2023-12-04,Consumer,Liam Hernandez,Lost Customers,111,3.0,586.0,2.0,1006.8199999999999,1359.21
CUST_00461,Noah,Hernandez,noah.hernandez461@example-domain.com,Atlanta,Georgia,30301,2024-10-28,Consumer,Noah Hernandez,Loyal Customers,533,11.0,3.0,7.0,1926.73,2601.09
CUST_00462,Jackson,Jones,jackson.jones462@example-domain.com,Orlando,Florida,32801,2023-11-25,Consumer,Jackson Jones,Loyal Customers,531,9.0,2.0,7.0,900.73,1215.99
CUST_00463,Jackson,Miller,jackson.miller463@example-domain.com,Philadelphia,Pennsylvania,19102,2023-11-18,Corporate,Jackson Miller,Customers Needing Attention,213,6.0,120.0,3.0,1717.7,2318.9
CUST_00464,Chris,Gonzalez,chris.gonzalez464@example-domain.com,Chicago,Illinois,60601,2023-10-26,Consumer,Chris Gonzalez,Loyal Customers,534,12.0,9.0,7.0,2860.87,3862.17
CUST_00465,Emma,Jackson,emma.jackson465@example-domain.com,Dallas,Texas,75201,2023-11-30,Small Business,Emma Jackson,Champions,455,14.0,37.0,10.0,3267.79,4411.52
CUST_00466,Liam,Rodriguez,liam.rodriguez466@example-domain.com,Boston,Massachusetts,02108,2024-01-09,Consumer,Liam Rodriguez,Champions,554,14.0,12.0,9.0,3005.26,4057.1
CUST_00467,Morgan,Jackson,morgan.jackson467@example-domain.com,Austin,Texas,78701,2024-08-29,Consumer,Morgan Jackson,Loyal Customers,335,11.0,47.0,6.0,4306.37,5813.6
CUST_00468,Lucas,Garcia,lucas.garcia468@example-domain.com,Columbus,Ohio,43215,2023-01-28,Corporate,Lucas Garcia,Potential Loyalists,511,7.0,2.0,4.0,647.44,874.04
CUST_00469,Noah,Miller,noah.miller469@example-domain.com,Denver,Colorado,80202,2023-10-26,Consumer,Noah Miller,Loyal Customers,333,9.0,59.0,7.0,1788.0,2413.8
CUST_00470,Taylor,Wilson,taylor.wilson470@example-domain.com,Philadelphia,Pennsylvania,19102,2023-05-23,Small Business,Taylor Wilson,At Risk,255,12.0,206.0,9.0,3225.7200000000003,4354.72
CUST_00471,Dakota,Davis,dakota.davis471@example-domain.com,Miami,Florida,33101,2024-11-05,Consumer,Dakota Davis,Champions,544,13.0,18.0,8.0,2304.3,3110.8
CUST_00472,Sam,Wilson,sam.wilson472@example-domain.com,Boston,Massachusetts,02108,2023-03-17,Small Business,Sam Wilson,At Risk,235,10.0,112.0,6.0,3419.9700000000003,4616.96
CUST_00473,Noah,Martin,noah.martin473@example-domain.com,Philadelphia,Pennsylvania,19102,2024-08-19,Consumer,Noah Martin,Loyal Customers,532,10.0,1.0,7.0,1344.47,1815.03
CUST_00474,Liam,Moore,liam.moore474@example-domain.com,Raleigh,North Carolina,27601,2024-12-09,Corporate,Liam Moore,Loyal Customers,432,9.0,29.0,6.0,1180.36,1593.49
CUST_00475,Olivia,Moore,olivia.moore475@example-domain.com,San Francisco,California,94102,2024-01-04,Consumer,Olivia Moore,Loyal Customers,535,13.0,2.0,6.0,3225.42,4354.32
CUST_00476,Lucas,Martin,lucas.martin476@example-domain.com,San Diego,California,92101,2023-04-22,Small Business,Lucas Martin,Loyal Customers,333,9.0,91.0,6.0,2078.94,2806.57
CUST_00477,Riley,Lopez,riley.lopez477@example-domain.com,Houston,Texas,77001,2024-10-24,Consumer,Riley Lopez,Potential Loyalists,511,7.0,19.0,3.0,601.0,811.35
CUST_00478,Jackson,Johnson,jackson.johnson478@example-domain.com,Boston,Massachusetts,02108,2023-12-06,Consumer,Jackson Johnson,Loyal Customers,334,10.0,57.0,6.0,2525.61,3409.57
CUST_00479,Olivia,Brown,olivia.brown479@example-domain.com,Los Angeles,California,90001,2023-04-11,Small Business,Olivia Brown,Customers Needing Attention,211,4.0,98.0,4.0,604.8199999999999,816.51
CUST_00480,Cameron,Davis,cameron.davis480@example-domain.com,Raleigh,North Carolina,27601,2024-06-15,Consumer,Cameron Davis,Loyal Customers,333,9.0,58.0,6.0,1738.54,2347.03
CUST_00481,Lucas,Jackson,lucas.jackson481@example-domain.com,Dallas,Texas,75201,2024-04-01,Consumer,Lucas Jackson,Lost Customers,111,3.0,330.0,2.0,239.16000000000003,322.87
CUST_00482,Sophia,Gonzalez,sophia.gonzalez482@example-domain.com,Denver,Colorado,80202,2024-11-26,Consumer,Sophia Gonzalez,Champions,455,14.0,37.0,10.0,4063.84,5486.18
CUST_00483,Mia,Taylor,mia.taylor483@example-domain.com,Buffalo,New York,14201,2023-12-20,Consumer,Mia Taylor,Loyal Customers,343,10.0,54.0,8.0,1849.68,2497.07
CUST_00484,Alex,Thomas,alex.thomas484@example-domain.com,New York City,New York,10001,2023-10-30,Consumer,Alex Thomas,Potential Loyalists,512,8.0,7.0,4.0,1125.0900000000001,1518.87
CUST_00485,Olivia,Williams,olivia.williams485@example-domain.com,New York City,New York,10001,2023-05-26,Consumer,Olivia Williams,Loyal Customers,333,9.0,46.0,6.0,2210.49,2984.16
CUST_00486,Sophia,Martinez,sophia.martinez486@example-domain.com,Chicago,Illinois,60601,2024-04-11,Small Business,Sophia Martinez,Loyal Customers,345,12.0,55.0,8.0,3150.22,4252.8
CUST_00487,Pat,Taylor,pat.taylor487@example-domain.com,Philadelphia,Pennsylvania,19102,2023-12-23,Consumer,Pat Taylor,Loyal Customers,434,11.0,23.0,7.0,2919.3900000000003,3941.18
CUST_00488,Emma,Brown,emma.brown488@example-domain.com,Denver,Colorado,80202,2024-12-14,Consumer,Emma Brown,Lost Customers,111,3.0,382.0,1.0,297.21,401.23
CUST_00489,Noah,Hernandez,noah.hernandez489@example-domain.com,San Diego,California,92101,2023-11-04,Small Business,Noah Hernandez,Champions,454,13.0,20.0,10.0,2617.55,3533.69
CUST_00490,Jordan,Brown,jordan.brown490@example-domain.com,Los Angeles,California,90001,2023-12-18,Corporate,Jordan Brown,Potential Loyalists,411,6.0,24.0,4.0,391.12,528.01
CUST_00491,Morgan,Garcia,morgan.garcia491@example-domain.com,Dallas,Texas,75201,2024-06-12,Consumer,Morgan Garcia,Customers Needing Attention,211,4.0,140.0,2.0,370.09,499.62
CUST_00492,Chris,Moore,chris.moore492@example-domain.com,Houston,Texas,77001,2023-12-05,Consumer,Chris Moore,Potential Loyalists,413,8.0,34.0,4.0,1733.3200000000002,2339.98
CUST_00493,Lucas,Wilson,lucas.wilson493@example-domain.com,Denver,Colorado,80202,2023-08-26,Consumer,Lucas Wilson,Loyal Customers,335,11.0,49.0,7.0,3828.5699999999997,5168.57
CUST_00494,Liam,Garcia,liam.garcia494@example-domain.com,Houston,Texas,77001,2024-10-17,Consumer,Liam Garcia,Loyal Customers,354,12.0,53.0,9.0,3079.1400000000003,4156.84
CUST_00495,Olivia,Gonzalez,olivia.gonzalez495@example-domain.com,Los Angeles,California,90001,2024-09-20,Consumer,Olivia Gonzalez,Loyal Customers,342,9.0,92.0,8.0,1561.46,2107.97
CUST_00496,Pat,Anderson,pat.anderson496@example-domain.com,Atlanta,Georgia,30301,2024-02-03,Consumer,Pat Anderson,Can't Lose Them,155,11.0,238.0,9.0,3304.1800000000003,4460.64
CUST_00497,Alex,Miller,alex.miller497@example-domain.com,Austin,Texas,78701,2023-10-13,Consumer,Alex Miller,Potential Loyalists,523,10.0,12.0,5.0,2174.59,2935.7
CUST_00498,Taylor,Jackson,taylor.jackson498@example-domain.com,New York City,New York,10001,2024-07-03,Consumer,Taylor Jackson,Loyal Customers,433,10.0,34.0,6.0,1621.06,2188.43
CUST_00499,Chris,Lopez,chris.lopez499@example-domain.com,Chicago,Illinois,60601,2023-07-21,Small Business,Chris Lopez,At Risk,233,8.0,180.0,7.0,2215.67,2991.15
CUST_00500,Noah,Brown,noah.brown500@example-domain.com,Miami,Florida,33101,2024-11-17,Small Business,Noah Brown,Lost Customers,112,4.0,294.0,4.0,1258.11,1698.45
CUST_00501,Emma,Taylor,emma.taylor501@example-domain.com,Chicago,Illinois,60601,2024-09-03,Consumer,Emma Taylor,Loyal Customers,334,10.0,80.0,6.0,2397.09,3236.07
CUST_00502,Liam,Martin,liam.martin502@example-domain.com,Boston,Massachusetts,02108,2024-08-24,Consumer,Liam Martin,Loyal Customers,435,12.0,42.0,6.0,3396.54,4585.33
CUST_00503,Morgan,Lopez,morgan.lopez503@example-domain.com,Seattle,Washington,98101,2024-04-13,Consumer,Morgan Lopez,Loyal Customers,333,9.0,67.0,6.0,1763.42,2380.62
CUST_00504,Jackson,Garcia,jackson.garcia504@example-domain.com,Orlando,Florida,32801,2024-09-21,Corporate,Jackson Garcia,At Risk,233,8.0,155.0,7.0,1967.27,2655.81
CUST_00505,Mia,Williams,mia.williams505@example-domain.com,Buffalo,New York,14201,2023-11-17,Consumer,Mia Williams,Loyal Customers,431,8.0,22.0,7.0,921.6,1244.16
CUST_00506,Morgan,Davis,morgan.davis506@example-domain.com,Orlando,Florida,32801,2023-04-30,Consumer,Morgan Davis,Customers Needing Attention,212,5.0,125.0,4.0,1511.27,2040.21
CUST_00507,Chris,Lopez,chris.lopez507@example-domain.com,Buffalo,New York,14201,2024-06-07,Small Business,Chris Lopez,Lost Customers,111,3.0,571.0,1.0,382.47,516.33
CUST_00508,Liam,Wilson,liam.wilson508@example-domain.com,Buffalo,New York,14201,2024-08-11,Corporate,Liam Wilson,Customers Needing Attention,212,5.0,128.0,3.0,1176.17,1587.83
CUST_00509,Liam,Wilson,liam.wilson509@example-domain.com,Houston,Texas,77001,2024-05-13,Small Business,Liam Wilson,Loyal Customers,335,11.0,73.0,7.0,3422.71,4620.66
CUST_00510,Lucas,Garcia,lucas.garcia510@example-domain.com,Columbus,Ohio,43215,2023-06-20,Corporate,Lucas Garcia,Promising,311,5.0,61.0,4.0,894.5799999999999,1207.68
CUST_00511,Emma,Martinez,emma.martinez511@example-domain.com,Buffalo,New York,14201,2023-07-11,Consumer,Emma Martinez,Potential Loyalists,412,7.0,37.0,4.0,1107.7,1495.4
CUST_00512,Ethan,Anderson,ethan.anderson512@example-domain.com,San Francisco,California,94102,2024-01-03,Consumer,Ethan Anderson,Champions,542,11.0,17.0,8.0,1525.08,2058.86
CUST_00513,Alex,Thomas,alex.thomas513@example-domain.com,Buffalo,New York,14201,2023-07-19,Small Business,Alex Thomas,At Risk,232,7.0,198.0,6.0,1513.22,2042.85
CUST_00514,Liam,Moore,liam.moore514@example-domain.com,Raleigh,North Carolina,27601,2024-10-30,Corporate,Liam Moore,Champions,542,11.0,6.0,8.0,1460.45,1971.61
CUST_00515,Emma,Wilson,emma.wilson515@example-domain.com,Philadelphia,Pennsylvania,19102,2024-03-01,Consumer,Emma Wilson,Champions,455,14.0,35.0,10.0,3787.11,5112.6
CUST_00516,Noah,Thomas,noah.thomas516@example-domain.com,Houston,Texas,77001,2023-03-26,Consumer,Noah Thomas,Loyal Customers,334,10.0,83.0,7.0,2566.06,3464.18
CUST_00517,Mia,Smith,mia.smith517@example-domain.com,Dallas,Texas,75201,2023-10-27,Consumer,Mia Smith,Potential Loyalists,522,9.0,7.0,5.0,1503.73,2030.04
CUST_00518,Jordan,Rodriguez,jordan.rodriguez518@example-domain.com,Dallas,Texas,75201,2024-07-04,Corporate,Jordan Rodriguez,Lost Customers,112,4.0,243.0,4.0,1543.2,2083.32
CUST_00519,Dakota,Garcia,dakota.garcia519@example-domain.com,Denver,Colorado,80202,2024-08-02,Small Business,Dakota Garcia,Potential Loyalists,523,10.0,12.0,5.0,1766.97,2385.41
CUST_00520,Emma,Moore,emma.moore520@example-domain.com,Raleigh,North Carolina,27601,2023-04-26,Consumer,Emma Moore,Hibernating,134,8.0,229.0,6.0,2233.96,3015.85
CUST_00521,Mia,Brown,mia.brown521@example-domain.com,Miami,Florida,33101,2024-07-10,Consumer,Mia Brown,Champions,555,15.0,2.0,10.0,4255.08,5744.36
CUST_00522,Sophia,Moore,sophia.moore522@example-domain.com,San Francisco,California,94102,2024-03-27,Consumer,Sophia Moore,Lost Customers,111,3.0,644.0,1.0,749.48,1011.8
CUST_00523,Lucas,Miller,lucas.miller523@example-domain.com,Atlanta,Georgia,30301,2023-04-15,Small Business,Lucas Miller,Champions,455,14.0,34.0,9.0,3642.2,4916.97
CUST_00524,Riley,Martinez,riley.martinez524@example-domain.com,San Francisco,California,94102,2024-04-05,Corporate,Riley Martinez,Customers Needing Attention,222,6.0,101.0,5.0,1542.08,2081.81
CUST_00525,Cameron,Lopez,cameron.lopez525@example-domain.com,San Diego,California,92101,2024-03-25,Corporate,Cameron Lopez,Lost Customers,111,3.0,337.0,2.0,808.58,1091.58
CUST_00526,Morgan,Davis,morgan.davis526@example-domain.com,Austin,Texas,78701,2024-08-25,Consumer,Morgan Davis,Loyal Customers,433,10.0,23.0,6.0,1882.08,2540.81
CUST_00527,Sophia,Martin,sophia.martin527@example-domain.com,Atlanta,Georgia,30301,2023-06-19,Consumer,Sophia Martin,Hibernating,122,5.0,247.0,5.0,1152.98,1556.52
CUST_00528,Jackson,Jones,jackson.jones528@example-domain.com,Austin,Texas,78701,2023-07-31,Consumer,Jackson Jones,Loyal Customers,342,9.0,58.0,8.0,1246.12,1682.26
CUST_00529,Jordan,Jackson,jordan.jackson529@example-domain.com,Seattle,Washington,98101,2024-06-29,Consumer,Jordan Jackson,Customers Needing Attention,211,4.0,174.0,3.0,259.03,349.69
CUST_00530,Cameron,Martin,cameron.martin530@example-domain.com,Columbus,Ohio,43215,2023-06-22,Corporate,Cameron Martin,Loyal Customers,331,7.0,61.0,7.0,867.99,1171.79
CUST_00531,Ethan,Martinez,ethan.martinez531@example-domain.com,Orlando,Florida,32801,2024-08-09,Corporate,Ethan Martinez,Champions,545,14.0,13.0,8.0,4621.15,6238.55
CUST_00532,Cameron,Taylor,cameron.taylor532@example-domain.com,New York City,New York,10001,2023-05-19,Small Business,Cameron Taylor,Loyal Customers,334,10.0,58.0,6.0,2322.7200000000003,3135.67
CUST_00533,Olivia,Johnson,olivia.johnson533@example-domain.com,Miami,Florida,33101,2024-11-02,Small Business,Olivia Johnson,Loyal Customers,535,13.0,12.0,6.0,3524.2200000000003,4757.7
CUST_00534,Sam,Jones,sam.jones534@example-domain.com,Dallas,Texas,75201,2023-05-30,Consumer,Sam Jones,Champions,552,12.0,7.0,9.0,1447.89,1954.65
CUST_00535,Ethan,Davis,ethan.davis535@example-domain.com,Boston,Massachusetts,02108,2024-05-16,Corporate,Ethan Davis,At Risk,255,12.0,94.0,12.0,3889.95,5251.43
CUST_00536,Sam,Jackson,sam.jackson536@example-domain.com,Miami,Florida,33101,2024-10-04,Small Business,Sam Jackson,Champions,544,13.0,4.0,8.0,2868.09,3871.92
CUST_00537,Olivia,Gonzalez,olivia.gonzalez537@example-domain.com,Denver,Colorado,80202,2023-03-19,Corporate,Olivia Gonzalez,Promising,322,7.0,44.0,5.0,1455.03,1964.29
CUST_00538,Taylor,Gonzalez,taylor.gonzalez538@example-domain.com,Raleigh,North Carolina,27601,2023-10-12,Consumer,Taylor Gonzalez,At Risk,233,8.0,189.0,6.0,1634.04,2205.95
CUST_00539,Sophia,Anderson,sophia.anderson539@example-domain.com,Philadelphia,Pennsylvania,19102,2023-12-02,Consumer,Sophia Anderson,At Risk,234,9.0,184.0,7.0,2304.0299999999997,3110.44
CUST_00540,Mia,Smith,mia.smith540@example-domain.com,San Diego,California,92101,2024-04-14,Consumer,Mia Smith,Hibernating,132,6.0,302.0,6.0,1058.17,1428.53
CUST_00541,Sophia,Williams,sophia.williams541@example-domain.com,Columbus,Ohio,43215,2024-02-12,Small Business,Sophia Williams,Customers Needing Attention,214,7.0,123.0,3.0,2977.52,4019.65
CUST_00542,Pat,Wilson,pat.wilson542@example-domain.com,Austin,Texas,78701,2024-05-21,Consumer,Pat Wilson,Loyal Customers,332,8.0,51.0,6.0,1544.97,2085.71
CUST_00543,Cameron,Hernandez,cameron.hernandez543@example-domain.com,Orlando,Florida,32801,2023-12-12,Consumer,Cameron Hernandez,Hibernating,133,7.0,267.0,6.0,1982.2600000000002,2676.05
CUST_00544,Lucas,Jackson,lucas.jackson544@example-domain.com,Buffalo,New York,14201,2024-08-02,Consumer,Lucas Jackson,Champions,555,15.0,3.0,12.0,3771.27,5091.21
CUST_00545,Emma,Hernandez,emma.hernandez545@example-domain.com,San Francisco,California,94102,2023-02-17,Consumer,Emma Hernandez,Customers Needing Attention,211,4.0,205.0,3.0,234.06,315.98
CUST_00546,Morgan,Anderson,morgan.anderson546@example-domain.com,Los Angeles,California,90001,2023-05-08,Consumer,Morgan Anderson,Loyal Customers,332,8.0,84.0,6.0,1267.78,1711.5
CUST_00547,Chris,Anderson,chris.anderson547@example-domain.com,Denver,Colorado,80202,2023-01-01,Consumer,Chris Anderson,Loyal Customers,433,10.0,34.0,7.0,1857.0,2506.95
CUST_00548,Olivia,Miller,olivia.miller548@example-domain.com,Buffalo,New York,14201,2024-10-27,Consumer,Olivia Miller,Loyal Customers,343,10.0,46.0,8.0,1660.62,2241.84
CUST_00549,Dakota,Garcia,dakota.garcia549@example-domain.com,Miami,Florida,33101,2023-04-06,Consumer,Dakota Garcia,Champions,555,15.0,14.0,12.0,3334.8,4501.98
CUST_00550,Sophia,Rodriguez,sophia.rodriguez550@example-domain.com,San Diego,California,92101,2024-01-16,Corporate,Sophia Rodriguez,Champions,543,12.0,5.0,8.0,1704.86,2301.56
CUST_00551,Chris,Johnson,chris.johnson551@example-domain.com,Boston,Massachusetts,02108,2024-10-02,Consumer,Chris Johnson,Loyal Customers,533,11.0,15.0,7.0,2166.25,2924.44
CUST_00552,Dakota,Davis,dakota.davis552@example-domain.com,Atlanta,Georgia,30301,2024-11-02,Corporate,Dakota Davis,At Risk,235,10.0,94.0,7.0,3535.42,4772.82
CUST_00553,Taylor,Brown,taylor.brown553@example-domain.com,Los Angeles,California,90001,2023-08-07,Consumer,Taylor Brown,Loyal Customers,432,9.0,35.0,6.0,1568.31,2117.22
CUST_00554,Emma,Williams,emma.williams554@example-domain.com,Buffalo,New York,14201,2024-08-30,Consumer,Emma Williams,Loyal Customers,331,7.0,80.0,7.0,933.55,1260.29
CUST_00555,Riley,Taylor,riley.taylor555@example-domain.com,Denver,Colorado,80202,2023-01-10,Corporate,Riley Taylor,At Risk,255,12.0,139.0,12.0,3428.84,4628.93
CUST_00556,Alex,Hernandez,alex.hernandez556@example-domain.com,New York City,New York,10001,2024-03-08,Consumer,Alex Hernandez,At Risk,255,12.0,143.0,10.0,4154.57,5608.67
CUST_00557,Sam,Thomas,sam.thomas557@example-domain.com,San Diego,California,92101,2023-08-23,Consumer,Sam Thomas,Loyal Customers,333,9.0,53.0,7.0,1805.3500000000001,2437.22
CUST_00558,Liam,Williams,liam.williams558@example-domain.com,New York City,New York,10001,2023-04-16,Consumer,Liam Williams,Customers Needing Attention,211,4.0,96.0,3.0,451.25,609.19
CUST_00559,Ethan,Lopez,ethan.lopez559@example-domain.com,Orlando,Florida,32801,2023-05-21,Corporate,Ethan Lopez,At Risk,253,10.0,95.0,9.0,1786.7,2412.04
CUST_00560,Liam,Jones,liam.jones560@example-domain.com,Buffalo,New York,14201,2023-03-12,Consumer,Liam Jones,Lost Customers,112,4.0,382.0,4.0,1266.95,1710.38
CUST_00561,Ava,Jackson,ava.jackson561@example-domain.com,Los Angeles,California,90001,2024-09-16,Corporate,Ava Jackson,Loyal Customers,435,12.0,27.0,7.0,3573.83,4824.67
CUST_00562,Chris,Anderson,chris.anderson562@example-domain.com,Seattle,Washington,98101,2023-08-07,Consumer,Chris Anderson,Lost Customers,111,3.0,258.0,3.0,913.77,1233.59
CUST_00563,Sam,Wilson,sam.wilson563@example-domain.com,Denver,Colorado,80202,2023-08-11,Consumer,Sam Wilson,Lost Customers,114,6.0,247.0,4.0,3046.1000000000004,4112.24
CUST_00564,Taylor,Brown,taylor.brown564@example-domain.com,Buffalo,New York,14201,2023-05-07,Consumer,Taylor Brown,Potential Loyalists,511,7.0,17.0,3.0,466.53,629.82
CUST_00565,Mia,Gonzalez,mia.gonzalez565@example-domain.com,Seattle,Washington,98101,2024-03-15,Consumer,Mia Gonzalez,Promising,312,6.0,73.0,3.0,1276.85,1723.75
CUST_00566,Ethan,Jones,ethan.jones566@example-domain.com,Dallas,Texas,75201,2023-10-11,Consumer,Ethan Jones,Customers Needing Attention,222,6.0,108.0,5.0,1163.95,1571.33
CUST_00567,Taylor,Davis,taylor.davis567@example-domain.com,Columbus,Ohio,43215,2024-09-07,Consumer,Taylor Davis,Champions,553,13.0,5.0,9.0,1623.45,2191.66
CUST_00568,Jackson,Martin,jackson.martin568@example-domain.com,Orlando,Florida,32801,2024-12-08,Consumer,Jackson Martin,Champions,545,14.0,5.0,8.0,3770.64,5090.36
CUST_00569,Alex,Martinez,alex.martinez569@example-domain.com,Austin,Texas,78701,2024-06-14,Small Business,Alex Martinez,Champions,555,15.0,5.0,13.0,4205.1,5676.89
CUST_00570,Jackson,Taylor,jackson.taylor570@example-domain.com,Austin,Texas,78701,2024-02-06,Consumer,Jackson Taylor,Loyal Customers,332,8.0,62.0,7.0,1572.64,2123.06
CUST_00571,Dakota,Johnson,dakota.johnson571@example-domain.com,Dallas,Texas,75201,2024-05-21,Consumer,Dakota Johnson,Lost Customers,111,3.0,218.0,3.0,785.1,1059.88
CUST_00572,Liam,Brown,liam.brown572@example-domain.com,Dallas,Texas,75201,2024-05-26,Corporate,Liam Brown,Loyal Customers,432,9.0,37.0,7.0,1484.32,2003.83
CUST_00573,Jackson,Williams,jackson.williams573@example-domain.com,Raleigh,North Carolina,27601,2023-01-13,Consumer,Jackson Williams,Loyal Customers,333,9.0,76.0,6.0,2185.86,2950.91
CUST_00574,Sophia,Hernandez,sophia.hernandez574@example-domain.com,Buffalo,New York,14201,2024-02-01,Consumer,Sophia Hernandez,At Risk,255,12.0,117.0,10.0,3559.15,4804.85
CUST_00575,Mia,Wilson,mia.wilson575@example-domain.com,Seattle,Washington,98101,2024-07-13,Corporate,Mia Wilson,At Risk,245,11.0,209.0,8.0,3803.7,5135.0
CUST_00576,Chris,Thomas,chris.thomas576@example-domain.com,San Diego,California,92101,2023-01-18,Small Business,Chris Thomas,Lost Customers,112,4.0,379.0,4.0,1084.75,1464.41
CUST_00577,Mia,Williams,mia.williams577@example-domain.com,Los Angeles,California,90001,2023-09-26,Consumer,Mia Williams,Hibernating,123,6.0,301.0,5.0,1757.87,2373.12
CUST_00578,Pat,Johnson,pat.johnson578@example-domain.com,San Francisco,California,94102,2024-02-12,Small Business,Pat Johnson,Lost Customers,111,3.0,671.0,1.0,818.33,1104.75
CUST_00579,Ava,Martinez,ava.martinez579@example-domain.com,Raleigh,North Carolina,27601,2024-03-01,Consumer,Ava Martinez,Potential Loyalists,511,7.0,9.0,3.0,968.85,1307.95
CUST_00580,Olivia,Gonzalez,olivia.gonzalez580@example-domain.com,San Diego,California,92101,2024-10-17,Consumer,Olivia Gonzalez,Hibernating,122,5.0,214.0,5.0,1352.1,1825.34
CUST_00581,Lucas,Moore,lucas.moore581@example-domain.com,Buffalo,New York,14201,2023-10-12,Consumer,Lucas Moore,Loyal Customers,343,10.0,56.0,8.0,2042.77,2757.74
CUST_00582,Taylor,Martinez,taylor.martinez582@example-domain.com,San Diego,California,92101,2024-06-07,Small Business,Taylor Martinez,Customers Needing Attention,211,4.0,161.0,4.0,251.4,339.39
CUST_00583,Pat,Jones,pat.jones583@example-domain.com,Columbus,Ohio,43215,2023-12-01,Consumer,Pat Jones,Potential Loyalists,523,10.0,14.0,5.0,1894.0900000000001,2557.02
CUST_00584,Liam,Jackson,liam.jackson584@example-domain.com,San Diego,California,92101,2023-11-14,Consumer,Liam Jackson,Loyal Customers,433,10.0,27.0,7.0,1995.48,2693.9
CUST_00585,Olivia,Davis,olivia.davis585@example-domain.com,San Francisco,California,94102,2023-09-08,Consumer,Olivia Davis,At Risk,254,11.0,127.0,9.0,2538.29,3426.69
CUST_00586,Taylor,Wilson,taylor.wilson586@example-domain.com,New York City,New York,10001,2024-04-09,Consumer,Taylor Wilson,Lost Customers,111,3.0,474.0,1.0,154.63,208.75
CUST_00587,Jackson,Martin,jackson.martin587@example-domain.com,San Francisco,California,94102,2023-11-13,Consumer,Jackson Martin,Potential Loyalists,511,7.0,19.0,2.0,288.71999999999997,389.77
CUST_00588,Chris,Brown,chris.brown588@example-domain.com,Los Angeles,California,90001,2024-12-25,Consumer,Chris Brown,Lost Customers,113,5.0,370.0,3.0,1815.8400000000001,2451.38
CUST_00589,Sam,Smith,sam.smith589@example-domain.com,Houston,Texas,77001,2024-05-23,Consumer,Sam Smith,Can't Lose Them,155,11.0,318.0,9.0,3375.7000000000003,4557.2
CUST_00590,Sophia,Taylor,sophia.taylor590@example-domain.com,Raleigh,North Carolina,27601,2023-09-23,Consumer,Sophia Taylor,Lost Customers,111,3.0,445.0,1.0,129.79,175.22
CUST_00591,Chris,Lopez,chris.lopez591@example-domain.com,Buffalo,New York,14201,2023-10-03,Consumer,Chris Lopez,Customers Needing Attention,212,5.0,130.0,2.0,1336.89,1804.8
CUST_00592,Morgan,Smith,morgan.smith592@example-domain.com,Chicago,Illinois,60601,2024-03-15,Consumer,Morgan Smith,Potential Loyalists,511,7.0,8.0,4.0,636.41,859.15
CUST_00593,Cameron,Taylor,cameron.taylor593@example-domain.com,San Diego,California,92101,2023-09-27,Consumer,Cameron Taylor,Loyal Customers,355,13.0,66.0,11.0,3878.27,5235.66
CUST_00594,Mia,Williams,mia.williams594@example-domain.com,Philadelphia,Pennsylvania,19102,2024-04-11,Consumer,Mia Williams,Potential Loyalists,511,7.0,8.0,4.0,761.5600000000001,1028.11
CUST_00595,Ava,Lopez,ava.lopez595@example-domain.com,San Francisco,California,94102,2024-05-26,Corporate,Ava Lopez,At Risk,245,11.0,95.0,7.0,3135.02,4232.28
CUST_00596,Mia,Garcia,mia.garcia596@example-domain.com,Seattle,Washington,98101,2023-06-11,Consumer,Mia Garcia,Lost Customers,111,3.0,467.0,3.0,904.52,1221.1
CUST_00597,Cameron,Brown,cameron.brown597@example-domain.com,New York City,New York,10001,2023-08-22,Consumer,Cameron Brown,Loyal Customers,432,9.0,41.0,6.0,1222.54,1650.43
CUST_00598,Ava,Smith,ava.smith598@example-domain.com,San Francisco,California,94102,2023-01-13,Consumer,Ava Smith,Champions,541,10.0,19.0,7.0,668.64,902.66
CUST_00599,Riley,Johnson,riley.johnson599@example-domain.com,Philadelphia,Pennsylvania,19102,2024-01-08,Consumer,Riley Johnson,Customers Needing Attention,225,9.0,127.0,5.0,3267.03,4410.49
CUST_00600,Liam,Jones,liam.jones600@example-domain.com,Houston,Texas,77001,2023-02-06,Consumer,Liam Jones,Potential Loyalists,423,9.0,40.0,5.0,1852.74,2501.2
CUST_00601,Lucas,Wilson,lucas.wilson601@example-domain.com,Dallas,Texas,75201,2023-11-26,Consumer,Lucas Wilson,Lost Customers,111,3.0,377.0,3.0,736.62,994.44
CUST_00602,Riley,Wilson,riley.wilson602@example-domain.com,Chicago,Illinois,60601,2023-10-05,Consumer,Riley Wilson,Potential Loyalists,423,9.0,43.0,5.0,1815.69,2451.18
CUST_00603,Taylor,Jackson,taylor.jackson603@example-domain.com,Seattle,Washington,98101,2023-05-03,Consumer,Taylor Jackson,Lost Customers,112,4.0,285.0,4.0,1143.9499999999998,1544.33
CUST_00604,Ava,Johnson,ava.johnson604@example-domain.com,Houston,Texas,77001,2023-08-17,Consumer,Ava Johnson,At Risk,255,12.0,162.0,11.0,4925.11,6648.9
CUST_00605,Ava,Johnson,ava.johnson605@example-domain.com,Boston,Massachusetts,02108,2023-03-12,Consumer,Ava Johnson,Champions,444,12.0,32.0,8.0,2435.5299999999997,3287.97
CUST_00606,Noah,Martinez,noah.martinez606@example-domain.com,Orlando,Florida,32801,2023-12-02,Consumer,Noah Martinez,Champions,441,9.0,38.0,7.0,1025.76,1384.78
CUST_00607,Taylor,Moore,taylor.moore607@example-domain.com,Denver,Colorado,80202,2023-01-09,Consumer,Taylor Moore,Loyal Customers,432,9.0,28.0,6.0,1333.98,1800.87
CUST_00608,Sophia,Miller,sophia.miller608@example-domain.com,Orlando,Florida,32801,2024-07-31,Consumer,Sophia Miller,Promising,321,6.0,48.0,5.0,684.8,924.48
CUST_00609,Dakota,Martin,dakota.martin609@example-domain.com,Dallas,Texas,75201,2024-04-20,Consumer,Dakota Martin,At Risk,243,9.0,207.0,8.0,1753.27,2366.91
CUST_00610,Sophia,Jackson,sophia.jackson610@example-domain.com,Philadelphia,Pennsylvania,19102,2023-07-20,Consumer,Sophia Jackson,At Risk,233,8.0,108.0,6.0,1934.42,2611.47
CUST_00611,Lucas,Davis,lucas.davis611@example-domain.com,Buffalo,New York,14201,2023-01-07,Consumer,Lucas Davis,Champions,444,12.0,29.0,8.0,2524.48,3408.05
CUST_00612,Olivia,Smith,olivia.smith612@example-domain.com,Dallas,Texas,75201,2024-07-08,Corporate,Olivia Smith,Champions,445,13.0,23.0,8.0,3754.13,5068.08
CUST_00613,Sophia,Smith,sophia.smith613@example-domain.com,Chicago,Illinois,60601,2023-01-02,Consumer,Sophia Smith,Hibernating,133,7.0,443.0,6.0,1615.3700000000001,2180.75
CUST_00614,Liam,Martinez,liam.martinez614@example-domain.com,New York City,New York,10001,2023-07-30,Consumer,Liam Martinez,At Risk,243,9.0,135.0,7.0,1664.22,2246.7
CUST_00615,Ava,Davis,ava.davis615@example-domain.com,Atlanta,Georgia,30301,2024-05-18,Corporate,Ava Davis,At Risk,242,8.0,157.0,8.0,1415.31,1910.67
CUST_00616,Jordan,Jones,jordan.jones616@example-domain.com,Miami,Florida,33101,2023-04-06,Small Business,Jordan Jones,Lost Customers,115,7.0,238.0,4.0,3533.4500000000003,4770.16
CUST_00617,Jordan,Davis,jordan.davis617@example-domain.com,Raleigh,North Carolina,27601,2024-02-27,Consumer,Jordan Davis,Loyal Customers,354,12.0,55.0,9.0,2640.15,3564.2
CUST_00618,Sophia,Anderson,sophia.anderson618@example-domain.com,San Diego,California,92101,2024-08-17,Consumer,Sophia Anderson,Potential Loyalists,423,9.0,21.0,5.0,1684.06,2273.48
CUST_00619,Morgan,Taylor,morgan.taylor619@example-domain.com,Buffalo,New York,14201,2024-10-14,Corporate,Morgan Taylor,Champions,444,12.0,37.0,8.0,2870.98,3875.82
CUST_00620,Liam,Williams,liam.williams620@example-domain.com,San Francisco,California,94102,2024-03-21,Corporate,Liam Williams,Champions,454,13.0,23.0,10.0,2354.37,3178.4
CUST_00621,Sam,Davis,sam.davis621@example-domain.com,Orlando,Florida,32801,2023-09-25,Consumer,Sam Davis,Can't Lose Them,144,9.0,226.0,7.0,2488.93,3360.06
CUST_00622,Ethan,Gonzalez,ethan.gonzalez622@example-domain.com,Chicago,Illinois,60601,2023-11-22,Consumer,Ethan Gonzalez,Champions,445,13.0,42.0,7.0,3638.42,4911.87
CUST_00623,Noah,Rodriguez,noah.rodriguez623@example-domain.com,Dallas,Texas,75201,2023-03-18,Consumer,Noah Rodriguez,Potential Loyalists,411,6.0,40.0,1.0,138.1,186.44
CUST_00624,Pat,Jones,pat.jones624@example-domain.com,New York City,New York,10001,2023-06-09,Consumer,Pat Jones,Champions,555,15.0,16.0,11.0,3436.5699999999997,4639.37
CUST_00625,Morgan,Garcia,morgan.garcia625@example-domain.com,Denver,Colorado,80202,2024-04-22,Consumer,Morgan Garcia,Loyal Customers,435,12.0,35.0,6.0,4858.2,6558.57
CUST_00626,Ethan,Wilson,ethan.wilson626@example-domain.com,New York City,New York,10001,2024-07-02,Consumer,Ethan Wilson,Promising,315,9.0,63.0,4.0,3648.53,4925.52
CUST_00627,Sophia,Miller,sophia.miller627@example-domain.com,Denver,Colorado,80202,2023-11-12,Consumer,Sophia Miller,Loyal Customers,342,9.0,68.0,7.0,1168.22,1577.1
CUST_00628,Noah,Rodriguez,noah.rodriguez628@example-domain.com,New York City,New York,10001,2023-04-03,Corporate,Noah Rodriguez,At Risk,232,7.0,104.0,6.0,1107.56,1495.21
CUST_00629,Chris,Martinez,chris.martinez629@example-domain.com,San Francisco,California,94102,2023-08-09,Consumer,Chris Martinez,Champions,445,13.0,34.0,8.0,3291.86,4444.01
CUST_00630,Ethan,Jones,ethan.jones630@example-domain.com,San Diego,California,92101,2024-12-29,Consumer,Ethan Jones,Potential Loyalists,524,11.0,14.0,5.0,2244.83,3030.52
CUST_00631,Riley,Lopez,riley.lopez631@example-domain.com,Boston,Massachusetts,02108,2024-06-09,Corporate,Riley Lopez,Champions,443,11.0,38.0,8.0,1877.0,2533.95
CUST_00632,Jordan,Martinez,jordan.martinez632@example-domain.com,Miami,Florida,33101,2023-06-28,Corporate,Jordan Martinez,Champions,452,11.0,40.0,9.0,1351.09,1823.97
CUST_00633,Alex,Gonzalez,alex.gonzalez633@example-domain.com,Denver,Colorado,80202,2024-07-23,Consumer,Alex Gonzalez,Customers Needing Attention,212,5.0,120.0,4.0,1067.3,1440.86
CUST_00634,Lucas,Davis,lucas.davis634@example-domain.com,New York City,New York,10001,2024-04-18,Consumer,Lucas Davis,Loyal Customers,354,12.0,44.0,13.0,2608.71,3521.76
CUST_00635,Morgan,Jones,morgan.jones635@example-domain.com,New York City,New York,10001,2023-01-13,Consumer,Morgan Jones,Potential Loyalists,523,10.0,4.0,5.0,2153.87,2907.72
CUST_00636,Jordan,Davis,jordan.davis636@example-domain.com,Buffalo,New York,14201,2023-07-22,Consumer,Jordan Davis,Champions,443,11.0,32.0,8.0,1640.7,2214.95
CUST_00637,Liam,Lopez,liam.lopez637@example-domain.com,San Diego,California,92101,2024-08-19,Consumer,Liam Lopez,Lost Customers,113,5.0,295.0,4.0,1906.48,2573.75
CUST_00638,Mia,Rodriguez,mia.rodriguez638@example-domain.com,San Diego,California,92101,2023-01-23,Consumer,Mia Rodriguez,Champions,543,12.0,18.0,8.0,1939.93,2618.91
CUST_00639,Taylor,Miller,taylor.miller639@example-domain.com,Denver,Colorado,80202,2023-05-12,Consumer,Taylor Miller,Champions,555,15.0,15.0,11.0,3170.29,4279.89
CUST_00640,Taylor,Hernandez,taylor.hernandez640@example-domain.com,New York City,New York,10001,2023-02-13,Consumer,Taylor Hernandez,Customers Needing Attention,211,4.0,171.0,3.0,552.84,746.33
CUST_00641,Noah,Johnson,noah.johnson641@example-domain.com,Houston,Texas,77001,2024-08-10,Consumer,Noah Johnson,At Risk,245,11.0,114.0,7.0,3456.79,4666.67
CUST_00642,Olivia,Gonzalez,olivia.gonzalez642@example-domain.com,Philadelphia,Pennsylvania,19102,2023-01-31,Consumer,Olivia Gonzalez,Champions,544,13.0,13.0,8.0,2700.54,3645.73
CUST_00643,Liam,Wilson,liam.wilson643@example-domain.com,Houston,Texas,77001,2023-12-29,Consumer,Liam Wilson,Loyal Customers,343,10.0,55.0,7.0,1813.01,2447.56
CUST_00644,Pat,Garcia,pat.garcia644@example-domain.com,Miami,Florida,33101,2023-10-14,Consumer,Pat Garcia,Potential Loyalists,412,7.0,32.0,4.0,1042.01,1406.71
CUST_00645,Noah,Jones,noah.jones645@example-domain.com,San Francisco,California,94102,2024-09-20,Consumer,Noah Jones,At Risk,242,8.0,181.0,7.0,1082.85,1461.85
CUST_00646,Jackson,Martin,jackson.martin646@example-domain.com,Dallas,Texas,75201,2024-10-24,Corporate,Jackson Martin,Champions,455,14.0,34.0,11.0,3690.54,4982.23
CUST_00647,Dakota,Thomas,dakota.thomas647@example-domain.com,Atlanta,Georgia,30301,2024-07-17,Consumer,Dakota Thomas,Potential Loyalists,522,9.0,2.0,5.0,1470.65,1985.38
CUST_00648,Emma,Johnson,emma.johnson648@example-domain.com,San Diego,California,92101,2023-10-14,Consumer,Emma Johnson,Loyal Customers,532,10.0,8.0,6.0,1127.44,1522.04
CUST_00649,Liam,Jones,liam.jones649@example-domain.com,Atlanta,Georgia,30301,2023-07-24,Corporate,Liam Jones,Champions,445,13.0,34.0,8.0,4033.46,5445.17
CUST_00650,Ava,Davis,ava.davis650@example-domain.com,Columbus,Ohio,43215,2023-01-20,Consumer,Ava Davis,Potential Loyalists,411,6.0,29.0,2.0,690.74,932.5
CUST_00651,Liam,Lopez,liam.lopez651@example-domain.com,Philadelphia,Pennsylvania,19102,2024-07-11,Consumer,Liam Lopez,At Risk,245,11.0,157.0,8.0,4523.1900000000005,6106.31
CUST_00652,Emma,Lopez,emma.lopez652@example-domain.com,Raleigh,North Carolina,27601,2023-11-26,Consumer,Emma Lopez,Potential Loyalists,512,8.0,9.0,4.0,1560.0700000000002,2106.09
CUST_00653,Liam,Rodriguez,liam.rodriguez653@example-domain.com,Houston,Texas,77001,2023-01-27,Consumer,Liam Rodriguez,Champions,542,11.0,12.0,8.0,1445.81,1951.84
CUST_00654,Ethan,Martin,ethan.martin654@example-domain.com,Dallas,Texas,75201,2023-01-31,Corporate,Ethan Martin,Loyal Customers,342,9.0,52.0,7.0,1411.41,1905.4
CUST_00655,Cameron,Johnson,cameron.johnson655@example-domain.com,Philadelphia,Pennsylvania,19102,2024-06-26,Consumer,Cameron Johnson,Lost Customers,111,3.0,236.0,4.0,554.06,747.98
CUST_00656,Sophia,Jackson,sophia.jackson656@example-domain.com,Dallas,Texas,75201,2023-06-13,Consumer,Sophia Jackson,Champions,443,11.0,26.0,7.0,2095.8199999999997,2829.36
CUST_00657,Morgan,Davis,morgan.davis657@example-domain.com,Dallas,Texas,75201,2023-09-30,Consumer,Morgan Davis,Loyal Customers,334,10.0,52.0,6.0,2321.42,3133.92
CUST_00658,Lucas,Johnson,lucas.johnson658@example-domain.com,Dallas,Texas,75201,2024-08-12,Consumer,Lucas Johnson,Lost Customers,111,3.0,280.0,1.0,195.46,263.87
CUST_00659,Liam,Lopez,liam.lopez659@example-domain.com,Houston,Texas,77001,2023-06-30,Consumer,Liam Lopez,Champions,444,12.0,40.0,8.0,2741.01,3700.36
CUST_00660,Riley,Jackson,riley.jackson660@example-domain.com,Chicago,Illinois,60601,2024-12-15,Consumer,Riley Jackson,Champions,445,13.0,36.0,7.0,3448.63,4655.65
CUST_00661,Sophia,Jackson,sophia.jackson661@example-domain.com,Los Angeles,California,90001,2024-12-21,Consumer,Sophia Jackson,Potential Loyalists,411,6.0,33.0,4.0,541.27,730.71
CUST_00662,Sophia,Jackson,sophia.jackson662@example-domain.com,Buffalo,New York,14201,2024-07-30,Small Business,Sophia Jackson,Loyal Customers,354,12.0,60.0,9.0,2369.09,3198.27
CUST_00663,Pat,Thomas,pat.thomas663@example-domain.com,Columbus,Ohio,43215,2023-11-13,Consumer,Pat Thomas,Loyal Customers,434,11.0,39.0,6.0,2390.3900000000003,3227.03
CUST_00664,Chris,Thomas,chris.thomas664@example-domain.com,San Francisco,California,94102,2023-04-03,Consumer,Chris Thomas,Promising,311,5.0,60.0,4.0,454.4,613.44
CUST_00665,Jordan,Davis,jordan.davis665@example-domain.com,Dallas,Texas,75201,2023-01-21,Consumer,Jordan Davis,Customers Needing Attention,211,4.0,118.0,3.0,984.01,1328.41
CUST_00666,Ava,Thomas,ava.thomas666@example-domain.com,Los Angeles,California,90001,2023-12-06,Consumer,Ava Thomas,Champions,445,13.0,32.0,7.0,3722.02,5024.73
CUST_00667,Jackson,Miller,jackson.miller667@example-domain.com,Buffalo,New York,14201,2023-12-15,Consumer,Jackson Miller,Champions,445,13.0,39.0,8.0,3769.21,5088.43
CUST_00668,Chris,Hernandez,chris.hernandez668@example-domain.com,San Francisco,California,94102,2023-01-23,Consumer,Chris Hernandez,Lost Customers,111,3.0,572.0,2.0,291.6,393.66
CUST_00669,Sam,Jackson,sam.jackson669@example-domain.com,Buffalo,New York,14201,2023-04-24,Consumer,Sam Jackson,Lost Customers,112,4.0,285.0,3.0,1093.68,1476.47
CUST_00670,Ava,Lopez,ava.lopez670@example-domain.com,San Diego,California,92101,2024-01-18,Consumer,Ava Lopez,Champions,445,13.0,31.0,8.0,5406.9400000000005,7299.37
CUST_00671,Liam,Jackson,liam.jackson671@example-domain.com,New York City,New York,10001,2023-12-11,Consumer,Liam Jackson,Loyal Customers,534,12.0,10.0,6.0,2866.14,3869.29
CUST_00672,Dakota,Hernandez,dakota.hernandez672@example-domain.com,Buffalo,New York,14201,2023-06-11,Corporate,Dakota Hernandez,Potential Loyalists,422,8.0,34.0,5.0,1082.97,1462.01
CUST_00673,Olivia,Thomas,olivia.thomas673@example-domain.com,Chicago,Illinois,60601,2023-06-28,Consumer,Olivia Thomas,Champions,442,10.0,32.0,7.0,1611.0,2174.85
CUST_00674,Lucas,Martin,lucas.martin674@example-domain.com,Seattle,Washington,98101,2023-08-17,Consumer,Lucas Martin,Loyal Customers,533,11.0,10.0,6.0,1726.1599999999999,2330.32
CUST_00675,Mia,Garcia,mia.garcia675@example-domain.com,Boston,Massachusetts,02108,2023-11-11,Consumer,Mia Garcia,Promising,323,8.0,68.0,5.0,2203.7799999999997,2975.1
CUST_00676,Dakota,Jones,dakota.jones676@example-domain.com,Houston,Texas,77001,2023-01-02,Small Business,Dakota Jones,Champions,445,13.0,32.0,8.0,3939.4500000000003,5318.26
CUST_00677,Mia,Gonzalez,mia.gonzalez677@example-domain.com,San Francisco,California,94102,2023-07-06,Consumer,Mia Gonzalez,Hibernating,122,5.0,220.0,5.0,1474.44,1990.49
CUST_00678,Jackson,Hernandez,jackson.hernandez678@example-domain.com,Dallas,Texas,75201,2024-10-16,Consumer,Jackson Hernandez,Loyal Customers,343,10.0,72.0,7.0,1931.69,2607.78
CUST_00679,Mia,Brown,mia.brown679@example-domain.com,Philadelphia,Pennsylvania,19102,2023-05-25,Small Business,Mia Brown,Champions,455,14.0,33.0,9.0,3249.64,4387.01
CUST_00680,Ethan,Williams,ethan.williams680@example-domain.com,Dallas,Texas,75201,2023-12-22,Corporate,Ethan Williams,Loyal Customers,342,9.0,60.0,8.0,1407.5900000000001,1900.25
CUST_00681,Ethan,Garcia,ethan.garcia681@example-domain.com,San Diego,California,92101,2024-12-26,Corporate,Ethan Garcia,Champions,545,14.0,4.0,8.0,3183.09,4297.17
CUST_00682,Ethan,Anderson,ethan.anderson682@example-domain.com,Los Angeles,California,90001,2023-09-29,Consumer,Ethan Anderson,Customers Needing Attention,211,4.0,187.0,4.0,926.26,1250.45
CUST_00683,Pat,Davis,pat.davis683@example-domain.com,San Diego,California,92101,2023-12-25,Consumer,Pat Davis,Loyal Customers,532,10.0,6.0,6.0,1517.62,2048.79
CUST_00684,Cameron,Brown,cameron.brown684@example-domain.com,Los Angeles,California,90001,2023-02-19,Consumer,Cameron Brown,Loyal Customers,343,10.0,61.0,8.0,2102.33,2838.15
CUST_00685,Liam,Anderson,liam.anderson685@example-domain.com,Atlanta,Georgia,30301,2023-06-20,Small Business,Liam Anderson,Champions,545,14.0,6.0,8.0,3621.26,4888.7
CUST_00686,Olivia,Thomas,olivia.thomas686@example-domain.com,Boston,Massachusetts,02108,2023-12-26,Consumer,Olivia Thomas,Customers Needing Attention,221,5.0,158.0,5.0,391.22,528.15
CUST_00687,Lucas,Gonzalez,lucas.gonzalez687@example-domain.com,New York City,New York,10001,2024-05-05,Consumer,Lucas Gonzalez,Promising,311,5.0,66.0,4.0,262.88,354.89
CUST_00688,Mia,Davis,mia.davis688@example-domain.com,Houston,Texas,77001,2024-04-07,Consumer,Mia Davis,At Risk,255,12.0,101.0,9.0,3265.8199999999997,4408.86
CUST_00689,Taylor,Johnson,taylor.johnson689@example-domain.com,Orlando,Florida,32801,2023-01-21,Corporate,Taylor Johnson,Potential Loyalists,513,9.0,17.0,3.0,2130.44,2876.09
CUST_00690,Ethan,Rodriguez,ethan.rodriguez690@example-domain.com,New York City,New York,10001,2023-03-17,Consumer,Ethan Rodriguez,Champions,542,11.0,1.0,7.0,1519.96,2051.95
CUST_00691,Ethan,Garcia,ethan.garcia691@example-domain.com,Boston,Massachusetts,02108,2023-06-14,Consumer,Ethan Garcia,Can't Lose Them,145,10.0,216.0,7.0,4584.67,6189.3
CUST_00692,Taylor,Moore,taylor.moore692@example-domain.com,San Diego,California,92101,2023-12-13,Consumer,Taylor Moore,Champions,455,14.0,30.0,10.0,4727.0599999999995,6381.53
CUST_00693,Jackson,Martin,jackson.martin693@example-domain.com,Philadelphia,Pennsylvania,19102,2024-12-22,Consumer,Jackson Martin,Hibernating,121,4.0,289.0,5.0,610.55,824.24
CUST_00694,Alex,Wilson,alex.wilson694@example-domain.com,Houston,Texas,77001,2024-09-13,Consumer,Alex Wilson,Hibernating,122,5.0,295.0,5.0,1577.6399999999999,2129.81
CUST_00695,Olivia,Garcia,olivia.garcia695@example-domain.com,San Francisco,California,94102,2023-04-14,Consumer,Olivia Garcia,Hibernating,131,5.0,313.0,6.0,790.72,1067.47
CUST_00696,Ethan,Miller,ethan.miller696@example-domain.com,Austin,Texas,78701,2024-02-24,Consumer,Ethan Miller,Loyal Customers,432,9.0,43.0,6.0,1119.46,1511.27
CUST_00697,Lucas,Moore,lucas.moore697@example-domain.com,Miami,Florida,33101,2024-11-07,Consumer,Lucas Moore,Potential Loyalists,423,9.0,29.0,5.0,2152.2799999999997,2905.58
CUST_00698,Dakota,Martinez,dakota.martinez698@example-domain.com,Dallas,Texas,75201,2023-04-09,Consumer,Dakota Martinez,Champions,454,13.0,32.0,10.0,2654.56,3583.66
CUST_00699,Jordan,Gonzalez,jordan.gonzalez699@example-domain.com,Columbus,Ohio,43215,2024-05-17,Consumer,Jordan Gonzalez,At Risk,254,11.0,98.0,9.0,2818.2,3804.57
CUST_00700,Sam,Johnson,sam.johnson700@example-domain.com,Seattle,Washington,98101,2023-01-04,Consumer,Sam Johnson,Loyal Customers,344,11.0,46.0,7.0,2779.36,3752.14
CUST_00701,Olivia,Williams,olivia.williams701@example-domain.com,Orlando,Florida,32801,2024-11-08,Consumer,Olivia Williams,Loyal Customers,333,9.0,77.0,6.0,1973.04,2663.6
CUST_00702,Jackson,Thomas,jackson.thomas702@example-domain.com,Austin,Texas,78701,2023-04-10,Consumer,Jackson Thomas,Potential Loyalists,513,9.0,8.0,3.0,1996.7299999999998,2695.59
CUST_00703,Alex,Miller,alex.miller703@example-domain.com,Houston,Texas,77001,2024-10-15,Consumer,Alex Miller,Customers Needing Attention,212,5.0,164.0,2.0,1042.35,1407.17
CUST_00704,Dakota,Williams,dakota.williams704@example-domain.com,Philadelphia,Pennsylvania,19102,2023-04-29,Consumer,Dakota Williams,Customers Needing Attention,211,4.0,196.0,2.0,272.03000000000003,367.24
CUST_00705,Dakota,Gonzalez,dakota.gonzalez705@example-domain.com,Philadelphia,Pennsylvania,19102,2024-05-15,Consumer,Dakota Gonzalez,Customers Needing Attention,221,5.0,176.0,5.0,726.3,980.5
CUST_00706,Cameron,Williams,cameron.williams706@example-domain.com,Columbus,Ohio,43215,2024-02-01,Small Business,Cameron Williams,Loyal Customers,342,9.0,67.0,7.0,1423.43,1921.63
CUST_00707,Chris,Lopez,chris.lopez707@example-domain.com,Boston,Massachusetts,02108,2024-01-14,Consumer,Chris Lopez,Loyal Customers,342,9.0,45.0,7.0,1565.26,2113.1
CUST_00708,Chris,Anderson,chris.anderson708@example-domain.com,San Francisco,California,94102,2023-09-27,Corporate,Chris Anderson,Hibernating,135,9.0,226.0,6.0,3857.38,5207.46
CUST_00709,Noah,Anderson,noah.anderson709@example-domain.com,Miami,Florida,33101,2023-08-20,Consumer,Noah Anderson,Champions,542,11.0,9.0,8.0,1189.04,1605.2
CUST_00710,Cameron,Jackson,cameron.jackson710@example-domain.com,San Francisco,California,94102,2023-06-04,Consumer,Cameron Jackson,Champions,555,15.0,14.0,11.0,4463.45,6025.66
CUST_00711,Morgan,Williams,morgan.williams711@example-domain.com,Seattle,Washington,98101,2024-07-08,Corporate,Morgan Williams,Hibernating,134,8.0,232.0,6.0,2546.36,3437.59
CUST_00712,Olivia,Jackson,olivia.jackson712@example-domain.com,Dallas,Texas,75201,2024-07-20,Consumer,Olivia Jackson,At Risk,255,12.0,116.0,10.0,7536.9,10174.82
CUST_00713,Jordan,Gonzalez,jordan.gonzalez713@example-domain.com,Raleigh,North Carolina,27601,2024-03-04,Consumer,Jordan Gonzalez,Loyal Customers,434,11.0,31.0,6.0,2244.65,3030.28
CUST_00714,Lucas,Thomas,lucas.thomas714@example-domain.com,Dallas,Texas,75201,2024-05-02,Consumer,Lucas Thomas,Loyal Customers,344,11.0,64.0,8.0,2824.58,3813.18
CUST_00715,Dakota,Williams,dakota.williams715@example-domain.com,Boston,Massachusetts,02108,2023-02-05,Consumer,Dakota Williams,At Risk,235,10.0,96.0,6.0,4935.46,6662.87
CUST_00716,Ava,Jackson,ava.jackson716@example-domain.com,Raleigh,North Carolina,27601,2024-08-08,Small Business,Ava Jackson,Potential Loyalists,423,9.0,41.0,5.0,1784.18,2408.64
CUST_00717,Jackson,Jones,jackson.jones717@example-domain.com,New York City,New York,10001,2024-04-04,Corporate,Jackson Jones,Champions,445,13.0,40.0,7.0,3115.3700000000003,4205.75
CUST_00718,Chris,Garcia,chris.garcia718@example-domain.com,Austin,Texas,78701,2023-07-17,Small Business,Chris Garcia,At Risk,233,8.0,201.0,6.0,1714.51,2314.59
CUST_00719,Sam,Johnson,sam.johnson719@example-domain.com,Atlanta,Georgia,30301,2023-03-22,Consumer,Sam Johnson,Potential Loyalists,411,6.0,26.0,3.0,909.62,1227.99
CUST_00720,Olivia,Miller,olivia.miller720@example-domain.com,Buffalo,New York,14201,2024-09-01,Corporate,Olivia Miller,Loyal Customers,534,12.0,8.0,6.0,2745.83,3706.87
CUST_00721,Cameron,Hernandez,cameron.hernandez721@example-domain.com,San Diego,California,92101,2023-03-31,Small Business,Cameron Hernandez,Champions,455,14.0,35.0,9.0,4482.58,6051.48
CUST_00722,Liam,Moore,liam.moore722@example-domain.com,Boston,Massachusetts,02108,2024-07-19,Consumer,Liam Moore,Loyal Customers,532,10.0,15.0,6.0,1597.92,2157.19
CUST_00723,Ethan,Rodriguez,ethan.rodriguez723@example-domain.com,Raleigh,North Carolina,27601,2024-04-14,Consumer,Ethan Rodriguez,Promising,324,9.0,48.0,5.0,2339.45,3158.26
CUST_00724,Alex,Martin,alex.martin724@example-domain.com,Raleigh,North Carolina,27601,2024-03-05,Corporate,Alex Martin,Promising,323,8.0,60.0,5.0,1829.1499999999999,2469.35
CUST_00725,Morgan,Wilson,morgan.wilson725@example-domain.com,Buffalo,New York,14201,2023-06-01,Consumer,Morgan Wilson,Hibernating,121,4.0,280.0,5.0,970.9399999999999,1310.77
CUST_00726,Mia,Jackson,mia.jackson726@example-domain.com,New York City,New York,10001,2023-04-19,Corporate,Mia Jackson,Lost Customers,111,3.0,509.0,2.0,401.23,541.66
CUST_00727,Mia,Brown,mia.brown727@example-domain.com,Orlando,Florida,32801,2024-07-02,Consumer,Mia Brown,Customers Needing Attention,222,6.0,132.0,5.0,1332.0700000000002,1798.29
CUST_00728,Sophia,Wilson,sophia.wilson728@example-domain.com,Miami,Florida,33101,2024-01-28,Corporate,Sophia Wilson,Lost Customers,112,4.0,331.0,4.0,1169.56,1578.91
CUST_00729,Emma,Jackson,emma.jackson729@example-domain.com,Philadelphia,Pennsylvania,19102,2023-02-08,Consumer,Emma Jackson,Champions,455,14.0,22.0,13.0,4357.91,5883.18
CUST_00730,Chris,Rodriguez,chris.rodriguez730@example-domain.com,Boston,Massachusetts,02108,2023-05-28,Consumer,Chris Rodriguez,Potential Loyalists,511,7.0,11.0,3.0,806.26,1088.45
CUST_00731,Jackson,Martin,jackson.martin731@example-domain.com,Boston,Massachusetts,02108,2023-02-09,Consumer,Jackson Martin,Champions,454,13.0,30.0,9.0,2967.37,4005.95
CUST_00732,Liam,Hernandez,liam.hernandez732@example-domain.com,Dallas,Texas,75201,2023-02-20,Corporate,Liam Hernandez,Loyal Customers,343,10.0,83.0,7.0,1978.58,2671.08
CUST_00733,Emma,Rodriguez,emma.rodriguez733@example-domain.com,Seattle,Washington,98101,2023-01-21,Consumer,Emma Rodriguez,At Risk,232,7.0,193.0,6.0,1158.25,1563.64
CUST_00734,Ethan,Martinez,ethan.martinez734@example-domain.com,Orlando,Florida,32801,2023-10-15,Consumer,Ethan Martinez,Loyal Customers,342,9.0,56.0,7.0,1443.8999999999999,1949.26
CUST_00735,Emma,Brown,emma.brown735@example-domain.com,Dallas,Texas,75201,2023-05-18,Consumer,Emma Brown,Lost Customers,111,3.0,929.0,1.0,38.92,52.54
CUST_00736,Dakota,Anderson,dakota.anderson736@example-domain.com,Chicago,Illinois,60601,2023-10-03,Corporate,Dakota Anderson,Loyal Customers,345,12.0,54.0,8.0,5394.56,7282.66
CUST_00737,Olivia,Martin,olivia.martin737@example-domain.com,San Diego,California,92101,2023-07-12,Consumer,Olivia Martin,Loyal Customers,432,9.0,43.0,6.0,1337.35,1805.42
CUST_00738,Noah,Miller,noah.miller738@example-domain.com,Atlanta,Georgia,30301,2024-05-11,Corporate,Noah Miller,Potential Loyalists,512,8.0,17.0,3.0,1546.97,2088.41
CUST_00739,Ava,Lopez,ava.lopez739@example-domain.com,San Francisco,California,94102,2024-06-11,Consumer,Ava Lopez,Lost Customers,112,4.0,277.0,3.0,1168.0900000000001,1576.92
CUST_00740,Chris,Williams,chris.williams740@example-domain.com,Orlando,Florida,32801,2024-12-27,Consumer,Chris Williams,Champions,444,12.0,25.0,7.0,2780.79,3754.07
CUST_00741,Ava,Gonzalez,ava.gonzalez741@example-domain.com,Buffalo,New York,14201,2024-06-20,Consumer,Ava Gonzalez,Potential Loyalists,411,6.0,24.0,2.0,341.45,460.96
CUST_00742,Mia,Smith,mia.smith742@example-domain.com,Houston,Texas,77001,2023-07-17,Consumer,Mia Smith,Loyal Customers,353,11.0,65.0,9.0,2040.24,2754.32
CUST_00743,Pat,Johnson,pat.johnson743@example-domain.com,Dallas,Texas,75201,2023-02-03,Corporate,Pat Johnson,Loyal Customers,433,10.0,43.0,6.0,1910.73,2579.49
CUST_00744,Noah,Johnson,noah.johnson744@example-domain.com,Seattle,Washington,98101,2024-12-22,Consumer,Noah Johnson,Loyal Customers,332,8.0,75.0,6.0,1325.47,1789.38
CUST_00745,Pat,Rodriguez,pat.rodriguez745@example-domain.com,Seattle,Washington,98101,2024-04-20,Consumer,Pat Rodriguez,Loyal Customers,345,12.0,88.0,8.0,3450.61,4658.32
CUST_00746,Ava,Gonzalez,ava.gonzalez746@example-domain.com,New York City,New York,10001,2024-11-28,Corporate,Ava Gonzalez,Loyal Customers,344,11.0,67.0,8.0,2644.85,3570.55
CUST_00747,Alex,Davis,alex.davis747@example-domain.com,Seattle,Washington,98101,2024-05-15,Consumer,Alex Davis,Loyal Customers,431,8.0,43.0,6.0,767.04,1035.5
CUST_00748,Jackson,Anderson,jackson.anderson748@example-domain.com,Houston,Texas,77001,2024-04-30,Consumer,Jackson Anderson,Promising,311,5.0,58.0,4.0,940.22,1269.3
CUST_00749,Mia,Moore,mia.moore749@example-domain.com,Seattle,Washington,98101,2023-12-19,Small Business,Mia Moore,Champions,555,15.0,16.0,9.0,3667.05,4950.52
CUST_00750,Chris,Rodriguez,chris.rodriguez750@example-domain.com,San Diego,California,92101,2023-10-19,Consumer,Chris Rodriguez,Hibernating,124,7.0,404.0,5.0,2236.88,3019.79
CUST_00751,Alex,Gonzalez,alex.gonzalez751@example-domain.com,San Francisco,California,94102,2023-06-16,Consumer,Alex Gonzalez,Champions,555,15.0,19.0,10.0,3994.63,5392.75
CUST_00752,Mia,Miller,mia.miller752@example-domain.com,Dallas,Texas,75201,2024-10-24,Small Business,Mia Miller,Lost Customers,111,3.0,246.0,2.0,163.24,220.37
CUST_00753,Riley,Miller,riley.miller753@example-domain.com,Miami,Florida,33101,2024-10-29,Consumer,Riley Miller,Potential Loyalists,524,11.0,13.0,5.0,2308.66,3116.69
CUST_00754,Olivia,Taylor,olivia.taylor754@example-domain.com,Los Angeles,California,90001,2024-11-29,Consumer,Olivia Taylor,Promising,313,7.0,89.0,3.0,1867.0900000000001,2520.57
CUST_00755,Alex,Thomas,alex.thomas755@example-domain.com,Buffalo,New York,14201,2024-10-24,Consumer,Alex Thomas,Lost Customers,112,4.0,224.0,3.0,1176.78,1588.65
CUST_00756,Chris,Martin,chris.martin756@example-domain.com,Los Angeles,California,90001,2023-08-18,Corporate,Chris Martin,Customers Needing Attention,223,7.0,143.0,5.0,1884.43,2543.98
CUST_00757,Cameron,Martin,cameron.martin757@example-domain.com,Orlando,Florida,32801,2024-12-30,Consumer,Cameron Martin,Loyal Customers,355,13.0,92.0,10.0,3626.55,4895.84
CUST_00758,Cameron,Wilson,cameron.wilson758@example-domain.com,Boston,Massachusetts,02108,2023-12-24,Consumer,Cameron Wilson,Champions,443,11.0,21.0,8.0,1790.18,2416.74
CUST_00759,Noah,Rodriguez,noah.rodriguez759@example-domain.com,Austin,Texas,78701,2024-04-22,Corporate,Noah Rodriguez,Loyal Customers,434,11.0,32.0,6.0,2703.1,3649.18
CUST_00760,Dakota,Taylor,dakota.taylor760@example-domain.com,Boston,Massachusetts,02108,2024-08-21,Corporate,Dakota Taylor,Customers Needing Attention,212,5.0,195.0,4.0,1114.87,1505.07
CUST_00761,Morgan,Smith,morgan.smith761@example-domain.com,Raleigh,North Carolina,27601,2024-11-09,Consumer,Morgan Smith,Loyal Customers,345,12.0,48.0,8.0,3292.9300000000003,4445.46
CUST_00762,Sophia,Moore,sophia.moore762@example-domain.com,Orlando,Florida,32801,2023-11-02,Consumer,Sophia Moore,Champions,442,10.0,36.0,7.0,1606.94,2169.37
CUST_00763,Morgan,Thomas,morgan.thomas763@example-domain.com,San Diego,California,92101,2023-12-11,Consumer,Morgan Thomas,Champions,442,10.0,22.0,8.0,1404.49,1896.06
CUST_00764,Cameron,Hernandez,cameron.hernandez764@example-domain.com,Miami,Florida,33101,2023-09-25,Corporate,Cameron Hernandez,Champions,455,14.0,22.0,11.0,3538.42,4776.87
CUST_00765,Dakota,Miller,dakota.miller765@example-domain.com,Buffalo,New York,14201,2024-06-13,Consumer,Dakota Miller,Can't Lose Them,145,10.0,245.0,8.0,3739.7599999999998,5048.68
CUST_00766,Riley,Johnson,riley.johnson766@example-domain.com,Boston,Massachusetts,02108,2024-11-07,Consumer,Riley Johnson,Can't Lose Them,142,7.0,241.0,8.0,1277.56,1724.71
CUST_00767,Ethan,Jones,ethan.jones767@example-domain.com,Los Angeles,California,90001,2024-11-02,Corporate,Ethan Jones,Lost Customers,112,4.0,423.0,3.0,1276.22,1722.9
CUST_00768,Emma,Martinez,emma.martinez768@example-domain.com,Miami,Florida,33101,2024-03-04,Corporate,Emma Martinez,Loyal Customers,334,10.0,92.0,6.0,2598.9700000000003,3508.61
CUST_00769,Liam,Gonzalez,liam.gonzalez769@example-domain.com,San Francisco,California,94102,2024-08-20,Consumer,Liam Gonzalez,Champions,455,14.0,42.0,13.0,6723.5,9076.72
CUST_00770,Mia,Miller,mia.miller770@example-domain.com,Chicago,Illinois,60601,2024-12-31,Corporate,Mia Miller,Loyal Customers,345,12.0,59.0,8.0,3518.79,4750.37
CUST_00771,Riley,Moore,riley.moore771@example-domain.com,Philadelphia,Pennsylvania,19102,2024-11-18,Consumer,Riley Moore,Loyal Customers,353,11.0,48.0,9.0,1906.1,2573.24
CUST_00772,Sophia,Taylor,sophia.taylor772@example-domain.com,Orlando,Florida,32801,2023-06-24,Corporate,Sophia Taylor,Loyal Customers,354,12.0,46.0,9.0,3074.51,4150.59
CUST_00773,Lucas,Garcia,lucas.garcia773@example-domain.com,Orlando,Florida,32801,2023-04-10,Consumer,Lucas Garcia,Loyal Customers,331,7.0,65.0,6.0,845.1999999999999,1141.02
CUST_00774,Emma,Jones,emma.jones774@example-domain.com,Miami,Florida,33101,2024-07-26,Consumer,Emma Jones,Promising,322,7.0,77.0,5.0,1275.8,1722.33
CUST_00775,Chris,Hernandez,chris.hernandez775@example-domain.com,San Diego,California,92101,2023-08-16,Corporate,Chris Hernandez,Lost Customers,111,3.0,438.0,2.0,63.58,85.83
CUST_00776,Sophia,Davis,sophia.davis776@example-domain.com,Orlando,Florida,32801,2024-03-06,Consumer,Sophia Davis,Promising,311,5.0,45.0,3.0,524.19,707.66
CUST_00777,Ethan,Lopez,ethan.lopez777@example-domain.com,Miami,Florida,33101,2024-08-22,Consumer,Ethan Lopez,Hibernating,123,6.0,256.0,5.0,2137.2799999999997,2885.33
CUST_00778,Dakota,Anderson,dakota.anderson778@example-domain.com,New York City,New York,10001,2024-04-26,Corporate,Dakota Anderson,Hibernating,132,6.0,227.0,6.0,1160.18,1566.24
CUST_00779,Jordan,Jackson,jordan.jackson779@example-domain.com,San Diego,California,92101,2024-04-28,Corporate,Jordan Jackson,Customers Needing Attention,211,4.0,197.0,2.0,403.63,544.9
CUST_00780,Pat,Taylor,pat.taylor780@example-domain.com,New York City,New York,10001,2024-11-28,Consumer,Pat Taylor,Hibernating,134,8.0,270.0,6.0,2478.2400000000002,3345.62
CUST_00781,Liam,Taylor,liam.taylor781@example-domain.com,Orlando,Florida,32801,2024-02-28,Consumer,Liam Taylor,Potential Loyalists,411,6.0,39.0,4.0,654.29,883.29
CUST_00782,Jordan,Jones,jordan.jones782@example-domain.com,Buffalo,New York,14201,2023-07-25,Consumer,Jordan Jones,Loyal Customers,534,12.0,12.0,6.0,2490.52,3362.2
CUST_00783,Ethan,Wilson,ethan.wilson783@example-domain.com,Denver,Colorado,80202,2023-05-27,Consumer,Ethan Wilson,Potential Loyalists,521,8.0,19.0,5.0,909.84,1228.28
CUST_00784,Ethan,Garcia,ethan.garcia784@example-domain.com,San Diego,California,92101,2024-05-14,Consumer,Ethan Garcia,Can't Lose Them,143,8.0,424.0,7.0,2187.88,2953.64
CUST_00785,Ethan,Garcia,ethan.garcia785@example-domain.com,Chicago,Illinois,60601,2024-10-11,Consumer,Ethan Garcia,Champions,445,13.0,39.0,8.0,5275.650000000001,7122.13
CUST_00786,Jordan,Smith,jordan.smith786@example-domain.com,Denver,Colorado,80202,2023-10-08,Small Business,Jordan Smith,Lost Customers,111,3.0,548.0,3.0,578.89,781.5
CUST_00787,Pat,Garcia,pat.garcia787@example-domain.com,Houston,Texas,77001,2024-05-16,Consumer,Pat Garcia,Can't Lose Them,155,11.0,256.0,10.0,3451.21,4659.13
CUST_00788,Taylor,Jones,taylor.jones788@example-domain.com,Atlanta,Georgia,30301,2024-10-10,Consumer,Taylor Jones,Loyal Customers,354,12.0,59.0,9.0,2485.5,3355.42
CUST_00789,Olivia,Gonzalez,olivia.gonzalez789@example-domain.com,Atlanta,Georgia,30301,2024-05-03,Consumer,Olivia Gonzalez,Champions,555,15.0,2.0,11.0,3221.57,4349.12
CUST_00790,Liam,Smith,liam.smith790@example-domain.com,San Francisco,California,94102,2024-06-30,Small Business,Liam Smith,Champions,555,15.0,15.0,9.0,4216.31,5692.02
CUST_00791,Pat,Lopez,pat.lopez791@example-domain.com,Los Angeles,California,90001,2023-11-26,Consumer,Pat Lopez,Hibernating,122,5.0,368.0,5.0,1608.01,2170.81
CUST_00792,Ava,Miller,ava.miller792@example-domain.com,Los Angeles,California,90001,2024-11-23,Consumer,Ava Miller,Potential Loyalists,411,6.0,35.0,4.0,523.1800000000001,706.29
CUST_00793,Alex,Davis,alex.davis793@example-domain.com,Dallas,Texas,75201,2024-12-11,Consumer,Alex Davis,Customers Needing Attention,212,5.0,176.0,3.0,1125.77,1519.79
CUST_00794,Sophia,Martinez,sophia.martinez794@example-domain.com,Buffalo,New York,14201,2023-04-16,Consumer,Sophia Martinez,Loyal Customers,534,12.0,15.0,6.0,2341.13,3160.53
CUST_00795,Liam,Taylor,liam.taylor795@example-domain.com,Orlando,Florida,32801,2023-06-21,Consumer,Liam Taylor,At Risk,255,12.0,113.0,10.0,4871.74,6576.85
CUST_00796,Taylor,Johnson,taylor.johnson796@example-domain.com,Orlando,Florida,32801,2023-10-25,Corporate,Taylor Johnson,Loyal Customers,532,10.0,1.0,6.0,1465.48,1978.4
CUST_00797,Noah,Taylor,noah.taylor797@example-domain.com,Raleigh,North Carolina,27601,2023-12-12,Small Business,Noah Taylor,Champions,543,12.0,14.0,8.0,2115.89,2856.45
CUST_00798,Olivia,Jones,olivia.jones798@example-domain.com,Chicago,Illinois,60601,2024-05-16,Consumer,Olivia Jones,Champions,554,14.0,19.0,11.0,3006.11,4058.25
CUST_00799,Sophia,Miller,sophia.miller799@example-domain.com,Houston,Texas,77001,2024-02-18,Consumer,Sophia Miller,Loyal Customers,341,8.0,58.0,7.0,999.72,1349.62
CUST_00800,Alex,Davis,alex.davis800@example-domain.com,Dallas,Texas,75201,2023-05-15,Small Business,Alex Davis,Champions,454,13.0,23.0,9.0,2627.16,3546.67
CUST_00801,Pat,Smith,pat.smith801@example-domain.com,Raleigh,North Carolina,27601,2023-06-23,Corporate,Pat Smith,Loyal Customers,333,9.0,75.0,6.0,1622.87,2190.87
CUST_00802,Morgan,Lopez,morgan.lopez802@example-domain.com,San Francisco,California,94102,2024-01-20,Consumer,Morgan Lopez,At Risk,235,10.0,160.0,6.0,3490.13,4711.68
CUST_00803,Cameron,Moore,cameron.moore803@example-domain.com,San Francisco,California,94102,2024-08-31,Consumer,Cameron Moore,Promising,312,6.0,53.0,3.0,1393.3400000000001,1881.01
CUST_00804,Jordan,Brown,jordan.brown804@example-domain.com,Los Angeles,California,90001,2023-02-19,Consumer,Jordan Brown,Champions,541,10.0,5.0,8.0,788.37,1064.3
CUST_00805,Morgan,Wilson,morgan.wilson805@example-domain.com,Denver,Colorado,80202,2024-01-25,Consumer,Morgan Wilson,Customers Needing Attention,211,4.0,208.0,3.0,604.41,815.95
CUST_00806,Morgan,Moore,morgan.moore806@example-domain.com,Miami,Florida,33101,2024-04-30,Corporate,Morgan Moore,Customers Needing Attention,223,7.0,116.0,5.0,1722.73,2325.69
CUST_00807,Sam,Miller,sam.miller807@example-domain.com,Los Angeles,California,90001,2023-11-05,Small Business,Sam Miller,Loyal Customers,432,9.0,32.0,6.0,1526.71,2061.06
CUST_00808,Olivia,Brown,olivia.brown808@example-domain.com,Raleigh,North Carolina,27601,2023-10-04,Small Business,Olivia Brown,Champions,444,12.0,34.0,8.0,2515.48,3395.9
CUST_00809,Jackson,Martin,jackson.martin809@example-domain.com,Buffalo,New York,14201,2024-03-04,Consumer,Jackson Martin,Hibernating,133,7.0,255.0,6.0,2015.3,2720.66
CUST_00810,Morgan,Taylor,morgan.taylor810@example-domain.com,New York City,New York,10001,2023-10-17,Consumer,Morgan Taylor,Loyal Customers,343,10.0,59.0,7.0,1858.49,2508.96
CUST_00811,Morgan,Brown,morgan.brown811@example-domain.com,Philadelphia,Pennsylvania,19102,2023-07-23,Small Business,Morgan Brown,Potential Loyalists,514,10.0,7.0,3.0,2574.93,3476.16
CUST_00812,Jackson,Miller,jackson.miller812@example-domain.com,Miami,Florida,33101,2024-06-19,Corporate,Jackson Miller,Promising,312,6.0,52.0,2.0,1360.96,1837.3
CUST_00813,Pat,Lopez,pat.lopez813@example-domain.com,Atlanta,Georgia,30301,2023-10-30,Consumer,Pat Lopez,Loyal Customers,342,9.0,50.0,8.0,1353.43,1827.13
CUST_00814,Chris,Johnson,chris.johnson814@example-domain.com,Columbus,Ohio,43215,2024-05-23,Small Business,Chris Johnson,Promising,312,6.0,57.0,4.0,1243.97,1679.36
CUST_00815,Pat,Thomas,pat.thomas815@example-domain.com,Chicago,Illinois,60601,2023-08-29,Corporate,Pat Thomas,Can't Lose Them,154,10.0,279.0,9.0,2891.85,3904.0
CUST_00816,Alex,Smith,alex.smith816@example-domain.com,San Diego,California,92101,2023-04-24,Consumer,Alex Smith,Champions,554,14.0,7.0,9.0,2483.0299999999997,3352.09
CUST_00817,Mia,Thomas,mia.thomas817@example-domain.com,Buffalo,New York,14201,2023-04-03,Consumer,Mia Thomas,Champions,544,13.0,18.0,7.0,2834.39,3826.43
CUST_00818,Ava,Williams,ava.williams818@example-domain.com,New York City,New York,10001,2023-09-20,Consumer,Ava Williams,At Risk,234,9.0,126.0,6.0,2977.85,4020.1
CUST_00819,Riley,Anderson,riley.anderson819@example-domain.com,Orlando,Florida,32801,2023-09-28,Consumer,Riley Anderson,Potential Loyalists,421,7.0,34.0,5.0,898.44,1212.89
CUST_00820,Noah,Johnson,noah.johnson820@example-domain.com,New York City,New York,10001,2023-06-28,Consumer,Noah Johnson,Champions,444,12.0,43.0,7.0,2561.24,3457.67
CUST_00821,Jordan,Martinez,jordan.martinez821@example-domain.com,Seattle,Washington,98101,2024-11-24,Corporate,Jordan Martinez,Loyal Customers,435,12.0,20.0,6.0,3549.16,4791.37
CUST_00822,Ethan,Wilson,ethan.wilson822@example-domain.com,New York City,New York,10001,2023-04-08,Consumer,Ethan Wilson,Lost Customers,113,5.0,284.0,4.0,1817.16,2453.17
CUST_00823,Jordan,Smith,jordan.smith823@example-domain.com,Buffalo,New York,14201,2024-11-10,Consumer,Jordan Smith,Champions,545,14.0,2.0,8.0,4192.17,5659.43
CUST_00824,Chris,Hernandez,chris.hernandez824@example-domain.com,Seattle,Washington,98101,2024-03-24,Consumer,Chris Hernandez,Champions,442,10.0,26.0,7.0,1457.44,1967.54
CUST_00825,Jackson,Rodriguez,jackson.rodriguez825@example-domain.com,San Diego,California,92101,2024-01-17,Consumer,Jackson Rodriguez,Loyal Customers,343,10.0,85.0,7.0,1895.26,2558.6
CUST_00826,Ethan,Garcia,ethan.garcia826@example-domain.com,New York City,New York,10001,2024-02-15,Small Business,Ethan Garcia,Customers Needing Attention,212,5.0,171.0,4.0,1611.8799999999999,2176.04
CUST_00827,Liam,Anderson,liam.anderson827@example-domain.com,Miami,Florida,33101,2024-01-30,Consumer,Liam Anderson,Loyal Customers,534,12.0,17.0,6.0,2237.69,3020.88
CUST_00828,Emma,Wilson,emma.wilson828@example-domain.com,Houston,Texas,77001,2023-04-26,Consumer,Emma Wilson,Champions,545,14.0,4.0,8.0,3549.54,4791.88
CUST_00829,Sam,Johnson,sam.johnson829@example-domain.com,Houston,Texas,77001,2023-04-17,Corporate,Sam Johnson,Champions,553,13.0,17.0,11.0,2183.4700000000003,2947.68
CUST_00830,Olivia,Jackson,olivia.jackson830@example-domain.com,Philadelphia,Pennsylvania,19102,2024-08-05,Consumer,Olivia Jackson,Customers Needing Attention,224,8.0,205.0,5.0,2244.24,3029.72
CUST_00831,Noah,Garcia,noah.garcia831@example-domain.com,Boston,Massachusetts,02108,2024-01-03,Consumer,Noah Garcia,Customers Needing Attention,211,4.0,119.0,4.0,933.42,1260.12
CUST_00832,Jackson,Smith,jackson.smith832@example-domain.com,Buffalo,New York,14201,2024-05-09,Consumer,Jackson Smith,Loyal Customers,434,11.0,20.0,6.0,2221.6,2999.16
CUST_00833,Emma,Brown,emma.brown833@example-domain.com,Atlanta,Georgia,30301,2024-03-27,Consumer,Emma Brown,Loyal Customers,331,7.0,48.0,6.0,937.52,1265.65
CUST_00834,Jordan,Williams,jordan.williams834@example-domain.com,Miami,Florida,33101,2024-11-01,Consumer,Jordan Williams,Customers Needing Attention,212,5.0,199.0,4.0,1218.46,1644.92
CUST_00835,Ethan,Smith,ethan.smith835@example-domain.com,Raleigh,North Carolina,27601,2024-08-13,Consumer,Ethan Smith,Lost Customers,111,3.0,410.0,3.0,419.84,566.78
CUST_00836,Mia,Davis,mia.davis836@example-domain.com,Chicago,Illinois,60601,2024-06-15,Consumer,Mia Davis,At Risk,241,7.0,160.0,8.0,705.24,952.07
CUST_00837,Ava,Martin,ava.martin837@example-domain.com,New York City,New York,10001,2024-03-19,Small Business,Ava Martin,Potential Loyalists,523,10.0,18.0,5.0,1858.0500000000002,2508.37
CUST_00838,Riley,Thomas,riley.thomas838@example-domain.com,Seattle,Washington,98101,2024-11-10,Consumer,Riley Thomas,Champions,444,12.0,36.0,7.0,2656.99,3586.94
CUST_00839,Liam,Jones,liam.jones839@example-domain.com,Columbus,Ohio,43215,2024-09-19,Consumer,Liam Jones,Champions,555,15.0,7.0,12.0,4108.63,5546.65
CUST_00840,Jordan,Smith,jordan.smith840@example-domain.com,Houston,Texas,77001,2024-06-01,Consumer,Jordan Smith,Champions,453,12.0,33.0,10.0,1816.01,2451.61
CUST_00841,Emma,Thomas,emma.thomas841@example-domain.com,Houston,Texas,77001,2023-03-18,Consumer,Emma Thomas,At Risk,243,9.0,134.0,7.0,1967.08,2655.56
CUST_00842,Emma,Hernandez,emma.hernandez842@example-domain.com,Dallas,Texas,75201,2023-12-05,Consumer,Emma Hernandez,Potential Loyalists,411,6.0,23.0,4.0,225.26,304.1
CUST_00843,Cameron,Johnson,cameron.johnson843@example-domain.com,Raleigh,North Carolina,27601,2023-08-17,Consumer,Cameron Johnson,Can't Lose Them,145,10.0,423.0,7.0,3399.61,4589.47
CUST_00844,Lucas,Gonzalez,lucas.gonzalez844@example-domain.com,Boston,Massachusetts,02108,2023-08-29,Small Business,Lucas Gonzalez,Customers Needing Attention,221,5.0,196.0,5.0,777.75,1049.96
CUST_00845,Taylor,Anderson,taylor.anderson845@example-domain.com,Denver,Colorado,80202,2024-08-09,Consumer,Taylor Anderson,Hibernating,133,7.0,360.0,6.0,1999.69,2699.58
CUST_00846,Noah,Williams,noah.williams846@example-domain.com,Philadelphia,Pennsylvania,19102,2024-04-02,Consumer,Noah Williams,Customers Needing Attention,211,4.0,165.0,4.0,838.72,1132.27
CUST_00847,Ethan,Brown,ethan.brown847@example-domain.com,Philadelphia,Pennsylvania,19102,2024-10-31,Consumer,Ethan Brown,Lost Customers,111,3.0,425.0,1.0,29.34,39.61
CUST_00848,Alex,Brown,alex.brown848@example-domain.com,Boston,Massachusetts,02108,2024-02-27,Small Business,Alex Brown,Lost Customers,111,3.0,314.0,3.0,378.74,511.3
CUST_00849,Jordan,Moore,jordan.moore849@example-domain.com,Columbus,Ohio,43215,2023-01-01,Consumer,Jordan Moore,At Risk,245,11.0,184.0,8.0,3744.13,5054.58
CUST_00850,Taylor,Martin,taylor.martin850@example-domain.com,Orlando,Florida,32801,2024-06-04,Consumer,Taylor Martin,Loyal Customers,332,8.0,51.0,6.0,1262.38,1704.21
CUST_00851,Lucas,Miller,lucas.miller851@example-domain.com,Denver,Colorado,80202,2023-12-16,Consumer,Lucas Miller,Champions,444,12.0,34.0,7.0,2238.07,3021.39
CUST_00852,Sophia,Johnson,sophia.johnson852@example-domain.com,Dallas,Texas,75201,2024-04-10,Corporate,Sophia Johnson,Potential Loyalists,423,9.0,40.0,5.0,1950.09,2632.62
CUST_00853,Ethan,Moore,ethan.moore853@example-domain.com,Philadelphia,Pennsylvania,19102,2024-11-03,Consumer,Ethan Moore,Champions,544,13.0,2.0,7.0,2385.8,3220.83
CUST_00854,Sophia,Anderson,sophia.anderson854@example-domain.com,New York City,New York,10001,2023-04-10,Corporate,Sophia Anderson,Champions,444,12.0,43.0,7.0,2469.86,3334.31
CUST_00855,Riley,Smith,riley.smith855@example-domain.com,Chicago,Illinois,60601,2023-12-30,Consumer,Riley Smith,Champions,442,10.0,24.0,7.0,1442.28,1947.08
CUST_00856,Dakota,Moore,dakota.moore856@example-domain.com,Raleigh,North Carolina,27601,2024-01-18,Consumer,Dakota Moore,Lost Customers,111,3.0,384.0,4.0,719.38,971.16
CUST_00857,Morgan,Johnson,morgan.johnson857@example-domain.com,Houston,Texas,77001,2024-05-19,Consumer,Morgan Johnson,Champions,444,12.0,42.0,8.0,3037.17,4100.18
CUST_00858,Sam,Wilson,sam.wilson858@example-domain.com,New York City,New York,10001,2023-09-18,Consumer,Sam Wilson,Loyal Customers,534,12.0,2.0,6.0,2702.19,3647.96
CUST_00859,Jackson,Miller,jackson.miller859@example-domain.com,Austin,Texas,78701,2023-05-04,Consumer,Jackson Miller,Champions,455,14.0,31.0,9.0,4584.17,6188.63
CUST_00860,Liam,Miller,liam.miller860@example-domain.com,Denver,Colorado,80202,2023-07-15,Consumer,Liam Miller,Potential Loyalists,511,7.0,19.0,3.0,174.98,236.22
CUST_00861,Ethan,Brown,ethan.brown861@example-domain.com,Atlanta,Georgia,30301,2023-02-17,Corporate,Ethan Brown,Champions,454,13.0,28.0,9.0,3094.45,4177.51
CUST_00862,Mia,Brown,mia.brown862@example-domain.com,Denver,Colorado,80202,2024-04-13,Consumer,Mia Brown,At Risk,242,8.0,136.0,7.0,1333.6100000000001,1800.37
CUST_00863,Mia,Taylor,mia.taylor863@example-domain.com,Buffalo,New York,14201,2024-05-25,Consumer,Mia Taylor,Hibernating,122,5.0,471.0,5.0,1170.85,1580.65
CUST_00864,Alex,Taylor,alex.taylor864@example-domain.com,San Francisco,California,94102,2024-07-20,Consumer,Alex Taylor,Champions,554,14.0,12.0,12.0,2408.8,3251.88
CUST_00865,Olivia,Jackson,olivia.jackson865@example-domain.com,Philadelphia,Pennsylvania,19102,2024-06-04,Consumer,Olivia Jackson,Promising,313,7.0,84.0,2.0,2112.42,2851.77
CUST_00866,Chris,Jackson,chris.jackson866@example-domain.com,Houston,Texas,77001,2023-05-12,Consumer,Chris Jackson,Champions,455,14.0,24.0,12.0,3502.7299999999996,4728.69
CUST_00867,Morgan,Gonzalez,morgan.gonzalez867@example-domain.com,Chicago,Illinois,60601,2024-05-31,Consumer,Morgan Gonzalez,Champions,545,14.0,16.0,7.0,6878.79,9286.37
CUST_00868,Liam,Wilson,liam.wilson868@example-domain.com,Dallas,Texas,75201,2023-10-08,Consumer,Liam Wilson,Customers Needing Attention,221,5.0,180.0,5.0,456.42,616.17
CUST_00869,Liam,Hernandez,liam.hernandez869@example-domain.com,Orlando,Florida,32801,2024-04-08,Corporate,Liam Hernandez,Champions,555,15.0,15.0,10.0,4264.5,5757.08
CUST_00870,Sam,Jones,sam.jones870@example-domain.com,Atlanta,Georgia,30301,2024-09-08,Small Business,Sam Jones,At Risk,233,8.0,108.0,6.0,1654.81,2233.99
CUST_00871,Ava,Martinez,ava.martinez871@example-domain.com,Columbus,Ohio,43215,2023-11-18,Consumer,Ava Martinez,Lost Customers,111,3.0,355.0,3.0,409.29,552.54
CUST_00872,Lucas,Miller,lucas.miller872@example-domain.com,Austin,Texas,78701,2023-08-03,Consumer,Lucas Miller,Loyal Customers,432,9.0,29.0,6.0,1487.02,2007.48
CUST_00873,Jackson,Martinez,jackson.martinez873@example-domain.com,Seattle,Washington,98101,2024-11-19,Consumer,Jackson Martinez,Champions,543,12.0,18.0,8.0,2044.12,2759.56
CUST_00874,Sam,Garcia,sam.garcia874@example-domain.com,Raleigh,North Carolina,27601,2024-07-09,Consumer,Sam Garcia,Champions,445,13.0,41.0,8.0,3948.9399999999996,5331.07
CUST_00875,Ethan,Brown,ethan.brown875@example-domain.com,Seattle,Washington,98101,2024-07-29,Consumer,Ethan Brown,Potential Loyalists,522,9.0,7.0,5.0,1272.1200000000001,1717.36
CUST_00876,Emma,Jackson,emma.jackson876@example-domain.com,Atlanta,Georgia,30301,2024-11-21,Consumer,Emma Jackson,Loyal Customers,355,13.0,57.0,10.0,3610.11,4873.65
CUST_00877,Lucas,Martinez,lucas.martinez877@example-domain.com,Atlanta,Georgia,30301,2023-01-14,Corporate,Lucas Martinez,Lost Customers,111,3.0,366.0,2.0,355.48,479.9
CUST_00878,Ava,Brown,ava.brown878@example-domain.com,Los Angeles,California,90001,2024-01-26,Consumer,Ava Brown,Loyal Customers,531,9.0,9.0,6.0,630.31,850.92
CUST_00879,Sam,Johnson,sam.johnson879@example-domain.com,San Francisco,California,94102,2023-07-24,Consumer,Sam Johnson,Hibernating,122,5.0,281.0,5.0,1514.8799999999999,2045.09
CUST_00880,Cameron,Garcia,cameron.garcia880@example-domain.com,Orlando,Florida,32801,2024-11-30,Consumer,Cameron Garcia,Customers Needing Attention,212,5.0,141.0,4.0,1035.79,1398.32
CUST_00881,Cameron,Jones,cameron.jones881@example-domain.com,San Francisco,California,94102,2024-12-08,Consumer,Cameron Jones,Customers Needing Attention,213,6.0,135.0,4.0,2072.53,2797.92
CUST_00882,Dakota,Miller,dakota.miller882@example-domain.com,Columbus,Ohio,43215,2023-02-03,Consumer,Dakota Miller,Customers Needing Attention,222,6.0,173.0,5.0,1343.87,1814.22
CUST_00883,Sophia,Anderson,sophia.anderson883@example-domain.com,New York City,New York,10001,2024-09-22,Consumer,Sophia Anderson,Champions,542,11.0,13.0,8.0,1518.94,2050.57
CUST_00884,Lucas,Davis,lucas.davis884@example-domain.com,Columbus,Ohio,43215,2024-02-03,Consumer,Lucas Davis,Loyal Customers,343,10.0,65.0,8.0,1845.8,2491.83
CUST_00885,Riley,Taylor,riley.taylor885@example-domain.com,Orlando,Florida,32801,2024-12-10,Corporate,Riley Taylor,Customers Needing Attention,221,5.0,200.0,5.0,976.0,1317.6
CUST_00886,Jordan,Gonzalez,jordan.gonzalez886@example-domain.com,Boston,Massachusetts,02108,2024-03-02,Consumer,Jordan Gonzalez,Potential Loyalists,525,12.0,12.0,5.0,3295.59,4449.05
CUST_00887,Ethan,Moore,ethan.moore887@example-domain.com,San Francisco,California,94102,2023-01-14,Consumer,Ethan Moore,Loyal Customers,355,13.0,52.0,12.0,6049.41,8166.7
CUST_00888,Cameron,Miller,cameron.miller888@example-domain.com,Denver,Colorado,80202,2023-08-19,Consumer,Cameron Miller,Champions,544,13.0,14.0,8.0,2975.07,4016.34
CUST_00889,Sophia,Jackson,sophia.jackson889@example-domain.com,Columbus,Ohio,43215,2024-09-09,Consumer,Sophia Jackson,Lost Customers,113,5.0,477.0,4.0,2059.87,2780.82
CUST_00890,Pat,Miller,pat.miller890@example-domain.com,Orlando,Florida,32801,2024-04-04,Consumer,Pat Miller,Can't Lose Them,145,10.0,323.0,7.0,3492.03,4714.24
CUST_00891,Chris,Williams,chris.williams891@example-domain.com,Houston,Texas,77001,2023-06-27,Corporate,Chris Williams,Champions,545,14.0,12.0,8.0,3720.6899999999996,5022.93
CUST_00892,Ava,Brown,ava.brown892@example-domain.com,Boston,Massachusetts,02108,2023-02-11,Corporate,Ava Brown,Loyal Customers,534,12.0,16.0,6.0,2591.03,3497.89
CUST_00893,Olivia,Rodriguez,olivia.rodriguez893@example-domain.com,Columbus,Ohio,43215,2023-09-28,Corporate,Olivia Rodriguez,Hibernating,124,7.0,239.0,5.0,3057.5299999999997,4127.67
CUST_00894,Sam,Garcia,sam.garcia894@example-domain.com,Miami,Florida,33101,2023-01-06,Consumer,Sam Garcia,Lost Customers,114,6.0,762.0,3.0,2327.1400000000003,3141.64
CUST_00895,Ethan,Anderson,ethan.anderson895@example-domain.com,Buffalo,New York,14201,2023-02-10,Consumer,Ethan Anderson,Lost Customers,111,3.0,311.0,4.0,292.91,395.43
CUST_00896,Sam,Hernandez,sam.hernandez896@example-domain.com,San Francisco,California,94102,2024-10-02,Consumer,Sam Hernandez,Promising,315,9.0,52.0,4.0,4264.41,5756.95
CUST_00897,Jackson,Martinez,jackson.martinez897@example-domain.com,Philadelphia,Pennsylvania,19102,2024-08-09,Consumer,Jackson Martinez,Loyal Customers,355,13.0,65.0,9.0,3243.12,4378.21
CUST_00898,Lucas,Lopez,lucas.lopez898@example-domain.com,San Diego,California,92101,2024-12-25,Corporate,Lucas Lopez,Champions,555,15.0,13.0,11.0,5469.09,7383.27
CUST_00899,Ethan,Taylor,ethan.taylor899@example-domain.com,Dallas,Texas,75201,2023-07-08,Consumer,Ethan Taylor,Loyal Customers,345,12.0,58.0,7.0,4083.7,5513.0
CUST_00900,Ava,Williams,ava.williams900@example-domain.com,Raleigh,North Carolina,27601,2023-06-13,Consumer,Ava Williams,Potential Loyalists,522,9.0,15.0,5.0,1561.92,2108.59
CUST_00901,Olivia,Moore,olivia.moore901@example-domain.com,Columbus,Ohio,43215,2024-02-18,Consumer,Olivia Moore,Hibernating,123,6.0,227.0,5.0,2189.2799999999997,2955.53
CUST_00902,Taylor,Lopez,taylor.lopez902@example-domain.com,Dallas,Texas,75201,2023-08-07,Consumer,Taylor Lopez,Promising,311,5.0,54.0,3.0,695.3399999999999,938.71
CUST_00903,Ethan,Hernandez,ethan.hernandez903@example-domain.com,Seattle,Washington,98101,2023-10-28,Consumer,Ethan Hernandez,Champions,444,12.0,35.0,8.0,3069.49,4143.81
CUST_00904,Pat,Martin,pat.martin904@example-domain.com,Raleigh,North Carolina,27601,2024-05-01,Consumer,Pat Martin,Hibernating,122,5.0,261.0,5.0,1290.44,1742.09
CUST_00905,Lucas,Smith,lucas.smith905@example-domain.com,New York City,New York,10001,2024-11-15,Consumer,Lucas Smith,Potential Loyalists,422,8.0,39.0,5.0,1540.5500000000002,2079.74
CUST_00906,Sophia,Anderson,sophia.anderson906@example-domain.com,Dallas,Texas,75201,2024-10-19,Corporate,Sophia Anderson,Loyal Customers,533,11.0,1.0,6.0,1659.92,2240.89
CUST_00907,Jackson,Martin,jackson.martin907@example-domain.com,Dallas,Texas,75201,2023-02-10,Corporate,Jackson Martin,At Risk,234,9.0,123.0,6.0,2470.95,3335.78
CUST_00908,Ethan,Gonzalez,ethan.gonzalez908@example-domain.com,New York City,New York,10001,2024-01-31,Consumer,Ethan Gonzalez,Can't Lose Them,142,7.0,365.0,8.0,1301.56,1757.11
CUST_00909,Cameron,Moore,cameron.moore909@example-domain.com,Orlando,Florida,32801,2023-01-26,Consumer,Cameron Moore,Customers Needing Attention,211,4.0,142.0,2.0,832.8100000000001,1124.29
CUST_00910,Ava,Lopez,ava.lopez910@example-domain.com,Raleigh,North Carolina,27601,2024-06-04,Consumer,Ava Lopez,Can't Lose Them,143,8.0,331.0,8.0,2076.58,2803.38
CUST_00911,Noah,Thomas,noah.thomas911@example-domain.com,San Francisco,California,94102,2023-10-31,Consumer,Noah Thomas,Hibernating,133,7.0,355.0,6.0,2022.52,2730.4
CUST_00912,Pat,Hernandez,pat.hernandez912@example-domain.com,Raleigh,North Carolina,27601,2023-03-26,Consumer,Pat Hernandez,At Risk,245,11.0,94.0,7.0,3287.0800000000004,4437.56
CUST_00913,Morgan,Garcia,morgan.garcia913@example-domain.com,Columbus,Ohio,43215,2024-06-30,Consumer,Morgan Garcia,Champions,454,13.0,39.0,11.0,2247.76,3034.48
CUST_00914,Alex,Williams,alex.williams914@example-domain.com,Austin,Texas,78701,2024-11-17,Consumer,Alex Williams,Loyal Customers,344,11.0,59.0,7.0,2584.8599999999997,3489.56
CUST_00915,Pat,Wilson,pat.wilson915@example-domain.com,New York City,New York,10001,2023-07-30,Consumer,Pat Wilson,Loyal Customers,355,13.0,63.0,11.0,3170.66,4280.39
CUST_00916,Lucas,Wilson,lucas.wilson916@example-domain.com,San Diego,California,92101,2024-12-03,Consumer,Lucas Wilson,At Risk,245,11.0,103.0,8.0,3392.73,4580.19
CUST_00917,Sam,Smith,sam.smith917@example-domain.com,Denver,Colorado,80202,2023-12-06,Consumer,Sam Smith,Loyal Customers,354,12.0,53.0,9.0,2810.25,3793.84
CUST_00918,Jordan,Williams,jordan.williams918@example-domain.com,San Diego,California,92101,2023-02-25,Small Business,Jordan Williams,Hibernating,122,5.0,340.0,5.0,1111.29,1500.24
CUST_00919,Chris,Rodriguez,chris.rodriguez919@example-domain.com,Columbus,Ohio,43215,2023-03-14,Corporate,Chris Rodriguez,Hibernating,123,6.0,319.0,5.0,1912.92,2582.44
CUST_00920,Mia,Davis,mia.davis920@example-domain.com,Miami,Florida,33101,2024-02-22,Consumer,Mia Davis,Champions,542,11.0,11.0,7.0,1073.16,1448.77
CUST_00921,Liam,Anderson,liam.anderson921@example-domain.com,Boston,Massachusetts,02108,2024-03-19,Corporate,Liam Anderson,Lost Customers,111,3.0,478.0,2.0,96.08,129.71
CUST_00922,Ethan,Smith,ethan.smith922@example-domain.com,Boston,Massachusetts,02108,2024-11-20,Consumer,Ethan Smith,Loyal Customers,533,11.0,9.0,6.0,1778.4,2400.84
CUST_00923,Morgan,Moore,morgan.moore923@example-domain.com,Los Angeles,California,90001,2024-10-18,Corporate,Morgan Moore,Champions,445,13.0,43.0,7.0,3658.82,4939.41
CUST_00924,Jackson,Williams,jackson.williams924@example-domain.com,San Francisco,California,94102,2024-12-18,Corporate,Jackson Williams,At Risk,242,8.0,168.0,7.0,1436.6999999999998,1939.54
CUST_00925,Taylor,Lopez,taylor.lopez925@example-domain.com,Raleigh,North Carolina,27601,2023-04-19,Consumer,Taylor Lopez,Potential Loyalists,513,9.0,4.0,3.0,2109.47,2847.78
CUST_00926,Dakota,Martinez,dakota.martinez926@example-domain.com,San Diego,California,92101,2023-10-16,Consumer,Dakota Martinez,Hibernating,133,7.0,274.0,6.0,2046.21,2762.38
CUST_00927,Noah,Gonzalez,noah.gonzalez927@example-domain.com,Boston,Massachusetts,02108,2024-11-07,Consumer,Noah Gonzalez,Loyal Customers,533,11.0,18.0,6.0,1915.79,2586.32
CUST_00928,Alex,Thomas,alex.thomas928@example-domain.com,Houston,Texas,77001,2024-06-30,Consumer,Alex Thomas,Promising,311,5.0,51.0,4.0,644.75,870.41
CUST_00929,Riley,Jones,riley.jones929@example-domain.com,Boston,Massachusetts,02108,2024-07-12,Consumer,Riley Jones,Champions,443,11.0,35.0,8.0,1709.34,2307.61
CUST_00930,Dakota,Jones,dakota.jones930@example-domain.com,Orlando,Florida,32801,2024-11-24,Consumer,Dakota Jones,Loyal Customers,343,10.0,92.0,7.0,2146.4,2897.64
CUST_00931,Sophia,Smith,sophia.smith931@example-domain.com,Columbus,Ohio,43215,2024-07-22,Consumer,Sophia Smith,Champions,444,12.0,37.0,8.0,2621.27,3538.71
CUST_00932,Sam,Brown,sam.brown932@example-domain.com,San Francisco,California,94102,2023-01-06,Corporate,Sam Brown,Champions,454,13.0,23.0,10.0,2709.62,3657.99
CUST_00933,Mia,Martin,mia.martin933@example-domain.com,Boston,Massachusetts,02108,2024-07-04,Small Business,Mia Martin,Loyal Customers,531,9.0,18.0,6.0,927.67,1252.35
CUST_00934,Lucas,Williams,lucas.williams934@example-domain.com,Orlando,Florida,32801,2023-08-04,Consumer,Lucas Williams,At Risk,243,9.0,96.0,7.0,1862.15,2513.9
CUST_00935,Sophia,Miller,sophia.miller935@example-domain.com,Atlanta,Georgia,30301,2024-10-23,Consumer,Sophia Miller,Loyal Customers,355,13.0,44.0,9.0,3218.56,4345.06
CUST_00936,Ava,Jones,ava.jones936@example-domain.com,Houston,Texas,77001,2023-07-08,Consumer,Ava Jones,Potential Loyalists,511,7.0,11.0,3.0,366.7,495.04
CUST_00937,Riley,Martin,riley.martin937@example-domain.com,Miami,Florida,33101,2023-07-18,Consumer,Riley Martin,Hibernating,131,5.0,497.0,6.0,935.3,1262.66
CUST_00938,Morgan,Garcia,morgan.garcia938@example-domain.com,San Francisco,California,94102,2024-07-16,Small Business,Morgan Garcia,Champions,555,15.0,15.0,11.0,4550.1900000000005,6142.76
CUST_00939,Noah,Moore,noah.moore939@example-domain.com,San Diego,California,92101,2023-10-25,Consumer,Noah Moore,Lost Customers,112,4.0,387.0,2.0,1147.96,1549.75
CUST_00940,Taylor,Rodriguez,taylor.rodriguez940@example-domain.com,New York City,New York,10001,2023-07-22,Consumer,Taylor Rodriguez,Loyal Customers,434,11.0,37.0,6.0,2532.54,3418.93
CUST_00941,Mia,Thomas,mia.thomas941@example-domain.com,Chicago,Illinois,60601,2024-01-01,Consumer,Mia Thomas,Potential Loyalists,521,8.0,12.0,5.0,668.18,902.04
CUST_00942,Sam,Davis,sam.davis942@example-domain.com,New York City,New York,10001,2023-10-19,Consumer,Sam Davis,Champions,444,12.0,37.0,8.0,2971.29,4011.24
CUST_00943,Jackson,Williams,jackson.williams943@example-domain.com,Austin,Texas,78701,2023-11-22,Consumer,Jackson Williams,Customers Needing Attention,213,6.0,115.0,4.0,2142.18,2891.94
CUST_00944,Emma,Anderson,emma.anderson944@example-domain.com,Chicago,Illinois,60601,2024-09-23,Corporate,Emma Anderson,Customers Needing Attention,221,5.0,201.0,5.0,506.05,683.17
CUST_00945,Dakota,Jackson,dakota.jackson945@example-domain.com,Buffalo,New York,14201,2024-08-02,Consumer,Dakota Jackson,Customers Needing Attention,211,4.0,121.0,3.0,917.34,1238.41
CUST_00946,Mia,Lopez,mia.lopez946@example-domain.com,Chicago,Illinois,60601,2024-03-14,Consumer,Mia Lopez,Can't Lose Them,155,11.0,326.0,10.0,4617.51,6233.64
CUST_00947,Chris,Smith,chris.smith947@example-domain.com,Chicago,Illinois,60601,2023-09-10,Consumer,Chris Smith,Champions,453,12.0,29.0,10.0,1991.46,2688.47
CUST_00948,Riley,Wilson,riley.wilson948@example-domain.com,Miami,Florida,33101,2024-01-04,Small Business,Riley Wilson,Lost Customers,111,3.0,462.0,3.0,579.76,782.68
CUST_00949,Sam,Hernandez,sam.hernandez949@example-domain.com,Philadelphia,Pennsylvania,19102,2024-04-18,Corporate,Sam Hernandez,Hibernating,134,8.0,219.0,6.0,2882.99,3892.04
CUST_00950,Noah,Lopez,noah.lopez950@example-domain.com,Orlando,Florida,32801,2024-05-13,Consumer,Noah Lopez,Promising,312,6.0,52.0,4.0,1044.72,1410.37
CUST_00951,Lucas,Brown,lucas.brown951@example-domain.com,Houston,Texas,77001,2024-10-23,Consumer,Lucas Brown,At Risk,243,9.0,170.0,8.0,1974.3400000000001,2665.36
CUST_00952,Jackson,Williams,jackson.williams952@example-domain.com,Miami,Florida,33101,2023-05-24,Consumer,Jackson Williams,Can't Lose Them,144,9.0,248.0,7.0,2832.5299999999997,3823.92
CUST_00953,Lucas,Miller,lucas.miller953@example-domain.com,Miami,Florida,33101,2024-10-03,Consumer,Lucas Miller,Potential Loyalists,512,8.0,17.0,4.0,1039.9,1403.87
CUST_00954,Taylor,Williams,taylor.williams954@example-domain.com,Los Angeles,California,90001,2024-06-03,Small Business,Taylor Williams,At Risk,242,8.0,154.0,7.0,1414.33,1909.35
CUST_00955,Alex,Jackson,alex.jackson955@example-domain.com,Boston,Massachusetts,02108,2024-08-27,Consumer,Alex Jackson,Loyal Customers,532,10.0,17.0,6.0,1575.11,2126.4
CUST_00956,Pat,Johnson,pat.johnson956@example-domain.com,Columbus,Ohio,43215,2023-09-24,Consumer,Pat Johnson,Champions,545,14.0,6.0,8.0,5766.16,7784.32
CUST_00957,Lucas,Moore,lucas.moore957@example-domain.com,Philadelphia,Pennsylvania,19102,2024-10-31,Consumer,Lucas Moore,Loyal Customers,354,12.0,52.0,10.0,2690.98,3632.82
CUST_00958,Sam,Lopez,sam.lopez958@example-domain.com,Boston,Massachusetts,02108,2023-08-17,Consumer,Sam Lopez,Champions,545,14.0,2.0,7.0,4056.87,5476.77
CUST_00959,Mia,Martinez,mia.martinez959@example-domain.com,Buffalo,New York,14201,2024-04-20,Consumer,Mia Martinez,Customers Needing Attention,213,6.0,100.0,2.0,2049.52,2766.85
CUST_00960,Ava,Taylor,ava.taylor960@example-domain.com,San Diego,California,92101,2024-02-11,Corporate,Ava Taylor,Loyal Customers,342,9.0,75.0,7.0,1467.77,1981.49
CUST_00961,Sophia,Taylor,sophia.taylor961@example-domain.com,Los Angeles,California,90001,2024-11-09,Consumer,Sophia Taylor,Champions,553,13.0,10.0,9.0,1931.99,2608.19
CUST_00962,Riley,Martin,riley.martin962@example-domain.com,Houston,Texas,77001,2024-06-10,Consumer,Riley Martin,Potential Loyalists,411,6.0,23.0,4.0,961.9,1298.56
CUST_00963,Sam,Anderson,sam.anderson963@example-domain.com,Houston,Texas,77001,2023-07-03,Consumer,Sam Anderson,Hibernating,124,7.0,616.0,5.0,2674.78,3610.95
CUST_00964,Mia,Jackson,mia.jackson964@example-domain.com,Buffalo,New York,14201,2024-05-10,Consumer,Mia Jackson,Champions,455,14.0,30.0,11.0,3909.63,5278.0
CUST_00965,Sophia,Johnson,sophia.johnson965@example-domain.com,Dallas,Texas,75201,2024-05-14,Consumer,Sophia Johnson,Loyal Customers,345,12.0,44.0,7.0,6003.36,8104.54
CUST_00966,Riley,Williams,riley.williams966@example-domain.com,Miami,Florida,33101,2024-01-14,Consumer,Riley Williams,Potential Loyalists,512,8.0,9.0,2.0,1475.68,1992.17
CUST_00967,Riley,Johnson,riley.johnson967@example-domain.com,Austin,Texas,78701,2024-06-14,Corporate,Riley Johnson,At Risk,231,6.0,95.0,6.0,550.53,743.22
CUST_00968,Sophia,Gonzalez,sophia.gonzalez968@example-domain.com,Philadelphia,Pennsylvania,19102,2024-04-10,Consumer,Sophia Gonzalez,Champions,545,14.0,4.0,8.0,3354.6,4528.71
CUST_00969,Jordan,Johnson,jordan.johnson969@example-domain.com,Chicago,Illinois,60601,2023-04-16,Consumer,Jordan Johnson,At Risk,235,10.0,100.0,6.0,3232.27,4363.56
CUST_00970,Ava,Rodriguez,ava.rodriguez970@example-domain.com,Miami,Florida,33101,2024-08-15,Consumer,Ava Rodriguez,Potential Loyalists,521,8.0,2.0,5.0,282.45,381.31
CUST_00971,Lucas,Jackson,lucas.jackson971@example-domain.com,Houston,Texas,77001,2024-01-21,Consumer,Lucas Jackson,Loyal Customers,345,12.0,60.0,8.0,4638.46,6261.92
CUST_00972,Liam,Lopez,liam.lopez972@example-domain.com,San Diego,California,92101,2024-06-13,Small Business,Liam Lopez,Potential Loyalists,423,9.0,25.0,5.0,1951.95,2635.13
CUST_00973,Cameron,Gonzalez,cameron.gonzalez973@example-domain.com,Dallas,Texas,75201,2024-06-12,Corporate,Cameron Gonzalez,Customers Needing Attention,214,7.0,166.0,4.0,2414.3,3259.3
CUST_00974,Liam,Lopez,liam.lopez974@example-domain.com,Seattle,Washington,98101,2024-05-13,Consumer,Liam Lopez,At Risk,255,12.0,129.0,11.0,3870.13,5224.68
CUST_00975,Emma,Martin,emma.martin975@example-domain.com,Los Angeles,California,90001,2024-05-28,Consumer,Emma Martin,Potential Loyalists,521,8.0,9.0,5.0,1006.0,1358.1
CUST_00976,Sam,Anderson,sam.anderson976@example-domain.com,Houston,Texas,77001,2023-08-24,Consumer,Sam Anderson,Lost Customers,111,3.0,470.0,2.0,321.46000000000004,433.97
CUST_00977,Taylor,Taylor,taylor.taylor977@example-domain.com,Miami,Florida,33101,2023-08-05,Consumer,Taylor Taylor,Champions,452,11.0,27.0,9.0,1484.18,2003.64
CUST_00978,Sam,Garcia,sam.garcia978@example-domain.com,Houston,Texas,77001,2024-01-06,Consumer,Sam Garcia,At Risk,244,10.0,119.0,7.0,2822.6,3810.51
CUST_00979,Jackson,Brown,jackson.brown979@example-domain.com,Dallas,Texas,75201,2024-02-29,Consumer,Jackson Brown,Potential Loyalists,421,7.0,28.0,5.0,789.9300000000001,1066.41
CUST_00980,Ethan,Brown,ethan.brown980@example-domain.com,Philadelphia,Pennsylvania,19102,2024-11-22,Consumer,Ethan Brown,Customers Needing Attention,212,5.0,212.0,4.0,1543.66,2083.94
CUST_00981,Emma,Thomas,emma.thomas981@example-domain.com,Austin,Texas,78701,2024-08-27,Consumer,Emma Thomas,At Risk,245,11.0,110.0,7.0,5533.610000000001,7470.37
CUST_00982,Chris,Wilson,chris.wilson982@example-domain.com,Los Angeles,California,90001,2023-09-07,Corporate,Chris Wilson,Loyal Customers,331,7.0,92.0,6.0,871.56,1176.61
CUST_00983,Jordan,Jones,jordan.jones983@example-domain.com,Houston,Texas,77001,2023-05-18,Consumer,Jordan Jones,Champions,545,14.0,13.0,8.0,3609.94,4873.42
CUST_00984,Ava,Johnson,ava.johnson984@example-domain.com,Buffalo,New York,14201,2023-02-27,Consumer,Ava Johnson,Loyal Customers,433,10.0,24.0,6.0,2110.41,2849.05
CUST_00985,Chris,Rodriguez,chris.rodriguez985@example-domain.com,Houston,Texas,77001,2024-06-13,Corporate,Chris Rodriguez,Customers Needing Attention,214,7.0,127.0,4.0,2302.28,3108.08
CUST_00986,Liam,Martin,liam.martin986@example-domain.com,Los Angeles,California,90001,2024-11-08,Consumer,Liam Martin,Champions,555,15.0,11.0,9.0,3273.21,4418.83
CUST_00987,Dakota,Williams,dakota.williams987@example-domain.com,Austin,Texas,78701,2024-04-04,Consumer,Dakota Williams,Promising,321,6.0,61.0,5.0,939.86,1268.81
CUST_00988,Jackson,Thomas,jackson.thomas988@example-domain.com,Philadelphia,Pennsylvania,19102,2023-06-24,Consumer,Jackson Thomas,Can't Lose Them,144,9.0,329.0,8.0,2474.8,3340.98
CUST_00989,Riley,Wilson,riley.wilson989@example-domain.com,Buffalo,New York,14201,2024-08-19,Consumer,Riley Wilson,Potential Loyalists,412,7.0,32.0,4.0,1597.55,2156.69
CUST_00990,Chris,Martin,chris.martin990@example-domain.com,Raleigh,North Carolina,27601,2023-09-28,Corporate,Chris Martin,Potential Loyalists,411,6.0,24.0,2.0,920.44,1242.59
CUST_00991,Chris,Hernandez,chris.hernandez991@example-domain.com,Denver,Colorado,80202,2024-09-02,Corporate,Chris Hernandez,Loyal Customers,435,12.0,30.0,6.0,3222.6600000000003,4350.59
CUST_00992,Mia,Williams,mia.williams992@example-domain.com,Dallas,Texas,75201,2024-01-23,Consumer,Mia Williams,Loyal Customers,355,13.0,51.0,9.0,3667.73,4951.44
CUST_00993,Liam,Jones,liam.jones993@example-domain.com,New York City,New York,10001,2023-01-17,Consumer,Liam Jones,Loyal Customers,355,13.0,78.0,12.0,5210.83,7034.62
CUST_00994,Pat,Taylor,pat.taylor994@example-domain.com,Raleigh,North Carolina,27601,2024-12-01,Consumer,Pat Taylor,Loyal Customers,334,10.0,66.0,6.0,2252.11,3040.35
CUST_00995,Olivia,Jones,olivia.jones995@example-domain.com,New York City,New York,10001,2023-07-01,Consumer,Olivia Jones,Loyal Customers,432,9.0,38.0,6.0,1601.66,2162.24
CUST_00996,Emma,Martin,emma.martin996@example-domain.com,San Francisco,California,94102,2024-06-28,Consumer,Emma Martin,Potential Loyalists,513,9.0,12.0,3.0,2216.54,2992.33
CUST_00997,Ava,Brown,ava.brown997@example-domain.com,San Diego,California,92101,2024-05-08,Small Business,Ava Brown,Hibernating,123,6.0,351.0,5.0,1668.94,2253.07
CUST_00998,Sam,Martin,sam.martin998@example-domain.com,Columbus,Ohio,43215,2023-01-02,Consumer,Sam Martin,Lost Customers,112,4.0,410.0,4.0,1052.82,1421.31
CUST_00999,Olivia,Taylor,olivia.taylor999@example-domain.com,Atlanta,Georgia,30301,2024-01-15,Small Business,Olivia Taylor,Potential Loyalists,412,7.0,42.0,4.0,1088.16,1469.02
CUST_01000,Jordan,Taylor,jordan.taylor1000@example-domain.com,Atlanta,Georgia,30301,2023-08-23,Consumer,Jordan Taylor,Customers Needing Attention,213,6.0,190.0,4.0,1830.76,2471.53
CUST_01001,Emma,Gonzalez,emma.gonzalez1001@example-domain.com,Seattle,Washington,98101,2024-08-26,Consumer,Emma Gonzalez,Promising,322,7.0,62.0,5.0,1270.3,1714.9
CUST_01002,Mia,Brown,mia.brown1002@example-domain.com,Atlanta,Georgia,30301,2023-05-18,Consumer,Mia Brown,Champions,445,13.0,43.0,7.0,4011.46,5415.47
CUST_01003,Cameron,Thomas,cameron.thomas1003@example-domain.com,Dallas,Texas,75201,2023-03-27,Corporate,Cameron Thomas,Loyal Customers,354,12.0,73.0,9.0,2498.42,3372.87
CUST_01004,Dakota,Martin,dakota.martin1004@example-domain.com,Columbus,Ohio,43215,2024-02-23,Corporate,Dakota Martin,Champions,443,11.0,27.0,7.0,1769.23,2388.46
CUST_01005,Cameron,Miller,cameron.miller1005@example-domain.com,Los Angeles,California,90001,2024-12-27,Corporate,Cameron Miller,Loyal Customers,533,11.0,17.0,6.0,1953.17,2636.78
CUST_01006,Alex,Jackson,alex.jackson1006@example-domain.com,Raleigh,North Carolina,27601,2023-05-01,Consumer,Alex Jackson,Champions,542,11.0,4.0,7.0,1428.84,1928.93
CUST_01007,Ava,Smith,ava.smith1007@example-domain.com,Boston,Massachusetts,02108,2024-11-01,Consumer,Ava Smith,At Risk,255,12.0,150.0,11.0,4023.04,5431.1
CUST_01008,Pat,Hernandez,pat.hernandez1008@example-domain.com,Atlanta,Georgia,30301,2024-01-06,Corporate,Pat Hernandez,Potential Loyalists,411,6.0,37.0,4.0,370.15,499.7
CUST_01009,Morgan,Jones,morgan.jones1009@example-domain.com,Atlanta,Georgia,30301,2024-10-29,Consumer,Morgan Jones,Champions,455,14.0,41.0,12.0,5026.0,6785.1
CUST_01010,Mia,Rodriguez,mia.rodriguez1010@example-domain.com,Miami,Florida,33101,2024-07-02,Consumer,Mia Rodriguez,Promising,323,8.0,46.0,5.0,2004.21,2705.68
CUST_01011,Olivia,Jackson,olivia.jackson1011@example-domain.com,Seattle,Washington,98101,2024-09-18,Consumer,Olivia Jackson,Loyal Customers,434,11.0,22.0,6.0,2399.32,3239.08
CUST_01012,Cameron,Gonzalez,cameron.gonzalez1012@example-domain.com,Austin,Texas,78701,2024-02-28,Small Business,Cameron Gonzalez,Can't Lose Them,144,9.0,364.0,8.0,2687.34,3627.91
CUST_01013,Lucas,Moore,lucas.moore1013@example-domain.com,Philadelphia,Pennsylvania,19102,2023-07-03,Small Business,Lucas Moore,Potential Loyalists,512,8.0,17.0,3.0,1096.25,1479.94
CUST_01014,Sophia,Moore,sophia.moore1014@example-domain.com,Columbus,Ohio,43215,2024-05-10,Consumer,Sophia Moore,Champions,545,14.0,14.0,8.0,3968.88,5357.99
CUST_01015,Cameron,Martinez,cameron.martinez1015@example-domain.com,Seattle,Washington,98101,2024-12-23,Corporate,Cameron Martinez,Loyal Customers,334,10.0,60.0,6.0,2595.94,3504.52
CUST_01016,Liam,Jones,liam.jones1016@example-domain.com,New York City,New York,10001,2023-08-24,Small Business,Liam Jones,Potential Loyalists,511,7.0,2.0,4.0,324.75,438.41
CUST_01017,Noah,Garcia,noah.garcia1017@example-domain.com,New York City,New York,10001,2023-08-08,Consumer,Noah Garcia,Lost Customers,114,6.0,460.0,3.0,2367.52,3196.15
CUST_01018,Ava,Gonzalez,ava.gonzalez1018@example-domain.com,Chicago,Illinois,60601,2024-07-17,Consumer,Ava Gonzalez,Lost Customers,111,3.0,393.0,3.0,114.37,154.4
CUST_01019,Jackson,Johnson,jackson.johnson1019@example-domain.com,Houston,Texas,77001,2024-02-03,Small Business,Jackson Johnson,Champions,555,15.0,14.0,11.0,4110.22,5548.8
CUST_01020,Alex,Williams,alex.williams1020@example-domain.com,Buffalo,New York,14201,2024-04-27,Consumer,Alex Williams,Potential Loyalists,411,6.0,20.0,4.0,597.75,806.96
CUST_01021,Jackson,Wilson,jackson.wilson1021@example-domain.com,San Diego,California,92101,2023-03-07,Consumer,Jackson Wilson,At Risk,255,12.0,170.0,13.0,3929.7,5305.1
CUST_01022,Cameron,Davis,cameron.davis1022@example-domain.com,Seattle,Washington,98101,2023-03-23,Consumer,Cameron Davis,Lost Customers,111,3.0,701.0,2.0,225.55,304.49
CUST_01023,Jackson,Johnson,jackson.johnson1023@example-domain.com,Boston,Massachusetts,02108,2024-02-15,Small Business,Jackson Johnson,Champions,555,15.0,9.0,10.0,4277.46,5774.57
CUST_01024,Jackson,Taylor,jackson.taylor1024@example-domain.com,Orlando,Florida,32801,2024-12-29,Small Business,Jackson Taylor,At Risk,234,9.0,139.0,6.0,2464.94,3327.67
CUST_01025,Jackson,Johnson,jackson.johnson1025@example-domain.com,Houston,Texas,77001,2024-10-17,Small Business,Jackson Johnson,Champions,454,13.0,40.0,10.0,2934.51,3961.59
CUST_01026,Emma,Anderson,emma.anderson1026@example-domain.com,Los Angeles,California,90001,2023-07-26,Consumer,Emma Anderson,Hibernating,122,5.0,221.0,5.0,1457.66,1967.84
CUST_01027,Ava,Martinez,ava.martinez1027@example-domain.com,Austin,Texas,78701,2023-02-04,Corporate,Ava Martinez,Lost Customers,112,4.0,240.0,4.0,1068.91,1443.03
CUST_01028,Jackson,Taylor,jackson.taylor1028@example-domain.com,Raleigh,North Carolina,27601,2024-12-16,Corporate,Jackson Taylor,Lost Customers,111,3.0,379.0,4.0,943.66,1273.94
CUST_01029,Riley,Martin,riley.martin1029@example-domain.com,Houston,Texas,77001,2024-11-21,Consumer,Riley Martin,Potential Loyalists,511,7.0,12.0,4.0,769.6700000000001,1039.05
CUST_01030,Jordan,Lopez,jordan.lopez1030@example-domain.com,Dallas,Texas,75201,2024-11-01,Corporate,Jordan Lopez,Champions,444,12.0,31.0,8.0,3027.3,4086.86
CUST_01031,Alex,Garcia,alex.garcia1031@example-domain.com,San Diego,California,92101,2023-10-10,Consumer,Alex Garcia,Potential Loyalists,513,9.0,15.0,4.0,2214.2,2989.17
CUST_01032,Liam,Lopez,liam.lopez1032@example-domain.com,Boston,Massachusetts,02108,2024-02-20,Consumer,Liam Lopez,Champions,555,15.0,10.0,10.0,3488.33,4709.25
CUST_01033,Mia,Miller,mia.miller1033@example-domain.com,Raleigh,North Carolina,27601,2023-01-16,Consumer,Mia Miller,At Risk,233,8.0,108.0,6.0,2018.75,2725.31
CUST_01034,Taylor,Williams,taylor.williams1034@example-domain.com,Columbus,Ohio,43215,2023-10-19,Consumer,Taylor Williams,Loyal Customers,535,13.0,4.0,6.0,3415.34,4610.71
CUST_01035,Lucas,Jackson,lucas.jackson1035@example-domain.com,Seattle,Washington,98101,2023-12-22,Consumer,Lucas Jackson,Promising,311,5.0,45.0,1.0,175.26,236.6
CUST_01036,Cameron,Davis,cameron.davis1036@example-domain.com,Austin,Texas,78701,2024-04-10,Consumer,Cameron Davis,At Risk,234,9.0,178.0,6.0,2237.74,3020.95
CUST_01037,Liam,Jackson,liam.jackson1037@example-domain.com,Los Angeles,California,90001,2023-09-25,Consumer,Liam Jackson,Potential Loyalists,514,10.0,11.0,4.0,2564.67,3462.3
CUST_01038,Chris,Wilson,chris.wilson1038@example-domain.com,Raleigh,North Carolina,27601,2023-04-20,Corporate,Chris Wilson,Lost Customers,111,3.0,630.0,3.0,963.47,1300.68
CUST_01039,Lucas,Williams,lucas.williams1039@example-domain.com,Raleigh,North Carolina,27601,2023-10-29,Consumer,Lucas Williams,At Risk,254,11.0,184.0,9.0,2515.05,3395.32
CUST_01040,Ethan,Brown,ethan.brown1040@example-domain.com,Raleigh,North Carolina,27601,2023-09-21,Consumer,Ethan Brown,Loyal Customers,343,10.0,91.0,8.0,1851.03,2498.89
CUST_01041,Lucas,Jackson,lucas.jackson1041@example-domain.com,Miami,Florida,33101,2024-12-11,Consumer,Lucas Jackson,Potential Loyalists,421,7.0,30.0,5.0,619.67,836.55
CUST_01042,Noah,Gonzalez,noah.gonzalez1042@example-domain.com,Philadelphia,Pennsylvania,19102,2023-09-07,Corporate,Noah Gonzalez,Can't Lose Them,144,9.0,326.0,8.0,2829.5699999999997,3819.92
CUST_01043,Ethan,Anderson,ethan.anderson1043@example-domain.com,Denver,Colorado,80202,2024-08-23,Consumer,Ethan Anderson,Lost Customers,111,3.0,291.0,1.0,541.35,730.82
CUST_01044,Alex,Thomas,alex.thomas1044@example-domain.com,New York City,New York,10001,2023-09-22,Consumer,Alex Thomas,Loyal Customers,355,13.0,55.0,11.0,3711.13,5010.03
CUST_01045,Taylor,Gonzalez,taylor.gonzalez1045@example-domain.com,Dallas,Texas,75201,2024-11-24,Corporate,Taylor Gonzalez,Loyal Customers,332,8.0,68.0,6.0,1137.26,1535.3
CUST_01046,Riley,Hernandez,riley.hernandez1046@example-domain.com,Atlanta,Georgia,30301,2023-12-28,Consumer,Riley Hernandez,Potential Loyalists,422,8.0,25.0,5.0,1059.49,1430.31
CUST_01047,Ava,Moore,ava.moore1047@example-domain.com,Los Angeles,California,90001,2024-12-18,Consumer,Ava Moore,Lost Customers,111,3.0,349.0,2.0,172.06,232.28
CUST_01048,Cameron,Davis,cameron.davis1048@example-domain.com,Orlando,Florida,32801,2023-04-06,Consumer,Cameron Davis,Champions,455,14.0,22.0,9.0,3955.01,5339.26
CUST_01049,Liam,Hernandez,liam.hernandez1049@example-domain.com,San Diego,California,92101,2024-07-21,Corporate,Liam Hernandez,Lost Customers,113,5.0,234.0,3.0,1913.91,2583.78
CUST_01050,Chris,Thomas,chris.thomas1050@example-domain.com,Chicago,Illinois,60601,2023-12-29,Consumer,Chris Thomas,Lost Customers,111,3.0,280.0,4.0,521.49,704.01
CUST_01051,Pat,Jackson,pat.jackson1051@example-domain.com,Miami,Florida,33101,2023-07-07,Corporate,Pat Jackson,Potential Loyalists,522,9.0,1.0,5.0,1512.75,2042.21
CUST_01052,Pat,Thomas,pat.thomas1052@example-domain.com,Austin,Texas,78701,2023-08-29,Consumer,Pat Thomas,Customers Needing Attention,221,5.0,123.0,5.0,666.08,899.21
CUST_01053,Riley,Rodriguez,riley.rodriguez1053@example-domain.com,Austin,Texas,78701,2023-08-23,Small Business,Riley Rodriguez,Champions,555,15.0,6.0,9.0,3754.03,5067.94
CUST_01054,Pat,Davis,pat.davis1054@example-domain.com,Seattle,Washington,98101,2023-06-09,Corporate,Pat Davis,Champions,555,15.0,14.0,12.0,5068.2300000000005,6842.11
CUST_01055,Morgan,Brown,morgan.brown1055@example-domain.com,San Diego,California,92101,2024-11-23,Small Business,Morgan Brown,Loyal Customers,533,11.0,4.0,6.0,1753.74,2367.55
CUST_01056,Emma,Martin,emma.martin1056@example-domain.com,Los Angeles,California,90001,2024-07-08,Consumer,Emma Martin,Loyal Customers,533,11.0,10.0,6.0,1690.24,2281.82
CUST_01057,Jordan,Thomas,jordan.thomas1057@example-domain.com,Seattle,Washington,98101,2024-09-27,Corporate,Jordan Thomas,Promising,322,7.0,52.0,5.0,1041.01,1405.36
CUST_01058,Ethan,Thomas,ethan.thomas1058@example-domain.com,Miami,Florida,33101,2024-05-17,Consumer,Ethan Thomas,Can't Lose Them,145,10.0,383.0,7.0,3207.25,4329.79
CUST_01059,Chris,Taylor,chris.taylor1059@example-domain.com,Miami,Florida,33101,2024-02-12,Consumer,Chris Taylor,At Risk,242,8.0,187.0,8.0,1098.3899999999999,1482.83
CUST_01060,Riley,Jackson,riley.jackson1060@example-domain.com,Buffalo,New York,14201,2023-02-25,Consumer,Riley Jackson,Promising,311,5.0,44.0,3.0,742.2099999999999,1001.98
CUST_01061,Ava,Wilson,ava.wilson1061@example-domain.com,Philadelphia,Pennsylvania,19102,2024-07-07,Corporate,Ava Wilson,Customers Needing Attention,212,5.0,196.0,4.0,1234.08,1666.01
CUST_01062,Jordan,Taylor,jordan.taylor1062@example-domain.com,Seattle,Washington,98101,2024-02-08,Small Business,Jordan Taylor,Lost Customers,111,3.0,324.0,3.0,348.03000000000003,469.84
CUST_01063,Chris,Anderson,chris.anderson1063@example-domain.com,New York City,New York,10001,2024-12-16,Corporate,Chris Anderson,Customers Needing Attention,212,5.0,113.0,3.0,1221.47,1648.98
CUST_01064,Ava,Anderson,ava.anderson1064@example-domain.com,Chicago,Illinois,60601,2024-12-06,Consumer,Ava Anderson,Loyal Customers,355,13.0,79.0,12.0,5888.64,7949.66
CUST_01065,Alex,Smith,alex.smith1065@example-domain.com,Austin,Texas,78701,2024-01-24,Consumer,Alex Smith,Loyal Customers,344,11.0,90.0,8.0,2256.41,3046.15
CUST_01066,Mia,Brown,mia.brown1066@example-domain.com,Chicago,Illinois,60601,2024-01-06,Corporate,Mia Brown,Loyal Customers,531,9.0,9.0,6.0,250.26999999999998,337.86
CUST_01067,Jackson,Rodriguez,jackson.rodriguez1067@example-domain.com,Houston,Texas,77001,2024-07-15,Consumer,Jackson Rodriguez,Champions,442,10.0,41.0,7.0,1156.94,1561.87
CUST_01068,Cameron,Davis,cameron.davis1068@example-domain.com,Miami,Florida,33101,2024-04-27,Consumer,Cameron Davis,Hibernating,134,8.0,466.0,6.0,2445.86,3301.91
CUST_01069,Jackson,Hernandez,jackson.hernandez1069@example-domain.com,Seattle,Washington,98101,2023-07-08,Consumer,Jackson Hernandez,Lost Customers,111,3.0,216.0,1.0,467.85,631.6
CUST_01070,Emma,Wilson,emma.wilson1070@example-domain.com,Austin,Texas,78701,2024-03-05,Consumer,Emma Wilson,At Risk,242,8.0,100.0,7.0,1274.87,1721.07
CUST_01071,Sophia,Lopez,sophia.lopez1071@example-domain.com,Boston,Massachusetts,02108,2023-10-14,Consumer,Sophia Lopez,At Risk,233,8.0,169.0,6.0,1929.8,2605.23
CUST_01072,Noah,Garcia,noah.garcia1072@example-domain.com,Buffalo,New York,14201,2024-08-12,Consumer,Noah Garcia,Champions,455,14.0,22.0,10.0,3805.39,5137.28
CUST_01073,Riley,Brown,riley.brown1073@example-domain.com,Miami,Florida,33101,2023-08-30,Consumer,Riley Brown,At Risk,245,11.0,103.0,8.0,4326.41,5840.65
CUST_01074,Lucas,Wilson,lucas.wilson1074@example-domain.com,Boston,Massachusetts,02108,2023-07-20,Consumer,Lucas Wilson,At Risk,252,9.0,193.0,9.0,1314.94,1775.17
CUST_01075,Sam,Jones,sam.jones1075@example-domain.com,Philadelphia,Pennsylvania,19102,2023-01-10,Small Business,Sam Jones,Loyal Customers,353,11.0,44.0,9.0,1735.8899999999999,2343.45
CUST_01076,Chris,Wilson,chris.wilson1076@example-domain.com,Philadelphia,Pennsylvania,19102,2023-05-18,Consumer,Chris Wilson,Lost Customers,111,3.0,597.0,2.0,198.34,267.76
CUST_01077,Ava,Moore,ava.moore1077@example-domain.com,Chicago,Illinois,60601,2024-05-13,Consumer,Ava Moore,Loyal Customers,432,9.0,31.0,6.0,1458.11,1968.45
CUST_01078,Dakota,Rodriguez,dakota.rodriguez1078@example-domain.com,Columbus,Ohio,43215,2024-08-04,Consumer,Dakota Rodriguez,Loyal Customers,344,11.0,67.0,7.0,2953.78,3987.6
CUST_01079,Jordan,Gonzalez,jordan.gonzalez1079@example-domain.com,New York City,New York,10001,2024-12-08,Consumer,Jordan Gonzalez,Champions,545,14.0,17.0,7.0,3220.9300000000003,4348.26
CUST_01080,Chris,Johnson,chris.johnson1080@example-domain.com,Austin,Texas,78701,2023-09-18,Small Business,Chris Johnson,Champions,443,11.0,29.0,7.0,2096.84,2830.73
CUST_01081,Emma,Brown,emma.brown1081@example-domain.com,Denver,Colorado,80202,2023-12-09,Corporate,Emma Brown,Promising,311,5.0,53.0,3.0,541.66,731.24
CUST_01082,Cameron,Lopez,cameron.lopez1082@example-domain.com,Seattle,Washington,98101,2024-07-27,Consumer,Cameron Lopez,Potential Loyalists,512,8.0,17.0,4.0,1078.18,1455.54
CUST_01083,Lucas,Rodriguez,lucas.rodriguez1083@example-domain.com,Seattle,Washington,98101,2023-01-21,Consumer,Lucas Rodriguez,Customers Needing Attention,225,9.0,115.0,5.0,3312.46,4471.82
CUST_01084,Olivia,Brown,olivia.brown1084@example-domain.com,Seattle,Washington,98101,2024-11-26,Corporate,Olivia Brown,Promising,321,6.0,71.0,5.0,599.91,809.88
CUST_01085,Jackson,Miller,jackson.miller1085@example-domain.com,Columbus,Ohio,43215,2023-06-28,Small Business,Jackson Miller,Promising,312,6.0,54.0,4.0,1079.52,1457.35
CUST_01086,Dakota,Lopez,dakota.lopez1086@example-domain.com,Chicago,Illinois,60601,2024-11-20,Consumer,Dakota Lopez,Loyal Customers,533,11.0,15.0,6.0,1821.93,2459.61
CUST_01087,Ava,Thomas,ava.thomas1087@example-domain.com,Denver,Colorado,80202,2023-03-22,Consumer,Ava Thomas,Hibernating,122,5.0,291.0,5.0,1138.75,1537.31
CUST_01088,Liam,Martin,liam.martin1088@example-domain.com,Orlando,Florida,32801,2024-04-19,Consumer,Liam Martin,Customers Needing Attention,221,5.0,208.0,5.0,451.32,609.28
CUST_01089,Sam,Garcia,sam.garcia1089@example-domain.com,Chicago,Illinois,60601,2024-03-07,Small Business,Sam Garcia,Potential Loyalists,422,8.0,24.0,5.0,1367.7,1846.4
CUST_01090,Jackson,Jackson,jackson.jackson1090@example-domain.com,Boston,Massachusetts,02108,2023-03-15,Consumer,Jackson Jackson,Loyal Customers,343,10.0,81.0,8.0,1646.62,2222.94
CUST_01091,Taylor,Garcia,taylor.garcia1091@example-domain.com,Chicago,Illinois,60601,2023-08-22,Small Business,Taylor Garcia,Potential Loyalists,425,11.0,39.0,5.0,3248.08,4384.91
CUST_01092,Ethan,Hernandez,ethan.hernandez1092@example-domain.com,Orlando,Florida,32801,2024-12-28,Consumer,Ethan Hernandez,Lost Customers,111,3.0,367.0,2.0,287.48,388.1
CUST_01093,Cameron,Martin,cameron.martin1093@example-domain.com,Boston,Massachusetts,02108,2023-10-05,Consumer,Cameron Martin,Promising,321,6.0,47.0,5.0,854.0,1152.9
CUST_01094,Noah,Lopez,noah.lopez1094@example-domain.com,Raleigh,North Carolina,27601,2024-04-06,Consumer,Noah Lopez,Customers Needing Attention,211,4.0,182.0,3.0,670.09,904.62
CUST_01095,Olivia,Garcia,olivia.garcia1095@example-domain.com,Houston,Texas,77001,2023-01-24,Consumer,Olivia Garcia,Hibernating,135,9.0,267.0,6.0,3221.56,4349.11
CUST_01096,Sam,Davis,sam.davis1096@example-domain.com,Miami,Florida,33101,2024-12-18,Consumer,Sam Davis,Customers Needing Attention,211,4.0,200.0,3.0,455.40999999999997,614.8
CUST_01097,Taylor,Miller,taylor.miller1097@example-domain.com,Houston,Texas,77001,2024-02-11,Consumer,Taylor Miller,Champions,455,14.0,27.0,9.0,3787.36,5112.94
CUST_01098,Morgan,Brown,morgan.brown1098@example-domain.com,San Diego,California,92101,2024-04-29,Consumer,Morgan Brown,Potential Loyalists,524,11.0,2.0,5.0,2730.75,3686.51
CUST_01099,Lucas,Johnson,lucas.johnson1099@example-domain.com,Los Angeles,California,90001,2024-02-11,Corporate,Lucas Johnson,Promising,323,8.0,82.0,5.0,1987.47,2683.08
CUST_01100,Ava,Williams,ava.williams1100@example-domain.com,New York City,New York,10001,2023-09-26,Consumer,Ava Williams,Customers Needing Attention,223,7.0,130.0,5.0,1823.57,2461.82
CUST_01101,Jackson,Jones,jackson.jones1101@example-domain.com,San Diego,California,92101,2024-11-01,Consumer,Jackson Jones,Champions,544,13.0,17.0,7.0,2918.99,3940.64
CUST_01102,Liam,Martinez,liam.martinez1102@example-domain.com,Dallas,Texas,75201,2023-09-11,Small Business,Liam Martinez,Can't Lose Them,143,8.0,254.0,7.0,1969.1799999999998,2658.39
CUST_01103,Dakota,Anderson,dakota.anderson1103@example-domain.com,Buffalo,New York,14201,2023-05-15,Corporate,Dakota Anderson,Champions,443,11.0,21.0,7.0,1901.3300000000002,2566.8
CUST_01104,Ava,Garcia,ava.garcia1104@example-domain.com,Los Angeles,California,90001,2023-02-05,Small Business,Ava Garcia,Loyal Customers,344,11.0,47.0,8.0,2949.4,3981.69
CUST_01105,Sophia,Hernandez,sophia.hernandez1105@example-domain.com,Philadelphia,Pennsylvania,19102,2024-04-23,Small Business,Sophia Hernandez,Hibernating,121,4.0,346.0,5.0,581.77,785.39
CUST_01106,Lucas,Rodriguez,lucas.rodriguez1106@example-domain.com,Columbus,Ohio,43215,2024-03-31,Consumer,Lucas Rodriguez,Loyal Customers,435,12.0,24.0,6.0,4248.32,5735.23
CUST_01107,Sam,Moore,sam.moore1107@example-domain.com,Houston,Texas,77001,2024-08-28,Consumer,Sam Moore,Hibernating,131,5.0,271.0,6.0,656.34,886.06
CUST_01108,Jackson,Anderson,jackson.anderson1108@example-domain.com,Atlanta,Georgia,30301,2024-06-20,Corporate,Jackson Anderson,At Risk,244,10.0,168.0,7.0,2522.35,3405.17
CUST_01109,Lucas,Martinez,lucas.martinez1109@example-domain.com,Seattle,Washington,98101,2024-05-08,Consumer,Lucas Martinez,Loyal Customers,343,10.0,51.0,7.0,2117.54,2858.68
CUST_01110,Lucas,Davis,lucas.davis1110@example-domain.com,San Diego,California,92101,2024-03-28,Consumer,Lucas Davis,Lost Customers,113,5.0,258.0,4.0,1763.93,2381.31
CUST_01111,Dakota,Lopez,dakota.lopez1111@example-domain.com,Atlanta,Georgia,30301,2023-09-24,Corporate,Dakota Lopez,Potential Loyalists,512,8.0,20.0,4.0,1247.81,1684.54
CUST_01112,Sam,Martinez,sam.martinez1112@example-domain.com,Los Angeles,California,90001,2023-01-01,Consumer,Sam Martinez,Loyal Customers,533,11.0,6.0,6.0,2102.45,2838.31
CUST_01113,Ava,Jones,ava.jones1113@example-domain.com,Seattle,Washington,98101,2023-10-21,Consumer,Ava Jones,Potential Loyalists,522,9.0,3.0,5.0,1342.2,1811.97
CUST_01114,Emma,Moore,emma.moore1114@example-domain.com,Los Angeles,California,90001,2024-12-05,Consumer,Emma Moore,Potential Loyalists,423,9.0,24.0,5.0,2117.79,2859.02
CUST_01115,Emma,Thomas,emma.thomas1115@example-domain.com,Orlando,Florida,32801,2023-01-10,Consumer,Emma Thomas,Hibernating,125,8.0,356.0,5.0,3213.02,4337.58
CUST_01116,Olivia,Martinez,olivia.martinez1116@example-domain.com,Dallas,Texas,75201,2023-01-08,Consumer,Olivia Martinez,Champions,455,14.0,27.0,11.0,3975.7200000000003,5367.22
CUST_01117,Lucas,Lopez,lucas.lopez1117@example-domain.com,Austin,Texas,78701,2024-02-26,Consumer,Lucas Lopez,Champions,553,13.0,15.0,10.0,2101.98,2837.67
CUST_01118,Lucas,Wilson,lucas.wilson1118@example-domain.com,Boston,Massachusetts,02108,2023-09-13,Corporate,Lucas Wilson,At Risk,235,10.0,124.0,6.0,3436.46,4639.22
CUST_01119,Chris,Gonzalez,chris.gonzalez1119@example-domain.com,Boston,Massachusetts,02108,2023-08-14,Consumer,Chris Gonzalez,Customers Needing Attention,211,4.0,164.0,2.0,489.46,660.77
CUST_01120,Cameron,Williams,cameron.williams1120@example-domain.com,Atlanta,Georgia,30301,2024-10-02,Consumer,Cameron Williams,At Risk,241,7.0,117.0,7.0,991.71,1338.81
CUST_01121,Riley,Taylor,riley.taylor1121@example-domain.com,Miami,Florida,33101,2023-10-19,Corporate,Riley Taylor,Lost Customers,112,4.0,356.0,4.0,1250.13,1687.68
CUST_01122,Lucas,Rodriguez,lucas.rodriguez1122@example-domain.com,Atlanta,Georgia,30301,2023-07-12,Small Business,Lucas Rodriguez,Potential Loyalists,523,10.0,3.0,5.0,1847.58,2494.23
CUST_01123,Taylor,Garcia,taylor.garcia1123@example-domain.com,Buffalo,New York,14201,2023-10-24,Corporate,Taylor Garcia,Champions,555,15.0,19.0,10.0,4506.93,6084.36
CUST_01124,Morgan,Anderson,morgan.anderson1124@example-domain.com,Denver,Colorado,80202,2023-10-06,Corporate,Morgan Anderson,Loyal Customers,344,11.0,45.0,7.0,2331.4,3147.39
CUST_01125,Jackson,Thomas,jackson.thomas1125@example-domain.com,Austin,Texas,78701,2023-11-25,Consumer,Jackson Thomas,Customers Needing Attention,214,7.0,107.0,4.0,2944.57,3975.17
CUST_01126,Alex,Jones,alex.jones1126@example-domain.com,San Francisco,California,94102,2024-07-01,Consumer,Alex Jones,Champions,555,15.0,18.0,9.0,3670.9,4955.72
CUST_01127,Alex,Garcia,alex.garcia1127@example-domain.com,New York City,New York,10001,2023-10-16,Consumer,Alex Garcia,Promising,325,10.0,52.0,5.0,4211.24,5685.17
CUST_01128,Cameron,Jones,cameron.jones1128@example-domain.com,Denver,Colorado,80202,2023-01-09,Consumer,Cameron Jones,Can't Lose Them,142,7.0,240.0,7.0,1358.04,1833.35
CUST_01129,Riley,Williams,riley.williams1129@example-domain.com,Buffalo,New York,14201,2023-01-16,Consumer,Riley Williams,At Risk,255,12.0,133.0,11.0,3354.02,4527.93
CUST_01130,Emma,Miller,emma.miller1130@example-domain.com,Chicago,Illinois,60601,2024-03-06,Consumer,Emma Miller,Loyal Customers,354,12.0,59.0,9.0,2426.52,3275.8
CUST_01131,Dakota,Thomas,dakota.thomas1131@example-domain.com,Seattle,Washington,98101,2024-04-19,Corporate,Dakota Thomas,Lost Customers,112,4.0,220.0,4.0,1166.14,1574.29
CUST_01132,Jordan,Hernandez,jordan.hernandez1132@example-domain.com,San Diego,California,92101,2023-05-30,Consumer,Jordan Hernandez,Lost Customers,111,3.0,257.0,4.0,967.04,1305.5
CUST_01133,Jordan,Rodriguez,jordan.rodriguez1133@example-domain.com,Boston,Massachusetts,02108,2023-03-15,Consumer,Jordan Rodriguez,Champions,545,14.0,12.0,7.0,3425.86,4624.91
CUST_01134,Lucas,Thomas,lucas.thomas1134@example-domain.com,Houston,Texas,77001,2023-07-16,Consumer,Lucas Thomas,At Risk,243,9.0,102.0,7.0,1736.05,2343.67
CUST_01135,Cameron,Gonzalez,cameron.gonzalez1135@example-domain.com,Los Angeles,California,90001,2023-05-05,Consumer,Cameron Gonzalez,Customers Needing Attention,222,6.0,98.0,5.0,1205.57,1627.52
CUST_01136,Riley,Gonzalez,riley.gonzalez1136@example-domain.com,Denver,Colorado,80202,2023-09-11,Consumer,Riley Gonzalez,At Risk,244,10.0,97.0,8.0,2413.58,3258.33
CUST_01137,Jordan,Miller,jordan.miller1137@example-domain.com,Denver,Colorado,80202,2023-04-07,Corporate,Jordan Miller,Promising,322,7.0,75.0,5.0,1506.24,2033.42
CUST_01138,Ava,Miller,ava.miller1138@example-domain.com,Philadelphia,Pennsylvania,19102,2024-02-03,Consumer,Ava Miller,Customers Needing Attention,211,4.0,207.0,4.0,626.85,846.25
CUST_01139,Dakota,Hernandez,dakota.hernandez1139@example-domain.com,Houston,Texas,77001,2024-10-06,Consumer,Dakota Hernandez,Loyal Customers,355,13.0,49.0,11.0,4577.54,6179.68
CUST_01140,Jordan,Moore,jordan.moore1140@example-domain.com,Raleigh,North Carolina,27601,2023-05-06,Consumer,Jordan Moore,Lost Customers,111,3.0,272.0,4.0,689.38,930.66
CUST_01141,Cameron,Thomas,cameron.thomas1141@example-domain.com,Orlando,Florida,32801,2023-07-23,Corporate,Cameron Thomas,Loyal Customers,332,8.0,86.0,6.0,1570.81,2120.59
CUST_01142,Sophia,Johnson,sophia.johnson1142@example-domain.com,Austin,Texas,78701,2023-04-26,Consumer,Sophia Johnson,Potential Loyalists,413,8.0,31.0,4.0,1816.38,2452.11
CUST_01143,Riley,Wilson,riley.wilson1143@example-domain.com,Chicago,Illinois,60601,2023-01-16,Consumer,Riley Wilson,Potential Loyalists,411,6.0,40.0,4.0,358.52,484.0
CUST_01144,Chris,Rodriguez,chris.rodriguez1144@example-domain.com,New York City,New York,10001,2024-02-10,Consumer,Chris Rodriguez,Customers Needing Attention,212,5.0,105.0,4.0,1134.0,1530.9
CUST_01145,Riley,Smith,riley.smith1145@example-domain.com,San Francisco,California,94102,2024-08-18,Consumer,Riley Smith,Promising,323,8.0,57.0,5.0,2019.61,2726.47
CUST_01146,Emma,Martin,emma.martin1146@example-domain.com,Buffalo,New York,14201,2024-01-16,Corporate,Emma Martin,At Risk,245,11.0,149.0,8.0,4445.67,6001.65
CUST_01147,Taylor,Davis,taylor.davis1147@example-domain.com,Houston,Texas,77001,2024-05-26,Corporate,Taylor Davis,Champions,455,14.0,42.0,9.0,3958.34,5343.76
CUST_01148,Taylor,Martin,taylor.martin1148@example-domain.com,Chicago,Illinois,60601,2024-10-02,Consumer,Taylor Martin,At Risk,233,8.0,93.0,6.0,1890.45,2552.11
CUST_01149,Jordan,Johnson,jordan.johnson1149@example-domain.com,Seattle,Washington,98101,2024-10-22,Corporate,Jordan Johnson,Hibernating,122,5.0,266.0,5.0,1427.06,1926.53
CUST_01150,Sam,Moore,sam.moore1150@example-domain.com,New York City,New York,10001,2023-05-09,Corporate,Sam Moore,At Risk,235,10.0,103.0,6.0,3155.48,4259.9
CUST_01151,Emma,Davis,emma.davis1151@example-domain.com,Chicago,Illinois,60601,2024-07-25,Corporate,Emma Davis,Loyal Customers,355,13.0,59.0,11.0,4145.73,5596.74
CUST_01152,Sophia,Anderson,sophia.anderson1152@example-domain.com,Austin,Texas,78701,2023-01-22,Corporate,Sophia Anderson,Promising,311,5.0,47.0,1.0,333.37,450.05
CUST_01153,Liam,Lopez,liam.lopez1153@example-domain.com,Buffalo,New York,14201,2023-09-14,Consumer,Liam Lopez,At Risk,245,11.0,132.0,8.0,3196.1499999999996,4314.8
CUST_01154,Jordan,Thomas,jordan.thomas1154@example-domain.com,Denver,Colorado,80202,2024-07-26,Consumer,Jordan Thomas,Champions,542,11.0,15.0,7.0,1444.19,1949.66
CUST_01155,Dakota,Moore,dakota.moore1155@example-domain.com,Philadelphia,Pennsylvania,19102,2023-07-14,Consumer,Dakota Moore,Hibernating,133,7.0,227.0,6.0,1782.25,2406.04
CUST_01156,Mia,Garcia,mia.garcia1156@example-domain.com,Columbus,Ohio,43215,2023-12-23,Corporate,Mia Garcia,Lost Customers,111,3.0,275.0,2.0,343.46000000000004,463.67
CUST_01157,Ethan,Anderson,ethan.anderson1157@example-domain.com,Miami,Florida,33101,2024-09-05,Consumer,Ethan Anderson,Champions,554,14.0,15.0,11.0,2423.79,3272.12
CUST_01158,Lucas,Garcia,lucas.garcia1158@example-domain.com,San Diego,California,92101,2024-06-27,Corporate,Lucas Garcia,Champions,442,10.0,24.0,7.0,1513.48,2043.2
CUST_01159,Sam,Anderson,sam.anderson1159@example-domain.com,Orlando,Florida,32801,2023-09-27,Corporate,Sam Anderson,Hibernating,122,5.0,215.0,5.0,1531.34,2067.31
CUST_01160,Lucas,Lopez,lucas.lopez1160@example-domain.com,Denver,Colorado,80202,2023-01-01,Consumer,Lucas Lopez,Lost Customers,111,3.0,523.0,2.0,73.0,98.55
CUST_01161,Ava,Gonzalez,ava.gonzalez1161@example-domain.com,Houston,Texas,77001,2023-01-20,Corporate,Ava Gonzalez,Loyal Customers,333,9.0,45.0,6.0,1869.57,2523.92
CUST_01162,Jackson,Lopez,jackson.lopez1162@example-domain.com,Dallas,Texas,75201,2023-11-25,Consumer,Jackson Lopez,Loyal Customers,533,11.0,18.0,6.0,1729.25,2334.49
CUST_01163,Taylor,Moore,taylor.moore1163@example-domain.com,Boston,Massachusetts,02108,2023-07-14,Consumer,Taylor Moore,Potential Loyalists,421,7.0,37.0,5.0,883.73,1193.04
CUST_01164,Ava,Thomas,ava.thomas1164@example-domain.com,Columbus,Ohio,43215,2023-06-07,Corporate,Ava Thomas,Customers Needing Attention,221,5.0,176.0,5.0,647.6899999999999,874.38
CUST_01165,Jackson,Martinez,jackson.martinez1165@example-domain.com,Chicago,Illinois,60601,2024-02-24,Consumer,Jackson Martinez,At Risk,242,8.0,93.0,7.0,1150.74,1553.5
CUST_01166,Ethan,Brown,ethan.brown1166@example-domain.com,New York City,New York,10001,2024-06-19,Corporate,Ethan Brown,Potential Loyalists,511,7.0,14.0,4.0,878.37,1185.8
CUST_01167,Taylor,Johnson,taylor.johnson1167@example-domain.com,Buffalo,New York,14201,2023-07-02,Corporate,Taylor Johnson,At Risk,255,12.0,122.0,12.0,4947.16,6678.67
CUST_01168,Jordan,Miller,jordan.miller1168@example-domain.com,New York City,New York,10001,2024-05-12,Consumer,Jordan Miller,Loyal Customers,353,11.0,63.0,10.0,2094.48,2827.55
CUST_01169,Pat,Brown,pat.brown1169@example-domain.com,San Francisco,California,94102,2024-08-07,Consumer,Pat Brown,Lost Customers,111,3.0,272.0,3.0,555.6,750.06
CUST_01170,Liam,Thomas,liam.thomas1170@example-domain.com,Raleigh,North Carolina,27601,2024-09-30,Consumer,Liam Thomas,Customers Needing Attention,211,4.0,126.0,4.0,772.01,1042.21
CUST_01171,Mia,Rodriguez,mia.rodriguez1171@example-domain.com,San Francisco,California,94102,2024-01-11,Consumer,Mia Rodriguez,Loyal Customers,434,11.0,27.0,6.0,2565.9,3463.96
CUST_01172,Riley,Martin,riley.martin1172@example-domain.com,San Diego,California,92101,2023-01-14,Small Business,Riley Martin,Lost Customers,111,3.0,626.0,3.0,928.64,1253.66
CUST_01173,Pat,Thomas,pat.thomas1173@example-domain.com,San Diego,California,92101,2024-04-24,Consumer,Pat Thomas,Lost Customers,111,3.0,499.0,3.0,507.21999999999997,684.75
CUST_01174,Jordan,Lopez,jordan.lopez1174@example-domain.com,Columbus,Ohio,43215,2024-03-01,Consumer,Jordan Lopez,At Risk,244,10.0,100.0,7.0,2863.63,3865.9
CUST_01175,Sophia,Johnson,sophia.johnson1175@example-domain.com,Miami,Florida,33101,2024-06-25,Consumer,Sophia Johnson,Champions,455,14.0,43.0,11.0,3882.0299999999997,5240.74
CUST_01176,Jordan,Williams,jordan.williams1176@example-domain.com,Orlando,Florida,32801,2023-03-21,Consumer,Jordan Williams,Champions,444,12.0,29.0,7.0,2650.11,3577.65
CUST_01177,Pat,Taylor,pat.taylor1177@example-domain.com,New York City,New York,10001,2023-04-14,Corporate,Pat Taylor,Potential Loyalists,423,9.0,23.0,5.0,2012.73,2717.19
CUST_01178,Riley,Moore,riley.moore1178@example-domain.com,Boston,Massachusetts,02108,2023-07-14,Consumer,Riley Moore,Lost Customers,112,4.0,294.0,3.0,1491.8200000000002,2013.96
CUST_01179,Pat,Taylor,pat.taylor1179@example-domain.com,Dallas,Texas,75201,2024-08-06,Corporate,Pat Taylor,Potential Loyalists,513,9.0,2.0,4.0,1912.97,2582.51
CUST_01180,Chris,Moore,chris.moore1180@example-domain.com,Columbus,Ohio,43215,2024-03-01,Consumer,Chris Moore,Promising,312,6.0,46.0,4.0,1089.74,1471.15
CUST_01181,Morgan,Jackson,morgan.jackson1181@example-domain.com,Seattle,Washington,98101,2024-11-21,Small Business,Morgan Jackson,Champions,444,12.0,21.0,7.0,2298.45,3102.91
CUST_01182,Noah,Wilson,noah.wilson1182@example-domain.com,New York City,New York,10001,2023-06-20,Consumer,Noah Wilson,Loyal Customers,535,13.0,15.0,6.0,3684.76,4974.43
CUST_01183,Chris,Moore,chris.moore1183@example-domain.com,Boston,Massachusetts,02108,2024-05-31,Consumer,Chris Moore,Champions,445,13.0,31.0,7.0,3234.08,4366.01
CUST_01184,Ethan,Garcia,ethan.garcia1184@example-domain.com,Columbus,Ohio,43215,2024-09-06,Small Business,Ethan Garcia,Potential Loyalists,421,7.0,42.0,5.0,795.1600000000001,1073.47
CUST_01185,Noah,Lopez,noah.lopez1185@example-domain.com,Chicago,Illinois,60601,2024-07-17,Consumer,Noah Lopez,Promising,323,8.0,45.0,5.0,2149.08,2901.26
CUST_01186,Ethan,Lopez,ethan.lopez1186@example-domain.com,Atlanta,Georgia,30301,2024-10-10,Small Business,Ethan Lopez,Customers Needing Attention,223,7.0,101.0,5.0,2165.34,2923.21
CUST_01187,Olivia,Hernandez,olivia.hernandez1187@example-domain.com,Dallas,Texas,75201,2024-07-30,Consumer,Olivia Hernandez,Lost Customers,112,4.0,216.0,3.0,1219.02,1645.68
CUST_01188,Lucas,Miller,lucas.miller1188@example-domain.com,Boston,Massachusetts,02108,2024-07-17,Consumer,Lucas Miller,Customers Needing Attention,222,6.0,186.0,5.0,1588.46,2144.42
CUST_01189,Cameron,Lopez,cameron.lopez1189@example-domain.com,Denver,Colorado,80202,2024-04-03,Consumer,Cameron Lopez,Hibernating,122,5.0,351.0,5.0,1360.04,1836.05
CUST_01190,Liam,Smith,liam.smith1190@example-domain.com,San Francisco,California,94102,2023-10-19,Corporate,Liam Smith,Can't Lose Them,144,9.0,295.0,8.0,2682.1800000000003,3620.94
CUST_01191,Jackson,Smith,jackson.smith1191@example-domain.com,Raleigh,North Carolina,27601,2023-05-19,Consumer,Jackson Smith,At Risk,243,9.0,95.0,7.0,1670.3000000000002,2254.91
CUST_01192,Dakota,Smith,dakota.smith1192@example-domain.com,Orlando,Florida,32801,2023-08-16,Consumer,Dakota Smith,Lost Customers,113,5.0,340.0,3.0,1765.8,2383.83
CUST_01193,Pat,Hernandez,pat.hernandez1193@example-domain.com,Los Angeles,California,90001,2024-12-07,Consumer,Pat Hernandez,Champions,552,12.0,10.0,10.0,1358.02,1833.33
CUST_01194,Cameron,Moore,cameron.moore1194@example-domain.com,Raleigh,North Carolina,27601,2024-07-23,Consumer,Cameron Moore,Lost Customers,111,3.0,526.0,2.0,294.92,398.14
CUST_01195,Mia,Jackson,mia.jackson1195@example-domain.com,Buffalo,New York,14201,2023-04-07,Consumer,Mia Jackson,Promising,321,6.0,74.0,5.0,736.14,993.79
CUST_01196,Jordan,Anderson,jordan.anderson1196@example-domain.com,Seattle,Washington,98101,2023-06-09,Corporate,Jordan Anderson,At Risk,244,10.0,112.0,8.0,2331.15,3147.05
CUST_01197,Sam,Rodriguez,sam.rodriguez1197@example-domain.com,Seattle,Washington,98101,2024-08-19,Small Business,Sam Rodriguez,Customers Needing Attention,222,6.0,184.0,5.0,1263.91,1706.28
CUST_01198,Riley,Davis,riley.davis1198@example-domain.com,Miami,Florida,33101,2023-11-04,Small Business,Riley Davis,Champions,543,12.0,9.0,7.0,1958.5700000000002,2644.07
CUST_01199,Taylor,Jackson,taylor.jackson1199@example-domain.com,Boston,Massachusetts,02108,2024-08-05,Corporate,Taylor Jackson,Hibernating,121,4.0,512.0,5.0,597.38,806.46
CUST_01200,Pat,Williams,pat.williams1200@example-domain.com,Chicago,Illinois,60601,2024-05-09,Consumer,Pat Williams,Lost Customers,114,6.0,331.0,4.0,3039.23,4102.96
CUST_01201,Chris,Thomas,chris.thomas1201@example-domain.com,New York City,New York,10001,2024-09-01,Corporate,Chris Thomas,Hibernating,133,7.0,220.0,6.0,1936.44,2614.19
CUST_01202,Dakota,Johnson,dakota.johnson1202@example-domain.com,Boston,Massachusetts,02108,2023-03-22,Consumer,Dakota Johnson,Champions,455,14.0,21.0,9.0,3303.53,4459.77
CUST_01203,Jordan,Hernandez,jordan.hernandez1203@example-domain.com,Seattle,Washington,98101,2024-03-20,Consumer,Jordan Hernandez,Customers Needing Attention,225,9.0,187.0,5.0,3917.29,5288.34
CUST_01204,Olivia,Brown,olivia.brown1204@example-domain.com,Dallas,Texas,75201,2024-10-30,Consumer,Olivia Brown,Champions,555,15.0,7.0,11.0,3945.71,5326.71
CUST_01205,Jackson,Smith,jackson.smith1205@example-domain.com,Boston,Massachusetts,02108,2023-02-25,Consumer,Jackson Smith,Customers Needing Attention,222,6.0,108.0,5.0,1565.23,2113.06
CUST_01206,Dakota,Taylor,dakota.taylor1206@example-domain.com,San Francisco,California,94102,2023-11-23,Corporate,Dakota Taylor,Champions,553,13.0,19.0,9.0,1689.25,2280.49
CUST_01207,Lucas,Jackson,lucas.jackson1207@example-domain.com,Buffalo,New York,14201,2023-12-01,Consumer,Lucas Jackson,At Risk,253,10.0,95.0,11.0,1813.6,2448.36
CUST_01208,Ava,Davis,ava.davis1208@example-domain.com,Buffalo,New York,14201,2023-02-21,Consumer,Ava Davis,Champions,542,11.0,8.0,8.0,1556.8300000000002,2101.72
CUST_01209,Liam,Anderson,liam.anderson1209@example-domain.com,Raleigh,North Carolina,27601,2023-04-03,Consumer,Liam Anderson,Champions,545,14.0,9.0,7.0,3134.32,4231.33
CUST_01210,Riley,Wilson,riley.wilson1210@example-domain.com,Orlando,Florida,32801,2024-02-08,Small Business,Riley Wilson,Customers Needing Attention,211,4.0,171.0,4.0,604.52,816.1
CUST_01211,Sam,Jones,sam.jones1211@example-domain.com,Chicago,Illinois,60601,2023-03-26,Consumer,Sam Jones,Loyal Customers,341,8.0,55.0,7.0,713.55,963.29
CUST_01212,Emma,Jackson,emma.jackson1212@example-domain.com,San Francisco,California,94102,2024-07-15,Consumer,Emma Jackson,Champions,443,11.0,36.0,8.0,1789.47,2415.78
CUST_01213,Liam,Rodriguez,liam.rodriguez1213@example-domain.com,San Diego,California,92101,2024-02-13,Consumer,Liam Rodriguez,Lost Customers,111,3.0,389.0,3.0,645.36,871.24
CUST_01214,Ava,Wilson,ava.wilson1214@example-domain.com,Buffalo,New York,14201,2023-05-19,Corporate,Ava Wilson,Champions,544,13.0,7.0,8.0,3022.87,4080.87
CUST_01215,Emma,Moore,emma.moore1215@example-domain.com,Austin,Texas,78701,2024-05-14,Consumer,Emma Moore,Loyal Customers,431,8.0,35.0,6.0,960.36,1296.49
CUST_01216,Liam,Jackson,liam.jackson1216@example-domain.com,Austin,Texas,78701,2024-07-28,Consumer,Liam Jackson,Champions,445,13.0,43.0,7.0,3342.08,4511.81
CUST_01217,Jackson,Taylor,jackson.taylor1217@example-domain.com,Dallas,Texas,75201,2023-09-06,Consumer,Jackson Taylor,Hibernating,121,4.0,301.0,5.0,631.95,853.13
CUST_01218,Taylor,Rodriguez,taylor.rodriguez1218@example-domain.com,Atlanta,Georgia,30301,2023-11-28,Consumer,Taylor Rodriguez,Loyal Customers,435,12.0,37.0,6.0,3908.18,5276.04
CUST_01219,Mia,Williams,mia.williams1219@example-domain.com,New York City,New York,10001,2024-11-18,Consumer,Mia Williams,Promising,311,5.0,54.0,3.0,680.22,918.3
CUST_01220,Olivia,Wilson,olivia.wilson1220@example-domain.com,Seattle,Washington,98101,2023-12-23,Consumer,Olivia Wilson,Loyal Customers,333,9.0,53.0,6.0,2134.63,2881.75
CUST_01221,Pat,Hernandez,pat.hernandez1221@example-domain.com,Seattle,Washington,98101,2024-08-31,Small Business,Pat Hernandez,Loyal Customers,334,10.0,48.0,6.0,2934.96,3962.2
CUST_01222,Alex,Martinez,alex.martinez1222@example-domain.com,Houston,Texas,77001,2023-12-25,Consumer,Alex Martinez,Loyal Customers,344,11.0,46.0,8.0,3066.2,4139.37
CUST_01223,Jackson,Anderson,jackson.anderson1223@example-domain.com,Buffalo,New York,14201,2024-03-27,Consumer,Jackson Anderson,Champions,544,13.0,2.0,8.0,2471.59,3336.65
CUST_01224,Jordan,Davis,jordan.davis1224@example-domain.com,Austin,Texas,78701,2024-12-02,Small Business,Jordan Davis,Lost Customers,112,4.0,393.0,3.0,1355.57,1830.02
CUST_01225,Sophia,Jones,sophia.jones1225@example-domain.com,San Diego,California,92101,2023-04-26,Consumer,Sophia Jones,Loyal Customers,534,12.0,6.0,6.0,2535.29,3422.64
CUST_01226,Jordan,Davis,jordan.davis1226@example-domain.com,Buffalo,New York,14201,2023-10-22,Consumer,Jordan Davis,Loyal Customers,352,10.0,56.0,9.0,1593.98,2151.87
CUST_01227,Alex,Hernandez,alex.hernandez1227@example-domain.com,New York City,New York,10001,2023-11-09,Consumer,Alex Hernandez,Customers Needing Attention,221,5.0,134.0,5.0,974.5,1315.58
CUST_01228,Noah,Thomas,noah.thomas1228@example-domain.com,Los Angeles,California,90001,2023-12-06,Consumer,Noah Thomas,Champions,555,15.0,19.0,9.0,3661.48,4943.0
CUST_01229,Pat,Moore,pat.moore1229@example-domain.com,Austin,Texas,78701,2023-07-28,Small Business,Pat Moore,Potential Loyalists,412,7.0,26.0,4.0,1127.6,1522.26
CUST_01230,Lucas,Taylor,lucas.taylor1230@example-domain.com,Miami,Florida,33101,2024-07-15,Consumer,Lucas Taylor,Lost Customers,111,3.0,299.0,3.0,826.1,1115.24
CUST_01231,Emma,Martin,emma.martin1231@example-domain.com,Buffalo,New York,14201,2024-12-12,Corporate,Emma Martin,Champions,454,13.0,41.0,10.0,2911.6099999999997,3930.67
CUST_01232,Alex,Gonzalez,alex.gonzalez1232@example-domain.com,Raleigh,North Carolina,27601,2023-02-14,Consumer,Alex Gonzalez,Champions,542,11.0,1.0,7.0,1217.1299999999999,1643.13
CUST_01233,Cameron,Garcia,cameron.garcia1233@example-domain.com,San Francisco,California,94102,2023-10-18,Consumer,Cameron Garcia,Potential Loyalists,523,10.0,2.0,5.0,1940.32,2619.43
CUST_01234,Pat,Martin,pat.martin1234@example-domain.com,Miami,Florida,33101,2023-02-24,Consumer,Pat Martin,Can't Lose Them,145,10.0,454.0,7.0,3240.17,4374.23
CUST_01235,Noah,Smith,noah.smith1235@example-domain.com,San Diego,California,92101,2024-02-02,Consumer,Noah Smith,Can't Lose Them,143,8.0,234.0,8.0,1805.68,2437.67
CUST_01236,Cameron,Lopez,cameron.lopez1236@example-domain.com,New York City,New York,10001,2023-01-20,Consumer,Cameron Lopez,Lost Customers,111,3.0,412.0,4.0,846.6199999999999,1142.94
CUST_01237,Dakota,Gonzalez,dakota.gonzalez1237@example-domain.com,Dallas,Texas,75201,2024-01-25,Corporate,Dakota Gonzalez,Champions,555,15.0,20.0,9.0,4025.6,5434.56
CUST_01238,Ava,Brown,ava.brown1238@example-domain.com,Chicago,Illinois,60601,2024-05-11,Consumer,Ava Brown,Customers Needing Attention,211,4.0,213.0,3.0,930.0,1255.5
CUST_01239,Jackson,Moore,jackson.moore1239@example-domain.com,San Diego,California,92101,2023-07-10,Small Business,Jackson Moore,Champions,555,15.0,7.0,9.0,4328.22,5843.1
CUST_01240,Pat,Taylor,pat.taylor1240@example-domain.com,Denver,Colorado,80202,2024-07-28,Consumer,Pat Taylor,Loyal Customers,433,10.0,38.0,6.0,2083.52,2812.75
CUST_01241,Alex,Johnson,alex.johnson1241@example-domain.com,Dallas,Texas,75201,2024-06-26,Corporate,Alex Johnson,Hibernating,121,4.0,251.0,5.0,883.94,1193.32
CUST_01242,Dakota,Hernandez,dakota.hernandez1242@example-domain.com,Philadelphia,Pennsylvania,19102,2024-02-07,Corporate,Dakota Hernandez,Loyal Customers,355,13.0,80.0,9.0,3714.38,5014.41
CUST_01243,Chris,Smith,chris.smith1243@example-domain.com,Seattle,Washington,98101,2024-12-01,Corporate,Chris Smith,At Risk,244,10.0,170.0,8.0,2325.82,3139.86
CUST_01244,Sophia,Lopez,sophia.lopez1244@example-domain.com,Orlando,Florida,32801,2023-08-30,Corporate,Sophia Lopez,Promising,322,7.0,55.0,5.0,1514.87,2045.07
CUST_01245,Ava,Rodriguez,ava.rodriguez1245@example-domain.com,San Francisco,California,94102,2024-10-02,Corporate,Ava Rodriguez,Promising,321,6.0,74.0,5.0,400.81,541.09
CUST_01246,Cameron,Gonzalez,cameron.gonzalez1246@example-domain.com,Los Angeles,California,90001,2024-07-22,Consumer,Cameron Gonzalez,Potential Loyalists,422,8.0,39.0,5.0,1220.13,1647.18
CUST_01247,Cameron,Davis,cameron.davis1247@example-domain.com,Buffalo,New York,14201,2023-12-16,Consumer,Cameron Davis,Can't Lose Them,143,8.0,278.0,7.0,2167.79,2926.52
CUST_01248,Liam,Jones,liam.jones1248@example-domain.com,San Diego,California,92101,2024-01-27,Consumer,Liam Jones,Hibernating,123,6.0,455.0,5.0,2103.17,2839.28
CUST_01249,Ava,Martin,ava.martin1249@example-domain.com,Dallas,Texas,75201,2024-03-03,Small Business,Ava Martin,Champions,445,13.0,36.0,7.0,5404.900000000001,7296.62
CUST_01250,Riley,Jackson,riley.jackson1250@example-domain.com,Buffalo,New York,14201,2024-03-12,Consumer,Riley Jackson,Champions,545,14.0,13.0,7.0,3223.49,4351.71
CUST_01251,Dakota,Martin,dakota.martin1251@example-domain.com,Chicago,Illinois,60601,2024-04-04,Corporate,Dakota Martin,Champions,443,11.0,22.0,7.0,2043.41,2758.6
CUST_01252,Lucas,Jones,lucas.jones1252@example-domain.com,Austin,Texas,78701,2024-10-30,Consumer,Lucas Jones,Champions,553,13.0,11.0,9.0,2170.31,2929.92
CUST_01253,Sam,Jackson,sam.jackson1253@example-domain.com,Columbus,Ohio,43215,2024-12-01,Consumer,Sam Jackson,Loyal Customers,353,11.0,46.0,12.0,1895.94,2559.52
CUST_01254,Pat,Jones,pat.jones1254@example-domain.com,Orlando,Florida,32801,2024-12-06,Consumer,Pat Jones,Champions,445,13.0,36.0,8.0,4950.11,6682.65
CUST_01255,Ava,Jones,ava.jones1255@example-domain.com,Atlanta,Georgia,30301,2023-05-29,Consumer,Ava Jones,Promising,311,5.0,81.0,4.0,889.01,1200.16
CUST_01256,Mia,Garcia,mia.garcia1256@example-domain.com,Chicago,Illinois,60601,2023-03-11,Consumer,Mia Garcia,Champions,554,14.0,16.0,9.0,2583.24,3487.37
CUST_01257,Lucas,Moore,lucas.moore1257@example-domain.com,New York City,New York,10001,2023-07-08,Consumer,Lucas Moore,Potential Loyalists,412,7.0,37.0,4.0,1046.24,1412.42
CUST_01258,Ethan,Jones,ethan.jones1258@example-domain.com,Los Angeles,California,90001,2023-11-23,Consumer,Ethan Jones,Can't Lose Them,144,9.0,229.0,7.0,2631.01,3551.86
CUST_01259,Olivia,Wilson,olivia.wilson1259@example-domain.com,Orlando,Florida,32801,2024-03-29,Consumer,Olivia Wilson,Customers Needing Attention,222,6.0,100.0,5.0,1220.79,1648.07
CUST_01260,Cameron,Jones,cameron.jones1260@example-domain.com,Austin,Texas,78701,2023-04-20,Consumer,Cameron Jones,Lost Customers,111,3.0,225.0,2.0,573.65,774.43
CUST_01261,Sam,Garcia,sam.garcia1261@example-domain.com,Los Angeles,California,90001,2024-09-18,Consumer,Sam Garcia,Lost Customers,112,4.0,323.0,4.0,1098.98,1483.62
CUST_01262,Jackson,Rodriguez,jackson.rodriguez1262@example-domain.com,Dallas,Texas,75201,2024-09-02,Corporate,Jackson Rodriguez,Customers Needing Attention,223,7.0,169.0,5.0,1963.34,2650.51
CUST_01263,Riley,Davis,riley.davis1263@example-domain.com,Los Angeles,California,90001,2024-01-03,Consumer,Riley Davis,Champions,555,15.0,6.0,12.0,4076.54,5503.33
CUST_01264,Taylor,Thomas,taylor.thomas1264@example-domain.com,Buffalo,New York,14201,2024-05-29,Consumer,Taylor Thomas,At Risk,245,11.0,200.0,8.0,3677.89,4965.15
CUST_01265,Jackson,Thomas,jackson.thomas1265@example-domain.com,Seattle,Washington,98101,2023-07-08,Consumer,Jackson Thomas,Customers Needing Attention,211,4.0,112.0,4.0,562.45,759.31
CUST_01266,Liam,Thomas,liam.thomas1266@example-domain.com,Philadelphia,Pennsylvania,19102,2023-05-21,Consumer,Liam Thomas,Customers Needing Attention,211,4.0,191.0,2.0,727.26,981.8
CUST_01267,Chris,Miller,chris.miller1267@example-domain.com,Dallas,Texas,75201,2023-02-03,Consumer,Chris Miller,Customers Needing Attention,211,4.0,172.0,4.0,629.09,849.27
CUST_01268,Olivia,Smith,olivia.smith1268@example-domain.com,Miami,Florida,33101,2024-02-27,Consumer,Olivia Smith,Loyal Customers,344,11.0,58.0,7.0,3048.3199999999997,4115.23
CUST_01269,Riley,Miller,riley.miller1269@example-domain.com,Austin,Texas,78701,2023-03-09,Consumer,Riley Miller,Hibernating,121,4.0,218.0,5.0,893.5,1206.23
CUST_01270,Chris,Anderson,chris.anderson1270@example-domain.com,Philadelphia,Pennsylvania,19102,2024-12-05,Consumer,Chris Anderson,Potential Loyalists,411,6.0,38.0,4.0,776.54,1048.33
CUST_01271,Ethan,Anderson,ethan.anderson1271@example-domain.com,Dallas,Texas,75201,2024-03-13,Consumer,Ethan Anderson,Lost Customers,111,3.0,472.0,3.0,147.76,199.48
CUST_01272,Liam,Johnson,liam.johnson1272@example-domain.com,Boston,Massachusetts,02108,2023-11-17,Corporate,Liam Johnson,Lost Customers,111,3.0,560.0,3.0,723.37,976.55
CUST_01273,Liam,Martin,liam.martin1273@example-domain.com,Columbus,Ohio,43215,2024-06-21,Corporate,Liam Martin,Customers Needing Attention,211,4.0,128.0,4.0,673.72,909.52
CUST_01274,Jordan,Taylor,jordan.taylor1274@example-domain.com,New York City,New York,10001,2024-04-07,Consumer,Jordan Taylor,Loyal Customers,345,12.0,67.0,8.0,4375.15,5906.45
CUST_01275,Noah,Johnson,noah.johnson1275@example-domain.com,Dallas,Texas,75201,2024-06-15,Consumer,Noah Johnson,At Risk,232,7.0,125.0,6.0,1074.44,1450.49
CUST_01276,Lucas,Gonzalez,lucas.gonzalez1276@example-domain.com,San Francisco,California,94102,2024-07-25,Consumer,Lucas Gonzalez,Customers Needing Attention,211,4.0,171.0,3.0,245.39,331.28
CUST_01277,Liam,Taylor,liam.taylor1277@example-domain.com,San Francisco,California,94102,2023-07-14,Consumer,Liam Taylor,Promising,324,9.0,92.0,5.0,2524.65,3408.28
CUST_01278,Dakota,Anderson,dakota.anderson1278@example-domain.com,Boston,Massachusetts,02108,2023-11-08,Small Business,Dakota Anderson,Lost Customers,112,4.0,340.0,2.0,1143.1399999999999,1543.24
CUST_01279,Dakota,Anderson,dakota.anderson1279@example-domain.com,Houston,Texas,77001,2024-03-08,Consumer,Dakota Anderson,Champions,444,12.0,38.0,8.0,2851.66,3849.74
CUST_01280,Dakota,Martin,dakota.martin1280@example-domain.com,San Francisco,California,94102,2024-12-07,Consumer,Dakota Martin,Hibernating,124,7.0,345.0,5.0,2945.08,3975.86
CUST_01281,Ava,Jones,ava.jones1281@example-domain.com,Denver,Colorado,80202,2024-10-23,Consumer,Ava Jones,Loyal Customers,432,9.0,23.0,6.0,1433.18,1934.79
CUST_01282,Noah,Williams,noah.williams1282@example-domain.com,Raleigh,North Carolina,27601,2023-04-26,Corporate,Noah Williams,Lost Customers,114,6.0,273.0,4.0,2582.91,3486.93
CUST_01283,Chris,Jackson,chris.jackson1283@example-domain.com,Columbus,Ohio,43215,2023-05-19,Consumer,Chris Jackson,Loyal Customers,355,13.0,60.0,10.0,4444.75,6000.41
CUST_01284,Liam,Wilson,liam.wilson1284@example-domain.com,Chicago,Illinois,60601,2024-04-06,Consumer,Liam Wilson,At Risk,232,7.0,99.0,6.0,1465.12,1977.91
CUST_01285,Alex,Garcia,alex.garcia1285@example-domain.com,Denver,Colorado,80202,2024-08-27,Consumer,Alex Garcia,Loyal Customers,342,9.0,65.0,8.0,1148.43,1550.38
CUST_01286,Pat,Anderson,pat.anderson1286@example-domain.com,San Diego,California,92101,2023-09-14,Consumer,Pat Anderson,Lost Customers,113,5.0,400.0,4.0,1704.16,2300.62
CUST_01287,Ethan,Garcia,ethan.garcia1287@example-domain.com,New York City,New York,10001,2023-04-04,Consumer,Ethan Garcia,Lost Customers,113,5.0,1001.0,2.0,2193.47,2961.18
CUST_01288,Morgan,Anderson,morgan.anderson1288@example-domain.com,Seattle,Washington,98101,2023-03-29,Consumer,Morgan Anderson,Champions,543,12.0,12.0,7.0,1683.01,2272.06
CUST_01289,Ava,Gonzalez,ava.gonzalez1289@example-domain.com,Raleigh,North Carolina,27601,2024-09-18,Consumer,Ava Gonzalez,Champions,543,12.0,14.0,8.0,1800.01,2430.01
CUST_01290,Chris,Gonzalez,chris.gonzalez1290@example-domain.com,Columbus,Ohio,43215,2024-01-25,Consumer,Chris Gonzalez,At Risk,242,8.0,147.0,7.0,1188.7,1604.74
CUST_01291,Jordan,Garcia,jordan.garcia1291@example-domain.com,Chicago,Illinois,60601,2024-08-02,Consumer,Jordan Garcia,Potential Loyalists,513,9.0,6.0,4.0,1746.51,2357.79
CUST_01292,Sam,Garcia,sam.garcia1292@example-domain.com,Buffalo,New York,14201,2023-07-03,Consumer,Sam Garcia,Champions,455,14.0,23.0,9.0,3580.03,4833.04
CUST_01293,Jordan,Wilson,jordan.wilson1293@example-domain.com,Orlando,Florida,32801,2023-11-13,Consumer,Jordan Wilson,Potential Loyalists,424,10.0,28.0,5.0,2530.34,3415.96
CUST_01294,Noah,Martinez,noah.martinez1294@example-domain.com,Houston,Texas,77001,2023-05-01,Consumer,Noah Martinez,At Risk,232,7.0,123.0,6.0,1354.1699999999998,1828.13
CUST_01295,Sam,Miller,sam.miller1295@example-domain.com,Los Angeles,California,90001,2024-09-29,Corporate,Sam Miller,At Risk,244,10.0,141.0,7.0,2559.23,3454.96
CUST_01296,Cameron,Smith,cameron.smith1296@example-domain.com,Denver,Colorado,80202,2024-05-24,Consumer,Cameron Smith,Loyal Customers,331,7.0,60.0,6.0,664.95,897.68
CUST_01297,Emma,Moore,emma.moore1297@example-domain.com,Los Angeles,California,90001,2024-09-14,Consumer,Emma Moore,Promising,321,6.0,60.0,5.0,611.53,825.57
CUST_01298,Emma,Davis,emma.davis1298@example-domain.com,Austin,Texas,78701,2024-08-25,Consumer,Emma Davis,Promising,322,7.0,58.0,5.0,1584.3899999999999,2138.93
CUST_01299,Emma,Anderson,emma.anderson1299@example-domain.com,Atlanta,Georgia,30301,2024-03-28,Consumer,Emma Anderson,Champions,555,15.0,5.0,11.0,3339.2,4507.92
CUST_01300,Taylor,Martin,taylor.martin1300@example-domain.com,Los Angeles,California,90001,2023-09-08,Corporate,Taylor Martin,Loyal Customers,355,13.0,53.0,10.0,4480.53,6048.72
CUST_01301,Lucas,Rodriguez,lucas.rodriguez1301@example-domain.com,Columbus,Ohio,43215,2023-08-01,Consumer,Lucas Rodriguez,Loyal Customers,532,10.0,9.0,6.0,1334.46,1801.52
CUST_01302,Jordan,Garcia,jordan.garcia1302@example-domain.com,Buffalo,New York,14201,2023-02-26,Small Business,Jordan Garcia,Lost Customers,111,3.0,243.0,1.0,290.28,391.88
CUST_01303,Sophia,Johnson,sophia.johnson1303@example-domain.com,Buffalo,New York,14201,2023-02-03,Consumer,Sophia Johnson,Customers Needing Attention,211,4.0,213.0,3.0,981.14,1324.54
CUST_01304,Mia,Martin,mia.martin1304@example-domain.com,Orlando,Florida,32801,2023-12-06,Consumer,Mia Martin,At Risk,234,9.0,173.0,6.0,2496.05,3369.67
CUST_01305,Taylor,Johnson,taylor.johnson1305@example-domain.com,New York City,New York,10001,2024-03-02,Corporate,Taylor Johnson,Lost Customers,111,3.0,248.0,4.0,994.07,1341.99
CUST_01306,Chris,Garcia,chris.garcia1306@example-domain.com,Orlando,Florida,32801,2024-09-17,Corporate,Chris Garcia,Loyal Customers,533,11.0,17.0,6.0,1796.91,2425.83
CUST_01307,Jackson,Jackson,jackson.jackson1307@example-domain.com,Columbus,Ohio,43215,2023-07-01,Corporate,Jackson Jackson,Potential Loyalists,423,9.0,41.0,5.0,1799.42,2429.22
CUST_01308,Noah,Jackson,noah.jackson1308@example-domain.com,Seattle,Washington,98101,2023-02-06,Corporate,Noah Jackson,At Risk,244,10.0,139.0,7.0,2298.5299999999997,3103.02
CUST_01309,Taylor,Martinez,taylor.martinez1309@example-domain.com,Chicago,Illinois,60601,2024-01-13,Consumer,Taylor Martinez,Can't Lose Them,145,10.0,398.0,8.0,3368.64,4547.66
CUST_01310,Liam,Williams,liam.williams1310@example-domain.com,Atlanta,Georgia,30301,2024-07-17,Corporate,Liam Williams,At Risk,253,10.0,169.0,9.0,1920.02,2592.03
CUST_01311,Taylor,Martinez,taylor.martinez1311@example-domain.com,Philadelphia,Pennsylvania,19102,2023-05-18,Consumer,Taylor Martinez,Loyal Customers,354,12.0,87.0,9.0,2968.41,4007.35
CUST_01312,Morgan,Rodriguez,morgan.rodriguez1312@example-domain.com,Chicago,Illinois,60601,2024-06-23,Corporate,Morgan Rodriguez,Champions,544,13.0,3.0,8.0,2908.55,3926.54
CUST_01313,Olivia,Taylor,olivia.taylor1313@example-domain.com,Austin,Texas,78701,2024-12-13,Consumer,Olivia Taylor,At Risk,254,11.0,131.0,14.0,3069.49,4143.81
CUST_01314,Pat,Martin,pat.martin1314@example-domain.com,San Francisco,California,94102,2023-04-22,Corporate,Pat Martin,Champions,544,13.0,18.0,7.0,2627.82,3547.56
CUST_01315,Mia,Taylor,mia.taylor1315@example-domain.com,San Diego,California,92101,2024-05-10,Consumer,Mia Taylor,Loyal Customers,345,12.0,69.0,8.0,3666.65,4949.98
CUST_01316,Jackson,Martinez,jackson.martinez1316@example-domain.com,Atlanta,Georgia,30301,2024-09-15,Consumer,Jackson Martinez,Hibernating,122,5.0,337.0,5.0,1026.7,1386.04
CUST_01317,Ethan,Rodriguez,ethan.rodriguez1317@example-domain.com,Raleigh,North Carolina,27601,2024-08-11,Consumer,Ethan Rodriguez,Promising,312,6.0,84.0,4.0,1373.65,1854.43
CUST_01318,Jackson,Lopez,jackson.lopez1318@example-domain.com,Buffalo,New York,14201,2024-09-21,Corporate,Jackson Lopez,Loyal Customers,533,11.0,1.0,6.0,1620.27,2187.36
CUST_01319,Mia,Thomas,mia.thomas1319@example-domain.com,Raleigh,North Carolina,27601,2024-10-09,Consumer,Mia Thomas,Potential Loyalists,411,6.0,23.0,4.0,303.97,410.36
CUST_01320,Emma,Thomas,emma.thomas1320@example-domain.com,Houston,Texas,77001,2024-09-16,Consumer,Emma Thomas,Champions,555,15.0,7.0,11.0,3286.14,4436.29
CUST_01321,Riley,Martinez,riley.martinez1321@example-domain.com,Austin,Texas,78701,2023-01-02,Consumer,Riley Martinez,Lost Customers,111,3.0,403.0,2.0,124.08,167.51
CUST_01322,Morgan,Smith,morgan.smith1322@example-domain.com,Denver,Colorado,80202,2024-10-02,Consumer,Morgan Smith,Loyal Customers,332,8.0,91.0,6.0,1308.8600000000001,1766.96
CUST_01323,Morgan,Miller,morgan.miller1323@example-domain.com,Atlanta,Georgia,30301,2024-02-28,Corporate,Morgan Miller,Customers Needing Attention,211,4.0,190.0,4.0,677.54,914.68
CUST_01324,Jordan,Hernandez,jordan.hernandez1324@example-domain.com,Seattle,Washington,98101,2024-07-27,Consumer,Jordan Hernandez,Promising,321,6.0,86.0,5.0,812.45,1096.81
CUST_01325,Pat,Smith,pat.smith1325@example-domain.com,Austin,Texas,78701,2024-12-07,Small Business,Pat Smith,Loyal Customers,332,8.0,44.0,6.0,1356.5,1831.28
CUST_01326,Dakota,Rodriguez,dakota.rodriguez1326@example-domain.com,San Diego,California,92101,2023-11-12,Consumer,Dakota Rodriguez,Lost Customers,111,3.0,460.0,2.0,334.21000000000004,451.18
CUST_01327,Dakota,Taylor,dakota.taylor1327@example-domain.com,Columbus,Ohio,43215,2023-11-28,Consumer,Dakota Taylor,Promising,322,7.0,71.0,5.0,1292.57,1744.97
CUST_01328,Alex,Brown,alex.brown1328@example-domain.com,Chicago,Illinois,60601,2023-12-16,Corporate,Alex Brown,Customers Needing Attention,212,5.0,101.0,4.0,1330.6200000000001,1796.34
CUST_01329,Liam,Jackson,liam.jackson1329@example-domain.com,Los Angeles,California,90001,2023-06-29,Consumer,Liam Jackson,Customers Needing Attention,211,4.0,189.0,4.0,817.3,1103.36
CUST_01330,Pat,Hernandez,pat.hernandez1330@example-domain.com,Chicago,Illinois,60601,2024-11-19,Consumer,Pat Hernandez,Champions,444,12.0,32.0,7.0,2719.31,3671.07
CUST_01331,Emma,Thomas,emma.thomas1331@example-domain.com,San Francisco,California,94102,2024-10-23,Consumer,Emma Thomas,Lost Customers,111,3.0,434.0,1.0,176.68,238.52
CUST_01332,Sam,Thomas,sam.thomas1332@example-domain.com,Buffalo,New York,14201,2024-10-04,Corporate,Sam Thomas,Potential Loyalists,514,10.0,5.0,3.0,2301.86,3107.51
CUST_01333,Noah,Moore,noah.moore1333@example-domain.com,Chicago,Illinois,60601,2024-04-18,Consumer,Noah Moore,Potential Loyalists,512,8.0,7.0,4.0,1500.69,2025.93
CUST_01334,Olivia,Johnson,olivia.johnson1334@example-domain.com,Raleigh,North Carolina,27601,2023-11-03,Small Business,Olivia Johnson,Champions,555,15.0,5.0,10.0,4711.24,6360.17
CUST_01335,Mia,Hernandez,mia.hernandez1335@example-domain.com,Columbus,Ohio,43215,2024-07-02,Small Business,Mia Hernandez,Champions,445,13.0,27.0,8.0,3114.16,4204.12
CUST_01336,Alex,Miller,alex.miller1336@example-domain.com,Chicago,Illinois,60601,2023-12-29,Consumer,Alex Miller,Champions,554,14.0,9.0,9.0,2692.52,3634.9
CUST_01337,Taylor,Jones,taylor.jones1337@example-domain.com,Miami,Florida,33101,2023-02-01,Consumer,Taylor Jones,Champions,455,14.0,22.0,10.0,3165.34,4273.21
CUST_01338,Ethan,Gonzalez,ethan.gonzalez1338@example-domain.com,Columbus,Ohio,43215,2023-06-19,Consumer,Ethan Gonzalez,At Risk,252,9.0,97.0,9.0,1605.8700000000001,2167.92
CUST_01339,Mia,Martin,mia.martin1339@example-domain.com,Boston,Massachusetts,02108,2023-07-11,Consumer,Mia Martin,Potential Loyalists,513,9.0,10.0,4.0,2202.41,2973.25
CUST_01340,Jackson,Brown,jackson.brown1340@example-domain.com,Orlando,Florida,32801,2024-12-23,Consumer,Jackson Brown,Can't Lose Them,145,10.0,221.0,7.0,4643.34,6268.51
CUST_01341,Ethan,Johnson,ethan.johnson1341@example-domain.com,Miami,Florida,33101,2024-02-28,Consumer,Ethan Johnson,At Risk,243,9.0,137.0,7.0,1788.35,2414.27
CUST_01342,Taylor,Thomas,taylor.thomas1342@example-domain.com,Dallas,Texas,75201,2024-01-16,Consumer,Taylor Thomas,Promising,323,8.0,84.0,5.0,1631.59,2202.65
CUST_01343,Noah,Martinez,noah.martinez1343@example-domain.com,Austin,Texas,78701,2024-06-21,Corporate,Noah Martinez,Champions,555,15.0,11.0,17.0,4349.35,5871.62
CUST_01344,Dakota,Garcia,dakota.garcia1344@example-domain.com,New York City,New York,10001,2024-01-19,Corporate,Dakota Garcia,Customers Needing Attention,222,6.0,120.0,5.0,1229.48,1659.8
CUST_01345,Jordan,Miller,jordan.miller1345@example-domain.com,San Diego,California,92101,2024-03-30,Corporate,Jordan Miller,Champions,442,10.0,24.0,7.0,1167.3799999999999,1575.96
CUST_01346,Ava,Smith,ava.smith1346@example-domain.com,Philadelphia,Pennsylvania,19102,2024-05-27,Consumer,Ava Smith,Champions,442,10.0,36.0,7.0,1520.3,2052.41
CUST_01347,Sam,Miller,sam.miller1347@example-domain.com,Chicago,Illinois,60601,2024-05-10,Consumer,Sam Miller,At Risk,234,9.0,109.0,6.0,2525.2599999999998,3409.1
CUST_01348,Ava,Martinez,ava.martinez1348@example-domain.com,Chicago,Illinois,60601,2023-05-27,Consumer,Ava Martinez,Customers Needing Attention,212,5.0,146.0,4.0,1150.94,1553.77
CUST_01349,Morgan,Taylor,morgan.taylor1349@example-domain.com,Buffalo,New York,14201,2023-07-30,Small Business,Morgan Taylor,Promising,311,5.0,71.0,2.0,374.24,505.22
CUST_01350,Jordan,Anderson,jordan.anderson1350@example-domain.com,Boston,Massachusetts,02108,2024-12-31,Consumer,Jordan Anderson,Champions,455,14.0,24.0,14.0,5400.17,7290.23
CUST_01351,Ava,Brown,ava.brown1351@example-domain.com,Los Angeles,California,90001,2023-11-15,Corporate,Ava Brown,Loyal Customers,342,9.0,52.0,7.0,1187.58,1603.23
CUST_01352,Jordan,Martin,jordan.martin1352@example-domain.com,San Diego,California,92101,2023-12-08,Consumer,Jordan Martin,Champions,543,12.0,8.0,7.0,2115.54,2855.98
CUST_01353,Noah,Johnson,noah.johnson1353@example-domain.com,New York City,New York,10001,2024-06-17,Consumer,Noah Johnson,Can't Lose Them,144,9.0,272.0,7.0,2666.64,3599.96
CUST_01354,Dakota,Smith,dakota.smith1354@example-domain.com,Orlando,Florida,32801,2024-10-16,Corporate,Dakota Smith,Customers Needing Attention,223,7.0,125.0,5.0,2125.3900000000003,2869.28
CUST_01355,Pat,Hernandez,pat.hernandez1355@example-domain.com,Austin,Texas,78701,2023-07-17,Consumer,Pat Hernandez,Potential Loyalists,512,8.0,8.0,4.0,1124.39,1517.93
CUST_01356,Dakota,Rodriguez,dakota.rodriguez1356@example-domain.com,Columbus,Ohio,43215,2023-11-23,Corporate,Dakota Rodriguez,Loyal Customers,432,9.0,29.0,6.0,1285.93,1736.01
CUST_01357,Noah,Brown,noah.brown1357@example-domain.com,Miami,Florida,33101,2023-06-02,Small Business,Noah Brown,Customers Needing Attention,211,4.0,160.0,4.0,951.24,1284.17
CUST_01358,Chris,Rodriguez,chris.rodriguez1358@example-domain.com,New York City,New York,10001,2023-01-16,Consumer,Chris Rodriguez,Can't Lose Them,144,9.0,243.0,8.0,2789.13,3765.33
CUST_01359,Jackson,Moore,jackson.moore1359@example-domain.com,Raleigh,North Carolina,27601,2023-04-15,Consumer,Jackson Moore,Customers Needing Attention,221,5.0,111.0,5.0,831.66,1122.74
CUST_01360,Pat,Moore,pat.moore1360@example-domain.com,Seattle,Washington,98101,2024-07-16,Consumer,Pat Moore,Promising,322,7.0,59.0,5.0,1318.78,1780.35
CUST_01361,Ethan,Rodriguez,ethan.rodriguez1361@example-domain.com,Buffalo,New York,14201,2024-12-22,Small Business,Ethan Rodriguez,Customers Needing Attention,211,4.0,156.0,4.0,804.57,1086.17
CUST_01362,Dakota,Jackson,dakota.jackson1362@example-domain.com,Dallas,Texas,75201,2023-06-25,Consumer,Dakota Jackson,Loyal Customers,334,10.0,47.0,6.0,2511.9500000000003,3391.13
CUST_01363,Taylor,Martinez,taylor.martinez1363@example-domain.com,Chicago,Illinois,60601,2024-07-07,Consumer,Taylor Martinez,Loyal Customers,431,8.0,40.0,6.0,915.19,1235.51
CUST_01364,Noah,Johnson,noah.johnson1364@example-domain.com,Buffalo,New York,14201,2023-01-30,Consumer,Noah Johnson,Promising,325,10.0,65.0,5.0,3582.6099999999997,4836.52
CUST_01365,Emma,Johnson,emma.johnson1365@example-domain.com,New York City,New York,10001,2024-01-28,Corporate,Emma Johnson,Lost Customers,113,5.0,418.0,4.0,2073.74,2799.55
CUST_01366,Jordan,Williams,jordan.williams1366@example-domain.com,Atlanta,Georgia,30301,2024-02-06,Consumer,Jordan Williams,Champions,545,14.0,13.0,7.0,3241.44,4375.94
CUST_01367,Chris,Martin,chris.martin1367@example-domain.com,Denver,Colorado,80202,2024-09-23,Corporate,Chris Martin,Champions,454,13.0,37.0,9.0,2362.52,3189.4
CUST_01368,Sophia,Martinez,sophia.martinez1368@example-domain.com,Chicago,Illinois,60601,2023-07-22,Small Business,Sophia Martinez,Hibernating,135,9.0,563.0,6.0,4870.54,6575.23
CUST_01369,Lucas,Williams,lucas.williams1369@example-domain.com,Denver,Colorado,80202,2024-08-04,Consumer,Lucas Williams,Champions,455,14.0,28.0,11.0,3713.05,5012.62
CUST_01370,Sam,Williams,sam.williams1370@example-domain.com,Denver,Colorado,80202,2023-04-10,Consumer,Sam Williams,Promising,321,6.0,60.0,5.0,739.4399999999999,998.24
CUST_01371,Noah,Martinez,noah.martinez1371@example-domain.com,Denver,Colorado,80202,2024-04-26,Small Business,Noah Martinez,Loyal Customers,355,13.0,75.0,10.0,3719.39,5021.18
CUST_01372,Riley,Davis,riley.davis1372@example-domain.com,Buffalo,New York,14201,2024-09-23,Consumer,Riley Davis,Loyal Customers,343,10.0,63.0,7.0,2028.31,2738.22
CUST_01373,Cameron,Lopez,cameron.lopez1373@example-domain.com,Boston,Massachusetts,02108,2023-07-07,Corporate,Cameron Lopez,Loyal Customers,343,10.0,51.0,7.0,2017.84,2724.08
CUST_01374,Ethan,Hernandez,ethan.hernandez1374@example-domain.com,Denver,Colorado,80202,2024-05-14,Consumer,Ethan Hernandez,Hibernating,132,6.0,311.0,6.0,1139.8,1538.73
CUST_01375,Alex,Williams,alex.williams1375@example-domain.com,Philadelphia,Pennsylvania,19102,2023-04-26,Consumer,Alex Williams,Loyal Customers,433,10.0,41.0,6.0,2118.92,2860.54
CUST_01376,Sophia,Thomas,sophia.thomas1376@example-domain.com,Denver,Colorado,80202,2023-06-24,Corporate,Sophia Thomas,Lost Customers,113,5.0,333.0,4.0,1774.3,2395.31
CUST_01377,Dakota,Lopez,dakota.lopez1377@example-domain.com,Buffalo,New York,14201,2024-06-04,Consumer,Dakota Lopez,Can't Lose Them,141,6.0,241.0,8.0,989.01,1335.16
CUST_01378,Morgan,Gonzalez,morgan.gonzalez1378@example-domain.com,New York City,New York,10001,2023-11-30,Consumer,Morgan Gonzalez,Champions,455,14.0,43.0,12.0,4197.67,5666.85
CUST_01379,Lucas,Williams,lucas.williams1379@example-domain.com,Orlando,Florida,32801,2024-06-29,Consumer,Lucas Williams,At Risk,242,8.0,154.0,7.0,1406.54,1898.83
CUST_01380,Noah,Gonzalez,noah.gonzalez1380@example-domain.com,Atlanta,Georgia,30301,2023-09-02,Consumer,Noah Gonzalez,Hibernating,134,8.0,217.0,6.0,2525.62,3409.59
CUST_01381,Jackson,Davis,jackson.davis1381@example-domain.com,Columbus,Ohio,43215,2023-06-12,Consumer,Jackson Davis,Customers Needing Attention,211,4.0,111.0,3.0,685.61,925.57
CUST_01382,Emma,Gonzalez,emma.gonzalez1382@example-domain.com,San Diego,California,92101,2023-12-15,Consumer,Emma Gonzalez,Can't Lose Them,143,8.0,241.0,8.0,1642.1899999999998,2216.96
CUST_01383,Pat,Jackson,pat.jackson1383@example-domain.com,Atlanta,Georgia,30301,2024-03-21,Small Business,Pat Jackson,Champions,444,12.0,41.0,8.0,3011.08,4064.96
CUST_01384,Mia,Hernandez,mia.hernandez1384@example-domain.com,Columbus,Ohio,43215,2024-12-11,Consumer,Mia Hernandez,Lost Customers,112,4.0,384.0,3.0,1287.6,1738.26
CUST_01385,Riley,Garcia,riley.garcia1385@example-domain.com,San Diego,California,92101,2024-12-29,Consumer,Riley Garcia,Customers Needing Attention,212,5.0,118.0,4.0,1283.8799999999999,1733.24
CUST_01386,Mia,Thomas,mia.thomas1386@example-domain.com,New York City,New York,10001,2024-08-29,Consumer,Mia Thomas,Loyal Customers,332,8.0,48.0,6.0,1241.24,1675.67
CUST_01387,Jackson,Anderson,jackson.anderson1387@example-domain.com,Chicago,Illinois,60601,2024-07-22,Corporate,Jackson Anderson,Customers Needing Attention,224,8.0,209.0,5.0,2219.65,2996.53
CUST_01388,Morgan,Anderson,morgan.anderson1388@example-domain.com,Houston,Texas,77001,2023-11-12,Consumer,Morgan Anderson,Loyal Customers,343,10.0,55.0,7.0,1838.07,2481.39
CUST_01389,Liam,Williams,liam.williams1389@example-domain.com,New York City,New York,10001,2024-12-02,Small Business,Liam Williams,Hibernating,121,4.0,268.0,5.0,1026.55,1385.84
CUST_01390,Jackson,Gonzalez,jackson.gonzalez1390@example-domain.com,Chicago,Illinois,60601,2024-05-21,Consumer,Jackson Gonzalez,Can't Lose Them,144,9.0,226.0,8.0,3012.89,4067.4
CUST_01391,Jordan,Williams,jordan.williams1391@example-domain.com,Austin,Texas,78701,2023-05-23,Consumer,Jordan Williams,At Risk,245,11.0,94.0,7.0,3203.95,4325.33
CUST_01392,Mia,Smith,mia.smith1392@example-domain.com,Buffalo,New York,14201,2024-11-07,Consumer,Mia Smith,Loyal Customers,355,13.0,90.0,11.0,4558.46,6153.92
CUST_01393,Sam,Anderson,sam.anderson1393@example-domain.com,Columbus,Ohio,43215,2023-10-26,Consumer,Sam Anderson,Loyal Customers,344,11.0,46.0,8.0,2895.9300000000003,3909.51
CUST_01394,Liam,Martin,liam.martin1394@example-domain.com,Denver,Colorado,80202,2023-07-20,Consumer,Liam Martin,Hibernating,123,6.0,304.0,5.0,1649.21,2226.43
CUST_01395,Pat,Hernandez,pat.hernandez1395@example-domain.com,Orlando,Florida,32801,2024-08-06,Consumer,Pat Hernandez,Champions,554,14.0,11.0,10.0,2307.75,3115.46
CUST_01396,Dakota,Wilson,dakota.wilson1396@example-domain.com,Seattle,Washington,98101,2023-04-02,Corporate,Dakota Wilson,Loyal Customers,355,13.0,46.0,9.0,3127.63,4222.3
CUST_01397,Mia,Smith,mia.smith1397@example-domain.com,Raleigh,North Carolina,27601,2024-02-18,Consumer,Mia Smith,Champions,553,13.0,3.0,9.0,2023.26,2731.4
CUST_01398,Sam,Martinez,sam.martinez1398@example-domain.com,San Francisco,California,94102,2024-01-14,Consumer,Sam Martinez,Lost Customers,111,3.0,400.0,1.0,435.57,588.02
CUST_01399,Lucas,Johnson,lucas.johnson1399@example-domain.com,Los Angeles,California,90001,2024-12-21,Consumer,Lucas Johnson,Customers Needing Attention,213,6.0,140.0,4.0,2012.46,2716.82
CUST_01400,Lucas,Lopez,lucas.lopez1400@example-domain.com,New York City,New York,10001,2023-10-16,Corporate,Lucas Lopez,Potential Loyalists,423,9.0,28.0,5.0,1936.9499999999998,2614.88
CUST_01401,Alex,Davis,alex.davis1401@example-domain.com,Atlanta,Georgia,30301,2024-12-20,Consumer,Alex Davis,Customers Needing Attention,211,4.0,144.0,2.0,104.27000000000001,140.76
CUST_01402,Mia,Gonzalez,mia.gonzalez1402@example-domain.com,Chicago,Illinois,60601,2024-12-29,Consumer,Mia Gonzalez,Champions,554,14.0,4.0,10.0,2775.38,3746.76
CUST_01403,Liam,Gonzalez,liam.gonzalez1403@example-domain.com,Boston,Massachusetts,02108,2024-03-21,Consumer,Liam Gonzalez,Champions,443,11.0,38.0,7.0,1763.16,2380.27
CUST_01404,Lucas,Miller,lucas.miller1404@example-domain.com,Houston,Texas,77001,2024-05-01,Corporate,Lucas Miller,Champions,444,12.0,24.0,8.0,3079.61,4157.47
CUST_01405,Sam,Miller,sam.miller1405@example-domain.com,Columbus,Ohio,43215,2024-01-29,Consumer,Sam Miller,Lost Customers,113,5.0,354.0,3.0,1935.78,2613.3
CUST_01406,Sophia,Wilson,sophia.wilson1406@example-domain.com,Buffalo,New York,14201,2023-10-23,Consumer,Sophia Wilson,Hibernating,125,8.0,221.0,5.0,4818.400000000001,6504.84
CUST_01407,Sam,Jones,sam.jones1407@example-domain.com,Los Angeles,California,90001,2023-03-15,Corporate,Sam Jones,Champions,454,13.0,38.0,9.0,2540.86,3430.16
CUST_01408,Alex,Jones,alex.jones1408@example-domain.com,Philadelphia,Pennsylvania,19102,2024-11-04,Corporate,Alex Jones,Promising,324,9.0,64.0,5.0,2363.9900000000002,3191.39
CUST_01409,Olivia,Jones,olivia.jones1409@example-domain.com,San Diego,California,92101,2023-05-21,Consumer,Olivia Jones,Champions,545,14.0,10.0,8.0,4738.150000000001,6396.5
CUST_01410,Olivia,Anderson,olivia.anderson1410@example-domain.com,Atlanta,Georgia,30301,2024-09-30,Corporate,Olivia Anderson,Lost Customers,112,4.0,282.0,2.0,1068.18,1442.04
CUST_01411,Chris,Anderson,chris.anderson1411@example-domain.com,Raleigh,North Carolina,27601,2024-03-10,Consumer,Chris Anderson,Hibernating,134,8.0,357.0,6.0,2872.0,3877.2
CUST_01412,Lucas,Anderson,lucas.anderson1412@example-domain.com,Boston,Massachusetts,02108,2023-12-30,Consumer,Lucas Anderson,Loyal Customers,531,9.0,11.0,6.0,871.53,1176.57
CUST_01413,Riley,Garcia,riley.garcia1413@example-domain.com,Atlanta,Georgia,30301,2024-09-11,Consumer,Riley Garcia,Loyal Customers,355,13.0,46.0,9.0,3346.0,4517.1
CUST_01414,Alex,Jackson,alex.jackson1414@example-domain.com,Philadelphia,Pennsylvania,19102,2023-08-31,Consumer,Alex Jackson,Champions,555,15.0,20.0,10.0,5533.98,7470.87
CUST_01415,Ava,Rodriguez,ava.rodriguez1415@example-domain.com,Atlanta,Georgia,30301,2024-07-13,Consumer,Ava Rodriguez,Loyal Customers,345,12.0,84.0,8.0,5394.69,7282.83
CUST_01416,Mia,Lopez,mia.lopez1416@example-domain.com,San Francisco,California,94102,2023-02-08,Small Business,Mia Lopez,Lost Customers,111,3.0,259.0,3.0,151.16,204.07
CUST_01417,Mia,Thomas,mia.thomas1417@example-domain.com,Seattle,Washington,98101,2023-04-26,Consumer,Mia Thomas,At Risk,234,9.0,119.0,6.0,3001.66,4052.24
CUST_01418,Mia,Thomas,mia.thomas1418@example-domain.com,San Diego,California,92101,2023-05-26,Consumer,Mia Thomas,Promising,323,8.0,73.0,5.0,1891.09,2552.97
CUST_01419,Ava,Rodriguez,ava.rodriguez1419@example-domain.com,Denver,Colorado,80202,2024-06-13,Consumer,Ava Rodriguez,Hibernating,131,5.0,366.0,6.0,670.2,904.77
CUST_01420,Taylor,Taylor,taylor.taylor1420@example-domain.com,San Diego,California,92101,2023-09-09,Small Business,Taylor Taylor,Loyal Customers,341,8.0,55.0,7.0,770.63,1040.35
CUST_01421,Emma,Williams,emma.williams1421@example-domain.com,Columbus,Ohio,43215,2024-08-16,Consumer,Emma Williams,Champions,555,15.0,1.0,13.0,3672.77,4958.24
CUST_01422,Dakota,Martin,dakota.martin1422@example-domain.com,San Francisco,California,94102,2023-12-18,Consumer,Dakota Martin,Champions,544,13.0,15.0,8.0,2559.36,3455.14
CUST_01423,Lucas,Smith,lucas.smith1423@example-domain.com,Philadelphia,Pennsylvania,19102,2024-04-09,Consumer,Lucas Smith,Champions,444,12.0,24.0,7.0,2552.5,3445.88
CUST_01424,Ava,Thomas,ava.thomas1424@example-domain.com,Chicago,Illinois,60601,2024-03-07,Consumer,Ava Thomas,At Risk,232,7.0,197.0,6.0,1147.03,1548.49
CUST_01425,Sophia,Martinez,sophia.martinez1425@example-domain.com,Orlando,Florida,32801,2023-06-21,Small Business,Sophia Martinez,Lost Customers,111,3.0,247.0,3.0,814.41,1099.45
CUST_01426,Jordan,Martin,jordan.martin1426@example-domain.com,Orlando,Florida,32801,2024-07-31,Small Business,Jordan Martin,Customers Needing Attention,222,6.0,205.0,5.0,1447.6399999999999,1954.31
CUST_01427,Cameron,Johnson,cameron.johnson1427@example-domain.com,Philadelphia,Pennsylvania,19102,2024-08-15,Consumer,Cameron Johnson,Champions,544,13.0,6.0,8.0,2828.33,3818.25
CUST_01428,Chris,Jackson,chris.jackson1428@example-domain.com,San Francisco,California,94102,2024-11-03,Small Business,Chris Jackson,At Risk,232,7.0,114.0,6.0,1552.8899999999999,2096.4
CUST_01429,Dakota,Martin,dakota.martin1429@example-domain.com,Los Angeles,California,90001,2023-10-21,Consumer,Dakota Martin,Potential Loyalists,521,8.0,5.0,5.0,988.9399999999999,1335.07
CUST_01430,Emma,Williams,emma.williams1430@example-domain.com,Buffalo,New York,14201,2024-06-01,Corporate,Emma Williams,Customers Needing Attention,213,6.0,206.0,3.0,1634.94,2207.17
CUST_01431,Taylor,Rodriguez,taylor.rodriguez1431@example-domain.com,Miami,Florida,33101,2023-05-16,Consumer,Taylor Rodriguez,At Risk,235,10.0,211.0,6.0,4516.9,6097.82
CUST_01432,Jackson,Rodriguez,jackson.rodriguez1432@example-domain.com,Miami,Florida,33101,2023-09-21,Consumer,Jackson Rodriguez,At Risk,245,11.0,156.0,8.0,4065.54,5488.48
CUST_01433,Alex,Brown,alex.brown1433@example-domain.com,Houston,Texas,77001,2024-08-28,Consumer,Alex Brown,Loyal Customers,344,11.0,76.0,7.0,3034.7299999999996,4096.89
CUST_01434,Sam,Anderson,sam.anderson1434@example-domain.com,Seattle,Washington,98101,2023-06-29,Consumer,Sam Anderson,At Risk,234,9.0,112.0,6.0,2417.36,3263.44
CUST_01435,Cameron,Davis,cameron.davis1435@example-domain.com,Philadelphia,Pennsylvania,19102,2023-07-05,Consumer,Cameron Davis,Champions,555,15.0,2.0,9.0,3209.46,4332.77
CUST_01436,Ava,Johnson,ava.johnson1436@example-domain.com,Chicago,Illinois,60601,2023-03-28,Consumer,Ava Johnson,Promising,311,5.0,86.0,3.0,794.98,1073.22
CUST_01437,Sam,Martin,sam.martin1437@example-domain.com,Buffalo,New York,14201,2024-05-22,Consumer,Sam Martin,Champions,555,15.0,2.0,10.0,3142.9,4242.92
CUST_01438,Olivia,Gonzalez,olivia.gonzalez1438@example-domain.com,Dallas,Texas,75201,2024-11-07,Corporate,Olivia Gonzalez,Customers Needing Attention,221,5.0,116.0,5.0,935.8000000000001,1263.33
CUST_01439,Noah,Garcia,noah.garcia1439@example-domain.com,Austin,Texas,78701,2024-08-14,Consumer,Noah Garcia,Potential Loyalists,413,8.0,31.0,4.0,1723.12,2326.21
CUST_01440,Sophia,Johnson,sophia.johnson1440@example-domain.com,Miami,Florida,33101,2023-04-29,Consumer,Sophia Johnson,Potential Loyalists,424,10.0,29.0,5.0,2355.21,3179.53
CUST_01441,Jordan,Garcia,jordan.garcia1441@example-domain.com,Denver,Colorado,80202,2024-02-13,Small Business,Jordan Garcia,Potential Loyalists,512,8.0,9.0,4.0,1306.8,1764.18
CUST_01442,Emma,Martinez,emma.martinez1442@example-domain.com,Philadelphia,Pennsylvania,19102,2024-06-29,Consumer,Emma Martinez,Potential Loyalists,511,7.0,17.0,4.0,820.8100000000001,1108.09
CUST_01443,Riley,Gonzalez,riley.gonzalez1443@example-domain.com,Boston,Massachusetts,02108,2024-04-30,Consumer,Riley Gonzalez,Champions,543,12.0,3.0,7.0,1871.95,2527.13
CUST_01444,Cameron,Jones,cameron.jones1444@example-domain.com,Raleigh,North Carolina,27601,2024-03-21,Consumer,Cameron Jones,At Risk,235,10.0,117.0,6.0,3257.25,4397.29
CUST_01445,Alex,Martinez,alex.martinez1445@example-domain.com,Denver,Colorado,80202,2024-01-27,Corporate,Alex Martinez,Champions,443,11.0,33.0,8.0,1772.63,2393.05
CUST_01446,Ethan,Taylor,ethan.taylor1446@example-domain.com,San Francisco,California,94102,2023-04-10,Consumer,Ethan Taylor,Customers Needing Attention,212,5.0,194.0,3.0,1043.82,1409.16
CUST_01447,Lucas,Lopez,lucas.lopez1447@example-domain.com,Atlanta,Georgia,30301,2024-09-17,Consumer,Lucas Lopez,Lost Customers,111,3.0,317.0,4.0,911.74,1230.85
CUST_01448,Cameron,Hernandez,cameron.hernandez1448@example-domain.com,Miami,Florida,33101,2023-10-01,Corporate,Cameron Hernandez,Promising,311,5.0,73.0,3.0,184.91,249.63
CUST_01449,Morgan,Rodriguez,morgan.rodriguez1449@example-domain.com,Boston,Massachusetts,02108,2024-04-17,Small Business,Morgan Rodriguez,Loyal Customers,345,12.0,82.0,7.0,3601.7,4862.3
CUST_01450,Riley,Jackson,riley.jackson1450@example-domain.com,Austin,Texas,78701,2024-06-16,Consumer,Riley Jackson,Champions,555,15.0,10.0,11.0,4634.75,6256.91
CUST_01451,Ethan,Garcia,ethan.garcia1451@example-domain.com,Chicago,Illinois,60601,2024-07-14,Consumer,Ethan Garcia,Champions,544,13.0,11.0,7.0,2819.65,3806.53
CUST_01452,Alex,Smith,alex.smith1452@example-domain.com,San Diego,California,92101,2023-01-13,Consumer,Alex Smith,At Risk,243,9.0,99.0,8.0,1618.24,2184.62
CUST_01453,Olivia,Brown,olivia.brown1453@example-domain.com,Raleigh,North Carolina,27601,2023-04-17,Corporate,Olivia Brown,Promising,322,7.0,58.0,5.0,1156.5,1561.28
CUST_01454,Noah,Lopez,noah.lopez1454@example-domain.com,Dallas,Texas,75201,2023-10-18,Consumer,Noah Lopez,Customers Needing Attention,223,7.0,123.0,5.0,1782.16,2405.92
CUST_01455,Cameron,Miller,cameron.miller1455@example-domain.com,San Francisco,California,94102,2023-01-25,Consumer,Cameron Miller,Champions,453,12.0,26.0,9.0,1947.73,2629.44
CUST_01456,Jackson,Williams,jackson.williams1456@example-domain.com,San Francisco,California,94102,2024-08-31,Small Business,Jackson Williams,Loyal Customers,532,10.0,3.0,6.0,1581.45,2134.96
CUST_01457,Pat,Martin,pat.martin1457@example-domain.com,New York City,New York,10001,2024-12-26,Consumer,Pat Martin,Loyal Customers,534,12.0,6.0,6.0,2295.64,3099.11
CUST_01458,Morgan,Williams,morgan.williams1458@example-domain.com,Buffalo,New York,14201,2024-01-20,Consumer,Morgan Williams,Customers Needing Attention,224,8.0,192.0,5.0,2410.31,3253.92
CUST_01459,Mia,Garcia,mia.garcia1459@example-domain.com,New York City,New York,10001,2024-12-13,Consumer,Mia Garcia,Potential Loyalists,422,8.0,29.0,5.0,1099.42,1484.22
CUST_01460,Chris,Rodriguez,chris.rodriguez1460@example-domain.com,Orlando,Florida,32801,2024-04-23,Consumer,Chris Rodriguez,Loyal Customers,344,11.0,54.0,7.0,2655.84,3585.38
CUST_01461,Taylor,Anderson,taylor.anderson1461@example-domain.com,Miami,Florida,33101,2024-03-13,Consumer,Taylor Anderson,Customers Needing Attention,212,5.0,144.0,4.0,1074.98,1451.22
CUST_01462,Ethan,Rodriguez,ethan.rodriguez1462@example-domain.com,Houston,Texas,77001,2023-03-17,Consumer,Ethan Rodriguez,Champions,555,15.0,11.0,12.0,5201.08,7021.46
CUST_01463,Cameron,Johnson,cameron.johnson1463@example-domain.com,Boston,Massachusetts,02108,2024-02-02,Consumer,Cameron Johnson,Customers Needing Attention,211,4.0,137.0,3.0,215.10000000000002,290.39
CUST_01464,Ethan,Johnson,ethan.johnson1464@example-domain.com,Miami,Florida,33101,2023-09-29,Consumer,Ethan Johnson,At Risk,255,12.0,104.0,11.0,4598.81,6208.39
CUST_01465,Chris,Anderson,chris.anderson1465@example-domain.com,San Diego,California,92101,2024-05-18,Small Business,Chris Anderson,Champions,444,12.0,36.0,8.0,2311.44,3120.44
CUST_01466,Pat,Martin,pat.martin1466@example-domain.com,Boston,Massachusetts,02108,2023-07-02,Consumer,Pat Martin,Lost Customers,111,3.0,310.0,2.0,691.34,933.31
CUST_01467,Emma,Brown,emma.brown1467@example-domain.com,Buffalo,New York,14201,2024-07-07,Small Business,Emma Brown,Champions,542,11.0,20.0,7.0,1193.1200000000001,1610.71
CUST_01468,Olivia,Miller,olivia.miller1468@example-domain.com,New York City,New York,10001,2024-03-28,Consumer,Olivia Miller,Promising,311,5.0,58.0,2.0,270.12,364.66
CUST_01469,Cameron,Brown,cameron.brown1469@example-domain.com,San Francisco,California,94102,2023-03-16,Corporate,Cameron Brown,Promising,322,7.0,46.0,5.0,1573.3,2123.96
CUST_01470,Taylor,Jackson,taylor.jackson1470@example-domain.com,Miami,Florida,33101,2024-04-01,Corporate,Taylor Jackson,At Risk,232,7.0,116.0,6.0,1291.93,1744.11
CUST_01471,Alex,Thomas,alex.thomas1471@example-domain.com,Buffalo,New York,14201,2024-10-30,Consumer,Alex Thomas,Lost Customers,111,3.0,334.0,4.0,497.58,671.73
CUST_01472,Alex,Johnson,alex.johnson1472@example-domain.com,Boston,Massachusetts,02108,2023-09-30,Corporate,Alex Johnson,Loyal Customers,331,7.0,65.0,6.0,936.89,1264.8
CUST_01473,Sam,Hernandez,sam.hernandez1473@example-domain.com,Boston,Massachusetts,02108,2024-08-11,Corporate,Sam Hernandez,At Risk,245,11.0,120.0,7.0,4611.31,6225.27
CUST_01474,Alex,Taylor,alex.taylor1474@example-domain.com,Philadelphia,Pennsylvania,19102,2024-05-04,Consumer,Alex Taylor,Lost Customers,111,3.0,345.0,2.0,438.15999999999997,591.52
CUST_01475,Olivia,Gonzalez,olivia.gonzalez1475@example-domain.com,San Diego,California,92101,2024-07-07,Consumer,Olivia Gonzalez,Loyal Customers,332,8.0,53.0,6.0,1514.26,2044.25
CUST_01476,Riley,Smith,riley.smith1476@example-domain.com,Boston,Massachusetts,02108,2024-12-06,Consumer,Riley Smith,Loyal Customers,343,10.0,46.0,7.0,1788.2199999999998,2414.1
CUST_01477,Emma,Brown,emma.brown1477@example-domain.com,Columbus,Ohio,43215,2024-01-03,Corporate,Emma Brown,At Risk,244,10.0,104.0,8.0,2846.0,3842.1
CUST_01478,Ethan,Martinez,ethan.martinez1478@example-domain.com,Boston,Massachusetts,02108,2023-02-26,Corporate,Ethan Martinez,Customers Needing Attention,225,9.0,106.0,5.0,3338.89,4507.5
CUST_01479,Taylor,Lopez,taylor.lopez1479@example-domain.com,Columbus,Ohio,43215,2023-12-15,Corporate,Taylor Lopez,Champions,443,11.0,34.0,8.0,2018.7,2725.25
CUST_01480,Taylor,Anderson,taylor.anderson1480@example-domain.com,Orlando,Florida,32801,2024-10-25,Consumer,Taylor Anderson,At Risk,245,11.0,149.0,8.0,3546.85,4788.25
CUST_01481,Pat,Garcia,pat.garcia1481@example-domain.com,Columbus,Ohio,43215,2023-02-10,Corporate,Pat Garcia,Customers Needing Attention,221,5.0,95.0,5.0,707.24,954.77
CUST_01482,Liam,Miller,liam.miller1482@example-domain.com,Orlando,Florida,32801,2024-12-13,Consumer,Liam Miller,Loyal Customers,532,10.0,6.0,6.0,1571.33,2121.3
CUST_01483,Liam,Brown,liam.brown1483@example-domain.com,Seattle,Washington,98101,2024-05-13,Consumer,Liam Brown,Champions,555,15.0,9.0,16.0,4362.38,5889.21
CUST_01484,Taylor,Anderson,taylor.anderson1484@example-domain.com,Austin,Texas,78701,2023-05-24,Consumer,Taylor Anderson,Potential Loyalists,422,8.0,38.0,5.0,1493.0,2015.55
CUST_01485,Jordan,Miller,jordan.miller1485@example-domain.com,Los Angeles,California,90001,2024-08-30,Consumer,Jordan Miller,Loyal Customers,345,12.0,67.0,8.0,4079.88,5507.84
CUST_01486,Riley,Thomas,riley.thomas1486@example-domain.com,Boston,Massachusetts,02108,2023-03-06,Consumer,Riley Thomas,Promising,321,6.0,53.0,5.0,462.61,624.52
CUST_01487,Lucas,Martinez,lucas.martinez1487@example-domain.com,Philadelphia,Pennsylvania,19102,2024-06-30,Consumer,Lucas Martinez,Loyal Customers,332,8.0,46.0,6.0,1136.44,1534.19
CUST_01488,Noah,Smith,noah.smith1488@example-domain.com,San Francisco,California,94102,2023-12-14,Consumer,Noah Smith,Champions,543,12.0,16.0,8.0,1845.23,2491.06
CUST_01489,Jordan,Hernandez,jordan.hernandez1489@example-domain.com,San Francisco,California,94102,2024-02-20,Consumer,Jordan Hernandez,Champions,555,15.0,17.0,15.0,6444.25,8699.74
CUST_01490,Morgan,Miller,morgan.miller1490@example-domain.com,Raleigh,North Carolina,27601,2024-04-14,Consumer,Morgan Miller,Potential Loyalists,422,8.0,27.0,5.0,1343.55,1813.79
CUST_01491,Lucas,Jones,lucas.jones1491@example-domain.com,Dallas,Texas,75201,2023-03-15,Consumer,Lucas Jones,At Risk,252,9.0,97.0,9.0,1608.21,2171.08
CUST_01492,Jordan,Jones,jordan.jones1492@example-domain.com,Philadelphia,Pennsylvania,19102,2024-10-31,Consumer,Jordan Jones,Champions,445,13.0,35.0,8.0,3157.92,4263.19
CUST_01493,Alex,Thomas,alex.thomas1493@example-domain.com,San Francisco,California,94102,2023-09-06,Consumer,Alex Thomas,Champions,544,13.0,19.0,8.0,2528.69,3413.73
CUST_01494,Sam,Smith,sam.smith1494@example-domain.com,Houston,Texas,77001,2024-10-09,Consumer,Sam Smith,Champions,444,12.0,31.0,7.0,2407.64,3250.31
CUST_01495,Jordan,Martinez,jordan.martinez1495@example-domain.com,New York City,New York,10001,2024-04-12,Consumer,Jordan Martinez,Loyal Customers,532,10.0,9.0,6.0,1175.8799999999999,1587.44
CUST_01496,Jackson,Garcia,jackson.garcia1496@example-domain.com,San Diego,California,92101,2023-04-19,Consumer,Jackson Garcia,At Risk,244,10.0,97.0,8.0,2666.55,3599.84
CUST_01497,Morgan,Thomas,morgan.thomas1497@example-domain.com,Dallas,Texas,75201,2023-03-06,Consumer,Morgan Thomas,Hibernating,121,4.0,597.0,5.0,861.02,1162.38
CUST_01498,Pat,Wilson,pat.wilson1498@example-domain.com,Chicago,Illinois,60601,2024-11-25,Consumer,Pat Wilson,Loyal Customers,344,11.0,69.0,8.0,2998.68,4048.22
CUST_01499,Liam,Hernandez,liam.hernandez1499@example-domain.com,New York City,New York,10001,2024-12-01,Consumer,Liam Hernandez,Promising,313,7.0,60.0,4.0,1737.3000000000002,2345.36
CUST_01500,Mia,Moore,mia.moore1500@example-domain.com,Buffalo,New York,14201,2023-11-26,Corporate,Mia Moore,At Risk,233,8.0,156.0,6.0,2111.12,2850.01
CUST_01501,Pat,Johnson,pat.johnson1501@example-domain.com,Houston,Texas,77001,2023-12-10,Consumer,Pat Johnson,Customers Needing Attention,211,4.0,198.0,3.0,461.0,622.35
CUST_01502,Taylor,Brown,taylor.brown1502@example-domain.com,Miami,Florida,33101,2023-05-25,Consumer,Taylor Brown,Lost Customers,111,3.0,872.0,2.0,509.29,687.54
CUST_01503,Olivia,Garcia,olivia.garcia1503@example-domain.com,Seattle,Washington,98101,2024-07-20,Consumer,Olivia Garcia,Potential Loyalists,515,11.0,4.0,4.0,3451.91,4660.08
CUST_01504,Chris,Anderson,chris.anderson1504@example-domain.com,Dallas,Texas,75201,2024-08-18,Consumer,Chris Anderson,Promising,314,8.0,88.0,4.0,2664.26,3596.75
CUST_01505,Jordan,Jones,jordan.jones1505@example-domain.com,New York City,New York,10001,2024-10-09,Consumer,Jordan Jones,At Risk,255,12.0,158.0,10.0,5028.79,6788.87
CUST_01506,Jackson,Gonzalez,jackson.gonzalez1506@example-domain.com,Houston,Texas,77001,2023-01-17,Consumer,Jackson Gonzalez,At Risk,234,9.0,101.0,6.0,2659.56,3590.41
CUST_01507,Emma,Williams,emma.williams1507@example-domain.com,Los Angeles,California,90001,2023-01-08,Consumer,Emma Williams,Loyal Customers,532,10.0,13.0,6.0,1576.95,2128.88
CUST_01508,Chris,Williams,chris.williams1508@example-domain.com,Orlando,Florida,32801,2024-03-02,Consumer,Chris Williams,Loyal Customers,355,13.0,59.0,9.0,3378.42,4560.87
CUST_01509,Emma,Jones,emma.jones1509@example-domain.com,Austin,Texas,78701,2023-05-27,Consumer,Emma Jones,Loyal Customers,333,9.0,87.0,6.0,1662.88,2244.89
CUST_01510,Cameron,Taylor,cameron.taylor1510@example-domain.com,Denver,Colorado,80202,2024-02-26,Corporate,Cameron Taylor,Champions,453,12.0,34.0,10.0,2190.96,2957.8
CUST_01511,Riley,Garcia,riley.garcia1511@example-domain.com,San Francisco,California,94102,2024-09-02,Corporate,Riley Garcia,At Risk,235,10.0,150.0,6.0,3530.8900000000003,4766.7
CUST_01512,Chris,Thomas,chris.thomas1512@example-domain.com,San Diego,California,92101,2024-10-04,Corporate,Chris Thomas,Customers Needing Attention,212,5.0,160.0,4.0,1473.63,1989.4
CUST_01513,Dakota,Lopez,dakota.lopez1513@example-domain.com,Atlanta,Georgia,30301,2023-01-05,Small Business,Dakota Lopez,At Risk,253,10.0,179.0,9.0,2061.35,2782.82
CUST_01514,Lucas,Davis,lucas.davis1514@example-domain.com,Austin,Texas,78701,2023-05-01,Consumer,Lucas Davis,Lost Customers,111,3.0,384.0,4.0,437.83000000000004,591.07
CUST_01515,Ava,Brown,ava.brown1515@example-domain.com,Seattle,Washington,98101,2024-07-06,Consumer,Ava Brown,Potential Loyalists,412,7.0,39.0,3.0,1270.6699999999998,1715.4
CUST_01516,Ava,Davis,ava.davis1516@example-domain.com,Denver,Colorado,80202,2024-10-03,Consumer,Ava Davis,Loyal Customers,355,13.0,61.0,12.0,6447.75,8704.46
CUST_01517,Pat,Rodriguez,pat.rodriguez1517@example-domain.com,San Francisco,California,94102,2023-07-18,Consumer,Pat Rodriguez,Customers Needing Attention,211,4.0,142.0,4.0,612.97,827.51
CUST_01518,Morgan,Jones,morgan.jones1518@example-domain.com,Philadelphia,Pennsylvania,19102,2024-05-24,Corporate,Morgan Jones,Champions,553,13.0,11.0,10.0,2150.7,2903.44
CUST_01519,Chris,Garcia,chris.garcia1519@example-domain.com,San Francisco,California,94102,2023-02-25,Consumer,Chris Garcia,Lost Customers,111,3.0,266.0,2.0,175.45999999999998,236.87
CUST_01520,Sophia,Martinez,sophia.martinez1520@example-domain.com,Austin,Texas,78701,2024-03-21,Small Business,Sophia Martinez,At Risk,255,12.0,97.0,11.0,4096.81,5530.69
CUST_01521,Cameron,Hernandez,cameron.hernandez1521@example-domain.com,Denver,Colorado,80202,2023-02-14,Consumer,Cameron Hernandez,Loyal Customers,532,10.0,2.0,6.0,1120.3799999999999,1512.51
CUST_01522,Morgan,Johnson,morgan.johnson1522@example-domain.com,Columbus,Ohio,43215,2023-06-30,Small Business,Morgan Johnson,Champions,543,12.0,7.0,7.0,1841.43,2485.93
CUST_01523,Chris,Smith,chris.smith1523@example-domain.com,Philadelphia,Pennsylvania,19102,2024-06-11,Consumer,Chris Smith,Loyal Customers,334,10.0,54.0,6.0,2360.06,3186.08
CUST_01524,Morgan,Williams,morgan.williams1524@example-domain.com,Dallas,Texas,75201,2024-03-31,Consumer,Morgan Williams,Lost Customers,111,3.0,397.0,3.0,947.6700000000001,1279.35
CUST_01525,Mia,Jackson,mia.jackson1525@example-domain.com,Chicago,Illinois,60601,2024-03-05,Consumer,Mia Jackson,Champions,443,11.0,30.0,8.0,2200.07,2970.09
CUST_01526,Pat,Hernandez,pat.hernandez1526@example-domain.com,Dallas,Texas,75201,2023-04-23,Consumer,Pat Hernandez,Loyal Customers,534,12.0,8.0,6.0,2252.09,3040.32
CUST_01527,Ethan,Davis,ethan.davis1527@example-domain.com,New York City,New York,10001,2023-08-31,Consumer,Ethan Davis,Potential Loyalists,511,7.0,2.0,3.0,671.96,907.15
CUST_01528,Olivia,Miller,olivia.miller1528@example-domain.com,Boston,Massachusetts,02108,2023-08-14,Consumer,Olivia Miller,Loyal Customers,432,9.0,31.0,6.0,1577.38,2129.46
CUST_01529,Taylor,Thomas,taylor.thomas1529@example-domain.com,Philadelphia,Pennsylvania,19102,2023-02-25,Corporate,Taylor Thomas,Champions,444,12.0,37.0,8.0,2773.66,3744.44
CUST_01530,Olivia,Jones,olivia.jones1530@example-domain.com,Austin,Texas,78701,2024-09-16,Consumer,Olivia Jones,Hibernating,134,8.0,435.0,6.0,2707.59,3655.25
CUST_01531,Noah,Garcia,noah.garcia1531@example-domain.com,Boston,Massachusetts,02108,2024-01-18,Consumer,Noah Garcia,Champions,444,12.0,27.0,7.0,2990.07,4036.59
CUST_01532,Sam,Anderson,sam.anderson1532@example-domain.com,Austin,Texas,78701,2024-10-09,Consumer,Sam Anderson,Loyal Customers,345,12.0,51.0,7.0,3408.17,4601.03
CUST_01533,Sophia,Rodriguez,sophia.rodriguez1533@example-domain.com,Austin,Texas,78701,2023-12-10,Corporate,Sophia Rodriguez,At Risk,253,10.0,130.0,9.0,1937.32,2615.38
CUST_01534,Sam,Johnson,sam.johnson1534@example-domain.com,San Francisco,California,94102,2023-10-15,Consumer,Sam Johnson,Potential Loyalists,521,8.0,15.0,5.0,745.1899999999999,1006.01
CUST_01535,Sam,Brown,sam.brown1535@example-domain.com,Denver,Colorado,80202,2024-04-14,Consumer,Sam Brown,Potential Loyalists,421,7.0,32.0,5.0,969.62,1308.99
CUST_01536,Olivia,Garcia,olivia.garcia1536@example-domain.com,Chicago,Illinois,60601,2023-08-14,Consumer,Olivia Garcia,At Risk,243,9.0,161.0,8.0,1763.48,2380.7
CUST_01537,Dakota,Martin,dakota.martin1537@example-domain.com,Houston,Texas,77001,2024-10-15,Consumer,Dakota Martin,Champions,544,13.0,14.0,8.0,2410.77,3254.54
CUST_01538,Jackson,Garcia,jackson.garcia1538@example-domain.com,Columbus,Ohio,43215,2023-08-24,Consumer,Jackson Garcia,Promising,322,7.0,57.0,5.0,1276.06,1722.68
CUST_01539,Taylor,Wilson,taylor.wilson1539@example-domain.com,Raleigh,North Carolina,27601,2024-05-15,Consumer,Taylor Wilson,Promising,311,5.0,76.0,3.0,943.15,1273.25
CUST_01540,Pat,Jackson,pat.jackson1540@example-domain.com,Philadelphia,Pennsylvania,19102,2024-04-18,Consumer,Pat Jackson,At Risk,233,8.0,164.0,6.0,2111.67,2850.75
CUST_01541,Cameron,Smith,cameron.smith1541@example-domain.com,Atlanta,Georgia,30301,2023-09-10,Corporate,Cameron Smith,Potential Loyalists,512,8.0,12.0,4.0,1461.3899999999999,1972.88
CUST_01542,Riley,Hernandez,riley.hernandez1542@example-domain.com,Atlanta,Georgia,30301,2024-08-16,Consumer,Riley Hernandez,Lost Customers,113,5.0,325.0,4.0,2177.21,2939.23
CUST_01543,Riley,Jackson,riley.jackson1543@example-domain.com,Buffalo,New York,14201,2024-08-10,Consumer,Riley Jackson,Loyal Customers,342,9.0,45.0,7.0,1186.17,1601.33
CUST_01544,Alex,Wilson,alex.wilson1544@example-domain.com,San Francisco,California,94102,2023-02-11,Consumer,Alex Wilson,Hibernating,124,7.0,254.0,5.0,2314.73,3124.89
CUST_01545,Emma,Taylor,emma.taylor1545@example-domain.com,San Francisco,California,94102,2024-03-11,Small Business,Emma Taylor,Can't Lose Them,155,11.0,227.0,9.0,5247.63,7084.3
CUST_01546,Ava,Gonzalez,ava.gonzalez1546@example-domain.com,Philadelphia,Pennsylvania,19102,2024-12-14,Consumer,Ava Gonzalez,Customers Needing Attention,224,8.0,183.0,5.0,2704.56,3651.16
CUST_01547,Morgan,Anderson,morgan.anderson1547@example-domain.com,Philadelphia,Pennsylvania,19102,2023-09-04,Corporate,Morgan Anderson,Champions,554,14.0,14.0,11.0,2613.31,3527.97
CUST_01548,Taylor,Moore,taylor.moore1548@example-domain.com,Los Angeles,California,90001,2024-12-10,Consumer,Taylor Moore,At Risk,232,7.0,186.0,6.0,1565.52,2113.45
CUST_01549,Olivia,Miller,olivia.miller1549@example-domain.com,Buffalo,New York,14201,2024-01-03,Consumer,Olivia Miller,Potential Loyalists,412,7.0,32.0,2.0,1052.96,1421.5
CUST_01550,Dakota,Davis,dakota.davis1550@example-domain.com,San Diego,California,92101,2023-01-17,Consumer,Dakota Davis,Lost Customers,111,3.0,610.0,2.0,374.95000000000005,506.18
CUST_01551,Emma,Martinez,emma.martinez1551@example-domain.com,Houston,Texas,77001,2024-12-21,Small Business,Emma Martinez,At Risk,233,8.0,143.0,6.0,2101.42,2836.92
CUST_01552,Noah,Jackson,noah.jackson1552@example-domain.com,Los Angeles,California,90001,2024-04-10,Consumer,Noah Jackson,At Risk,245,11.0,198.0,8.0,3623.61,4891.87
CUST_01553,Noah,Jones,noah.jones1553@example-domain.com,Boston,Massachusetts,02108,2023-07-09,Corporate,Noah Jones,Lost Customers,113,5.0,597.0,2.0,1753.04,2366.6
CUST_01554,Sophia,Anderson,sophia.anderson1554@example-domain.com,Los Angeles,California,90001,2024-10-04,Corporate,Sophia Anderson,Lost Customers,113,5.0,446.0,4.0,2151.34,2904.31
CUST_01555,Taylor,Gonzalez,taylor.gonzalez1555@example-domain.com,Chicago,Illinois,60601,2024-06-27,Consumer,Taylor Gonzalez,Potential Loyalists,412,7.0,35.0,4.0,1597.56,2156.71
CUST_01556,Jordan,Martinez,jordan.martinez1556@example-domain.com,Atlanta,Georgia,30301,2023-10-04,Consumer,Jordan Martinez,Champions,542,11.0,6.0,8.0,1506.1499999999999,2033.3
CUST_01557,Jackson,Moore,jackson.moore1557@example-domain.com,Austin,Texas,78701,2024-12-02,Consumer,Jackson Moore,Lost Customers,111,3.0,254.0,4.0,759.76,1025.68
CUST_01558,Taylor,Martin,taylor.martin1558@example-domain.com,Chicago,Illinois,60601,2023-02-26,Consumer,Taylor Martin,Loyal Customers,343,10.0,44.0,7.0,1647.54,2224.18
CUST_01559,Ava,Lopez,ava.lopez1559@example-domain.com,San Francisco,California,94102,2023-04-24,Corporate,Ava Lopez,Potential Loyalists,422,8.0,25.0,5.0,1096.71,1480.56
CUST_01560,Liam,Lopez,liam.lopez1560@example-domain.com,Denver,Colorado,80202,2024-09-25,Small Business,Liam Lopez,At Risk,243,9.0,142.0,8.0,1873.1000000000001,2528.69
CUST_01561,Jordan,Lopez,jordan.lopez1561@example-domain.com,Seattle,Washington,98101,2023-06-29,Consumer,Jordan Lopez,Champions,453,12.0,43.0,9.0,2094.39,2827.43
CUST_01562,Lucas,Williams,lucas.williams1562@example-domain.com,Columbus,Ohio,43215,2024-12-27,Consumer,Lucas Williams,Champions,453,12.0,31.0,9.0,1766.9,2385.32
CUST_01563,Pat,Jones,pat.jones1563@example-domain.com,Chicago,Illinois,60601,2023-09-02,Corporate,Pat Jones,Loyal Customers,342,9.0,53.0,7.0,1419.63,1916.5
CUST_01564,Lucas,Brown,lucas.brown1564@example-domain.com,Philadelphia,Pennsylvania,19102,2024-08-17,Consumer,Lucas Brown,Champions,541,10.0,17.0,7.0,1007.8499999999999,1360.6
CUST_01565,Pat,Davis,pat.davis1565@example-domain.com,Chicago,Illinois,60601,2023-12-28,Corporate,Pat Davis,Potential Loyalists,525,12.0,19.0,5.0,3137.33,4235.4
CUST_01566,Cameron,Taylor,cameron.taylor1566@example-domain.com,Atlanta,Georgia,30301,2023-10-11,Consumer,Cameron Taylor,At Risk,233,8.0,126.0,6.0,1704.94,2301.67
CUST_01567,Jordan,Williams,jordan.williams1567@example-domain.com,Seattle,Washington,98101,2023-12-20,Consumer,Jordan Williams,Potential Loyalists,423,9.0,41.0,5.0,2159.51,2915.34
CUST_01568,Noah,Thomas,noah.thomas1568@example-domain.com,Raleigh,North Carolina,27601,2024-06-23,Consumer,Noah Thomas,Loyal Customers,341,8.0,84.0,7.0,697.53,941.67
CUST_01569,Morgan,Thomas,morgan.thomas1569@example-domain.com,Columbus,Ohio,43215,2024-11-25,Consumer,Morgan Thomas,Lost Customers,111,3.0,399.0,3.0,940.27,1269.36
CUST_01570,Lucas,Martinez,lucas.martinez1570@example-domain.com,Denver,Colorado,80202,2024-09-27,Consumer,Lucas Martinez,At Risk,234,9.0,199.0,6.0,2392.08,3229.31
CUST_01571,Sophia,Williams,sophia.williams1571@example-domain.com,Austin,Texas,78701,2024-04-13,Consumer,Sophia Williams,Loyal Customers,534,12.0,18.0,6.0,2264.4,3056.94
CUST_01572,Taylor,Williams,taylor.williams1572@example-domain.com,Boston,Massachusetts,02108,2023-07-03,Consumer,Taylor Williams,Loyal Customers,342,9.0,52.0,7.0,1506.21,2033.38
CUST_01573,Dakota,Williams,dakota.williams1573@example-domain.com,New York City,New York,10001,2023-06-18,Corporate,Dakota Williams,Champions,554,14.0,14.0,9.0,2957.06,3992.03
CUST_01574,Cameron,Brown,cameron.brown1574@example-domain.com,Buffalo,New York,14201,2024-05-23,Corporate,Cameron Brown,Loyal Customers,532,10.0,15.0,6.0,1123.71,1517.01
CUST_01575,Sam,Miller,sam.miller1575@example-domain.com,Raleigh,North Carolina,27601,2024-10-04,Consumer,Sam Miller,Champions,544,13.0,9.0,7.0,2397.1800000000003,3236.19
CUST_01576,Alex,Martinez,alex.martinez1576@example-domain.com,Atlanta,Georgia,30301,2024-11-29,Consumer,Alex Martinez,Loyal Customers,331,7.0,60.0,6.0,983.76,1328.08
CUST_01577,Lucas,Jones,lucas.jones1577@example-domain.com,Philadelphia,Pennsylvania,19102,2023-12-22,Consumer,Lucas Jones,Loyal Customers,353,11.0,70.0,10.0,1939.5,2618.33
CUST_01578,Olivia,Anderson,olivia.anderson1578@example-domain.com,Los Angeles,California,90001,2023-10-26,Consumer,Olivia Anderson,Promising,324,9.0,65.0,5.0,2318.61,3130.12
CUST_01579,Pat,Williams,pat.williams1579@example-domain.com,Los Angeles,California,90001,2023-08-26,Consumer,Pat Williams,Champions,453,12.0,29.0,10.0,2052.56,2770.96
CUST_01580,Ava,Hernandez,ava.hernandez1580@example-domain.com,Atlanta,Georgia,30301,2024-08-15,Consumer,Ava Hernandez,Champions,555,15.0,20.0,11.0,5265.31,7108.17
CUST_01581,Ethan,Hernandez,ethan.hernandez1581@example-domain.com,Philadelphia,Pennsylvania,19102,2024-08-30,Consumer,Ethan Hernandez,Champions,455,14.0,21.0,9.0,3170.88,4280.69
CUST_01582,Ava,Moore,ava.moore1582@example-domain.com,Denver,Colorado,80202,2024-04-13,Consumer,Ava Moore,Champions,555,15.0,3.0,9.0,3463.07,4675.14
CUST_01583,Dakota,Jackson,dakota.jackson1583@example-domain.com,Buffalo,New York,14201,2023-11-10,Consumer,Dakota Jackson,Customers Needing Attention,211,4.0,125.0,3.0,696.65,940.48
CUST_01584,Chris,Rodriguez,chris.rodriguez1584@example-domain.com,Dallas,Texas,75201,2024-05-10,Consumer,Chris Rodriguez,Potential Loyalists,511,7.0,12.0,4.0,546.89,738.3
CUST_01585,Sophia,Martinez,sophia.martinez1585@example-domain.com,San Francisco,California,94102,2023-06-01,Small Business,Sophia Martinez,Hibernating,134,8.0,280.0,6.0,2266.31,3059.52
CUST_01586,Sophia,Martinez,sophia.martinez1586@example-domain.com,Denver,Colorado,80202,2023-06-20,Consumer,Sophia Martinez,Lost Customers,111,3.0,435.0,3.0,866.26,1169.45
CUST_01587,Jackson,Garcia,jackson.garcia1587@example-domain.com,Columbus,Ohio,43215,2023-10-20,Consumer,Jackson Garcia,Promising,321,6.0,74.0,5.0,547.04,738.5
CUST_01588,Chris,Garcia,chris.garcia1588@example-domain.com,Buffalo,New York,14201,2023-06-15,Consumer,Chris Garcia,Lost Customers,111,3.0,301.0,4.0,815.83,1101.37
CUST_01589,Riley,Brown,riley.brown1589@example-domain.com,San Francisco,California,94102,2023-11-21,Consumer,Riley Brown,Loyal Customers,332,8.0,89.0,6.0,1305.7,1762.7
CUST_01590,Mia,Jones,mia.jones1590@example-domain.com,Denver,Colorado,80202,2023-09-24,Corporate,Mia Jones,Promising,311,5.0,49.0,4.0,615.28,830.63
CUST_01591,Sophia,Garcia,sophia.garcia1591@example-domain.com,Austin,Texas,78701,2024-07-29,Consumer,Sophia Garcia,Champions,445,13.0,40.0,7.0,3421.7799999999997,4619.4
CUST_01592,Jordan,Hernandez,jordan.hernandez1592@example-domain.com,Seattle,Washington,98101,2023-06-01,Small Business,Jordan Hernandez,Customers Needing Attention,224,8.0,155.0,5.0,2492.65,3365.08
CUST_01593,Sophia,Anderson,sophia.anderson1593@example-domain.com,Columbus,Ohio,43215,2023-06-16,Consumer,Sophia Anderson,Lost Customers,111,3.0,453.0,3.0,490.15999999999997,661.72
CUST_01594,Lucas,Martinez,lucas.martinez1594@example-domain.com,New York City,New York,10001,2023-01-26,Consumer,Lucas Martinez,Loyal Customers,433,10.0,32.0,6.0,1858.2,2508.57
CUST_01595,Liam,Thomas,liam.thomas1595@example-domain.com,Buffalo,New York,14201,2024-04-14,Corporate,Liam Thomas,Champions,445,13.0,38.0,8.0,3464.87,4677.57
CUST_01596,Ethan,Jones,ethan.jones1596@example-domain.com,Los Angeles,California,90001,2024-07-13,Consumer,Ethan Jones,Promising,311,5.0,82.0,4.0,238.92,322.54
CUST_01597,Ava,Hernandez,ava.hernandez1597@example-domain.com,Orlando,Florida,32801,2024-04-30,Consumer,Ava Hernandez,Champions,544,13.0,17.0,7.0,2555.8,3450.33
CUST_01598,Dakota,Jackson,dakota.jackson1598@example-domain.com,Buffalo,New York,14201,2024-08-01,Consumer,Dakota Jackson,Potential Loyalists,514,10.0,17.0,4.0,2319.4,3131.19
CUST_01599,Noah,Hernandez,noah.hernandez1599@example-domain.com,New York City,New York,10001,2024-05-05,Consumer,Noah Hernandez,Loyal Customers,353,11.0,51.0,9.0,1885.53,2545.47
CUST_01600,Jordan,Jones,jordan.jones1600@example-domain.com,Columbus,Ohio,43215,2023-04-30,Corporate,Jordan Jones,Loyal Customers,432,9.0,33.0,6.0,1483.1599999999999,2002.27
CUST_01601,Dakota,Smith,dakota.smith1601@example-domain.com,Boston,Massachusetts,02108,2024-09-24,Consumer,Dakota Smith,Can't Lose Them,145,10.0,330.0,7.0,3606.94,4869.37
CUST_01602,Riley,Anderson,riley.anderson1602@example-domain.com,Seattle,Washington,98101,2023-04-05,Consumer,Riley Anderson,Loyal Customers,432,9.0,39.0,6.0,1388.36,1874.29
CUST_01603,Ethan,Johnson,ethan.johnson1603@example-domain.com,Austin,Texas,78701,2024-08-20,Consumer,Ethan Johnson,Lost Customers,112,4.0,415.0,3.0,1319.91,1781.88
CUST_01604,Ava,Davis,ava.davis1604@example-domain.com,Miami,Florida,33101,2023-07-20,Consumer,Ava Davis,Promising,321,6.0,55.0,5.0,1026.1,1385.24
CUST_01605,Alex,Williams,alex.williams1605@example-domain.com,Columbus,Ohio,43215,2024-04-01,Consumer,Alex Williams,Loyal Customers,431,8.0,23.0,6.0,896.83,1210.72
CUST_01606,Taylor,Taylor,taylor.taylor1606@example-domain.com,Boston,Massachusetts,02108,2023-07-19,Consumer,Taylor Taylor,Loyal Customers,345,12.0,68.0,8.0,3227.73,4357.44
CUST_01607,Emma,Hernandez,emma.hernandez1607@example-domain.com,Raleigh,North Carolina,27601,2023-02-27,Consumer,Emma Hernandez,Can't Lose Them,155,11.0,260.0,9.0,3924.08,5297.51
CUST_01608,Sophia,Gonzalez,sophia.gonzalez1608@example-domain.com,Buffalo,New York,14201,2024-03-13,Corporate,Sophia Gonzalez,Promising,311,5.0,82.0,3.0,690.55,932.24
CUST_01609,Sophia,Gonzalez,sophia.gonzalez1609@example-domain.com,Seattle,Washington,98101,2023-01-13,Consumer,Sophia Gonzalez,At Risk,231,6.0,116.0,6.0,1002.78,1353.75
CUST_01610,Dakota,Lopez,dakota.lopez1610@example-domain.com,Seattle,Washington,98101,2023-11-12,Consumer,Dakota Lopez,Promising,323,8.0,89.0,5.0,1902.1,2567.84
CUST_01611,Noah,Moore,noah.moore1611@example-domain.com,San Diego,California,92101,2023-08-09,Corporate,Noah Moore,Champions,554,14.0,17.0,9.0,2545.27,3436.11
CUST_01612,Noah,Wilson,noah.wilson1612@example-domain.com,Denver,Colorado,80202,2023-10-23,Consumer,Noah Wilson,Champions,444,12.0,36.0,7.0,2332.67,3149.1
CUST_01613,Chris,Wilson,chris.wilson1613@example-domain.com,Atlanta,Georgia,30301,2023-05-23,Consumer,Chris Wilson,Champions,543,12.0,1.0,7.0,1735.72,2343.22
CUST_01614,Mia,Martin,mia.martin1614@example-domain.com,San Diego,California,92101,2023-05-28,Consumer,Mia Martin,Promising,323,8.0,65.0,5.0,1826.1399999999999,2465.29
CUST_01615,Pat,Martinez,pat.martinez1615@example-domain.com,Philadelphia,Pennsylvania,19102,2024-06-21,Consumer,Pat Martinez,Potential Loyalists,511,7.0,18.0,4.0,1002.78,1353.75
CUST_01616,Ethan,Williams,ethan.williams1616@example-domain.com,Boston,Massachusetts,02108,2023-04-01,Consumer,Ethan Williams,Lost Customers,112,4.0,310.0,3.0,1547.98,2089.77
CUST_01617,Alex,Wilson,alex.wilson1617@example-domain.com,Miami,Florida,33101,2024-02-29,Small Business,Alex Wilson,Loyal Customers,344,11.0,81.0,7.0,2542.53,3432.42
CUST_01618,Chris,Moore,chris.moore1618@example-domain.com,Denver,Colorado,80202,2024-12-28,Consumer,Chris Moore,Customers Needing Attention,212,5.0,103.0,4.0,1366.76,1845.13
CUST_01619,Mia,Jones,mia.jones1619@example-domain.com,Austin,Texas,78701,2023-07-10,Consumer,Mia Jones,At Risk,255,12.0,160.0,10.0,4637.62,6260.79
CUST_01620,Liam,Martinez,liam.martinez1620@example-domain.com,Columbus,Ohio,43215,2024-05-17,Corporate,Liam Martinez,Lost Customers,111,3.0,247.0,2.0,258.65,349.18
CUST_01621,Jordan,Martinez,jordan.martinez1621@example-domain.com,Orlando,Florida,32801,2024-05-20,Consumer,Jordan Martinez,Loyal Customers,532,10.0,11.0,6.0,1563.99,2111.39
CUST_01622,Lucas,Anderson,lucas.anderson1622@example-domain.com,Dallas,Texas,75201,2023-01-28,Consumer,Lucas Anderson,Promising,322,7.0,50.0,5.0,1412.22,1906.5
CUST_01623,Alex,Jones,alex.jones1623@example-domain.com,Miami,Florida,33101,2023-11-04,Consumer,Alex Jones,Champions,455,14.0,35.0,10.0,4326.09,5840.22
CUST_01624,Emma,Brown,emma.brown1624@example-domain.com,Orlando,Florida,32801,2024-03-03,Small Business,Emma Brown,Can't Lose Them,154,10.0,284.0,9.0,3092.65,4175.08
CUST_01625,Chris,Thomas,chris.thomas1625@example-domain.com,Dallas,Texas,75201,2023-01-30,Consumer,Chris Thomas,Loyal Customers,335,11.0,87.0,6.0,3510.62,4739.34
CUST_01626,Morgan,Rodriguez,morgan.rodriguez1626@example-domain.com,Philadelphia,Pennsylvania,19102,2023-03-10,Consumer,Morgan Rodriguez,At Risk,244,10.0,95.0,7.0,2700.85,3646.15
CUST_01627,Jackson,Lopez,jackson.lopez1627@example-domain.com,Philadelphia,Pennsylvania,19102,2024-08-02,Consumer,Jackson Lopez,Loyal Customers,344,11.0,83.0,7.0,2405.96,3248.05
CUST_01628,Olivia,Rodriguez,olivia.rodriguez1628@example-domain.com,Philadelphia,Pennsylvania,19102,2024-12-11,Consumer,Olivia Rodriguez,Champions,443,11.0,41.0,8.0,1659.8899999999999,2240.85
CUST_01629,Morgan,Lopez,morgan.lopez1629@example-domain.com,Raleigh,North Carolina,27601,2024-08-12,Consumer,Morgan Lopez,Potential Loyalists,511,7.0,3.0,3.0,619.19,835.91
CUST_01630,Alex,Rodriguez,alex.rodriguez1630@example-domain.com,Houston,Texas,77001,2024-08-18,Consumer,Alex Rodriguez,Hibernating,121,4.0,263.0,5.0,951.72,1284.82
CUST_01631,Jordan,Jones,jordan.jones1631@example-domain.com,Chicago,Illinois,60601,2024-04-17,Corporate,Jordan Jones,Loyal Customers,333,9.0,45.0,6.0,2094.95,2828.18
CUST_01632,Sam,Lopez,sam.lopez1632@example-domain.com,Houston,Texas,77001,2023-02-24,Consumer,Sam Lopez,Lost Customers,112,4.0,279.0,4.0,1074.51,1450.59
CUST_01633,Cameron,Lopez,cameron.lopez1633@example-domain.com,Atlanta,Georgia,30301,2024-10-13,Consumer,Cameron Lopez,Champions,443,11.0,32.0,7.0,1636.78,2209.65
CUST_01634,Sophia,Johnson,sophia.johnson1634@example-domain.com,Orlando,Florida,32801,2023-10-26,Corporate,Sophia Johnson,Hibernating,122,5.0,226.0,5.0,1458.3899999999999,1968.83
CUST_01635,Ava,Williams,ava.williams1635@example-domain.com,Raleigh,North Carolina,27601,2023-07-18,Small Business,Ava Williams,Champions,455,14.0,32.0,12.0,3205.57,4327.52
CUST_01636,Chris,Brown,chris.brown1636@example-domain.com,Houston,Texas,77001,2024-07-10,Consumer,Chris Brown,Lost Customers,111,3.0,538.0,3.0,936.0799999999999,1263.71
CUST_01637,Ethan,Hernandez,ethan.hernandez1637@example-domain.com,Orlando,Florida,32801,2023-10-05,Consumer,Ethan Hernandez,Promising,324,9.0,57.0,5.0,2463.27,3325.41
CUST_01638,Sophia,Brown,sophia.brown1638@example-domain.com,Columbus,Ohio,43215,2024-08-16,Consumer,Sophia Brown,Loyal Customers,345,12.0,59.0,8.0,4554.88,6149.09
CUST_01639,Sophia,Jones,sophia.jones1639@example-domain.com,Los Angeles,California,90001,2023-05-21,Small Business,Sophia Jones,Promising,312,6.0,54.0,2.0,1279.05,1726.72
CUST_01640,Ava,Martinez,ava.martinez1640@example-domain.com,Seattle,Washington,98101,2024-05-11,Small Business,Ava Martinez,Loyal Customers,355,13.0,83.0,9.0,6035.57,8148.02
CUST_01641,Olivia,Hernandez,olivia.hernandez1641@example-domain.com,Houston,Texas,77001,2023-04-15,Consumer,Olivia Hernandez,Promising,311,5.0,69.0,2.0,191.59,258.65
CUST_01642,Pat,Jones,pat.jones1642@example-domain.com,Raleigh,North Carolina,27601,2023-08-15,Corporate,Pat Jones,Customers Needing Attention,225,9.0,95.0,5.0,3755.5,5069.92
CUST_01643,Pat,Moore,pat.moore1643@example-domain.com,Raleigh,North Carolina,27601,2024-06-28,Consumer,Pat Moore,Potential Loyalists,412,7.0,23.0,4.0,1288.6599999999999,1739.69
CUST_01644,Lucas,Brown,lucas.brown1644@example-domain.com,Atlanta,Georgia,30301,2024-04-16,Consumer,Lucas Brown,Potential Loyalists,511,7.0,1.0,4.0,259.51,350.34
CUST_01645,Taylor,Brown,taylor.brown1645@example-domain.com,Buffalo,New York,14201,2023-01-18,Consumer,Taylor Brown,Hibernating,133,7.0,301.0,6.0,1688.0,2278.8
CUST_01646,Emma,Lopez,emma.lopez1646@example-domain.com,Orlando,Florida,32801,2024-12-08,Corporate,Emma Lopez,Champions,442,10.0,38.0,7.0,1070.53,1445.22
CUST_01647,Sophia,Jones,sophia.jones1647@example-domain.com,Denver,Colorado,80202,2024-09-03,Consumer,Sophia Jones,Champions,542,11.0,2.0,7.0,1522.94,2055.97
CUST_01648,Ava,Hernandez,ava.hernandez1648@example-domain.com,Houston,Texas,77001,2024-12-27,Corporate,Ava Hernandez,Loyal Customers,345,12.0,88.0,7.0,3237.61,4370.77
CUST_01649,Dakota,Smith,dakota.smith1649@example-domain.com,New York City,New York,10001,2023-08-16,Corporate,Dakota Smith,Loyal Customers,332,8.0,46.0,6.0,1288.3400000000001,1739.26
CUST_01650,Sam,Jones,sam.jones1650@example-domain.com,Dallas,Texas,75201,2023-11-11,Corporate,Sam Jones,Champions,453,12.0,22.0,9.0,1941.74,2621.35
CUST_01651,Sam,Miller,sam.miller1651@example-domain.com,Buffalo,New York,14201,2023-03-22,Consumer,Sam Miller,Lost Customers,114,6.0,340.0,4.0,2898.4300000000003,3912.88
CUST_01652,Olivia,Brown,olivia.brown1652@example-domain.com,San Diego,California,92101,2023-01-20,Consumer,Olivia Brown,Champions,545,14.0,8.0,7.0,3135.21,4232.53
CUST_01653,Emma,Wilson,emma.wilson1653@example-domain.com,San Francisco,California,94102,2023-07-21,Consumer,Emma Wilson,Champions,554,14.0,3.0,12.0,2944.51,3975.09
CUST_01654,Morgan,Johnson,morgan.johnson1654@example-domain.com,Raleigh,North Carolina,27601,2024-08-30,Consumer,Morgan Johnson,Promising,311,5.0,70.0,3.0,983.48,1327.7
CUST_01655,Jordan,Thomas,jordan.thomas1655@example-domain.com,New York City,New York,10001,2023-09-17,Consumer,Jordan Thomas,Potential Loyalists,421,7.0,38.0,5.0,1002.62,1353.54
CUST_01656,Jordan,Williams,jordan.williams1656@example-domain.com,Orlando,Florida,32801,2024-11-14,Small Business,Jordan Williams,Hibernating,132,6.0,234.0,6.0,1277.17,1724.18
CUST_01657,Alex,Brown,alex.brown1657@example-domain.com,New York City,New York,10001,2024-09-08,Consumer,Alex Brown,Loyal Customers,432,9.0,33.0,6.0,1116.85,1507.75
CUST_01658,Pat,Jackson,pat.jackson1658@example-domain.com,Austin,Texas,78701,2023-07-09,Consumer,Pat Jackson,Promising,312,6.0,65.0,2.0,1192.68,1610.12
CUST_01659,Sophia,Smith,sophia.smith1659@example-domain.com,San Diego,California,92101,2023-05-30,Consumer,Sophia Smith,Hibernating,122,5.0,280.0,5.0,1275.24,1721.57
CUST_01660,Cameron,Jackson,cameron.jackson1660@example-domain.com,Seattle,Washington,98101,2023-12-27,Consumer,Cameron Jackson,Loyal Customers,534,12.0,10.0,6.0,2923.3599999999997,3946.54
CUST_01661,Chris,Taylor,chris.taylor1661@example-domain.com,Dallas,Texas,75201,2024-06-01,Consumer,Chris Taylor,Potential Loyalists,423,9.0,38.0,5.0,1722.3200000000002,2325.13
CUST_01662,Mia,Williams,mia.williams1662@example-domain.com,New York City,New York,10001,2024-08-15,Consumer,Mia Williams,Customers Needing Attention,211,4.0,127.0,3.0,710.9100000000001,959.73
CUST_01663,Alex,Taylor,alex.taylor1663@example-domain.com,Austin,Texas,78701,2023-07-16,Small Business,Alex Taylor,Champions,555,15.0,1.0,12.0,3790.76,5117.53
CUST_01664,Dakota,Garcia,dakota.garcia1664@example-domain.com,Columbus,Ohio,43215,2023-01-05,Consumer,Dakota Garcia,Customers Needing Attention,213,6.0,93.0,4.0,1774.5900000000001,2395.7
CUST_01665,Morgan,Miller,morgan.miller1665@example-domain.com,Raleigh,North Carolina,27601,2024-12-25,Small Business,Morgan Miller,Lost Customers,111,3.0,371.0,3.0,572.24,772.52
CUST_01666,Emma,Lopez,emma.lopez1666@example-domain.com,Houston,Texas,77001,2024-03-26,Corporate,Emma Lopez,Loyal Customers,355,13.0,46.0,9.0,5149.4800000000005,6951.8
CUST_01667,Morgan,Garcia,morgan.garcia1667@example-domain.com,Seattle,Washington,98101,2024-01-24,Consumer,Morgan Garcia,Loyal Customers,333,9.0,65.0,6.0,2174.53,2935.62
CUST_01668,Olivia,Miller,olivia.miller1668@example-domain.com,Raleigh,North Carolina,27601,2023-08-22,Small Business,Olivia Miller,Champions,443,11.0,36.0,8.0,2103.88,2840.24
CUST_01669,Olivia,Brown,olivia.brown1669@example-domain.com,Chicago,Illinois,60601,2023-05-07,Consumer,Olivia Brown,Loyal Customers,343,10.0,50.0,8.0,2204.67,2976.3
CUST_01670,Noah,Brown,noah.brown1670@example-domain.com,Raleigh,North Carolina,27601,2023-05-20,Corporate,Noah Brown,Promising,322,7.0,48.0,5.0,1595.02,2153.28
CUST_01671,Emma,Lopez,emma.lopez1671@example-domain.com,Orlando,Florida,32801,2024-07-24,Consumer,Emma Lopez,Champions,444,12.0,33.0,7.0,2555.4300000000003,3449.83
CUST_01672,Jordan,Williams,jordan.williams1672@example-domain.com,Chicago,Illinois,60601,2024-05-20,Corporate,Jordan Williams,Potential Loyalists,525,12.0,12.0,5.0,3557.1,4802.08
CUST_01673,Morgan,Gonzalez,morgan.gonzalez1673@example-domain.com,Orlando,Florida,32801,2024-04-12,Corporate,Morgan Gonzalez,Loyal Customers,341,8.0,51.0,7.0,770.74,1040.5
CUST_01674,Jackson,Martinez,jackson.martinez1674@example-domain.com,Denver,Colorado,80202,2023-08-20,Corporate,Jackson Martinez,Can't Lose Them,154,10.0,359.0,9.0,2822.19,3809.96
CUST_01675,Lucas,Wilson,lucas.wilson1675@example-domain.com,Orlando,Florida,32801,2024-03-14,Corporate,Lucas Wilson,Promising,321,6.0,58.0,5.0,267.66,361.34
CUST_01676,Pat,Williams,pat.williams1676@example-domain.com,Philadelphia,Pennsylvania,19102,2024-11-26,Consumer,Pat Williams,Lost Customers,111,3.0,323.0,3.0,648.49,875.46
CUST_01677,Sophia,Garcia,sophia.garcia1677@example-domain.com,Los Angeles,California,90001,2024-11-21,Consumer,Sophia Garcia,Loyal Customers,433,10.0,30.0,6.0,1648.48,2225.45
CUST_01678,Emma,Brown,emma.brown1678@example-domain.com,Boston,Massachusetts,02108,2024-03-24,Consumer,Emma Brown,Loyal Customers,335,11.0,49.0,6.0,3944.78,5325.45
CUST_01679,Ava,Williams,ava.williams1679@example-domain.com,New York City,New York,10001,2023-05-27,Consumer,Ava Williams,At Risk,244,10.0,198.0,8.0,2230.33,3010.95
CUST_01680,Liam,Gonzalez,liam.gonzalez1680@example-domain.com,New York City,New York,10001,2023-06-22,Consumer,Liam Gonzalez,Can't Lose Them,144,9.0,261.0,8.0,2748.88,3710.99
CUST_01681,Taylor,Lopez,taylor.lopez1681@example-domain.com,Austin,Texas,78701,2023-12-13,Consumer,Taylor Lopez,Loyal Customers,434,11.0,37.0,6.0,2249.75,3037.16
CUST_01682,Pat,Martin,pat.martin1682@example-domain.com,Boston,Massachusetts,02108,2023-05-06,Small Business,Pat Martin,At Risk,253,10.0,114.0,9.0,2121.61,2864.17
CUST_01683,Riley,Wilson,riley.wilson1683@example-domain.com,Philadelphia,Pennsylvania,19102,2023-10-13,Consumer,Riley Wilson,Loyal Customers,345,12.0,64.0,8.0,3834.96,5177.2
CUST_01684,Mia,Jackson,mia.jackson1684@example-domain.com,Miami,Florida,33101,2024-10-21,Corporate,Mia Jackson,Potential Loyalists,411,6.0,26.0,3.0,511.62,690.69
CUST_01685,Liam,Lopez,liam.lopez1685@example-domain.com,Philadelphia,Pennsylvania,19102,2024-11-13,Consumer,Liam Lopez,Loyal Customers,344,11.0,57.0,8.0,2345.54,3166.48
CUST_01686,Jackson,Gonzalez,jackson.gonzalez1686@example-domain.com,Philadelphia,Pennsylvania,19102,2024-06-07,Corporate,Jackson Gonzalez,Promising,324,9.0,83.0,5.0,2266.4,3059.64
CUST_01687,Cameron,Jones,cameron.jones1687@example-domain.com,Denver,Colorado,80202,2023-04-21,Small Business,Cameron Jones,Champions,543,12.0,20.0,8.0,1834.72,2476.87
CUST_01688,Morgan,Rodriguez,morgan.rodriguez1688@example-domain.com,Philadelphia,Pennsylvania,19102,2024-05-24,Consumer,Morgan Rodriguez,Loyal Customers,434,11.0,34.0,6.0,2373.05,3203.62
CUST_01689,Riley,Jones,riley.jones1689@example-domain.com,Los Angeles,California,90001,2023-04-12,Consumer,Riley Jones,Champions,544,13.0,14.0,7.0,2416.67,3262.5
CUST_01690,Jordan,Williams,jordan.williams1690@example-domain.com,Philadelphia,Pennsylvania,19102,2024-11-25,Corporate,Jordan Williams,Potential Loyalists,421,7.0,23.0,5.0,926.53,1250.82
CUST_01691,Alex,Garcia,alex.garcia1691@example-domain.com,Boston,Massachusetts,02108,2024-09-11,Consumer,Alex Garcia,Promising,325,10.0,62.0,5.0,3609.9900000000002,4873.49
CUST_01692,Ethan,Jones,ethan.jones1692@example-domain.com,Orlando,Florida,32801,2024-09-28,Consumer,Ethan Jones,Customers Needing Attention,221,5.0,124.0,5.0,804.49,1086.06
CUST_01693,Jackson,Brown,jackson.brown1693@example-domain.com,San Diego,California,92101,2024-11-07,Consumer,Jackson Brown,Customers Needing Attention,222,6.0,213.0,5.0,1579.28,2132.03
CUST_01694,Ava,Thomas,ava.thomas1694@example-domain.com,Denver,Colorado,80202,2023-07-26,Consumer,Ava Thomas,Lost Customers,111,3.0,787.0,3.0,767.85,1036.6
CUST_01695,Dakota,Thomas,dakota.thomas1695@example-domain.com,Philadelphia,Pennsylvania,19102,2024-05-31,Consumer,Dakota Thomas,Customers Needing Attention,214,7.0,140.0,4.0,2443.83,3299.17
CUST_01696,Cameron,Moore,cameron.moore1696@example-domain.com,Chicago,Illinois,60601,2024-07-07,Consumer,Cameron Moore,Promising,312,6.0,50.0,4.0,1137.05,1535.02
CUST_01697,Lucas,Smith,lucas.smith1697@example-domain.com,San Francisco,California,94102,2024-03-16,Consumer,Lucas Smith,Customers Needing Attention,223,7.0,210.0,5.0,1909.21,2577.43
CUST_01698,Morgan,Gonzalez,morgan.gonzalez1698@example-domain.com,Denver,Colorado,80202,2023-11-19,Consumer,Morgan Gonzalez,Customers Needing Attention,211,4.0,182.0,2.0,736.76,994.63
CUST_01699,Liam,Anderson,liam.anderson1699@example-domain.com,Denver,Colorado,80202,2023-02-06,Small Business,Liam Anderson,Hibernating,125,8.0,326.0,5.0,3803.21,5134.33
CUST_01700,Jordan,Garcia,jordan.garcia1700@example-domain.com,Columbus,Ohio,43215,2024-11-06,Consumer,Jordan Garcia,Customers Needing Attention,211,4.0,149.0,4.0,720.0899999999999,972.12
CUST_01701,Dakota,Garcia,dakota.garcia1701@example-domain.com,Philadelphia,Pennsylvania,19102,2024-03-17,Small Business,Dakota Garcia,Champions,443,11.0,32.0,8.0,1955.13,2639.43
CUST_01702,Sam,Martinez,sam.martinez1702@example-domain.com,Boston,Massachusetts,02108,2024-05-14,Consumer,Sam Martinez,Lost Customers,112,4.0,438.0,2.0,1099.67,1484.55
CUST_01703,Morgan,Jackson,morgan.jackson1703@example-domain.com,Philadelphia,Pennsylvania,19102,2024-11-06,Consumer,Morgan Jackson,Loyal Customers,431,8.0,34.0,6.0,819.94,1106.92
CUST_01704,Lucas,Moore,lucas.moore1704@example-domain.com,Philadelphia,Pennsylvania,19102,2024-05-02,Consumer,Lucas Moore,Customers Needing Attention,225,9.0,131.0,5.0,3494.8999999999996,4718.12
CUST_01705,Lucas,Garcia,lucas.garcia1705@example-domain.com,Raleigh,North Carolina,27601,2023-02-27,Consumer,Lucas Garcia,Hibernating,131,5.0,229.0,6.0,1021.94,1379.62
CUST_01706,Liam,Rodriguez,liam.rodriguez1706@example-domain.com,Philadelphia,Pennsylvania,19102,2024-08-28,Consumer,Liam Rodriguez,Champions,553,13.0,8.0,10.0,1767.79,2386.52
CUST_01707,Liam,Martin,liam.martin1707@example-domain.com,Seattle,Washington,98101,2023-10-19,Consumer,Liam Martin,At Risk,243,9.0,180.0,8.0,2145.41,2896.3
CUST_01708,Ethan,Johnson,ethan.johnson1708@example-domain.com,Los Angeles,California,90001,2024-08-27,Consumer,Ethan Johnson,Customers Needing Attention,211,4.0,174.0,4.0,834.25,1126.24
CUST_01709,Jordan,Jones,jordan.jones1709@example-domain.com,Seattle,Washington,98101,2023-12-24,Consumer,Jordan Jones,Lost Customers,111,3.0,228.0,4.0,853.96,1152.85
CUST_01710,Mia,Smith,mia.smith1710@example-domain.com,Chicago,Illinois,60601,2024-01-25,Consumer,Mia Smith,Loyal Customers,535,13.0,5.0,6.0,4781.38,6454.86
CUST_01711,Morgan,Wilson,morgan.wilson1711@example-domain.com,Seattle,Washington,98101,2024-01-01,Consumer,Morgan Wilson,Lost Customers,113,5.0,411.0,3.0,1657.94,2238.22
CUST_01712,Olivia,Lopez,olivia.lopez1712@example-domain.com,San Francisco,California,94102,2024-11-08,Consumer,Olivia Lopez,Loyal Customers,342,9.0,90.0,7.0,1225.09,1653.87
CUST_01713,Riley,Davis,riley.davis1713@example-domain.com,Dallas,Texas,75201,2024-10-25,Corporate,Riley Davis,Loyal Customers,532,10.0,12.0,6.0,1540.68,2079.92
CUST_01714,Dakota,Jackson,dakota.jackson1714@example-domain.com,San Diego,California,92101,2024-12-05,Consumer,Dakota Jackson,Lost Customers,112,4.0,360.0,3.0,1464.09,1976.52
CUST_01715,Taylor,Martinez,taylor.martinez1715@example-domain.com,New York City,New York,10001,2023-12-12,Consumer,Taylor Martinez,Champions,545,14.0,18.0,7.0,3126.2000000000003,4220.37
CUST_01716,Chris,Smith,chris.smith1716@example-domain.com,Columbus,Ohio,43215,2023-11-30,Small Business,Chris Smith,At Risk,243,9.0,165.0,7.0,1787.25,2412.79
CUST_01717,Jordan,Anderson,jordan.anderson1717@example-domain.com,Atlanta,Georgia,30301,2024-08-04,Consumer,Jordan Anderson,Lost Customers,111,3.0,233.0,4.0,914.55,1234.64
CUST_01718,Ava,Wilson,ava.wilson1718@example-domain.com,Miami,Florida,33101,2023-01-21,Consumer,Ava Wilson,Customers Needing Attention,225,9.0,98.0,5.0,3169.94,4279.42
CUST_01719,Emma,Jackson,emma.jackson1719@example-domain.com,Los Angeles,California,90001,2023-11-21,Small Business,Emma Jackson,Lost Customers,112,4.0,256.0,4.0,1595.89,2154.45
CUST_01720,Liam,Jackson,liam.jackson1720@example-domain.com,Boston,Massachusetts,02108,2023-11-27,Consumer,Liam Jackson,Can't Lose Them,144,9.0,350.0,7.0,2519.15,3400.85
CUST_01721,Mia,Brown,mia.brown1721@example-domain.com,Philadelphia,Pennsylvania,19102,2023-04-13,Consumer,Mia Brown,Hibernating,132,6.0,307.0,6.0,1064.93,1437.66
CUST_01722,Pat,Hernandez,pat.hernandez1722@example-domain.com,Philadelphia,Pennsylvania,19102,2024-05-29,Consumer,Pat Hernandez,Potential Loyalists,411,6.0,34.0,2.0,229.51,309.84
CUST_01723,Ethan,Garcia,ethan.garcia1723@example-domain.com,Orlando,Florida,32801,2024-01-08,Consumer,Ethan Garcia,Champions,553,13.0,2.0,11.0,2174.35,2935.37
CUST_01724,Olivia,Miller,olivia.miller1724@example-domain.com,Philadelphia,Pennsylvania,19102,2024-10-12,Consumer,Olivia Miller,Hibernating,122,5.0,444.0,5.0,1127.43,1522.03
CUST_01725,Taylor,Moore,taylor.moore1725@example-domain.com,Austin,Texas,78701,2023-10-22,Consumer,Taylor Moore,Champions,555,15.0,2.0,12.0,4062.22,5484.0
CUST_01726,Cameron,Johnson,cameron.johnson1726@example-domain.com,Orlando,Florida,32801,2024-08-10,Consumer,Cameron Johnson,Loyal Customers,344,11.0,61.0,8.0,2383.28,3217.43
CUST_01727,Liam,Davis,liam.davis1727@example-domain.com,San Diego,California,92101,2024-08-15,Consumer,Liam Davis,Promising,323,8.0,75.0,5.0,1849.5699999999997,2496.92
CUST_01728,Morgan,Jackson,morgan.jackson1728@example-domain.com,Chicago,Illinois,60601,2023-10-07,Small Business,Morgan Jackson,Lost Customers,113,5.0,394.0,3.0,1754.2,2368.17
CUST_01729,Taylor,Jackson,taylor.jackson1729@example-domain.com,Raleigh,North Carolina,27601,2024-05-01,Corporate,Taylor Jackson,Loyal Customers,333,9.0,69.0,6.0,2185.2599999999998,2950.1
CUST_01730,Olivia,Miller,olivia.miller1730@example-domain.com,Seattle,Washington,98101,2023-03-20,Consumer,Olivia Miller,Can't Lose Them,142,7.0,243.0,7.0,1158.95,1564.58
CUST_01731,Dakota,Taylor,dakota.taylor1731@example-domain.com,Orlando,Florida,32801,2024-03-19,Consumer,Dakota Taylor,At Risk,244,10.0,162.0,7.0,2626.0,3545.1
CUST_01732,Lucas,Hernandez,lucas.hernandez1732@example-domain.com,Austin,Texas,78701,2024-02-29,Consumer,Lucas Hernandez,Champions,545,14.0,6.0,8.0,3313.02,4472.58
CUST_01733,Liam,Rodriguez,liam.rodriguez1733@example-domain.com,Raleigh,North Carolina,27601,2024-04-09,Consumer,Liam Rodriguez,Loyal Customers,354,12.0,56.0,9.0,3054.78,4123.95
CUST_01734,Lucas,Garcia,lucas.garcia1734@example-domain.com,Los Angeles,California,90001,2024-10-04,Consumer,Lucas Garcia,Champions,454,13.0,37.0,10.0,2679.56,3617.41
CUST_01735,Ava,Garcia,ava.garcia1735@example-domain.com,Philadelphia,Pennsylvania,19102,2023-08-07,Consumer,Ava Garcia,Promising,312,6.0,59.0,4.0,1228.8500000000001,1658.95
CUST_01736,Noah,Rodriguez,noah.rodriguez1736@example-domain.com,Columbus,Ohio,43215,2024-09-21,Corporate,Noah Rodriguez,Customers Needing Attention,211,4.0,105.0,3.0,768.7,1037.75
CUST_01737,Olivia,Jackson,olivia.jackson1737@example-domain.com,San Francisco,California,94102,2024-06-18,Consumer,Olivia Jackson,Champions,445,13.0,24.0,8.0,3243.7200000000003,4379.02
CUST_01738,Pat,Lopez,pat.lopez1738@example-domain.com,Denver,Colorado,80202,2023-06-01,Consumer,Pat Lopez,Can't Lose Them,145,10.0,234.0,7.0,6169.33,8328.6
CUST_01739,Riley,Jones,riley.jones1739@example-domain.com,Orlando,Florida,32801,2024-03-21,Consumer,Riley Jones,Champions,542,11.0,19.0,7.0,1107.59,1495.25
CUST_01740,Olivia,Hernandez,olivia.hernandez1740@example-domain.com,San Diego,California,92101,2024-10-11,Consumer,Olivia Hernandez,At Risk,244,10.0,93.0,8.0,2257.04,3047.0
CUST_01741,Pat,Wilson,pat.wilson1741@example-domain.com,Miami,Florida,33101,2023-10-21,Corporate,Pat Wilson,Lost Customers,113,5.0,605.0,3.0,1828.73,2468.79
CUST_01742,Chris,Rodriguez,chris.rodriguez1742@example-domain.com,Dallas,Texas,75201,2024-02-20,Corporate,Chris Rodriguez,Customers Needing Attention,223,7.0,95.0,5.0,2012.2,2716.47
CUST_01743,Riley,Brown,riley.brown1743@example-domain.com,Buffalo,New York,14201,2023-07-16,Corporate,Riley Brown,Loyal Customers,432,9.0,39.0,6.0,1172.28,1582.58
CUST_01744,Alex,Davis,alex.davis1744@example-domain.com,Orlando,Florida,32801,2024-04-20,Consumer,Alex Davis,Promising,311,5.0,76.0,4.0,885.4699999999999,1195.38
CUST_01745,Emma,Moore,emma.moore1745@example-domain.com,Atlanta,Georgia,30301,2024-03-08,Consumer,Emma Moore,Loyal Customers,345,12.0,58.0,7.0,4070.43,5495.08
CUST_01746,Jordan,Miller,jordan.miller1746@example-domain.com,Houston,Texas,77001,2023-10-07,Consumer,Jordan Miller,Customers Needing Attention,223,7.0,203.0,5.0,1652.27,2230.56
CUST_01747,Sam,Smith,sam.smith1747@example-domain.com,Miami,Florida,33101,2023-10-12,Consumer,Sam Smith,Champions,445,13.0,37.0,7.0,4210.6,5684.31
CUST_01748,Lucas,Garcia,lucas.garcia1748@example-domain.com,San Francisco,California,94102,2024-05-12,Consumer,Lucas Garcia,Lost Customers,112,4.0,597.0,3.0,1181.98,1595.67
CUST_01749,Alex,Johnson,alex.johnson1749@example-domain.com,San Diego,California,92101,2023-11-18,Corporate,Alex Johnson,Lost Customers,112,4.0,217.0,3.0,1067.56,1441.21
CUST_01750,Jackson,Martinez,jackson.martinez1750@example-domain.com,San Diego,California,92101,2024-02-21,Consumer,Jackson Martinez,Loyal Customers,344,11.0,59.0,7.0,2344.4500000000003,3165.01
CUST_01751,Sophia,Williams,sophia.williams1751@example-domain.com,Boston,Massachusetts,02108,2023-05-24,Consumer,Sophia Williams,Loyal Customers,332,8.0,52.0,6.0,1367.59,1846.25
CUST_01752,Riley,Brown,riley.brown1752@example-domain.com,Raleigh,North Carolina,27601,2023-05-04,Consumer,Riley Brown,Champions,544,13.0,18.0,7.0,2430.9700000000003,3281.81
CUST_01753,Ava,Jackson,ava.jackson1753@example-domain.com,Raleigh,North Carolina,27601,2023-09-15,Consumer,Ava Jackson,Loyal Customers,343,10.0,44.0,7.0,1987.6,2683.26
CUST_01754,Emma,Williams,emma.williams1754@example-domain.com,Dallas,Texas,75201,2024-09-06,Consumer,Emma Williams,Champions,555,15.0,7.0,11.0,3233.24,4364.87
CUST_01755,Morgan,Hernandez,morgan.hernandez1755@example-domain.com,Chicago,Illinois,60601,2024-08-21,Small Business,Morgan Hernandez,Hibernating,122,5.0,269.0,5.0,1189.01,1605.16
CUST_01756,Liam,Davis,liam.davis1756@example-domain.com,Atlanta,Georgia,30301,2023-08-12,Corporate,Liam Davis,Champions,545,14.0,9.0,8.0,3860.0699999999997,5211.09
CUST_01757,Sam,Brown,sam.brown1757@example-domain.com,Houston,Texas,77001,2023-08-08,Small Business,Sam Brown,Potential Loyalists,412,7.0,40.0,4.0,1395.91,1884.48
CUST_01758,Cameron,Anderson,cameron.anderson1758@example-domain.com,Atlanta,Georgia,30301,2023-09-18,Consumer,Cameron Anderson,Lost Customers,111,3.0,835.0,1.0,275.28,371.63
CUST_01759,Mia,Johnson,mia.johnson1759@example-domain.com,Philadelphia,Pennsylvania,19102,2024-06-30,Consumer,Mia Johnson,Loyal Customers,433,10.0,35.0,6.0,1684.31,2273.82
CUST_01760,Sophia,Brown,sophia.brown1760@example-domain.com,Chicago,Illinois,60601,2024-07-12,Consumer,Sophia Brown,At Risk,234,9.0,204.0,6.0,2490.1,3361.64
CUST_01761,Olivia,Thomas,olivia.thomas1761@example-domain.com,Dallas,Texas,75201,2023-10-12,Consumer,Olivia Thomas,At Risk,244,10.0,111.0,7.0,2543.9900000000002,3434.39
CUST_01762,Sam,Lopez,sam.lopez1762@example-domain.com,Philadelphia,Pennsylvania,19102,2024-01-12,Corporate,Sam Lopez,Champions,545,14.0,15.0,7.0,3605.93,4868.01
CUST_01763,Dakota,Smith,dakota.smith1763@example-domain.com,San Francisco,California,94102,2024-11-09,Consumer,Dakota Smith,At Risk,232,7.0,180.0,6.0,1473.18,1988.79
CUST_01764,Jordan,Davis,jordan.davis1764@example-domain.com,Miami,Florida,33101,2024-07-19,Consumer,Jordan Davis,Lost Customers,111,3.0,306.0,4.0,540.9,730.22
CUST_01765,Liam,Martinez,liam.martinez1765@example-domain.com,Seattle,Washington,98101,2024-12-02,Consumer,Liam Martinez,Potential Loyalists,412,7.0,42.0,2.0,1105.51,1492.44
CUST_01766,Morgan,Moore,morgan.moore1766@example-domain.com,Dallas,Texas,75201,2024-03-29,Consumer,Morgan Moore,Loyal Customers,344,11.0,76.0,8.0,2497.1800000000003,3371.19
CUST_01767,Liam,Smith,liam.smith1767@example-domain.com,Boston,Massachusetts,02108,2023-09-19,Corporate,Liam Smith,Lost Customers,111,3.0,521.0,3.0,938.51,1266.99
CUST_01768,Dakota,Williams,dakota.williams1768@example-domain.com,Dallas,Texas,75201,2023-11-01,Consumer,Dakota Williams,Lost Customers,111,3.0,382.0,2.0,248.45,335.41
CUST_01769,Pat,Garcia,pat.garcia1769@example-domain.com,Denver,Colorado,80202,2024-10-08,Consumer,Pat Garcia,Customers Needing Attention,222,6.0,199.0,5.0,1583.97,2138.36
CUST_01770,Ethan,Wilson,ethan.wilson1770@example-domain.com,San Francisco,California,94102,2023-10-08,Consumer,Ethan Wilson,At Risk,245,11.0,97.0,8.0,3806.61,5138.92
CUST_01771,Taylor,Thomas,taylor.thomas1771@example-domain.com,Philadelphia,Pennsylvania,19102,2024-02-27,Consumer,Taylor Thomas,Potential Loyalists,511,7.0,20.0,4.0,1007.68,1360.37
CUST_01772,Ethan,Wilson,ethan.wilson1772@example-domain.com,New York City,New York,10001,2023-06-14,Corporate,Ethan Wilson,At Risk,255,12.0,107.0,12.0,3985.0099999999998,5379.76
CUST_01773,Cameron,Taylor,cameron.taylor1773@example-domain.com,San Diego,California,92101,2023-12-27,Corporate,Cameron Taylor,Champions,555,15.0,17.0,10.0,3722.6099999999997,5025.52
CUST_01774,Olivia,Martin,olivia.martin1774@example-domain.com,Columbus,Ohio,43215,2023-12-01,Small Business,Olivia Martin,Lost Customers,112,4.0,248.0,2.0,1486.9,2007.32
CUST_01775,Noah,Smith,noah.smith1775@example-domain.com,San Francisco,California,94102,2024-10-18,Corporate,Noah Smith,Champions,545,14.0,5.0,8.0,4654.3,6283.3
CUST_01776,Chris,Anderson,chris.anderson1776@example-domain.com,Buffalo,New York,14201,2023-01-04,Consumer,Chris Anderson,Champions,443,11.0,29.0,8.0,1758.94,2374.57
CUST_01777,Liam,Miller,liam.miller1777@example-domain.com,Orlando,Florida,32801,2023-11-18,Consumer,Liam Miller,Champions,443,11.0,34.0,7.0,1775.03,2396.29
CUST_01778,Mia,Williams,mia.williams1778@example-domain.com,New York City,New York,10001,2023-06-11,Consumer,Mia Williams,Loyal Customers,335,11.0,74.0,6.0,4175.3,5636.66
CUST_01779,Riley,Taylor,riley.taylor1779@example-domain.com,Buffalo,New York,14201,2024-08-31,Consumer,Riley Taylor,At Risk,255,12.0,184.0,9.0,5762.79,7779.77
CUST_01780,Olivia,Hernandez,olivia.hernandez1780@example-domain.com,Denver,Colorado,80202,2024-05-04,Corporate,Olivia Hernandez,Lost Customers,112,4.0,283.0,3.0,1045.45,1411.36
CUST_01781,Sam,Rodriguez,sam.rodriguez1781@example-domain.com,Houston,Texas,77001,2024-12-04,Consumer,Sam Rodriguez,Champions,445,13.0,30.0,7.0,3795.75,5124.26
CUST_01782,Mia,Hernandez,mia.hernandez1782@example-domain.com,Orlando,Florida,32801,2023-07-23,Small Business,Mia Hernandez,Potential Loyalists,411,6.0,39.0,3.0,905.72,1222.72
CUST_01783,Taylor,Wilson,taylor.wilson1783@example-domain.com,Seattle,Washington,98101,2023-07-06,Consumer,Taylor Wilson,Loyal Customers,533,11.0,9.0,6.0,1821.08,2458.46
CUST_01784,Liam,Gonzalez,liam.gonzalez1784@example-domain.com,Dallas,Texas,75201,2023-01-22,Consumer,Liam Gonzalez,Loyal Customers,355,13.0,46.0,10.0,4853.87,6552.72
CUST_01785,Alex,Moore,alex.moore1785@example-domain.com,Dallas,Texas,75201,2023-04-02,Consumer,Alex Moore,Customers Needing Attention,212,5.0,155.0,4.0,1196.6100000000001,1615.42
CUST_01786,Noah,Miller,noah.miller1786@example-domain.com,Miami,Florida,33101,2024-12-19,Corporate,Noah Miller,Customers Needing Attention,212,5.0,140.0,4.0,1428.1,1927.94
CUST_01787,Chris,Johnson,chris.johnson1787@example-domain.com,Boston,Massachusetts,02108,2024-09-24,Consumer,Chris Johnson,Hibernating,121,4.0,251.0,5.0,912.53,1231.92
CUST_01788,Olivia,Martin,olivia.martin1788@example-domain.com,Miami,Florida,33101,2023-06-02,Consumer,Olivia Martin,Loyal Customers,345,12.0,51.0,8.0,4373.75,5904.56
CUST_01789,Taylor,Lopez,taylor.lopez1789@example-domain.com,Houston,Texas,77001,2024-08-03,Consumer,Taylor Lopez,Potential Loyalists,511,7.0,12.0,3.0,320.53,432.72
CUST_01790,Morgan,Smith,morgan.smith1790@example-domain.com,Raleigh,North Carolina,27601,2024-03-21,Consumer,Morgan Smith,Hibernating,123,6.0,214.0,5.0,1951.51,2634.54
CUST_01791,Noah,Thomas,noah.thomas1791@example-domain.com,New York City,New York,10001,2023-08-18,Consumer,Noah Thomas,Potential Loyalists,413,8.0,39.0,4.0,1634.65,2206.78
CUST_01792,Pat,Miller,pat.miller1792@example-domain.com,Miami,Florida,33101,2023-10-22,Corporate,Pat Miller,Potential Loyalists,413,8.0,28.0,4.0,1687.0,2277.45
CUST_01793,Emma,Gonzalez,emma.gonzalez1793@example-domain.com,Buffalo,New York,14201,2024-03-17,Consumer,Emma Gonzalez,Loyal Customers,341,8.0,58.0,7.0,1005.04,1356.8
CUST_01794,Pat,Martin,pat.martin1794@example-domain.com,Austin,Texas,78701,2023-10-17,Consumer,Pat Martin,Promising,312,6.0,56.0,4.0,1497.2,2021.22
CUST_01795,Pat,Wilson,pat.wilson1795@example-domain.com,Houston,Texas,77001,2024-02-23,Consumer,Pat Wilson,Customers Needing Attention,213,6.0,103.0,4.0,2117.62,2858.79
CUST_01796,Sam,Smith,sam.smith1796@example-domain.com,Orlando,Florida,32801,2023-09-26,Consumer,Sam Smith,Potential Loyalists,413,8.0,31.0,2.0,1982.9399999999998,2676.97
CUST_01797,Riley,Martin,riley.martin1797@example-domain.com,Denver,Colorado,80202,2023-09-12,Corporate,Riley Martin,Loyal Customers,355,13.0,62.0,10.0,3967.98,5356.77
CUST_01798,Sophia,Jackson,sophia.jackson1798@example-domain.com,Denver,Colorado,80202,2023-03-29,Consumer,Sophia Jackson,At Risk,232,7.0,172.0,6.0,1586.15,2141.3
CUST_01799,Alex,Thomas,alex.thomas1799@example-domain.com,Buffalo,New York,14201,2023-11-28,Consumer,Alex Thomas,Champions,444,12.0,24.0,7.0,2774.25,3745.24
CUST_01800,Liam,Miller,liam.miller1800@example-domain.com,Boston,Massachusetts,02108,2024-12-26,Consumer,Liam Miller,At Risk,245,11.0,116.0,8.0,3476.42,4693.17
CUST_01801,Olivia,Martin,olivia.martin1801@example-domain.com,Miami,Florida,33101,2023-03-16,Small Business,Olivia Martin,Champions,443,11.0,40.0,7.0,1763.54,2380.78
CUST_01802,Morgan,Moore,morgan.moore1802@example-domain.com,San Francisco,California,94102,2023-02-23,Corporate,Morgan Moore,Potential Loyalists,522,9.0,2.0,5.0,1370.74,1850.5
CUST_01803,Ethan,Davis,ethan.davis1803@example-domain.com,Philadelphia,Pennsylvania,19102,2023-12-29,Consumer,Ethan Davis,Loyal Customers,431,8.0,25.0,6.0,906.53,1223.82
CUST_01804,Jackson,Martin,jackson.martin1804@example-domain.com,San Francisco,California,94102,2023-01-06,Consumer,Jackson Martin,Lost Customers,111,3.0,879.0,2.0,816.46,1102.22
CUST_01805,Cameron,Taylor,cameron.taylor1805@example-domain.com,Boston,Massachusetts,02108,2023-11-06,Consumer,Cameron Taylor,Potential Loyalists,411,6.0,24.0,3.0,689.23,930.46
CUST_01806,Liam,Lopez,liam.lopez1806@example-domain.com,Buffalo,New York,14201,2024-07-26,Corporate,Liam Lopez,Potential Loyalists,424,10.0,36.0,5.0,2401.1800000000003,3241.59
CUST_01807,Jordan,Jackson,jordan.jackson1807@example-domain.com,Houston,Texas,77001,2023-09-24,Consumer,Jordan Jackson,Champions,544,13.0,6.0,8.0,2814.81,3799.99
CUST_01808,Chris,Taylor,chris.taylor1808@example-domain.com,Philadelphia,Pennsylvania,19102,2023-12-14,Consumer,Chris Taylor,At Risk,235,10.0,127.0,6.0,5641.71,7616.31
CUST_01809,Noah,Jones,noah.jones1809@example-domain.com,San Diego,California,92101,2023-11-21,Consumer,Noah Jones,Can't Lose Them,143,8.0,280.0,8.0,1620.08,2187.11
CUST_01810,Ava,Wilson,ava.wilson1810@example-domain.com,Buffalo,New York,14201,2023-09-24,Consumer,Ava Wilson,Promising,322,7.0,85.0,5.0,1464.03,1976.44
CUST_01811,Morgan,Hernandez,morgan.hernandez1811@example-domain.com,San Francisco,California,94102,2023-05-11,Consumer,Morgan Hernandez,Champions,544,13.0,14.0,8.0,2321.61,3134.17
CUST_01812,Emma,Rodriguez,emma.rodriguez1812@example-domain.com,Seattle,Washington,98101,2024-03-16,Corporate,Emma Rodriguez,Champions,543,12.0,12.0,8.0,1955.95,2640.53
CUST_01813,Dakota,Rodriguez,dakota.rodriguez1813@example-domain.com,Miami,Florida,33101,2024-06-13,Consumer,Dakota Rodriguez,Customers Needing Attention,222,6.0,193.0,5.0,1275.79,1722.32
CUST_01814,Ethan,Wilson,ethan.wilson1814@example-domain.com,Houston,Texas,77001,2023-11-20,Consumer,Ethan Wilson,Can't Lose Them,142,7.0,253.0,7.0,1059.37,1430.15
CUST_01815,Emma,Jones,emma.jones1815@example-domain.com,Columbus,Ohio,43215,2024-11-04,Consumer,Emma Jones,Champions,545,14.0,7.0,8.0,3429.4300000000003,4629.73
CUST_01816,Noah,Johnson,noah.johnson1816@example-domain.com,Austin,Texas,78701,2023-06-02,Small Business,Noah Johnson,Promising,311,5.0,47.0,3.0,626.9100000000001,846.33
CUST_01817,Jordan,Davis,jordan.davis1817@example-domain.com,Houston,Texas,77001,2023-02-06,Consumer,Jordan Davis,Hibernating,123,6.0,240.0,5.0,2196.25,2964.94
CUST_01818,Emma,Rodriguez,emma.rodriguez1818@example-domain.com,Houston,Texas,77001,2024-12-23,Corporate,Emma Rodriguez,Loyal Customers,342,9.0,46.0,8.0,1202.79,1623.77
CUST_01819,Noah,Wilson,noah.wilson1819@example-domain.com,New York City,New York,10001,2024-05-21,Consumer,Noah Wilson,Loyal Customers,434,11.0,26.0,6.0,2442.44,3297.29
CUST_01820,Jordan,Anderson,jordan.anderson1820@example-domain.com,Seattle,Washington,98101,2024-12-27,Consumer,Jordan Anderson,Champions,544,13.0,9.0,7.0,2759.66,3725.54
CUST_01821,Lucas,Thomas,lucas.thomas1821@example-domain.com,Denver,Colorado,80202,2024-05-19,Consumer,Lucas Thomas,Hibernating,133,7.0,480.0,6.0,1975.8,2667.33
CUST_01822,Morgan,Jones,morgan.jones1822@example-domain.com,New York City,New York,10001,2023-12-24,Consumer,Morgan Jones,Loyal Customers,354,12.0,71.0,10.0,2827.25,3816.79
CUST_01823,Taylor,Miller,taylor.miller1823@example-domain.com,Orlando,Florida,32801,2023-07-04,Consumer,Taylor Miller,Customers Needing Attention,223,7.0,178.0,5.0,1771.6100000000001,2391.67
CUST_01824,Chris,Taylor,chris.taylor1824@example-domain.com,Miami,Florida,33101,2024-07-30,Corporate,Chris Taylor,At Risk,255,12.0,101.0,10.0,3524.34,4757.86
CUST_01825,Mia,Miller,mia.miller1825@example-domain.com,Los Angeles,California,90001,2024-06-22,Consumer,Mia Miller,Potential Loyalists,412,7.0,23.0,4.0,1419.04,1915.7
CUST_01826,Mia,Garcia,mia.garcia1826@example-domain.com,Atlanta,Georgia,30301,2023-03-20,Consumer,Mia Garcia,Champions,455,14.0,39.0,14.0,4012.0,5416.2
CUST_01827,Riley,Thomas,riley.thomas1827@example-domain.com,New York City,New York,10001,2023-12-03,Consumer,Riley Thomas,Loyal Customers,434,11.0,24.0,6.0,2829.8900000000003,3820.35
CUST_01828,Alex,Martinez,alex.martinez1828@example-domain.com,New York City,New York,10001,2024-02-08,Small Business,Alex Martinez,Loyal Customers,534,12.0,14.0,6.0,2735.78,3693.3
CUST_01829,Sophia,Jackson,sophia.jackson1829@example-domain.com,New York City,New York,10001,2023-11-28,Corporate,Sophia Jackson,Loyal Customers,355,13.0,71.0,9.0,3958.76,5344.33
CUST_01830,Sam,Smith,sam.smith1830@example-domain.com,San Diego,California,92101,2024-04-16,Consumer,Sam Smith,Champions,443,11.0,38.0,8.0,2021.42,2728.92
CUST_01831,Emma,Anderson,emma.anderson1831@example-domain.com,Miami,Florida,33101,2024-08-31,Small Business,Emma Anderson,Loyal Customers,343,10.0,74.0,7.0,2088.2599999999998,2819.15
CUST_01832,Alex,Hernandez,alex.hernandez1832@example-domain.com,San Francisco,California,94102,2024-11-02,Consumer,Alex Hernandez,Customers Needing Attention,212,5.0,170.0,4.0,1089.18,1470.39
CUST_01833,Jackson,Anderson,jackson.anderson1833@example-domain.com,Chicago,Illinois,60601,2024-08-05,Consumer,Jackson Anderson,Champions,555,15.0,4.0,14.0,5129.42,6924.72
CUST_01834,Sam,Miller,sam.miller1834@example-domain.com,San Francisco,California,94102,2024-10-21,Corporate,Sam Miller,At Risk,243,9.0,172.0,7.0,1981.1200000000001,2674.51
CUST_01835,Dakota,Hernandez,dakota.hernandez1835@example-domain.com,San Francisco,California,94102,2023-03-14,Corporate,Dakota Hernandez,Customers Needing Attention,211,4.0,134.0,4.0,751.49,1014.51
CUST_01836,Lucas,Martin,lucas.martin1836@example-domain.com,Boston,Massachusetts,02108,2023-04-05,Consumer,Lucas Martin,Lost Customers,111,3.0,407.0,4.0,613.32,827.98
CUST_01837,Liam,Rodriguez,liam.rodriguez1837@example-domain.com,Houston,Texas,77001,2023-09-03,Consumer,Liam Rodriguez,Potential Loyalists,524,11.0,3.0,5.0,2332.61,3149.02
CUST_01838,Liam,Williams,liam.williams1838@example-domain.com,Los Angeles,California,90001,2023-08-02,Consumer,Liam Williams,Promising,323,8.0,50.0,5.0,2162.68,2919.62
CUST_01839,Chris,Gonzalez,chris.gonzalez1839@example-domain.com,Boston,Massachusetts,02108,2023-10-19,Small Business,Chris Gonzalez,Lost Customers,111,3.0,445.0,3.0,624.5799999999999,843.18
CUST_01840,Sam,Brown,sam.brown1840@example-domain.com,Orlando,Florida,32801,2024-05-17,Consumer,Sam Brown,Potential Loyalists,422,8.0,34.0,5.0,1080.23,1458.31
CUST_01841,Olivia,Martinez,olivia.martinez1841@example-domain.com,Buffalo,New York,14201,2024-01-03,Consumer,Olivia Martinez,Potential Loyalists,413,8.0,43.0,4.0,2013.9,2718.77
CUST_01842,Morgan,Lopez,morgan.lopez1842@example-domain.com,Raleigh,North Carolina,27601,2023-07-24,Consumer,Morgan Lopez,Loyal Customers,344,11.0,64.0,7.0,2522.07,3404.79
CUST_01843,Emma,Anderson,emma.anderson1843@example-domain.com,Boston,Massachusetts,02108,2024-05-02,Consumer,Emma Anderson,Loyal Customers,354,12.0,75.0,11.0,2737.76,3695.98
CUST_01844,Cameron,Jackson,cameron.jackson1844@example-domain.com,Atlanta,Georgia,30301,2023-04-03,Consumer,Cameron Jackson,Customers Needing Attention,211,4.0,127.0,3.0,1016.84,1372.73
CUST_01845,Olivia,Lopez,olivia.lopez1845@example-domain.com,Houston,Texas,77001,2024-03-20,Small Business,Olivia Lopez,Loyal Customers,343,10.0,85.0,7.0,1950.63,2633.35
CUST_01846,Olivia,Williams,olivia.williams1846@example-domain.com,San Francisco,California,94102,2024-06-09,Consumer,Olivia Williams,Customers Needing Attention,222,6.0,107.0,5.0,1049.42,1416.72
CUST_01847,Ethan,Anderson,ethan.anderson1847@example-domain.com,Dallas,Texas,75201,2024-10-25,Consumer,Ethan Anderson,Customers Needing Attention,222,6.0,101.0,5.0,1269.71,1714.11
CUST_01848,Sam,Thomas,sam.thomas1848@example-domain.com,Raleigh,North Carolina,27601,2024-10-06,Consumer,Sam Thomas,Champions,544,13.0,18.0,7.0,3024.26,4082.75
CUST_01849,Ava,Williams,ava.williams1849@example-domain.com,Orlando,Florida,32801,2024-04-24,Corporate,Ava Williams,Potential Loyalists,421,7.0,32.0,5.0,820.45,1107.61
CUST_01850,Olivia,Williams,olivia.williams1850@example-domain.com,Philadelphia,Pennsylvania,19102,2023-11-04,Consumer,Olivia Williams,Lost Customers,111,3.0,389.0,4.0,846.14,1142.29
CUST_01851,Sam,Jones,sam.jones1851@example-domain.com,Orlando,Florida,32801,2023-09-12,Consumer,Sam Jones,Champions,445,13.0,26.0,8.0,3107.25,4194.79
CUST_01852,Ava,Wilson,ava.wilson1852@example-domain.com,Orlando,Florida,32801,2024-08-05,Corporate,Ava Wilson,Can't Lose Them,144,9.0,387.0,7.0,2393.7200000000003,3231.52
CUST_01853,Jordan,Moore,jordan.moore1853@example-domain.com,San Diego,California,92101,2023-02-16,Corporate,Jordan Moore,Potential Loyalists,513,9.0,3.0,4.0,1648.58,2225.58
CUST_01854,Ava,Brown,ava.brown1854@example-domain.com,Raleigh,North Carolina,27601,2024-03-11,Corporate,Ava Brown,Champions,455,14.0,32.0,10.0,3407.88,4600.64
CUST_01855,Olivia,Brown,olivia.brown1855@example-domain.com,Denver,Colorado,80202,2024-11-07,Small Business,Olivia Brown,At Risk,232,7.0,129.0,6.0,1499.6699999999998,2024.55
CUST_01856,Mia,Rodriguez,mia.rodriguez1856@example-domain.com,Seattle,Washington,98101,2023-09-18,Consumer,Mia Rodriguez,Potential Loyalists,523,10.0,15.0,5.0,2086.15,2816.3
CUST_01857,Mia,Williams,mia.williams1857@example-domain.com,Raleigh,North Carolina,27601,2023-01-17,Corporate,Mia Williams,Lost Customers,112,4.0,324.0,3.0,1291.6000000000001,1743.66
CUST_01858,Morgan,Anderson,morgan.anderson1858@example-domain.com,Houston,Texas,77001,2023-07-06,Consumer,Morgan Anderson,Champions,443,11.0,33.0,7.0,1762.29,2379.09
CUST_01859,Liam,Johnson,liam.johnson1859@example-domain.com,San Diego,California,92101,2024-03-02,Corporate,Liam Johnson,Customers Needing Attention,221,5.0,198.0,5.0,520.47,702.63
CUST_01860,Dakota,Hernandez,dakota.hernandez1860@example-domain.com,Denver,Colorado,80202,2024-11-17,Corporate,Dakota Hernandez,At Risk,232,7.0,109.0,6.0,1473.23,1988.86
CUST_01861,Noah,Martin,noah.martin1861@example-domain.com,Miami,Florida,33101,2023-12-16,Corporate,Noah Martin,Champions,454,13.0,38.0,11.0,2399.08,3238.76
CUST_01862,Chris,Miller,chris.miller1862@example-domain.com,Houston,Texas,77001,2023-03-22,Consumer,Chris Miller,Champions,454,13.0,30.0,10.0,2478.75,3346.31
CUST_01863,Jackson,Rodriguez,jackson.rodriguez1863@example-domain.com,New York City,New York,10001,2024-03-20,Consumer,Jackson Rodriguez,Loyal Customers,342,9.0,73.0,7.0,1536.6399999999999,2074.46
CUST_01864,Lucas,Smith,lucas.smith1864@example-domain.com,Los Angeles,California,90001,2024-02-09,Consumer,Lucas Smith,Customers Needing Attention,223,7.0,139.0,5.0,1736.08,2343.71
CUST_01865,Morgan,Smith,morgan.smith1865@example-domain.com,Houston,Texas,77001,2024-11-02,Small Business,Morgan Smith,Loyal Customers,435,12.0,37.0,6.0,3311.42,4470.42
CUST_01866,Emma,Anderson,emma.anderson1866@example-domain.com,Boston,Massachusetts,02108,2024-11-04,Small Business,Emma Anderson,Promising,313,7.0,56.0,3.0,1669.63,2254.0
CUST_01867,Jackson,Thomas,jackson.thomas1867@example-domain.com,Orlando,Florida,32801,2024-09-25,Consumer,Jackson Thomas,Champions,543,12.0,5.0,7.0,1990.9599999999998,2687.8
CUST_01868,Jackson,Lopez,jackson.lopez1868@example-domain.com,Boston,Massachusetts,02108,2023-11-06,Consumer,Jackson Lopez,Promising,312,6.0,62.0,4.0,1208.44,1631.39
CUST_01869,Taylor,Jones,taylor.jones1869@example-domain.com,Buffalo,New York,14201,2023-01-15,Consumer,Taylor Jones,Loyal Customers,431,8.0,39.0,6.0,911.78,1230.9
CUST_01870,Pat,Brown,pat.brown1870@example-domain.com,Los Angeles,California,90001,2024-12-13,Corporate,Pat Brown,Hibernating,122,5.0,290.0,5.0,1354.95,1829.18
CUST_01871,Pat,Smith,pat.smith1871@example-domain.com,Austin,Texas,78701,2024-05-07,Corporate,Pat Smith,At Risk,234,9.0,157.0,6.0,2292.7400000000002,3095.2
CUST_01872,Sam,Davis,sam.davis1872@example-domain.com,Atlanta,Georgia,30301,2024-10-03,Consumer,Sam Davis,Loyal Customers,331,7.0,52.0,6.0,887.91,1198.68
CUST_01873,Lucas,Miller,lucas.miller1873@example-domain.com,San Diego,California,92101,2023-11-05,Consumer,Lucas Miller,Champions,552,12.0,2.0,9.0,1390.0,1876.5
CUST_01874,Noah,Jones,noah.jones1874@example-domain.com,Philadelphia,Pennsylvania,19102,2024-03-08,Corporate,Noah Jones,Hibernating,132,6.0,228.0,6.0,1157.3700000000001,1562.45
CUST_01875,Alex,Brown,alex.brown1875@example-domain.com,Houston,Texas,77001,2023-06-06,Corporate,Alex Brown,Champions,544,13.0,3.0,8.0,2298.1,3102.44
CUST_01876,Noah,Thomas,noah.thomas1876@example-domain.com,Philadelphia,Pennsylvania,19102,2023-01-21,Consumer,Noah Thomas,Can't Lose Them,145,10.0,345.0,7.0,3620.71,4887.96
CUST_01877,Noah,Jackson,noah.jackson1877@example-domain.com,Dallas,Texas,75201,2023-07-26,Consumer,Noah Jackson,Champions,455,14.0,35.0,12.0,3304.72,4461.37
CUST_01878,Dakota,Jackson,dakota.jackson1878@example-domain.com,Boston,Massachusetts,02108,2023-02-22,Consumer,Dakota Jackson,Champions,542,11.0,16.0,8.0,1548.99,2091.14
CUST_01879,Ethan,Smith,ethan.smith1879@example-domain.com,New York City,New York,10001,2024-10-07,Consumer,Ethan Smith,Champions,544,13.0,11.0,7.0,2244.48,3030.05
CUST_01880,Olivia,Wilson,olivia.wilson1880@example-domain.com,Philadelphia,Pennsylvania,19102,2024-08-15,Consumer,Olivia Wilson,Loyal Customers,355,13.0,46.0,10.0,5117.23,6908.26
CUST_01881,Jackson,Moore,jackson.moore1881@example-domain.com,Orlando,Florida,32801,2023-02-07,Consumer,Jackson Moore,Can't Lose Them,144,9.0,249.0,7.0,2359.7,3185.6
CUST_01882,Emma,Gonzalez,emma.gonzalez1882@example-domain.com,Philadelphia,Pennsylvania,19102,2024-06-09,Corporate,Emma Gonzalez,Loyal Customers,354,12.0,51.0,9.0,2597.4,3506.49
CUST_01883,Mia,Martin,mia.martin1883@example-domain.com,Philadelphia,Pennsylvania,19102,2023-08-26,Consumer,Mia Martin,Promising,313,7.0,55.0,4.0,1758.8200000000002,2374.41
CUST_01884,Jordan,Taylor,jordan.taylor1884@example-domain.com,Los Angeles,California,90001,2024-03-08,Corporate,Jordan Taylor,Customers Needing Attention,222,6.0,134.0,5.0,1144.56,1545.16
CUST_01885,Mia,Hernandez,mia.hernandez1885@example-domain.com,Columbus,Ohio,43215,2023-03-07,Consumer,Mia Hernandez,At Risk,243,9.0,167.0,7.0,1843.6399999999999,2488.91
CUST_01886,Cameron,Wilson,cameron.wilson1886@example-domain.com,Philadelphia,Pennsylvania,19102,2023-04-30,Consumer,Cameron Wilson,Promising,321,6.0,56.0,4.0,557.62,752.79
CUST_01887,Emma,Martin,emma.martin1887@example-domain.com,Seattle,Washington,98101,2024-04-04,Consumer,Emma Martin,Hibernating,135,9.0,409.0,6.0,4234.25,5716.24
CUST_01888,Olivia,Smith,olivia.smith1888@example-domain.com,Houston,Texas,77001,2023-10-22,Consumer,Olivia Smith,Loyal Customers,343,10.0,88.0,7.0,1834.1200000000001,2476.06
CUST_01889,Pat,Thomas,pat.thomas1889@example-domain.com,Seattle,Washington,98101,2024-03-24,Corporate,Pat Thomas,At Risk,244,10.0,117.0,7.0,2700.01,3645.01
CUST_01890,Riley,Taylor,riley.taylor1890@example-domain.com,Dallas,Texas,75201,2024-08-24,Small Business,Riley Taylor,At Risk,245,11.0,114.0,8.0,4082.89,5511.9
CUST_01891,Ethan,Martin,ethan.martin1891@example-domain.com,Denver,Colorado,80202,2023-05-15,Consumer,Ethan Martin,Customers Needing Attention,211,4.0,191.0,1.0,27.81,37.54
CUST_01892,Dakota,Gonzalez,dakota.gonzalez1892@example-domain.com,Atlanta,Georgia,30301,2024-11-20,Consumer,Dakota Gonzalez,Can't Lose Them,154,10.0,222.0,10.0,2835.41,3827.8
CUST_01893,Sophia,Thomas,sophia.thomas1893@example-domain.com,Houston,Texas,77001,2024-09-28,Corporate,Sophia Thomas,At Risk,244,10.0,104.0,7.0,2437.86,3291.11
CUST_01894,Pat,Martinez,pat.martinez1894@example-domain.com,San Diego,California,92101,2024-11-14,Consumer,Pat Martinez,Potential Loyalists,522,9.0,15.0,4.0,1391.69,1878.78
CUST_01895,Emma,Jones,emma.jones1895@example-domain.com,Houston,Texas,77001,2023-07-24,Consumer,Emma Jones,Champions,555,15.0,4.0,10.0,4459.860000000001,6020.81
CUST_01896,Chris,Martin,chris.martin1896@example-domain.com,Philadelphia,Pennsylvania,19102,2023-04-14,Corporate,Chris Martin,Loyal Customers,343,10.0,45.0,7.0,1803.46,2434.67
CUST_01897,Olivia,Thomas,olivia.thomas1897@example-domain.com,Orlando,Florida,32801,2023-08-29,Consumer,Olivia Thomas,Champions,443,11.0,27.0,7.0,1992.6100000000001,2690.02
CUST_01898,Pat,Moore,pat.moore1898@example-domain.com,San Francisco,California,94102,2023-01-19,Consumer,Pat Moore,At Risk,255,12.0,213.0,10.0,4274.74,5770.9
CUST_01899,Sophia,Rodriguez,sophia.rodriguez1899@example-domain.com,Seattle,Washington,98101,2024-11-24,Consumer,Sophia Rodriguez,Can't Lose Them,145,10.0,234.0,7.0,3841.78,5186.4
CUST_01900,Chris,Garcia,chris.garcia1900@example-domain.com,Raleigh,North Carolina,27601,2023-02-02,Corporate,Chris Garcia,Can't Lose Them,142,7.0,358.0,7.0,1427.81,1927.54
CUST_01901,Taylor,Hernandez,taylor.hernandez1901@example-domain.com,Atlanta,Georgia,30301,2023-04-27,Consumer,Taylor Hernandez,Lost Customers,113,5.0,231.0,3.0,2014.88,2720.09
CUST_01902,Jackson,Davis,jackson.davis1902@example-domain.com,New York City,New York,10001,2024-07-29,Consumer,Jackson Davis,Hibernating,124,7.0,236.0,4.0,2716.0,3666.6
CUST_01903,Riley,Thomas,riley.thomas1903@example-domain.com,Miami,Florida,33101,2023-12-15,Corporate,Riley Thomas,Champions,545,14.0,4.0,7.0,3816.09,5151.72
CUST_01904,Sophia,Johnson,sophia.johnson1904@example-domain.com,Columbus,Ohio,43215,2023-10-01,Consumer,Sophia Johnson,Loyal Customers,355,13.0,54.0,9.0,3162.7000000000003,4269.65
CUST_01905,Sam,Taylor,sam.taylor1905@example-domain.com,New York City,New York,10001,2024-12-24,Corporate,Sam Taylor,At Risk,245,11.0,213.0,7.0,5313.21,7172.83
CUST_01906,Jordan,Anderson,jordan.anderson1906@example-domain.com,Denver,Colorado,80202,2023-04-24,Consumer,Jordan Anderson,Loyal Customers,345,12.0,58.0,8.0,4191.81,5658.94
CUST_01907,Morgan,Martin,morgan.martin1907@example-domain.com,New York City,New York,10001,2024-07-29,Small Business,Morgan Martin,Promising,322,7.0,48.0,5.0,1558.42,2103.87
CUST_01908,Jordan,Taylor,jordan.taylor1908@example-domain.com,New York City,New York,10001,2023-06-21,Consumer,Jordan Taylor,At Risk,255,12.0,156.0,10.0,3496.25,4719.94
CUST_01909,Morgan,Miller,morgan.miller1909@example-domain.com,Seattle,Washington,98101,2023-06-10,Consumer,Morgan Miller,Customers Needing Attention,211,4.0,177.0,2.0,713.27,962.91
CUST_01910,Dakota,Anderson,dakota.anderson1910@example-domain.com,Raleigh,North Carolina,27601,2024-05-25,Consumer,Dakota Anderson,Hibernating,122,5.0,372.0,5.0,1267.1,1710.58
CUST_01911,Morgan,Jones,morgan.jones1911@example-domain.com,Seattle,Washington,98101,2023-12-09,Consumer,Morgan Jones,Loyal Customers,345,12.0,52.0,8.0,3607.42,4870.02
CUST_01912,Sam,Brown,sam.brown1912@example-domain.com,Austin,Texas,78701,2024-03-25,Corporate,Sam Brown,At Risk,255,12.0,109.0,9.0,3909.81,5278.24
CUST_01913,Olivia,Smith,olivia.smith1913@example-domain.com,Dallas,Texas,75201,2024-04-30,Small Business,Olivia Smith,Champions,545,14.0,6.0,8.0,3406.1099999999997,4598.25
CUST_01914,Ethan,Martinez,ethan.martinez1914@example-domain.com,Raleigh,North Carolina,27601,2023-06-25,Consumer,Ethan Martinez,Champions,544,13.0,9.0,8.0,2626.57,3545.87
CUST_01915,Taylor,Rodriguez,taylor.rodriguez1915@example-domain.com,Seattle,Washington,98101,2024-02-29,Consumer,Taylor Rodriguez,Customers Needing Attention,222,6.0,149.0,5.0,1335.24,1802.57
CUST_01916,Sophia,Davis,sophia.davis1916@example-domain.com,Buffalo,New York,14201,2024-06-26,Corporate,Sophia Davis,Can't Lose Them,143,8.0,285.0,7.0,1862.44,2514.29
CUST_01917,Olivia,Davis,olivia.davis1917@example-domain.com,Buffalo,New York,14201,2024-03-15,Corporate,Olivia Davis,Hibernating,123,6.0,314.0,4.0,2189.4700000000003,2955.78
CUST_01918,Olivia,Wilson,olivia.wilson1918@example-domain.com,Denver,Colorado,80202,2024-06-12,Consumer,Olivia Wilson,Loyal Customers,535,13.0,1.0,6.0,5846.03,7892.14
CUST_01919,Sophia,Smith,sophia.smith1919@example-domain.com,Denver,Colorado,80202,2023-05-30,Consumer,Sophia Smith,At Risk,233,8.0,159.0,6.0,1783.92,2408.29
CUST_01920,Alex,Taylor,alex.taylor1920@example-domain.com,San Diego,California,92101,2023-03-28,Consumer,Alex Taylor,Customers Needing Attention,224,8.0,137.0,5.0,2219.21,2995.93
CUST_01921,Ethan,Hernandez,ethan.hernandez1921@example-domain.com,Boston,Massachusetts,02108,2023-06-18,Consumer,Ethan Hernandez,Customers Needing Attention,211,4.0,95.0,3.0,849.0,1146.15
CUST_01922,Olivia,Johnson,olivia.johnson1922@example-domain.com,Boston,Massachusetts,02108,2023-02-07,Consumer,Olivia Johnson,At Risk,234,9.0,146.0,6.0,2692.9,3635.42
CUST_01923,Sam,Jackson,sam.jackson1923@example-domain.com,San Francisco,California,94102,2024-10-08,Consumer,Sam Jackson,Customers Needing Attention,222,6.0,212.0,4.0,1101.99,1487.69
CUST_01924,Ava,Martinez,ava.martinez1924@example-domain.com,Atlanta,Georgia,30301,2024-02-16,Consumer,Ava Martinez,Champions,454,13.0,25.0,9.0,2858.7,3859.24
CUST_01925,Lucas,Martinez,lucas.martinez1925@example-domain.com,Chicago,Illinois,60601,2023-12-19,Corporate,Lucas Martinez,Promising,324,9.0,56.0,4.0,3050.68,4118.42
CUST_01926,Alex,Rodriguez,alex.rodriguez1926@example-domain.com,Raleigh,North Carolina,27601,2024-09-17,Consumer,Alex Rodriguez,Champions,445,13.0,21.0,8.0,3516.56,4747.36
CUST_01927,Sam,Gonzalez,sam.gonzalez1927@example-domain.com,Denver,Colorado,80202,2024-10-21,Consumer,Sam Gonzalez,At Risk,255,12.0,101.0,10.0,4107.22,5544.75
CUST_01928,Pat,Moore,pat.moore1928@example-domain.com,Denver,Colorado,80202,2024-12-15,Consumer,Pat Moore,Lost Customers,112,4.0,370.0,3.0,1265.6100000000001,1708.57
CUST_01929,Sophia,Gonzalez,sophia.gonzalez1929@example-domain.com,Austin,Texas,78701,2023-11-05,Consumer,Sophia Gonzalez,Potential Loyalists,522,9.0,16.0,5.0,1192.9099999999999,1610.43
CUST_01930,Taylor,Johnson,taylor.johnson1930@example-domain.com,Columbus,Ohio,43215,2023-12-09,Consumer,Taylor Johnson,Lost Customers,111,3.0,234.0,3.0,353.92,477.79
CUST_01931,Liam,Jones,liam.jones1931@example-domain.com,Raleigh,North Carolina,27601,2024-07-07,Consumer,Liam Jones,Customers Needing Attention,223,7.0,212.0,5.0,1915.29,2585.64
CUST_01932,Dakota,Miller,dakota.miller1932@example-domain.com,San Diego,California,92101,2024-06-07,Consumer,Dakota Miller,Can't Lose Them,152,8.0,253.0,9.0,1223.91,1652.28
CUST_01933,Lucas,Martinez,lucas.martinez1933@example-domain.com,Raleigh,North Carolina,27601,2023-12-15,Consumer,Lucas Martinez,Promising,311,5.0,44.0,3.0,446.19,602.36
CUST_01934,Chris,Smith,chris.smith1934@example-domain.com,Los Angeles,California,90001,2024-07-06,Consumer,Chris Smith,Champions,455,14.0,40.0,9.0,4724.76,6378.43
CUST_01935,Mia,Rodriguez,mia.rodriguez1935@example-domain.com,Dallas,Texas,75201,2023-11-08,Consumer,Mia Rodriguez,Champions,555,15.0,4.0,16.0,7067.4400000000005,9541.04
CUST_01936,Olivia,Taylor,olivia.taylor1936@example-domain.com,New York City,New York,10001,2023-03-03,Corporate,Olivia Taylor,Champions,545,14.0,1.0,7.0,3258.17,4398.53
CUST_01937,Sophia,Rodriguez,sophia.rodriguez1937@example-domain.com,Raleigh,North Carolina,27601,2023-12-29,Consumer,Sophia Rodriguez,At Risk,241,7.0,109.0,7.0,935.37,1262.75
CUST_01938,Morgan,Johnson,morgan.johnson1938@example-domain.com,New York City,New York,10001,2024-04-04,Corporate,Morgan Johnson,Loyal Customers,354,12.0,47.0,9.0,2345.09,3165.87
CUST_01939,Dakota,Jackson,dakota.jackson1939@example-domain.com,Los Angeles,California,90001,2024-04-09,Consumer,Dakota Jackson,Champions,543,12.0,10.0,7.0,1639.28,2213.03
CUST_01940,Ethan,Davis,ethan.davis1940@example-domain.com,Columbus,Ohio,43215,2024-09-01,Consumer,Ethan Davis,Potential Loyalists,523,10.0,18.0,5.0,1629.93,2200.41
CUST_01941,Riley,Lopez,riley.lopez1941@example-domain.com,Orlando,Florida,32801,2023-10-19,Consumer,Riley Lopez,Can't Lose Them,143,8.0,507.0,7.0,1837.8,2481.03
CUST_01942,Mia,Jones,mia.jones1942@example-domain.com,Boston,Massachusetts,02108,2024-06-16,Consumer,Mia Jones,Can't Lose Them,155,11.0,235.0,9.0,4611.4800000000005,6225.5
CUST_01943,Riley,Brown,riley.brown1943@example-domain.com,Chicago,Illinois,60601,2024-06-12,Corporate,Riley Brown,Potential Loyalists,423,9.0,39.0,5.0,2060.6,2781.81
CUST_01944,Mia,Miller,mia.miller1944@example-domain.com,Seattle,Washington,98101,2024-04-10,Corporate,Mia Miller,Loyal Customers,344,11.0,53.0,8.0,2354.7400000000002,3178.9
CUST_01945,Morgan,Jones,morgan.jones1945@example-domain.com,Atlanta,Georgia,30301,2024-02-26,Corporate,Morgan Jones,Loyal Customers,345,12.0,53.0,7.0,5095.87,6879.42
CUST_01946,Taylor,Williams,taylor.williams1946@example-domain.com,San Francisco,California,94102,2024-03-11,Consumer,Taylor Williams,Loyal Customers,534,12.0,6.0,6.0,2294.93,3098.16
CUST_01947,Sam,Thomas,sam.thomas1947@example-domain.com,Austin,Texas,78701,2024-04-01,Consumer,Sam Thomas,Hibernating,122,5.0,221.0,5.0,1152.0800000000002,1555.31
CUST_01948,Taylor,Lopez,taylor.lopez1948@example-domain.com,Raleigh,North Carolina,27601,2024-02-17,Consumer,Taylor Lopez,At Risk,245,11.0,122.0,8.0,4498.95,6073.58
CUST_01949,Mia,Moore,mia.moore1949@example-domain.com,Raleigh,North Carolina,27601,2024-02-09,Consumer,Mia Moore,Lost Customers,111,3.0,272.0,2.0,799.6600000000001,1079.54
CUST_01950,Cameron,Jackson,cameron.jackson1950@example-domain.com,Philadelphia,Pennsylvania,19102,2024-10-13,Consumer,Cameron Jackson,Loyal Customers,333,9.0,90.0,6.0,2210.19,2983.76
CUST_01951,Olivia,Anderson,olivia.anderson1951@example-domain.com,Philadelphia,Pennsylvania,19102,2024-03-02,Consumer,Olivia Anderson,Loyal Customers,343,10.0,50.0,7.0,2167.48,2926.1
CUST_01952,Chris,Jones,chris.jones1952@example-domain.com,Raleigh,North Carolina,27601,2023-05-11,Consumer,Chris Jones,Hibernating,121,4.0,368.0,4.0,779.45,1052.26
CUST_01953,Emma,Anderson,emma.anderson1953@example-domain.com,Buffalo,New York,14201,2024-12-22,Consumer,Emma Anderson,Loyal Customers,334,10.0,51.0,6.0,2388.1,3223.94
CUST_01954,Ava,Taylor,ava.taylor1954@example-domain.com,New York City,New York,10001,2024-12-12,Corporate,Ava Taylor,Hibernating,132,6.0,275.0,6.0,1506.26,2033.45
CUST_01955,Pat,Anderson,pat.anderson1955@example-domain.com,Philadelphia,Pennsylvania,19102,2023-02-03,Small Business,Pat Anderson,Promising,311,5.0,75.0,3.0,550.77,743.54
CUST_01956,Chris,Moore,chris.moore1956@example-domain.com,Seattle,Washington,98101,2023-05-02,Small Business,Chris Moore,Potential Loyalists,412,7.0,36.0,2.0,1207.3799999999999,1629.96
CUST_01957,Jackson,Wilson,jackson.wilson1957@example-domain.com,New York City,New York,10001,2023-05-04,Consumer,Jackson Wilson,Customers Needing Attention,223,7.0,205.0,5.0,2064.76,2787.43
CUST_01958,Sophia,Jackson,sophia.jackson1958@example-domain.com,Orlando,Florida,32801,2023-02-11,Consumer,Sophia Jackson,Hibernating,124,7.0,318.0,5.0,2586.33,3491.55
CUST_01959,Ava,Jones,ava.jones1959@example-domain.com,New York City,New York,10001,2024-01-16,Consumer,Ava Jones,Loyal Customers,432,9.0,38.0,6.0,1572.46,2122.82
CUST_01960,Dakota,Lopez,dakota.lopez1960@example-domain.com,Orlando,Florida,32801,2023-10-29,Corporate,Dakota Lopez,Champions,445,13.0,32.0,8.0,3421.68,4619.27
CUST_01961,Emma,Smith,emma.smith1961@example-domain.com,Buffalo,New York,14201,2023-05-26,Consumer,Emma Smith,Hibernating,122,5.0,219.0,4.0,1531.64,2067.71
CUST_01962,Mia,Wilson,mia.wilson1962@example-domain.com,San Francisco,California,94102,2023-11-09,Consumer,Mia Wilson,Champions,455,14.0,43.0,12.0,3608.81,4871.89
CUST_01963,Dakota,Miller,dakota.miller1963@example-domain.com,Houston,Texas,77001,2024-05-15,Corporate,Dakota Miller,Potential Loyalists,524,11.0,14.0,5.0,2445.58,3301.53
CUST_01964,Alex,Brown,alex.brown1964@example-domain.com,Columbus,Ohio,43215,2023-12-24,Consumer,Alex Brown,Lost Customers,111,3.0,737.0,1.0,136.73,184.59
CUST_01965,Taylor,Johnson,taylor.johnson1965@example-domain.com,Atlanta,Georgia,30301,2024-05-07,Consumer,Taylor Johnson,Loyal Customers,343,10.0,50.0,8.0,1926.62,2600.94
CUST_01966,Mia,Martinez,mia.martinez1966@example-domain.com,Denver,Colorado,80202,2023-12-12,Consumer,Mia Martinez,Champions,454,13.0,31.0,9.0,2824.99,3813.74
CUST_01967,Liam,Thomas,liam.thomas1967@example-domain.com,Buffalo,New York,14201,2023-05-22,Consumer,Liam Thomas,At Risk,244,10.0,203.0,7.0,2397.65,3236.83
CUST_01968,Ava,Anderson,ava.anderson1968@example-domain.com,Denver,Colorado,80202,2024-11-14,Consumer,Ava Anderson,Champions,554,14.0,4.0,11.0,2847.23,3843.76
CUST_01969,Noah,Jones,noah.jones1969@example-domain.com,Chicago,Illinois,60601,2023-04-02,Consumer,Noah Jones,Potential Loyalists,423,9.0,37.0,4.0,1615.01,2180.26
CUST_01970,Jackson,Martin,jackson.martin1970@example-domain.com,Atlanta,Georgia,30301,2024-02-01,Consumer,Jackson Martin,Loyal Customers,335,11.0,57.0,6.0,3989.9,5386.37
CUST_01971,Riley,Gonzalez,riley.gonzalez1971@example-domain.com,Chicago,Illinois,60601,2024-07-07,Consumer,Riley Gonzalez,Customers Needing Attention,225,9.0,155.0,5.0,4313.92,5823.79
CUST_01972,Jordan,Anderson,jordan.anderson1972@example-domain.com,Miami,Florida,33101,2024-10-23,Corporate,Jordan Anderson,Champions,455,14.0,37.0,10.0,3361.51,4538.04
CUST_01973,Taylor,Garcia,taylor.garcia1973@example-domain.com,Los Angeles,California,90001,2024-08-08,Consumer,Taylor Garcia,Champions,453,12.0,40.0,9.0,1939.98,2618.97
CUST_01974,Dakota,Moore,dakota.moore1974@example-domain.com,New York City,New York,10001,2024-10-21,Consumer,Dakota Moore,Customers Needing Attention,225,9.0,106.0,5.0,5081.03,6859.39
CUST_01975,Lucas,Williams,lucas.williams1975@example-domain.com,Austin,Texas,78701,2024-09-25,Consumer,Lucas Williams,Potential Loyalists,522,9.0,7.0,5.0,1315.08,1775.36
CUST_01976,Lucas,Jackson,lucas.jackson1976@example-domain.com,San Francisco,California,94102,2024-08-06,Small Business,Lucas Jackson,Promising,321,6.0,46.0,4.0,603.4,814.59
CUST_01977,Ava,Miller,ava.miller1977@example-domain.com,Philadelphia,Pennsylvania,19102,2024-05-29,Consumer,Ava Miller,At Risk,255,12.0,124.0,14.0,3921.7000000000003,5294.3
CUST_01978,Alex,Brown,alex.brown1978@example-domain.com,Columbus,Ohio,43215,2023-07-04,Consumer,Alex Brown,Loyal Customers,433,10.0,32.0,6.0,1998.06,2697.38
CUST_01979,Alex,Rodriguez,alex.rodriguez1979@example-domain.com,Austin,Texas,78701,2023-09-09,Corporate,Alex Rodriguez,Champions,555,15.0,16.0,13.0,6604.51,8916.09
CUST_01980,Mia,Anderson,mia.anderson1980@example-domain.com,San Diego,California,92101,2024-06-30,Corporate,Mia Anderson,Champions,544,13.0,3.0,7.0,2368.87,3197.97
CUST_01981,Jackson,Hernandez,jackson.hernandez1981@example-domain.com,Boston,Massachusetts,02108,2024-08-26,Consumer,Jackson Hernandez,At Risk,254,11.0,189.0,9.0,2881.8,3890.43
CUST_01982,Jordan,Thomas,jordan.thomas1982@example-domain.com,Los Angeles,California,90001,2023-12-15,Corporate,Jordan Thomas,Champions,553,13.0,19.0,10.0,1982.15,2675.9
CUST_01983,Olivia,Garcia,olivia.garcia1983@example-domain.com,Atlanta,Georgia,30301,2023-01-25,Consumer,Olivia Garcia,At Risk,243,9.0,166.0,7.0,2207.92,2980.69
CUST_01984,Ava,Hernandez,ava.hernandez1984@example-domain.com,Boston,Massachusetts,02108,2023-09-21,Consumer,Ava Hernandez,Customers Needing Attention,224,8.0,94.0,4.0,2870.69,3875.43
CUST_01985,Taylor,Brown,taylor.brown1985@example-domain.com,New York City,New York,10001,2024-07-08,Consumer,Taylor Brown,Loyal Customers,343,10.0,62.0,8.0,1643.05,2218.12
CUST_01986,Chris,Martinez,chris.martinez1986@example-domain.com,Buffalo,New York,14201,2023-07-07,Consumer,Chris Martinez,Can't Lose Them,143,8.0,413.0,8.0,1814.81,2449.99
CUST_01987,Cameron,Williams,cameron.williams1987@example-domain.com,Buffalo,New York,14201,2023-11-11,Corporate,Cameron Williams,Champions,555,15.0,9.0,9.0,4030.01,5440.51
CUST_01988,Olivia,Garcia,olivia.garcia1988@example-domain.com,San Francisco,California,94102,2024-09-21,Consumer,Olivia Garcia,Champions,444,12.0,37.0,7.0,2691.04,3632.9
CUST_01989,Ethan,Garcia,ethan.garcia1989@example-domain.com,Los Angeles,California,90001,2024-12-31,Consumer,Ethan Garcia,Champions,455,14.0,39.0,9.0,4832.94,6524.47
CUST_01990,Jordan,Martinez,jordan.martinez1990@example-domain.com,Boston,Massachusetts,02108,2023-04-12,Corporate,Jordan Martinez,Loyal Customers,331,7.0,79.0,6.0,874.98,1181.22
CUST_01991,Ethan,Jones,ethan.jones1991@example-domain.com,Atlanta,Georgia,30301,2023-11-28,Corporate,Ethan Jones,Loyal Customers,534,12.0,8.0,6.0,2552.85,3446.35
CUST_01992,Cameron,Gonzalez,cameron.gonzalez1992@example-domain.com,New York City,New York,10001,2023-02-23,Consumer,Cameron Gonzalez,Champions,553,13.0,2.0,10.0,1765.23,2383.06
CUST_01993,Pat,Davis,pat.davis1993@example-domain.com,Dallas,Texas,75201,2024-05-19,Consumer,Pat Davis,At Risk,234,9.0,110.0,6.0,2855.44,3854.84
CUST_01994,Ava,Taylor,ava.taylor1994@example-domain.com,Boston,Massachusetts,02108,2023-04-28,Consumer,Ava Taylor,At Risk,252,9.0,181.0,9.0,1076.08,1452.71
CUST_01995,Cameron,Johnson,cameron.johnson1995@example-domain.com,Chicago,Illinois,60601,2024-04-20,Corporate,Cameron Johnson,Promising,324,9.0,76.0,5.0,2340.0299999999997,3159.04
CUST_01996,Lucas,Wilson,lucas.wilson1996@example-domain.com,San Diego,California,92101,2024-05-10,Consumer,Lucas Wilson,Champions,443,11.0,39.0,7.0,2068.0099999999998,2791.81
CUST_01997,Alex,Wilson,alex.wilson1997@example-domain.com,Dallas,Texas,75201,2023-01-20,Small Business,Alex Wilson,Hibernating,121,4.0,408.0,4.0,839.61,1133.47
CUST_01998,Cameron,Moore,cameron.moore1998@example-domain.com,New York City,New York,10001,2023-09-10,Consumer,Cameron Moore,Hibernating,121,4.0,317.0,4.0,945.76,1276.78
CUST_01999,Lucas,Jones,lucas.jones1999@example-domain.com,Orlando,Florida,32801,2024-08-04,Consumer,Lucas Jones,Champions,445,13.0,26.0,7.0,3104.7000000000003,4191.34
CUST_02000,Olivia,Anderson,olivia.anderson2000@example-domain.com,San Diego,California,92101,2024-10-13,Consumer,Olivia Anderson,Champions,554,14.0,14.0,11.0,2748.02,3709.83
CUST_02001,Ava,Miller,ava.miller2001@example-domain.com,Buffalo,New York,14201,2024-01-18,Consumer,Ava Miller,Loyal Customers,343,10.0,47.0,7.0,1753.16,2366.77
CUST_02002,Lucas,Garcia,lucas.garcia2002@example-domain.com,Dallas,Texas,75201,2024-07-04,Consumer,Lucas Garcia,At Risk,245,11.0,149.0,8.0,4452.900000000001,6011.42
CUST_02003,Olivia,Moore,olivia.moore2003@example-domain.com,Denver,Colorado,80202,2023-02-12,Small Business,Olivia Moore,Promising,325,10.0,74.0,5.0,3872.35,5227.67
CUST_02004,Alex,Anderson,alex.anderson2004@example-domain.com,Orlando,Florida,32801,2024-10-30,Consumer,Alex Anderson,Champions,543,12.0,18.0,8.0,1824.42,2462.97
CUST_02005,Chris,Smith,chris.smith2005@example-domain.com,San Francisco,California,94102,2024-05-08,Consumer,Chris Smith,At Risk,255,12.0,152.0,10.0,3891.33,5253.3
CUST_02006,Cameron,Martin,cameron.martin2006@example-domain.com,Miami,Florida,33101,2024-11-27,Corporate,Cameron Martin,Champions,443,11.0,24.0,7.0,2169.15,2928.35
CUST_02007,Liam,Lopez,liam.lopez2007@example-domain.com,Austin,Texas,78701,2024-08-22,Consumer,Liam Lopez,Potential Loyalists,421,7.0,25.0,5.0,869.7599999999999,1174.18
CUST_02008,Ava,Martinez,ava.martinez2008@example-domain.com,San Francisco,California,94102,2023-06-15,Corporate,Ava Martinez,Potential Loyalists,524,11.0,20.0,5.0,3060.51,4131.69
CUST_02009,Lucas,Jackson,lucas.jackson2009@example-domain.com,San Diego,California,92101,2023-11-04,Consumer,Lucas Jackson,Loyal Customers,354,12.0,46.0,9.0,2231.99,3013.19
CUST_02010,Taylor,Gonzalez,taylor.gonzalez2010@example-domain.com,New York City,New York,10001,2023-05-24,Consumer,Taylor Gonzalez,Loyal Customers,434,11.0,29.0,6.0,2668.33,3602.25
CUST_02011,Lucas,Rodriguez,lucas.rodriguez2011@example-domain.com,Atlanta,Georgia,30301,2023-08-04,Consumer,Lucas Rodriguez,Loyal Customers,533,11.0,1.0,6.0,1701.1799999999998,2296.59
CUST_02012,Jackson,Taylor,jackson.taylor2012@example-domain.com,Chicago,Illinois,60601,2024-11-29,Consumer,Jackson Taylor,Loyal Customers,535,13.0,4.0,6.0,3229.5,4359.83
CUST_02013,Ethan,Rodriguez,ethan.rodriguez2013@example-domain.com,Denver,Colorado,80202,2023-10-07,Small Business,Ethan Rodriguez,Loyal Customers,345,12.0,62.0,7.0,4198.18,5667.54
CUST_02014,Riley,Hernandez,riley.hernandez2014@example-domain.com,Chicago,Illinois,60601,2023-08-04,Consumer,Riley Hernandez,Champions,555,15.0,9.0,10.0,3775.25,5096.59
CUST_02015,Noah,Martin,noah.martin2015@example-domain.com,Chicago,Illinois,60601,2023-01-17,Consumer,Noah Martin,Promising,324,9.0,65.0,5.0,2817.48,3803.6
CUST_02016,Sam,Smith,sam.smith2016@example-domain.com,Philadelphia,Pennsylvania,19102,2023-01-05,Consumer,Sam Smith,At Risk,231,6.0,136.0,6.0,711.09,959.97
CUST_02017,Alex,Garcia,alex.garcia2017@example-domain.com,Atlanta,Georgia,30301,2024-07-23,Consumer,Alex Garcia,Can't Lose Them,142,7.0,398.0,7.0,1215.57,1641.02
CUST_02018,Emma,Gonzalez,emma.gonzalez2018@example-domain.com,Columbus,Ohio,43215,2023-03-25,Corporate,Emma Gonzalez,Hibernating,132,6.0,238.0,6.0,1383.16,1867.27
CUST_02019,Taylor,Moore,taylor.moore2019@example-domain.com,Los Angeles,California,90001,2024-11-18,Consumer,Taylor Moore,At Risk,254,11.0,110.0,10.0,2557.89,3453.15
CUST_02020,Noah,Brown,noah.brown2020@example-domain.com,Seattle,Washington,98101,2024-01-21,Consumer,Noah Brown,Loyal Customers,432,9.0,25.0,6.0,1376.6100000000001,1858.42
CUST_02021,Jackson,Lopez,jackson.lopez2021@example-domain.com,Boston,Massachusetts,02108,2023-07-01,Small Business,Jackson Lopez,Potential Loyalists,424,10.0,25.0,4.0,2745.36,3706.24
CUST_02022,Alex,Brown,alex.brown2022@example-domain.com,Denver,Colorado,80202,2024-01-15,Consumer,Alex Brown,At Risk,234,9.0,147.0,6.0,2226.36,3005.59
CUST_02023,Pat,Anderson,pat.anderson2023@example-domain.com,Los Angeles,California,90001,2023-08-15,Small Business,Pat Anderson,Loyal Customers,342,9.0,65.0,7.0,1243.02,1678.08
CUST_02024,Alex,Rodriguez,alex.rodriguez2024@example-domain.com,Seattle,Washington,98101,2023-07-16,Consumer,Alex Rodriguez,Champions,554,14.0,10.0,9.0,2550.1400000000003,3442.69
CUST_02025,Taylor,Martin,taylor.martin2025@example-domain.com,Orlando,Florida,32801,2023-08-15,Consumer,Taylor Martin,Can't Lose Them,145,10.0,263.0,7.0,3698.32,4992.73
CUST_02026,Riley,Thomas,riley.thomas2026@example-domain.com,Seattle,Washington,98101,2023-02-07,Consumer,Riley Thomas,Lost Customers,112,4.0,400.0,3.0,1274.15,1720.1
CUST_02027,Cameron,Thomas,cameron.thomas2027@example-domain.com,Austin,Texas,78701,2023-01-08,Corporate,Cameron Thomas,Promising,323,8.0,56.0,5.0,2094.88,2828.09
CUST_02028,Pat,Gonzalez,pat.gonzalez2028@example-domain.com,New York City,New York,10001,2023-10-12,Small Business,Pat Gonzalez,Champions,555,15.0,3.0,11.0,4033.8999999999996,5445.76
CUST_02029,Mia,Taylor,mia.taylor2029@example-domain.com,Philadelphia,Pennsylvania,19102,2023-06-24,Consumer,Mia Taylor,Lost Customers,113,5.0,241.0,3.0,2031.72,2742.82
CUST_02030,Lucas,Miller,lucas.miller2030@example-domain.com,Houston,Texas,77001,2023-03-08,Consumer,Lucas Miller,At Risk,253,10.0,131.0,9.0,2099.37,2834.15
CUST_02031,Mia,Jones,mia.jones2031@example-domain.com,San Diego,California,92101,2023-05-11,Consumer,Mia Jones,Hibernating,123,6.0,404.0,4.0,1904.11,2570.55
CUST_02032,Cameron,Jackson,cameron.jackson2032@example-domain.com,Dallas,Texas,75201,2024-06-19,Consumer,Cameron Jackson,Hibernating,134,8.0,373.0,6.0,2372.7200000000003,3203.17
CUST_02033,Cameron,Miller,cameron.miller2033@example-domain.com,Los Angeles,California,90001,2024-12-10,Consumer,Cameron Miller,Promising,322,7.0,55.0,5.0,1060.72,1431.97
CUST_02034,Lucas,Martin,lucas.martin2034@example-domain.com,Miami,Florida,33101,2024-11-28,Small Business,Lucas Martin,Loyal Customers,434,11.0,22.0,6.0,2663.48,3595.7
CUST_02035,Lucas,Anderson,lucas.anderson2035@example-domain.com,Los Angeles,California,90001,2024-03-13,Consumer,Lucas Anderson,Loyal Customers,334,10.0,75.0,6.0,2297.59,3101.75
CUST_02036,Jordan,Hernandez,jordan.hernandez2036@example-domain.com,Atlanta,Georgia,30301,2024-02-21,Consumer,Jordan Hernandez,Champions,543,12.0,19.0,7.0,2129.21,2874.43
CUST_02037,Cameron,Brown,cameron.brown2037@example-domain.com,Raleigh,North Carolina,27601,2024-04-22,Consumer,Cameron Brown,Promising,322,7.0,91.0,5.0,1127.99,1522.79
CUST_02038,Emma,Lopez,emma.lopez2038@example-domain.com,Raleigh,North Carolina,27601,2023-02-14,Consumer,Emma Lopez,Customers Needing Attention,223,7.0,170.0,4.0,2085.8399999999997,2815.88
CUST_02039,Riley,Johnson,riley.johnson2039@example-domain.com,Miami,Florida,33101,2024-03-06,Consumer,Riley Johnson,Lost Customers,111,3.0,426.0,2.0,561.02,757.38
CUST_02040,Lucas,Anderson,lucas.anderson2040@example-domain.com,Chicago,Illinois,60601,2023-01-06,Consumer,Lucas Anderson,Champions,541,10.0,12.0,8.0,852.11,1150.35
CUST_02041,Liam,Miller,liam.miller2041@example-domain.com,Chicago,Illinois,60601,2023-03-25,Corporate,Liam Miller,At Risk,231,6.0,200.0,6.0,760.64,1026.86
CUST_02042,Mia,Smith,mia.smith2042@example-domain.com,Dallas,Texas,75201,2024-12-07,Consumer,Mia Smith,Potential Loyalists,425,11.0,34.0,5.0,4144.84,5595.53
CUST_02043,Olivia,Williams,olivia.williams2043@example-domain.com,Dallas,Texas,75201,2023-07-21,Consumer,Olivia Williams,Hibernating,123,6.0,484.0,5.0,1698.04,2292.35
CUST_02044,Chris,Hernandez,chris.hernandez2044@example-domain.com,Orlando,Florida,32801,2023-03-06,Consumer,Chris Hernandez,Champions,444,12.0,28.0,8.0,2684.81,3624.49
CUST_02045,Morgan,Smith,morgan.smith2045@example-domain.com,Philadelphia,Pennsylvania,19102,2024-03-18,Corporate,Morgan Smith,Loyal Customers,533,11.0,1.0,6.0,2092.06,2824.28
CUST_02046,Alex,Jackson,alex.jackson2046@example-domain.com,Chicago,Illinois,60601,2023-09-14,Corporate,Alex Jackson,Hibernating,121,4.0,250.0,4.0,967.25,1305.79
CUST_02047,Riley,Brown,riley.brown2047@example-domain.com,Philadelphia,Pennsylvania,19102,2023-09-02,Consumer,Riley Brown,At Risk,254,11.0,188.0,10.0,2304.09,3110.52
CUST_02048,Ethan,Johnson,ethan.johnson2048@example-domain.com,Chicago,Illinois,60601,2024-06-16,Corporate,Ethan Johnson,Customers Needing Attention,223,7.0,122.0,4.0,1965.93,2654.01
CUST_02049,Riley,Williams,riley.williams2049@example-domain.com,Denver,Colorado,80202,2023-04-08,Consumer,Riley Williams,Loyal Customers,531,9.0,13.0,6.0,979.95,1322.93
CUST_02050,Noah,Jackson,noah.jackson2050@example-domain.com,New York City,New York,10001,2023-03-29,Consumer,Noah Jackson,Hibernating,121,4.0,263.0,5.0,684.5,924.08
CUST_02051,Jordan,Johnson,jordan.johnson2051@example-domain.com,Boston,Massachusetts,02108,2023-11-17,Consumer,Jordan Johnson,Promising,311,5.0,74.0,3.0,583.9300000000001,788.31
CUST_02052,Taylor,Jones,taylor.jones2052@example-domain.com,San Francisco,California,94102,2024-03-28,Consumer,Taylor Jones,Champions,545,14.0,20.0,8.0,3599.48,4859.3
CUST_02053,Jordan,Martinez,jordan.martinez2053@example-domain.com,Atlanta,Georgia,30301,2023-03-09,Consumer,Jordan Martinez,Can't Lose Them,144,9.0,270.0,8.0,2583.86,3488.21
CUST_02054,Morgan,Johnson,morgan.johnson2054@example-domain.com,Columbus,Ohio,43215,2023-02-23,Small Business,Morgan Johnson,Can't Lose Them,145,10.0,341.0,7.0,3358.37,4533.8
CUST_02055,Dakota,Gonzalez,dakota.gonzalez2055@example-domain.com,Boston,Massachusetts,02108,2023-04-09,Corporate,Dakota Gonzalez,Promising,322,7.0,77.0,5.0,1247.05,1683.52
CUST_02056,Jackson,Wilson,jackson.wilson2056@example-domain.com,Dallas,Texas,75201,2024-09-05,Consumer,Jackson Wilson,Loyal Customers,332,8.0,46.0,6.0,1528.1100000000001,2062.95
CUST_02057,Jackson,Smith,jackson.smith2057@example-domain.com,Denver,Colorado,80202,2024-01-29,Consumer,Jackson Smith,Customers Needing Attention,211,4.0,103.0,3.0,552.59,746.0
CUST_02058,Noah,Wilson,noah.wilson2058@example-domain.com,New York City,New York,10001,2023-12-14,Consumer,Noah Wilson,Loyal Customers,343,10.0,54.0,8.0,2119.49,2861.31
CUST_02059,Alex,Anderson,alex.anderson2059@example-domain.com,Raleigh,North Carolina,27601,2023-12-03,Consumer,Alex Anderson,At Risk,245,11.0,110.0,8.0,3592.4700000000003,4849.83
CUST_02060,Mia,Miller,mia.miller2060@example-domain.com,New York City,New York,10001,2023-04-16,Consumer,Mia Miller,Customers Needing Attention,212,5.0,145.0,3.0,1050.3400000000001,1417.96
CUST_02061,Alex,Martin,alex.martin2061@example-domain.com,San Diego,California,92101,2024-08-30,Consumer,Alex Martin,Champions,443,11.0,25.0,8.0,2155.84,2910.38
CUST_02062,Pat,Jackson,pat.jackson2062@example-domain.com,Buffalo,New York,14201,2024-10-14,Consumer,Pat Jackson,At Risk,255,12.0,197.0,10.0,3258.67,4399.2
CUST_02063,Ava,Rodriguez,ava.rodriguez2063@example-domain.com,Seattle,Washington,98101,2024-03-07,Corporate,Ava Rodriguez,Potential Loyalists,524,11.0,12.0,5.0,2375.19,3206.51
CUST_02064,Emma,Martin,emma.martin2064@example-domain.com,Denver,Colorado,80202,2023-07-10,Consumer,Emma Martin,Loyal Customers,332,8.0,60.0,6.0,1117.36,1508.44
CUST_02065,Riley,Jones,riley.jones2065@example-domain.com,San Francisco,California,94102,2023-03-03,Consumer,Riley Jones,Lost Customers,111,3.0,312.0,3.0,842.97,1138.01
CUST_02066,Sam,Martinez,sam.martinez2066@example-domain.com,Atlanta,Georgia,30301,2024-06-09,Corporate,Sam Martinez,Champions,442,10.0,30.0,7.0,1582.6200000000001,2136.54
CUST_02067,Sophia,Martinez,sophia.martinez2067@example-domain.com,Columbus,Ohio,43215,2023-05-30,Consumer,Sophia Martinez,Loyal Customers,345,12.0,56.0,7.0,3510.7799999999997,4739.55
CUST_02068,Sam,Thomas,sam.thomas2068@example-domain.com,Orlando,Florida,32801,2024-09-09,Consumer,Sam Thomas,Potential Loyalists,512,8.0,1.0,3.0,1066.59,1439.9
CUST_02069,Ethan,Martinez,ethan.martinez2069@example-domain.com,Seattle,Washington,98101,2023-01-09,Consumer,Ethan Martinez,Loyal Customers,354,12.0,58.0,9.0,2691.92,3634.09
CUST_02070,Ava,Jackson,ava.jackson2070@example-domain.com,Buffalo,New York,14201,2023-02-28,Consumer,Ava Jackson,Hibernating,123,6.0,293.0,5.0,2163.46,2920.67
CUST_02071,Riley,Taylor,riley.taylor2071@example-domain.com,Columbus,Ohio,43215,2023-02-25,Corporate,Riley Taylor,Lost Customers,113,5.0,289.0,3.0,1824.87,2463.57
CUST_02072,Olivia,Lopez,olivia.lopez2072@example-domain.com,Austin,Texas,78701,2023-07-25,Consumer,Olivia Lopez,Loyal Customers,343,10.0,55.0,7.0,1666.53,2249.82
CUST_02073,Pat,Williams,pat.williams2073@example-domain.com,Chicago,Illinois,60601,2023-07-13,Consumer,Pat Williams,Hibernating,135,9.0,275.0,6.0,3276.75,4423.61
CUST_02074,Emma,Anderson,emma.anderson2074@example-domain.com,Chicago,Illinois,60601,2024-08-15,Corporate,Emma Anderson,At Risk,242,8.0,156.0,8.0,1189.46,1605.77
CUST_02075,Mia,Hernandez,mia.hernandez2075@example-domain.com,Orlando,Florida,32801,2024-03-04,Corporate,Mia Hernandez,Champions,544,13.0,10.0,8.0,2999.48,4049.3
CUST_02076,Ethan,Garcia,ethan.garcia2076@example-domain.com,New York City,New York,10001,2024-04-10,Corporate,Ethan Garcia,Lost Customers,111,3.0,426.0,2.0,117.19999999999999,158.22
CUST_02077,Jordan,Thomas,jordan.thomas2077@example-domain.com,Dallas,Texas,75201,2023-01-04,Consumer,Jordan Thomas,At Risk,255,12.0,201.0,9.0,4193.17,5660.78
CUST_02078,Riley,Davis,riley.davis2078@example-domain.com,Denver,Colorado,80202,2024-09-30,Consumer,Riley Davis,Lost Customers,113,5.0,456.0,2.0,1733.65,2340.43
CUST_02079,Pat,Davis,pat.davis2079@example-domain.com,Philadelphia,Pennsylvania,19102,2023-12-06,Small Business,Pat Davis,Hibernating,133,7.0,385.0,6.0,1729.35,2334.62
CUST_02080,Liam,Miller,liam.miller2080@example-domain.com,Boston,Massachusetts,02108,2023-07-08,Corporate,Liam Miller,Hibernating,122,5.0,358.0,5.0,1427.8899999999999,1927.65
CUST_02081,Alex,Lopez,alex.lopez2081@example-domain.com,Los Angeles,California,90001,2023-03-17,Consumer,Alex Lopez,At Risk,254,11.0,101.0,9.0,3070.19,4144.76
CUST_02082,Sophia,Smith,sophia.smith2082@example-domain.com,Columbus,Ohio,43215,2023-04-28,Consumer,Sophia Smith,At Risk,244,10.0,151.0,8.0,2867.25,3870.79
CUST_02083,Sam,Martinez,sam.martinez2083@example-domain.com,Denver,Colorado,80202,2023-07-19,Consumer,Sam Martinez,Can't Lose Them,145,10.0,248.0,8.0,3345.4300000000003,4516.33
CUST_02084,Mia,Lopez,mia.lopez2084@example-domain.com,San Francisco,California,94102,2023-01-31,Small Business,Mia Lopez,Champions,553,13.0,6.0,9.0,1926.8999999999999,2601.32
CUST_02085,Pat,Miller,pat.miller2085@example-domain.com,Orlando,Florida,32801,2023-06-28,Consumer,Pat Miller,Loyal Customers,334,10.0,49.0,6.0,2852.69,3851.13
CUST_02086,Riley,Rodriguez,riley.rodriguez2086@example-domain.com,Houston,Texas,77001,2023-12-14,Consumer,Riley Rodriguez,Hibernating,124,7.0,413.0,4.0,2660.39,3591.53
CUST_02087,Lucas,Davis,lucas.davis2087@example-domain.com,Houston,Texas,77001,2023-07-20,Consumer,Lucas Davis,Champions,544,13.0,11.0,7.0,2350.51,3173.19
CUST_02088,Alex,Garcia,alex.garcia2088@example-domain.com,Miami,Florida,33101,2023-04-14,Consumer,Alex Garcia,Champions,543,12.0,16.0,7.0,2134.36,2881.39
CUST_02089,Alex,Jones,alex.jones2089@example-domain.com,Boston,Massachusetts,02108,2024-11-01,Corporate,Alex Jones,Champions,455,14.0,23.0,9.0,4127.85,5572.6
CUST_02090,Morgan,Hernandez,morgan.hernandez2090@example-domain.com,Austin,Texas,78701,2023-11-09,Consumer,Morgan Hernandez,Loyal Customers,533,11.0,15.0,6.0,1915.29,2585.64
CUST_02091,Noah,Davis,noah.davis2091@example-domain.com,Seattle,Washington,98101,2024-01-17,Corporate,Noah Davis,Promising,321,6.0,46.0,4.0,777.4,1049.49
CUST_02092,Chris,Taylor,chris.taylor2092@example-domain.com,Atlanta,Georgia,30301,2024-12-29,Small Business,Chris Taylor,Promising,322,7.0,81.0,5.0,1517.6799999999998,2048.87
CUST_02093,Taylor,Brown,taylor.brown2093@example-domain.com,Buffalo,New York,14201,2023-05-14,Consumer,Taylor Brown,At Risk,234,9.0,131.0,6.0,2803.7700000000004,3785.09
CUST_02094,Pat,Miller,pat.miller2094@example-domain.com,Columbus,Ohio,43215,2024-01-23,Consumer,Pat Miller,At Risk,253,10.0,101.0,9.0,2024.3799999999999,2732.91
CUST_02095,Sophia,Hernandez,sophia.hernandez2095@example-domain.com,Atlanta,Georgia,30301,2024-10-13,Consumer,Sophia Hernandez,Lost Customers,111,3.0,443.0,2.0,275.70000000000005,372.2
CUST_02096,Riley,Johnson,riley.johnson2096@example-domain.com,Austin,Texas,78701,2024-07-02,Corporate,Riley Johnson,Can't Lose Them,142,7.0,318.0,7.0,1393.97,1881.86
CUST_02097,Dakota,Jones,dakota.jones2097@example-domain.com,Chicago,Illinois,60601,2023-09-11,Consumer,Dakota Jones,Loyal Customers,342,9.0,80.0,7.0,1600.55,2160.74
CUST_02098,Jordan,Rodriguez,jordan.rodriguez2098@example-domain.com,Buffalo,New York,14201,2024-06-04,Consumer,Jordan Rodriguez,At Risk,255,12.0,96.0,12.0,3359.33,4535.1
CUST_02099,Mia,Thomas,mia.thomas2099@example-domain.com,Austin,Texas,78701,2023-03-25,Corporate,Mia Thomas,Potential Loyalists,521,8.0,2.0,5.0,721.4,973.89
CUST_02100,Emma,Martin,emma.martin2100@example-domain.com,San Diego,California,92101,2023-06-21,Consumer,Emma Martin,Champions,455,14.0,27.0,11.0,4552.04,6145.25
CUST_02101,Ava,Gonzalez,ava.gonzalez2101@example-domain.com,Raleigh,North Carolina,27601,2024-01-19,Small Business,Ava Gonzalez,Loyal Customers,354,12.0,48.0,9.0,2989.66,4036.04
CUST_02102,Emma,Taylor,emma.taylor2102@example-domain.com,Denver,Colorado,80202,2023-07-03,Consumer,Emma Taylor,Lost Customers,111,3.0,622.0,1.0,353.45,477.16
CUST_02103,Ethan,Lopez,ethan.lopez2103@example-domain.com,Raleigh,North Carolina,27601,2024-12-12,Consumer,Ethan Lopez,Potential Loyalists,424,10.0,21.0,5.0,2602.45,3513.31
CUST_02104,Emma,Thomas,emma.thomas2104@example-domain.com,Philadelphia,Pennsylvania,19102,2023-10-02,Consumer,Emma Thomas,Potential Loyalists,421,7.0,43.0,4.0,644.64,870.26
CUST_02105,Mia,Gonzalez,mia.gonzalez2105@example-domain.com,San Francisco,California,94102,2023-08-01,Corporate,Mia Gonzalez,Promising,325,10.0,57.0,5.0,3238.16,4371.52
CUST_02106,Riley,Miller,riley.miller2106@example-domain.com,Denver,Colorado,80202,2023-08-29,Consumer,Riley Miller,At Risk,245,11.0,128.0,7.0,3129.13,4224.33
CUST_02107,Liam,Miller,liam.miller2107@example-domain.com,Orlando,Florida,32801,2024-03-11,Corporate,Liam Miller,Potential Loyalists,422,8.0,30.0,5.0,1078.08,1455.41
CUST_02108,Liam,Jackson,liam.jackson2108@example-domain.com,Houston,Texas,77001,2024-01-19,Small Business,Liam Jackson,Hibernating,132,6.0,304.0,6.0,1466.92,1980.34
CUST_02109,Cameron,Moore,cameron.moore2109@example-domain.com,San Diego,California,92101,2023-05-18,Consumer,Cameron Moore,Loyal Customers,344,11.0,49.0,7.0,2812.76,3797.23
CUST_02110,Taylor,Martinez,taylor.martinez2110@example-domain.com,Denver,Colorado,80202,2024-06-15,Small Business,Taylor Martinez,At Risk,233,8.0,102.0,6.0,1979.3200000000002,2672.08
CUST_02111,Sophia,Davis,sophia.davis2111@example-domain.com,San Francisco,California,94102,2024-04-21,Consumer,Sophia Davis,Customers Needing Attention,222,6.0,191.0,5.0,1038.72,1402.27
CUST_02112,Ava,Martin,ava.martin2112@example-domain.com,Chicago,Illinois,60601,2024-03-12,Consumer,Ava Martin,Loyal Customers,355,13.0,59.0,10.0,3985.42,5380.32
CUST_02113,Noah,Anderson,noah.anderson2113@example-domain.com,Atlanta,Georgia,30301,2024-02-23,Consumer,Noah Anderson,Champions,453,12.0,31.0,10.0,1675.0,2261.25
CUST_02114,Sophia,Thomas,sophia.thomas2114@example-domain.com,Chicago,Illinois,60601,2023-10-07,Corporate,Sophia Thomas,Loyal Customers,344,11.0,63.0,8.0,2728.82,3683.91
CUST_02115,Liam,Smith,liam.smith2115@example-domain.com,Houston,Texas,77001,2024-03-28,Consumer,Liam Smith,Champions,555,15.0,2.0,10.0,4322.5599999999995,5835.46
CUST_02116,Riley,Rodriguez,riley.rodriguez2116@example-domain.com,San Diego,California,92101,2024-01-03,Consumer,Riley Rodriguez,Hibernating,124,7.0,654.0,5.0,2841.27,3835.71
CUST_02117,Taylor,Martinez,taylor.martinez2117@example-domain.com,Raleigh,North Carolina,27601,2024-06-09,Consumer,Taylor Martinez,Lost Customers,111,3.0,314.0,2.0,517.15,698.15
CUST_02118,Lucas,Williams,lucas.williams2118@example-domain.com,Miami,Florida,33101,2023-08-22,Consumer,Lucas Williams,At Risk,233,8.0,105.0,6.0,1705.85,2302.9
CUST_02119,Morgan,Brown,morgan.brown2119@example-domain.com,San Diego,California,92101,2024-01-04,Consumer,Morgan Brown,Customers Needing Attention,222,6.0,166.0,4.0,1111.05,1499.92
CUST_02120,Jordan,Moore,jordan.moore2120@example-domain.com,Austin,Texas,78701,2023-12-08,Corporate,Jordan Moore,Promising,323,8.0,55.0,4.0,1722.5,2325.38
CUST_02121,Pat,Hernandez,pat.hernandez2121@example-domain.com,Miami,Florida,33101,2023-11-06,Corporate,Pat Hernandez,Champions,444,12.0,31.0,8.0,2809.42,3792.72
CUST_02122,Cameron,Miller,cameron.miller2122@example-domain.com,Buffalo,New York,14201,2024-07-10,Consumer,Cameron Miller,Loyal Customers,532,10.0,20.0,6.0,1155.91,1560.48
CUST_02123,Cameron,Smith,cameron.smith2123@example-domain.com,Orlando,Florida,32801,2023-10-16,Small Business,Cameron Smith,Champions,443,11.0,37.0,7.0,1947.29,2628.84
CUST_02124,Sophia,Gonzalez,sophia.gonzalez2124@example-domain.com,Boston,Massachusetts,02108,2024-08-16,Consumer,Sophia Gonzalez,Hibernating,122,5.0,235.0,5.0,1119.01,1510.66
CUST_02125,Alex,Thomas,alex.thomas2125@example-domain.com,Raleigh,North Carolina,27601,2023-06-02,Small Business,Alex Thomas,Promising,322,7.0,84.0,5.0,1402.1399999999999,1892.89
CUST_02126,Liam,Davis,liam.davis2126@example-domain.com,Dallas,Texas,75201,2023-08-03,Consumer,Liam Davis,Customers Needing Attention,224,8.0,213.0,4.0,2639.09,3562.77
CUST_02127,Emma,Davis,emma.davis2127@example-domain.com,Raleigh,North Carolina,27601,2024-08-24,Consumer,Emma Davis,Potential Loyalists,423,9.0,37.0,5.0,2197.93,2967.21
CUST_02128,Lucas,Anderson,lucas.anderson2128@example-domain.com,Denver,Colorado,80202,2023-12-15,Consumer,Lucas Anderson,Champions,555,15.0,5.0,10.0,5249.52,7086.85
CUST_02129,Taylor,Hernandez,taylor.hernandez2129@example-domain.com,Austin,Texas,78701,2024-03-15,Corporate,Taylor Hernandez,At Risk,233,8.0,173.0,6.0,1929.6299999999999,2605.0
CUST_02130,Olivia,Miller,olivia.miller2130@example-domain.com,Denver,Colorado,80202,2024-04-05,Consumer,Olivia Miller,Hibernating,132,6.0,261.0,6.0,1479.4599999999998,1997.27
CUST_02131,Lucas,Smith,lucas.smith2131@example-domain.com,Seattle,Washington,98101,2023-05-23,Consumer,Lucas Smith,Customers Needing Attention,221,5.0,203.0,4.0,695.24,938.57
CUST_02132,Mia,Jones,mia.jones2132@example-domain.com,Orlando,Florida,32801,2023-01-10,Consumer,Mia Jones,Hibernating,121,4.0,291.0,5.0,799.44,1079.24
CUST_02133,Emma,Lopez,emma.lopez2133@example-domain.com,Chicago,Illinois,60601,2023-08-19,Consumer,Emma Lopez,Champions,555,15.0,2.0,14.0,3305.8199999999997,4462.86
CUST_02134,Olivia,Wilson,olivia.wilson2134@example-domain.com,Boston,Massachusetts,02108,2024-12-08,Consumer,Olivia Wilson,Loyal Customers,355,13.0,86.0,9.0,4463.46,6025.67
CUST_02135,Lucas,Martinez,lucas.martinez2135@example-domain.com,Chicago,Illinois,60601,2024-08-24,Corporate,Lucas Martinez,Champions,453,12.0,31.0,9.0,1973.01,2663.56
CUST_02136,Alex,Jackson,alex.jackson2136@example-domain.com,San Francisco,California,94102,2023-05-23,Corporate,Alex Jackson,Lost Customers,111,3.0,393.0,3.0,597.9200000000001,807.19
CUST_02137,Sam,Hernandez,sam.hernandez2137@example-domain.com,Boston,Massachusetts,02108,2024-01-26,Consumer,Sam Hernandez,Potential Loyalists,525,12.0,9.0,5.0,3174.4599999999996,4285.52
CUST_02138,Pat,Gonzalez,pat.gonzalez2138@example-domain.com,San Diego,California,92101,2024-07-01,Corporate,Pat Gonzalez,Loyal Customers,344,11.0,89.0,8.0,2493.74,3366.55
CUST_02139,Liam,Miller,liam.miller2139@example-domain.com,Philadelphia,Pennsylvania,19102,2023-04-22,Consumer,Liam Miller,Customers Needing Attention,222,6.0,109.0,5.0,1483.91,2003.28
CUST_02140,Ethan,Jackson,ethan.jackson2140@example-domain.com,Denver,Colorado,80202,2024-10-16,Corporate,Ethan Jackson,Champions,444,12.0,32.0,8.0,2626.26,3545.45
CUST_02141,Dakota,Williams,dakota.williams2141@example-domain.com,Houston,Texas,77001,2023-04-17,Corporate,Dakota Williams,Customers Needing Attention,211,4.0,147.0,3.0,226.08999999999997,305.22
CUST_02142,Lucas,Garcia,lucas.garcia2142@example-domain.com,San Francisco,California,94102,2024-12-06,Consumer,Lucas Garcia,Potential Loyalists,521,8.0,10.0,5.0,434.01,585.91
CUST_02143,Jackson,Thomas,jackson.thomas2143@example-domain.com,Los Angeles,California,90001,2023-07-11,Corporate,Jackson Thomas,Loyal Customers,332,8.0,56.0,6.0,1398.44,1887.89
CUST_02144,Pat,Williams,pat.williams2144@example-domain.com,Boston,Massachusetts,02108,2023-10-18,Consumer,Pat Williams,Can't Lose Them,155,11.0,214.0,10.0,4597.32,6206.38
CUST_02145,Pat,Davis,pat.davis2145@example-domain.com,Orlando,Florida,32801,2024-11-06,Consumer,Pat Davis,Champions,443,11.0,23.0,7.0,2092.58,2824.98
CUST_02146,Ava,Williams,ava.williams2146@example-domain.com,Denver,Colorado,80202,2023-02-28,Corporate,Ava Williams,Loyal Customers,345,12.0,56.0,7.0,3973.2500000000005,5363.89
CUST_02147,Sophia,Taylor,sophia.taylor2147@example-domain.com,Los Angeles,California,90001,2023-06-25,Consumer,Sophia Taylor,Loyal Customers,433,10.0,37.0,6.0,2059.82,2780.76
CUST_02148,Ethan,Wilson,ethan.wilson2148@example-domain.com,Boston,Massachusetts,02108,2023-06-10,Consumer,Ethan Wilson,Customers Needing Attention,211,4.0,121.0,3.0,917.98,1239.27
CUST_02149,Morgan,Jones,morgan.jones2149@example-domain.com,Columbus,Ohio,43215,2024-03-04,Consumer,Morgan Jones,Lost Customers,111,3.0,416.0,3.0,803.1,1084.19
CUST_02150,Emma,Williams,emma.williams2150@example-domain.com,Boston,Massachusetts,02108,2023-07-31,Corporate,Emma Williams,Loyal Customers,353,11.0,54.0,9.0,2058.8,2779.38
CUST_02151,Sam,Miller,sam.miller2151@example-domain.com,Orlando,Florida,32801,2024-03-18,Consumer,Sam Miller,Customers Needing Attention,221,5.0,93.0,4.0,377.73,509.94
CUST_02152,Emma,Garcia,emma.garcia2152@example-domain.com,Orlando,Florida,32801,2024-08-24,Consumer,Emma Garcia,Lost Customers,112,4.0,494.0,2.0,1308.99,1767.14
CUST_02153,Pat,Taylor,pat.taylor2153@example-domain.com,Denver,Colorado,80202,2023-10-10,Corporate,Pat Taylor,At Risk,232,7.0,197.0,6.0,1061.94,1433.62
CUST_02154,Pat,Smith,pat.smith2154@example-domain.com,Buffalo,New York,14201,2024-04-01,Corporate,Pat Smith,Champions,454,13.0,30.0,10.0,2441.45,3295.96
CUST_02155,Taylor,Gonzalez,taylor.gonzalez2155@example-domain.com,Dallas,Texas,75201,2024-06-22,Consumer,Taylor Gonzalez,Loyal Customers,435,12.0,39.0,6.0,3520.64,4752.86
CUST_02156,Ethan,Jackson,ethan.jackson2156@example-domain.com,Philadelphia,Pennsylvania,19102,2024-04-16,Consumer,Ethan Jackson,Potential Loyalists,421,7.0,32.0,5.0,813.75,1098.56
CUST_02157,Noah,Jackson,noah.jackson2157@example-domain.com,San Francisco,California,94102,2023-04-04,Consumer,Noah Jackson,Hibernating,121,4.0,563.0,4.0,644.5699999999999,870.17
CUST_02158,Dakota,Anderson,dakota.anderson2158@example-domain.com,Seattle,Washington,98101,2024-12-18,Consumer,Dakota Anderson,Champions,555,15.0,2.0,9.0,4897.01,6610.96
CUST_02159,Dakota,Gonzalez,dakota.gonzalez2159@example-domain.com,Houston,Texas,77001,2024-03-01,Consumer,Dakota Gonzalez,Lost Customers,111,3.0,390.0,3.0,502.90999999999997,678.93
CUST_02160,Riley,Garcia,riley.garcia2160@example-domain.com,Atlanta,Georgia,30301,2024-04-13,Corporate,Riley Garcia,At Risk,243,9.0,106.0,7.0,1807.13,2439.63
CUST_02161,Liam,Garcia,liam.garcia2161@example-domain.com,New York City,New York,10001,2024-02-07,Consumer,Liam Garcia,Champions,555,15.0,19.0,10.0,5728.2,7733.07
CUST_02162,Jordan,Davis,jordan.davis2162@example-domain.com,Houston,Texas,77001,2023-10-08,Consumer,Jordan Davis,Champions,544,13.0,9.0,7.0,2605.8599999999997,3517.91
CUST_02163,Lucas,Martinez,lucas.martinez2163@example-domain.com,San Diego,California,92101,2024-12-15,Consumer,Lucas Martinez,Lost Customers,111,3.0,380.0,1.0,165.93,224.01
CUST_02164,Pat,Thomas,pat.thomas2164@example-domain.com,Atlanta,Georgia,30301,2024-07-20,Corporate,Pat Thomas,At Risk,232,7.0,162.0,6.0,1335.3700000000001,1802.75
CUST_02165,Morgan,Lopez,morgan.lopez2165@example-domain.com,San Diego,California,92101,2023-04-18,Consumer,Morgan Lopez,Lost Customers,111,3.0,359.0,3.0,890.8,1202.58
CUST_02166,Ava,Hernandez,ava.hernandez2166@example-domain.com,Atlanta,Georgia,30301,2024-04-06,Small Business,Ava Hernandez,Champions,453,12.0,28.0,9.0,1783.03,2407.09
CUST_02167,Chris,Rodriguez,chris.rodriguez2167@example-domain.com,Austin,Texas,78701,2024-06-02,Consumer,Chris Rodriguez,Champions,555,15.0,17.0,9.0,3268.81,4412.89
CUST_02168,Jordan,Anderson,jordan.anderson2168@example-domain.com,Los Angeles,California,90001,2023-03-16,Consumer,Jordan Anderson,Loyal Customers,355,13.0,53.0,13.0,4803.55,6484.79
CUST_02169,Noah,Gonzalez,noah.gonzalez2169@example-domain.com,Chicago,Illinois,60601,2024-02-13,Consumer,Noah Gonzalez,Lost Customers,111,3.0,236.0,2.0,896.35,1210.07
CUST_02170,Pat,Gonzalez,pat.gonzalez2170@example-domain.com,San Francisco,California,94102,2023-01-11,Consumer,Pat Gonzalez,Promising,324,9.0,64.0,5.0,2302.66,3108.59
CUST_02171,Cameron,Brown,cameron.brown2171@example-domain.com,Buffalo,New York,14201,2023-12-01,Consumer,Cameron Brown,Customers Needing Attention,212,5.0,172.0,3.0,1243.88,1679.24
CUST_02172,Noah,Thomas,noah.thomas2172@example-domain.com,Denver,Colorado,80202,2023-03-11,Consumer,Noah Thomas,Champions,555,15.0,4.0,13.0,3193.74,4311.55
CUST_02173,Taylor,Moore,taylor.moore2173@example-domain.com,Dallas,Texas,75201,2024-12-31,Consumer,Taylor Moore,Customers Needing Attention,222,6.0,161.0,5.0,1424.88,1923.59
CUST_02174,Noah,Jones,noah.jones2174@example-domain.com,Philadelphia,Pennsylvania,19102,2023-10-13,Corporate,Noah Jones,Champions,452,11.0,37.0,9.0,1113.17,1502.78
CUST_02175,Chris,Garcia,chris.garcia2175@example-domain.com,Los Angeles,California,90001,2024-09-13,Consumer,Chris Garcia,Champions,445,13.0,29.0,8.0,4189.04,5655.2
CUST_02176,Morgan,Garcia,morgan.garcia2176@example-domain.com,Orlando,Florida,32801,2023-05-08,Corporate,Morgan Garcia,Loyal Customers,532,10.0,6.0,6.0,1509.04,2037.2
CUST_02177,Lucas,Gonzalez,lucas.gonzalez2177@example-domain.com,Houston,Texas,77001,2023-03-21,Consumer,Lucas Gonzalez,Potential Loyalists,423,9.0,28.0,4.0,1792.76,2420.23
CUST_02178,Alex,Rodriguez,alex.rodriguez2178@example-domain.com,Buffalo,New York,14201,2024-03-27,Consumer,Alex Rodriguez,Loyal Customers,355,13.0,60.0,9.0,4055.52,5474.95
CUST_02179,Sophia,Garcia,sophia.garcia2179@example-domain.com,Austin,Texas,78701,2023-02-05,Consumer,Sophia Garcia,Champions,544,13.0,7.0,8.0,3054.08,4123.01
CUST_02180,Lucas,Miller,lucas.miller2180@example-domain.com,Denver,Colorado,80202,2024-12-14,Consumer,Lucas Miller,Lost Customers,111,3.0,301.0,2.0,924.3199999999999,1247.83
CUST_02181,Jordan,Taylor,jordan.taylor2181@example-domain.com,New York City,New York,10001,2024-02-04,Consumer,Jordan Taylor,Champions,443,11.0,37.0,8.0,2019.01,2725.66
CUST_02182,Dakota,Anderson,dakota.anderson2182@example-domain.com,San Francisco,California,94102,2024-09-04,Consumer,Dakota Anderson,Loyal Customers,334,10.0,56.0,6.0,3077.07,4154.04
CUST_02183,Alex,Johnson,alex.johnson2183@example-domain.com,Boston,Massachusetts,02108,2023-07-26,Consumer,Alex Johnson,Hibernating,121,4.0,317.0,5.0,707.73,955.44
CUST_02184,Riley,Lopez,riley.lopez2184@example-domain.com,Dallas,Texas,75201,2023-07-24,Consumer,Riley Lopez,Champions,453,12.0,28.0,10.0,1682.8400000000001,2271.83
CUST_02185,Taylor,Smith,taylor.smith2185@example-domain.com,Atlanta,Georgia,30301,2023-01-29,Consumer,Taylor Smith,Potential Loyalists,421,7.0,42.0,4.0,690.53,932.22
CUST_02186,Alex,Hernandez,alex.hernandez2186@example-domain.com,Austin,Texas,78701,2024-11-27,Small Business,Alex Hernandez,Hibernating,121,4.0,398.0,4.0,951.05,1283.92
CUST_02187,Taylor,Davis,taylor.davis2187@example-domain.com,New York City,New York,10001,2024-11-11,Corporate,Taylor Davis,Champions,454,13.0,28.0,10.0,2858.3,3858.71
CUST_02188,Chris,Garcia,chris.garcia2188@example-domain.com,San Francisco,California,94102,2024-03-01,Corporate,Chris Garcia,Champions,455,14.0,41.0,9.0,4716.83,6367.72
CUST_02189,Ava,Brown,ava.brown2189@example-domain.com,Chicago,Illinois,60601,2023-11-27,Corporate,Ava Brown,At Risk,244,10.0,143.0,8.0,2432.79,3284.27
CUST_02190,Lucas,Miller,lucas.miller2190@example-domain.com,Austin,Texas,78701,2024-07-08,Consumer,Lucas Miller,Lost Customers,111,3.0,437.0,2.0,915.71,1236.21
CUST_02191,Liam,Wilson,liam.wilson2191@example-domain.com,New York City,New York,10001,2023-08-26,Consumer,Liam Wilson,Loyal Customers,345,12.0,81.0,8.0,4729.18,6384.39
CUST_02192,Pat,Brown,pat.brown2192@example-domain.com,Seattle,Washington,98101,2023-11-28,Small Business,Pat Brown,Champions,545,14.0,17.0,7.0,3240.69,4374.93
CUST_02193,Chris,Smith,chris.smith2193@example-domain.com,Boston,Massachusetts,02108,2024-10-31,Consumer,Chris Smith,Champions,542,11.0,13.0,7.0,1247.63,1684.3
CUST_02194,Ethan,Smith,ethan.smith2194@example-domain.com,Boston,Massachusetts,02108,2023-08-06,Consumer,Ethan Smith,Customers Needing Attention,222,6.0,148.0,4.0,1054.1100000000001,1423.05
CUST_02195,Noah,Davis,noah.davis2195@example-domain.com,San Diego,California,92101,2024-11-04,Consumer,Noah Davis,Lost Customers,111,3.0,236.0,3.0,682.51,921.39
CUST_02196,Cameron,Martin,cameron.martin2196@example-domain.com,Seattle,Washington,98101,2023-02-14,Consumer,Cameron Martin,Champions,544,13.0,20.0,8.0,2675.57,3612.02
CUST_02197,Taylor,Miller,taylor.miller2197@example-domain.com,Atlanta,Georgia,30301,2023-11-05,Consumer,Taylor Miller,At Risk,245,11.0,165.0,7.0,3515.05,4745.32
CUST_02198,Jackson,Thomas,jackson.thomas2198@example-domain.com,New York City,New York,10001,2024-12-30,Corporate,Jackson Thomas,Customers Needing Attention,222,6.0,93.0,4.0,1589.42,2145.72
CUST_02199,Lucas,Jackson,lucas.jackson2199@example-domain.com,Houston,Texas,77001,2023-09-15,Consumer,Lucas Jackson,Potential Loyalists,414,9.0,41.0,3.0,2305.11,3111.9
CUST_02200,Morgan,Martin,morgan.martin2200@example-domain.com,Chicago,Illinois,60601,2024-10-08,Consumer,Morgan Martin,At Risk,245,11.0,136.0,7.0,5729.4,7734.69
CUST_02201,Liam,Jones,liam.jones2201@example-domain.com,Chicago,Illinois,60601,2023-06-29,Small Business,Liam Jones,Loyal Customers,433,10.0,42.0,6.0,1970.3500000000001,2659.97
CUST_02202,Ethan,Thomas,ethan.thomas2202@example-domain.com,San Diego,California,92101,2023-12-10,Consumer,Ethan Thomas,Customers Needing Attention,223,7.0,171.0,5.0,2148.7200000000003,2900.77
CUST_02203,Alex,Martin,alex.martin2203@example-domain.com,Denver,Colorado,80202,2024-01-27,Consumer,Alex Martin,Loyal Customers,344,11.0,77.0,8.0,2874.68,3880.82
CUST_02204,Ava,Davis,ava.davis2204@example-domain.com,Raleigh,North Carolina,27601,2024-08-24,Consumer,Ava Davis,Potential Loyalists,422,8.0,22.0,5.0,1431.93,1933.11
CUST_02205,Alex,Davis,alex.davis2205@example-domain.com,Los Angeles,California,90001,2024-09-23,Corporate,Alex Davis,Hibernating,133,7.0,452.0,6.0,1656.68,2236.52
CUST_02206,Morgan,Martinez,morgan.martinez2206@example-domain.com,Dallas,Texas,75201,2024-03-14,Small Business,Morgan Martinez,Hibernating,122,5.0,235.0,5.0,1242.93,1677.96
CUST_02207,Riley,Martin,riley.martin2207@example-domain.com,San Diego,California,92101,2023-03-03,Consumer,Riley Martin,Loyal Customers,432,9.0,33.0,6.0,1149.69,1552.08
CUST_02208,Sam,Lopez,sam.lopez2208@example-domain.com,Philadelphia,Pennsylvania,19102,2023-10-31,Corporate,Sam Lopez,Champions,455,14.0,38.0,10.0,3495.2200000000003,4718.55
CUST_02209,Pat,Jones,pat.jones2209@example-domain.com,Boston,Massachusetts,02108,2023-07-29,Consumer,Pat Jones,Potential Loyalists,421,7.0,25.0,5.0,649.37,876.65
CUST_02210,Jordan,Davis,jordan.davis2210@example-domain.com,Denver,Colorado,80202,2023-12-03,Small Business,Jordan Davis,Customers Needing Attention,224,8.0,108.0,5.0,2923.92,3947.29
CUST_02211,Sam,Rodriguez,sam.rodriguez2211@example-domain.com,Chicago,Illinois,60601,2024-10-21,Corporate,Sam Rodriguez,Customers Needing Attention,222,6.0,110.0,5.0,1448.27,1955.16
CUST_02212,Jordan,Taylor,jordan.taylor2212@example-domain.com,Atlanta,Georgia,30301,2024-10-25,Corporate,Jordan Taylor,At Risk,254,11.0,177.0,10.0,2456.25,3315.94
CUST_02213,Dakota,Smith,dakota.smith2213@example-domain.com,Dallas,Texas,75201,2023-12-06,Consumer,Dakota Smith,Potential Loyalists,522,9.0,9.0,4.0,1472.47,1987.83
CUST_02214,Ethan,Davis,ethan.davis2214@example-domain.com,Austin,Texas,78701,2024-07-06,Small Business,Ethan Davis,Potential Loyalists,511,7.0,12.0,3.0,894.66,1207.79
CUST_02215,Jordan,Davis,jordan.davis2215@example-domain.com,Dallas,Texas,75201,2024-09-14,Corporate,Jordan Davis,Champions,545,14.0,7.0,8.0,3819.1,5155.78
CUST_02216,Liam,Taylor,liam.taylor2216@example-domain.com,Chicago,Illinois,60601,2023-07-07,Consumer,Liam Taylor,Promising,325,10.0,51.0,5.0,3098.69,4183.23
CUST_02217,Noah,Smith,noah.smith2217@example-domain.com,San Diego,California,92101,2024-05-18,Corporate,Noah Smith,Champions,543,12.0,10.0,7.0,1865.6699999999998,2518.65
CUST_02218,Taylor,Miller,taylor.miller2218@example-domain.com,San Francisco,California,94102,2024-10-11,Consumer,Taylor Miller,Hibernating,133,7.0,445.0,6.0,2057.65,2777.83
CUST_02219,Sam,Miller,sam.miller2219@example-domain.com,Buffalo,New York,14201,2023-04-04,Corporate,Sam Miller,At Risk,232,7.0,115.0,6.0,1397.24,1886.27
CUST_02220,Chris,Jackson,chris.jackson2220@example-domain.com,Columbus,Ohio,43215,2023-07-29,Consumer,Chris Jackson,Promising,321,6.0,55.0,4.0,882.78,1191.75
CUST_02221,Riley,Taylor,riley.taylor2221@example-domain.com,San Diego,California,92101,2024-03-12,Corporate,Riley Taylor,Champions,442,10.0,25.0,7.0,1447.8,1954.53
CUST_02222,Noah,Martinez,noah.martinez2222@example-domain.com,Houston,Texas,77001,2023-07-22,Consumer,Noah Martinez,Lost Customers,111,3.0,703.0,2.0,833.36,1125.04
CUST_02223,Riley,Wilson,riley.wilson2223@example-domain.com,Houston,Texas,77001,2024-09-12,Consumer,Riley Wilson,Customers Needing Attention,225,9.0,209.0,4.0,3828.73,5168.79
CUST_02224,Riley,Martinez,riley.martinez2224@example-domain.com,Orlando,Florida,32801,2024-08-13,Consumer,Riley Martinez,Lost Customers,111,3.0,218.0,3.0,863.83,1166.17
CUST_02225,Noah,Miller,noah.miller2225@example-domain.com,Miami,Florida,33101,2024-05-07,Consumer,Noah Miller,Customers Needing Attention,223,7.0,119.0,4.0,1875.7399999999998,2532.25
CUST_02226,Taylor,Lopez,taylor.lopez2226@example-domain.com,Boston,Massachusetts,02108,2024-01-22,Consumer,Taylor Lopez,At Risk,242,8.0,93.0,8.0,1412.06,1906.28
CUST_02227,Chris,Thomas,chris.thomas2227@example-domain.com,Denver,Colorado,80202,2024-03-08,Consumer,Chris Thomas,Lost Customers,112,4.0,341.0,3.0,1274.81,1720.99
CUST_02228,Ava,Martin,ava.martin2228@example-domain.com,Atlanta,Georgia,30301,2023-06-09,Consumer,Ava Martin,Lost Customers,111,3.0,376.0,3.0,741.0,1000.35
CUST_02229,Emma,Smith,emma.smith2229@example-domain.com,Boston,Massachusetts,02108,2024-03-13,Consumer,Emma Smith,Hibernating,122,5.0,587.0,4.0,1097.26,1481.3
CUST_02230,Taylor,Martinez,taylor.martinez2230@example-domain.com,Columbus,Ohio,43215,2023-06-06,Consumer,Taylor Martinez,Loyal Customers,435,12.0,29.0,6.0,3687.6800000000003,4978.37
CUST_02231,Lucas,Garcia,lucas.garcia2231@example-domain.com,Miami,Florida,33101,2024-01-25,Corporate,Lucas Garcia,Promising,321,6.0,52.0,5.0,597.74,806.95
CUST_02232,Noah,Martinez,noah.martinez2232@example-domain.com,Denver,Colorado,80202,2023-10-18,Consumer,Noah Martinez,Loyal Customers,432,9.0,31.0,6.0,1590.71,2147.46
CUST_02233,Liam,Moore,liam.moore2233@example-domain.com,Philadelphia,Pennsylvania,19102,2023-03-15,Small Business,Liam Moore,At Risk,234,9.0,172.0,6.0,2269.66,3064.04
CUST_02234,Ethan,Jones,ethan.jones2234@example-domain.com,Philadelphia,Pennsylvania,19102,2023-07-20,Corporate,Ethan Jones,Customers Needing Attention,212,5.0,111.0,3.0,1495.1399999999999,2018.44
CUST_02235,Sam,Miller,sam.miller2235@example-domain.com,Los Angeles,California,90001,2023-01-14,Consumer,Sam Miller,Champions,545,14.0,17.0,7.0,3098.4900000000002,4182.96
CUST_02236,Ava,Lopez,ava.lopez2236@example-domain.com,Philadelphia,Pennsylvania,19102,2024-02-19,Consumer,Ava Lopez,At Risk,232,7.0,171.0,6.0,1074.11,1450.05
CUST_02237,Olivia,Gonzalez,olivia.gonzalez2237@example-domain.com,Seattle,Washington,98101,2024-01-29,Corporate,Olivia Gonzalez,Champions,455,14.0,35.0,8.0,3840.6400000000003,5184.86
CUST_02238,Emma,Martinez,emma.martinez2238@example-domain.com,San Diego,California,92101,2024-02-23,Consumer,Emma Martinez,Customers Needing Attention,221,5.0,113.0,4.0,877.0500000000001,1184.02
CUST_02239,Jordan,Brown,jordan.brown2239@example-domain.com,Boston,Massachusetts,02108,2024-08-02,Consumer,Jordan Brown,Promising,324,9.0,59.0,4.0,2919.14,3940.84
CUST_02240,Chris,Miller,chris.miller2240@example-domain.com,Atlanta,Georgia,30301,2023-09-19,Consumer,Chris Miller,Potential Loyalists,421,7.0,35.0,5.0,888.96,1200.1
CUST_02241,Sophia,Taylor,sophia.taylor2241@example-domain.com,Philadelphia,Pennsylvania,19102,2024-10-12,Corporate,Sophia Taylor,Customers Needing Attention,221,5.0,94.0,4.0,1007.46,1360.07
CUST_02242,Sophia,Johnson,sophia.johnson2242@example-domain.com,Boston,Massachusetts,02108,2024-03-10,Consumer,Sophia Johnson,Loyal Customers,355,13.0,84.0,10.0,4970.64,6710.36
CUST_02243,Riley,Davis,riley.davis2243@example-domain.com,Philadelphia,Pennsylvania,19102,2023-02-05,Consumer,Riley Davis,Potential Loyalists,423,9.0,39.0,5.0,1792.06,2419.28
CUST_02244,Sophia,Smith,sophia.smith2244@example-domain.com,Buffalo,New York,14201,2023-09-25,Small Business,Sophia Smith,Promising,322,7.0,60.0,5.0,1148.43,1550.38
CUST_02245,Jackson,Anderson,jackson.anderson2245@example-domain.com,Buffalo,New York,14201,2023-09-18,Corporate,Jackson Anderson,Loyal Customers,352,10.0,49.0,8.0,1367.07,1845.54
CUST_02246,Riley,Martin,riley.martin2246@example-domain.com,Houston,Texas,77001,2023-01-13,Consumer,Riley Martin,Customers Needing Attention,223,7.0,188.0,4.0,1810.74,2444.5
CUST_02247,Morgan,Williams,morgan.williams2247@example-domain.com,Boston,Massachusetts,02108,2024-02-12,Consumer,Morgan Williams,Hibernating,122,5.0,268.0,5.0,1316.42,1777.17
CUST_02248,Mia,Williams,mia.williams2248@example-domain.com,Raleigh,North Carolina,27601,2023-07-13,Corporate,Mia Williams,Loyal Customers,355,13.0,78.0,8.0,3352.66,4526.09
CUST_02249,Olivia,Garcia,olivia.garcia2249@example-domain.com,Atlanta,Georgia,30301,2023-09-16,Consumer,Olivia Garcia,Hibernating,134,8.0,368.0,6.0,2554.18,3448.14
CUST_02250,Dakota,Taylor,dakota.taylor2250@example-domain.com,Columbus,Ohio,43215,2024-11-05,Consumer,Dakota Taylor,Loyal Customers,342,9.0,91.0,7.0,1266.34,1709.56
CUST_02251,Liam,Jackson,liam.jackson2251@example-domain.com,Orlando,Florida,32801,2024-02-26,Consumer,Liam Jackson,Champions,555,15.0,12.0,12.0,5543.92,7484.29
CUST_02252,Taylor,Brown,taylor.brown2252@example-domain.com,Seattle,Washington,98101,2023-05-27,Small Business,Taylor Brown,Champions,555,15.0,15.0,11.0,4342.24,5862.02
CUST_02253,Cameron,Miller,cameron.miller2253@example-domain.com,Boston,Massachusetts,02108,2024-12-16,Consumer,Cameron Miller,Loyal Customers,354,12.0,54.0,8.0,2691.1,3632.98
CUST_02254,Dakota,Smith,dakota.smith2254@example-domain.com,Houston,Texas,77001,2024-05-18,Corporate,Dakota Smith,Can't Lose Them,155,11.0,225.0,9.0,3408.42,4601.37
CUST_02255,Alex,Brown,alex.brown2255@example-domain.com,San Diego,California,92101,2024-12-14,Corporate,Alex Brown,Promising,322,7.0,89.0,5.0,1066.52,1439.8
CUST_02256,Olivia,Taylor,olivia.taylor2256@example-domain.com,Atlanta,Georgia,30301,2024-11-01,Consumer,Olivia Taylor,Loyal Customers,332,8.0,65.0,6.0,1032.19,1393.46
CUST_02257,Dakota,Wilson,dakota.wilson2257@example-domain.com,Houston,Texas,77001,2023-06-30,Consumer,Dakota Wilson,Potential Loyalists,411,6.0,24.0,3.0,794.4100000000001,1072.45
CUST_02258,Sophia,Garcia,sophia.garcia2258@example-domain.com,Buffalo,New York,14201,2023-07-22,Consumer,Sophia Garcia,At Risk,232,7.0,194.0,6.0,1307.22,1764.75
CUST_02259,Emma,Garcia,emma.garcia2259@example-domain.com,Raleigh,North Carolina,27601,2023-04-23,Consumer,Emma Garcia,Promising,324,9.0,53.0,5.0,2542.56,3432.46
CUST_02260,Noah,Jackson,noah.jackson2260@example-domain.com,Austin,Texas,78701,2023-07-10,Consumer,Noah Jackson,Champions,555,15.0,11.0,11.0,6297.2300000000005,8501.26
CUST_02261,Pat,Johnson,pat.johnson2261@example-domain.com,Houston,Texas,77001,2023-07-16,Corporate,Pat Johnson,Hibernating,131,5.0,231.0,6.0,918.05,1239.37
CUST_02262,Cameron,Wilson,cameron.wilson2262@example-domain.com,Denver,Colorado,80202,2024-10-03,Consumer,Cameron Wilson,Promising,325,10.0,90.0,4.0,3302.96,4459.0
CUST_02263,Jackson,Brown,jackson.brown2263@example-domain.com,Houston,Texas,77001,2023-03-23,Corporate,Jackson Brown,Loyal Customers,334,10.0,59.0,6.0,2257.46,3047.57
CUST_02264,Dakota,Williams,dakota.williams2264@example-domain.com,Boston,Massachusetts,02108,2023-05-08,Consumer,Dakota Williams,Hibernating,121,4.0,269.0,4.0,775.98,1047.57
CUST_02265,Cameron,Williams,cameron.williams2265@example-domain.com,Chicago,Illinois,60601,2023-01-31,Consumer,Cameron Williams,Loyal Customers,334,10.0,69.0,6.0,2745.52,3706.45
CUST_02266,Mia,Davis,mia.davis2266@example-domain.com,Philadelphia,Pennsylvania,19102,2024-05-11,Consumer,Mia Davis,At Risk,233,8.0,153.0,6.0,2138.02,2886.33
CUST_02267,Morgan,Smith,morgan.smith2267@example-domain.com,San Francisco,California,94102,2023-09-30,Consumer,Morgan Smith,Hibernating,123,6.0,710.0,5.0,1862.13,2513.88
CUST_02268,Alex,Jackson,alex.jackson2268@example-domain.com,San Francisco,California,94102,2023-04-10,Corporate,Alex Jackson,Customers Needing Attention,222,6.0,133.0,5.0,1207.31,1629.87
CUST_02269,Pat,Taylor,pat.taylor2269@example-domain.com,Los Angeles,California,90001,2024-01-20,Consumer,Pat Taylor,Champions,554,14.0,6.0,9.0,2294.75,3097.91
CUST_02270,Jackson,Taylor,jackson.taylor2270@example-domain.com,Miami,Florida,33101,2024-05-12,Consumer,Jackson Taylor,At Risk,233,8.0,102.0,6.0,1897.8200000000002,2562.06
CUST_02271,Emma,Hernandez,emma.hernandez2271@example-domain.com,Atlanta,Georgia,30301,2023-12-11,Consumer,Emma Hernandez,Lost Customers,111,3.0,484.0,2.0,132.82999999999998,179.32
CUST_02272,Sophia,Hernandez,sophia.hernandez2272@example-domain.com,Chicago,Illinois,60601,2023-09-03,Consumer,Sophia Hernandez,Champions,442,10.0,22.0,7.0,1261.49,1703.01
CUST_02273,Sophia,Gonzalez,sophia.gonzalez2273@example-domain.com,Boston,Massachusetts,02108,2024-09-17,Consumer,Sophia Gonzalez,Champions,554,14.0,2.0,8.0,2500.84,3376.13
CUST_02274,Jordan,Lopez,jordan.lopez2274@example-domain.com,Chicago,Illinois,60601,2023-04-13,Consumer,Jordan Lopez,Potential Loyalists,411,6.0,22.0,3.0,379.76,512.68
CUST_02275,Alex,Anderson,alex.anderson2275@example-domain.com,Boston,Massachusetts,02108,2023-05-23,Small Business,Alex Anderson,Hibernating,133,7.0,280.0,6.0,1745.3400000000001,2356.21
CUST_02276,Alex,Martin,alex.martin2276@example-domain.com,New York City,New York,10001,2024-06-27,Consumer,Alex Martin,Champions,555,15.0,3.0,8.0,3869.0,5223.15
CUST_02277,Cameron,Davis,cameron.davis2277@example-domain.com,Seattle,Washington,98101,2024-04-07,Corporate,Cameron Davis,Lost Customers,111,3.0,229.0,3.0,779.7,1052.6
CUST_02278,Jackson,Thomas,jackson.thomas2278@example-domain.com,Raleigh,North Carolina,27601,2024-02-28,Consumer,Jackson Thomas,Champions,555,15.0,4.0,8.0,4559.6,6155.46
CUST_02279,Pat,Smith,pat.smith2279@example-domain.com,Chicago,Illinois,60601,2023-01-18,Consumer,Pat Smith,Hibernating,122,5.0,397.0,5.0,1353.06,1826.63
CUST_02280,Sophia,Johnson,sophia.johnson2280@example-domain.com,Chicago,Illinois,60601,2024-11-25,Consumer,Sophia Johnson,Hibernating,122,5.0,347.0,4.0,1537.82,2076.06
CUST_02281,Noah,Davis,noah.davis2281@example-domain.com,Philadelphia,Pennsylvania,19102,2024-02-14,Consumer,Noah Davis,Potential Loyalists,511,7.0,13.0,3.0,351.69,474.78
CUST_02282,Jackson,Williams,jackson.williams2282@example-domain.com,Seattle,Washington,98101,2024-03-14,Consumer,Jackson Williams,Potential Loyalists,524,11.0,5.0,4.0,3031.7400000000002,4092.85
CUST_02283,Emma,Brown,emma.brown2283@example-domain.com,Boston,Massachusetts,02108,2023-10-28,Consumer,Emma Brown,At Risk,253,10.0,106.0,8.0,1750.77,2363.54
CUST_02284,Jackson,Miller,jackson.miller2284@example-domain.com,Buffalo,New York,14201,2024-06-16,Consumer,Jackson Miller,Promising,322,7.0,53.0,5.0,1376.76,1858.63
CUST_02285,Mia,Taylor,mia.taylor2285@example-domain.com,San Francisco,California,94102,2023-05-11,Consumer,Mia Taylor,Loyal Customers,343,10.0,56.0,7.0,1772.5100000000002,2392.89
CUST_02286,Emma,Williams,emma.williams2286@example-domain.com,Orlando,Florida,32801,2024-11-20,Consumer,Emma Williams,At Risk,233,8.0,163.0,6.0,1684.58,2274.18
CUST_02287,Lucas,Anderson,lucas.anderson2287@example-domain.com,Houston,Texas,77001,2024-04-01,Small Business,Lucas Anderson,Champions,555,15.0,11.0,9.0,3243.2599999999998,4378.4
CUST_02288,Morgan,Thomas,morgan.thomas2288@example-domain.com,Columbus,Ohio,43215,2023-09-04,Consumer,Morgan Thomas,Loyal Customers,435,12.0,34.0,6.0,4043.03,5458.09
CUST_02289,Riley,Miller,riley.miller2289@example-domain.com,Houston,Texas,77001,2024-11-06,Consumer,Riley Miller,Champions,444,12.0,24.0,7.0,2995.7999999999997,4044.33
CUST_02290,Taylor,Brown,taylor.brown2290@example-domain.com,Atlanta,Georgia,30301,2023-01-30,Consumer,Taylor Brown,At Risk,254,11.0,142.0,8.0,2582.82,3486.81
CUST_02291,Chris,Hernandez,chris.hernandez2291@example-domain.com,Boston,Massachusetts,02108,2023-10-15,Consumer,Chris Hernandez,Promising,323,8.0,69.0,5.0,1979.09,2671.77
CUST_02292,Riley,Rodriguez,riley.rodriguez2292@example-domain.com,Philadelphia,Pennsylvania,19102,2024-11-17,Consumer,Riley Rodriguez,Customers Needing Attention,222,6.0,116.0,4.0,1610.04,2173.55
CUST_02293,Morgan,Jones,morgan.jones2293@example-domain.com,Columbus,Ohio,43215,2024-10-10,Consumer,Morgan Jones,Champions,542,11.0,12.0,7.0,1356.42,1831.17
CUST_02294,Emma,Williams,emma.williams2294@example-domain.com,Chicago,Illinois,60601,2023-08-18,Consumer,Emma Williams,Can't Lose Them,144,9.0,273.0,7.0,2729.8199999999997,3685.26
CUST_02295,Mia,Martin,mia.martin2295@example-domain.com,San Diego,California,92101,2024-10-21,Consumer,Mia Martin,Promising,311,5.0,74.0,2.0,305.34999999999997,412.22
CUST_02296,Ethan,Gonzalez,ethan.gonzalez2296@example-domain.com,Boston,Massachusetts,02108,2024-10-31,Consumer,Ethan Gonzalez,Champions,555,15.0,16.0,8.0,3208.35,4331.27
CUST_02297,Lucas,Wilson,lucas.wilson2297@example-domain.com,Dallas,Texas,75201,2023-08-17,Consumer,Lucas Wilson,Champions,552,12.0,16.0,8.0,1596.45,2155.21
CUST_02298,Cameron,Brown,cameron.brown2298@example-domain.com,Orlando,Florida,32801,2023-03-31,Consumer,Cameron Brown,Promising,311,5.0,65.0,3.0,946.36,1277.59
CUST_02299,Morgan,Williams,morgan.williams2299@example-domain.com,Chicago,Illinois,60601,2024-08-29,Consumer,Morgan Williams,Promising,321,6.0,65.0,4.0,690.13,931.68
CUST_02300,Pat,Brown,pat.brown2300@example-domain.com,Seattle,Washington,98101,2023-05-11,Consumer,Pat Brown,Customers Needing Attention,222,6.0,165.0,5.0,1126.03,1520.14
CUST_02301,Ethan,Gonzalez,ethan.gonzalez2301@example-domain.com,Los Angeles,California,90001,2023-11-15,Corporate,Ethan Gonzalez,Promising,323,8.0,69.0,5.0,1736.3000000000002,2344.01
CUST_02302,Jordan,Jackson,jordan.jackson2302@example-domain.com,Columbus,Ohio,43215,2023-07-14,Consumer,Jordan Jackson,Potential Loyalists,521,8.0,6.0,4.0,881.63,1190.2
CUST_02303,Liam,Wilson,liam.wilson2303@example-domain.com,Chicago,Illinois,60601,2024-01-09,Consumer,Liam Wilson,At Risk,233,8.0,115.0,6.0,1723.36,2326.54
CUST_02304,Sam,Taylor,sam.taylor2304@example-domain.com,Dallas,Texas,75201,2023-04-20,Consumer,Sam Taylor,Champions,455,14.0,24.0,9.0,4660.5,6291.68
CUST_02305,Liam,Smith,liam.smith2305@example-domain.com,Columbus,Ohio,43215,2024-04-16,Small Business,Liam Smith,Customers Needing Attention,213,6.0,178.0,3.0,1926.3999999999999,2600.64
CUST_02306,Ethan,Jones,ethan.jones2306@example-domain.com,Orlando,Florida,32801,2023-08-13,Consumer,Ethan Jones,Champions,554,14.0,12.0,8.0,2599.14,3508.84
CUST_02307,Emma,Anderson,emma.anderson2307@example-domain.com,Buffalo,New York,14201,2024-09-07,Consumer,Emma Anderson,Hibernating,121,4.0,337.0,4.0,236.65,319.48
CUST_02308,Dakota,Jones,dakota.jones2308@example-domain.com,San Francisco,California,94102,2024-09-05,Consumer,Dakota Jones,Customers Needing Attention,224,8.0,147.0,5.0,2334.6,3151.71
CUST_02309,Ethan,Martinez,ethan.martinez2309@example-domain.com,Raleigh,North Carolina,27601,2024-12-06,Consumer,Ethan Martinez,Champions,555,15.0,3.0,8.0,3550.48,4793.15
CUST_02310,Morgan,Rodriguez,morgan.rodriguez2310@example-domain.com,Philadelphia,Pennsylvania,19102,2024-10-08,Consumer,Morgan Rodriguez,Champions,545,14.0,18.0,7.0,3097.53,4181.67
CUST_02311,Pat,Thomas,pat.thomas2311@example-domain.com,Orlando,Florida,32801,2024-12-22,Consumer,Pat Thomas,Loyal Customers,353,11.0,46.0,9.0,2211.02,2984.88
CUST_02312,Liam,Johnson,liam.johnson2312@example-domain.com,Chicago,Illinois,60601,2023-06-06,Corporate,Liam Johnson,Champions,555,15.0,18.0,8.0,3373.92,4554.79
CUST_02313,Pat,Davis,pat.davis2313@example-domain.com,San Francisco,California,94102,2023-07-03,Consumer,Pat Davis,Champions,553,13.0,3.0,8.0,1719.9299999999998,2321.91
CUST_02314,Emma,Gonzalez,emma.gonzalez2314@example-domain.com,Orlando,Florida,32801,2024-11-06,Corporate,Emma Gonzalez,Potential Loyalists,521,8.0,8.0,4.0,602.93,813.96
CUST_02315,Chris,Smith,chris.smith2315@example-domain.com,Columbus,Ohio,43215,2024-02-06,Small Business,Chris Smith,Lost Customers,111,3.0,373.0,2.0,603.62,814.89
CUST_02316,Ethan,Wilson,ethan.wilson2316@example-domain.com,Philadelphia,Pennsylvania,19102,2023-12-23,Consumer,Ethan Wilson,Champions,454,13.0,25.0,10.0,2358.2,3183.57
CUST_02317,Liam,Gonzalez,liam.gonzalez2317@example-domain.com,San Diego,California,92101,2024-06-24,Consumer,Liam Gonzalez,Lost Customers,111,3.0,262.0,2.0,464.17,626.63
CUST_02318,Dakota,Martinez,dakota.martinez2318@example-domain.com,Austin,Texas,78701,2024-12-18,Consumer,Dakota Martinez,Hibernating,121,4.0,377.0,4.0,412.61,557.02
CUST_02319,Lucas,Gonzalez,lucas.gonzalez2319@example-domain.com,New York City,New York,10001,2023-05-15,Consumer,Lucas Gonzalez,Champions,543,12.0,12.0,7.0,2082.99,2812.04
CUST_02320,Ethan,Jackson,ethan.jackson2320@example-domain.com,San Francisco,California,94102,2024-12-27,Consumer,Ethan Jackson,Champions,455,14.0,21.0,11.0,3410.91,4604.73
CUST_02321,Dakota,Anderson,dakota.anderson2321@example-domain.com,Houston,Texas,77001,2024-08-14,Small Business,Dakota Anderson,Promising,321,6.0,61.0,5.0,869.13,1173.33
CUST_02322,Sam,Anderson,sam.anderson2322@example-domain.com,Philadelphia,Pennsylvania,19102,2023-10-26,Corporate,Sam Anderson,Customers Needing Attention,223,7.0,136.0,4.0,1697.75,2291.96
CUST_02323,Sam,Miller,sam.miller2323@example-domain.com,Austin,Texas,78701,2023-07-20,Consumer,Sam Miller,Loyal Customers,533,11.0,6.0,6.0,1641.78,2216.4
CUST_02324,Alex,Lopez,alex.lopez2324@example-domain.com,New York City,New York,10001,2024-11-25,Consumer,Alex Lopez,Hibernating,134,8.0,217.0,6.0,2665.8,3598.83
CUST_02325,Sam,Gonzalez,sam.gonzalez2325@example-domain.com,Atlanta,Georgia,30301,2024-11-26,Corporate,Sam Gonzalez,Champions,554,14.0,1.0,8.0,2828.58,3818.58
CUST_02326,Chris,Johnson,chris.johnson2326@example-domain.com,New York City,New York,10001,2023-12-31,Small Business,Chris Johnson,Champions,444,12.0,37.0,7.0,2390.71,3227.46
CUST_02327,Emma,Garcia,emma.garcia2327@example-domain.com,San Francisco,California,94102,2023-05-01,Corporate,Emma Garcia,Loyal Customers,342,9.0,48.0,7.0,1562.72,2109.67
CUST_02328,Ava,Hernandez,ava.hernandez2328@example-domain.com,Atlanta,Georgia,30301,2023-06-02,Consumer,Ava Hernandez,Potential Loyalists,421,7.0,29.0,5.0,997.48,1346.6
CUST_02329,Liam,Davis,liam.davis2329@example-domain.com,San Francisco,California,94102,2023-05-02,Consumer,Liam Davis,Loyal Customers,344,11.0,45.0,7.0,2517.37,3398.45
CUST_02330,Riley,Gonzalez,riley.gonzalez2330@example-domain.com,Philadelphia,Pennsylvania,19102,2023-11-06,Consumer,Riley Gonzalez,Customers Needing Attention,211,4.0,153.0,2.0,638.17,861.53
CUST_02331,Jackson,Garcia,jackson.garcia2331@example-domain.com,Boston,Massachusetts,02108,2024-12-09,Consumer,Jackson Garcia,Champions,544,13.0,17.0,7.0,2355.49,3179.91
CUST_02332,Taylor,Anderson,taylor.anderson2332@example-domain.com,Boston,Massachusetts,02108,2023-10-09,Consumer,Taylor Anderson,Potential Loyalists,524,11.0,17.0,5.0,2728.29,3683.19
CUST_02333,Noah,Lopez,noah.lopez2333@example-domain.com,Los Angeles,California,90001,2023-05-03,Consumer,Noah Lopez,Champions,555,15.0,17.0,9.0,4178.78,5641.35
CUST_02334,Morgan,Williams,morgan.williams2334@example-domain.com,New York City,New York,10001,2024-05-15,Consumer,Morgan Williams,Promising,311,5.0,83.0,2.0,905.86,1222.91
CUST_02335,Ava,Davis,ava.davis2335@example-domain.com,Los Angeles,California,90001,2024-08-23,Consumer,Ava Davis,Champions,555,15.0,13.0,10.0,4950.31,6682.92
CUST_02336,Mia,Jackson,mia.jackson2336@example-domain.com,Philadelphia,Pennsylvania,19102,2023-10-08,Consumer,Mia Jackson,Customers Needing Attention,221,5.0,200.0,4.0,789.6,1065.96
CUST_02337,Morgan,Jackson,morgan.jackson2337@example-domain.com,Houston,Texas,77001,2024-01-29,Consumer,Morgan Jackson,Loyal Customers,532,10.0,7.0,6.0,1398.17,1887.53
CUST_02338,Emma,Wilson,emma.wilson2338@example-domain.com,Orlando,Florida,32801,2024-08-08,Consumer,Emma Wilson,Can't Lose Them,142,7.0,406.0,7.0,1433.33,1935.0
CUST_02339,Sam,Brown,sam.brown2339@example-domain.com,Chicago,Illinois,60601,2023-03-07,Consumer,Sam Brown,Champions,555,15.0,9.0,11.0,3563.73,4811.04
CUST_02340,Lucas,Garcia,lucas.garcia2340@example-domain.com,Boston,Massachusetts,02108,2024-12-18,Consumer,Lucas Garcia,Loyal Customers,334,10.0,53.0,6.0,2844.15,3839.6
CUST_02341,Alex,Gonzalez,alex.gonzalez2341@example-domain.com,Columbus,Ohio,43215,2024-07-03,Corporate,Alex Gonzalez,Champions,442,10.0,38.0,7.0,1611.45,2175.46
CUST_02342,Ava,Thomas,ava.thomas2342@example-domain.com,San Diego,California,92101,2024-06-15,Consumer,Ava Thomas,Loyal Customers,355,13.0,83.0,9.0,3104.04,4190.45
CUST_02343,Mia,Moore,mia.moore2343@example-domain.com,New York City,New York,10001,2023-08-01,Consumer,Mia Moore,Potential Loyalists,422,8.0,24.0,4.0,1058.71,1429.26
CUST_02344,Morgan,Garcia,morgan.garcia2344@example-domain.com,Houston,Texas,77001,2023-01-06,Consumer,Morgan Garcia,,,,,,,
CUST_02345,Lucas,Anderson,lucas.anderson2345@example-domain.com,Chicago,Illinois,60601,2023-05-06,Small Business,Lucas Anderson,Potential Loyalists,424,10.0,36.0,5.0,2376.02,3207.63
CUST_02346,Jordan,Jones,jordan.jones2346@example-domain.com,Austin,Texas,78701,2024-10-30,Consumer,Jordan Jones,Champions,543,12.0,12.0,7.0,1866.39,2519.63
CUST_02347,Chris,Williams,chris.williams2347@example-domain.com,Columbus,Ohio,43215,2023-09-20,Consumer,Chris Williams,At Risk,255,12.0,153.0,9.0,3269.89,4414.35
CUST_02348,Jordan,Williams,jordan.williams2348@example-domain.com,New York City,New York,10001,2024-06-02,Consumer,Jordan Williams,Potential Loyalists,512,8.0,7.0,3.0,1579.5900000000001,2132.45
CUST_02349,Dakota,Lopez,dakota.lopez2349@example-domain.com,Columbus,Ohio,43215,2023-06-25,Consumer,Dakota Lopez,Champions,544,13.0,2.0,7.0,2587.65,3493.33
CUST_02350,Olivia,Smith,olivia.smith2350@example-domain.com,Dallas,Texas,75201,2023-11-04,Consumer,Olivia Smith,At Risk,235,10.0,162.0,6.0,3427.88,4627.64
CUST_02351,Jordan,Taylor,jordan.taylor2351@example-domain.com,Orlando,Florida,32801,2024-11-05,Consumer,Jordan Taylor,Loyal Customers,533,11.0,10.0,6.0,1897.74,2561.95
CUST_02352,Lucas,Anderson,lucas.anderson2352@example-domain.com,Buffalo,New York,14201,2024-08-13,Small Business,Lucas Anderson,Champions,553,13.0,18.0,8.0,1774.6599999999999,2395.79
CUST_02353,Emma,Hernandez,emma.hernandez2353@example-domain.com,Raleigh,North Carolina,27601,2023-12-27,Consumer,Emma Hernandez,Champions,553,13.0,18.0,9.0,1855.51,2504.94
CUST_02354,Jackson,Moore,jackson.moore2354@example-domain.com,Raleigh,North Carolina,27601,2023-08-03,Corporate,Jackson Moore,Customers Needing Attention,222,6.0,108.0,5.0,1033.8,1395.63
CUST_02355,Morgan,Johnson,morgan.johnson2355@example-domain.com,Dallas,Texas,75201,2023-02-07,Corporate,Morgan Johnson,Lost Customers,111,3.0,437.0,3.0,960.5500000000001,1296.74
CUST_02356,Pat,Jones,pat.jones2356@example-domain.com,Orlando,Florida,32801,2023-08-09,Consumer,Pat Jones,Promising,324,9.0,58.0,4.0,2556.54,3451.33
CUST_02357,Sam,Martin,sam.martin2357@example-domain.com,Columbus,Ohio,43215,2023-08-10,Small Business,Sam Martin,Loyal Customers,354,12.0,48.0,8.0,2925.2000000000003,3949.02
CUST_02358,Mia,Lopez,mia.lopez2358@example-domain.com,Miami,Florida,33101,2023-05-12,Consumer,Mia Lopez,Champions,554,14.0,1.0,9.0,2830.9500000000003,3821.78
CUST_02359,Jackson,Wilson,jackson.wilson2359@example-domain.com,San Diego,California,92101,2024-07-17,Consumer,Jackson Wilson,Loyal Customers,333,9.0,80.0,6.0,2125.88,2869.94
CUST_02360,Cameron,Rodriguez,cameron.rodriguez2360@example-domain.com,Boston,Massachusetts,02108,2024-10-27,Consumer,Cameron Rodriguez,Customers Needing Attention,213,6.0,206.0,3.0,2171.09,2930.97
CUST_02361,Chris,Gonzalez,chris.gonzalez2361@example-domain.com,Denver,Colorado,80202,2023-03-27,Consumer,Chris Gonzalez,Hibernating,132,6.0,376.0,6.0,1091.47,1473.48
CUST_02362,Cameron,Wilson,cameron.wilson2362@example-domain.com,Buffalo,New York,14201,2024-07-02,Consumer,Cameron Wilson,Hibernating,121,4.0,232.0,4.0,879.37,1187.15
CUST_02363,Pat,Williams,pat.williams2363@example-domain.com,Miami,Florida,33101,2024-10-10,Consumer,Pat Williams,Potential Loyalists,522,9.0,16.0,4.0,1472.37,1987.7
CUST_02364,Pat,Lopez,pat.lopez2364@example-domain.com,Raleigh,North Carolina,27601,2024-09-11,Consumer,Pat Lopez,Champions,455,14.0,32.0,9.0,4550.389999999999,6143.03
CUST_02365,Chris,Wilson,chris.wilson2365@example-domain.com,Buffalo,New York,14201,2023-11-20,Consumer,Chris Wilson,Champions,544,13.0,18.0,7.0,2248.42,3035.37
CUST_02366,Olivia,Gonzalez,olivia.gonzalez2366@example-domain.com,Los Angeles,California,90001,2024-09-10,Consumer,Olivia Gonzalez,Loyal Customers,534,12.0,11.0,6.0,2248.57,3035.57
CUST_02367,Riley,Williams,riley.williams2367@example-domain.com,Miami,Florida,33101,2023-05-08,Consumer,Riley Williams,Lost Customers,111,3.0,389.0,2.0,764.25,1031.74
CUST_02368,Lucas,Brown,lucas.brown2368@example-domain.com,Columbus,Ohio,43215,2024-02-21,Consumer,Lucas Brown,At Risk,244,10.0,130.0,7.0,2517.7200000000003,3398.92
CUST_02369,Taylor,Hernandez,taylor.hernandez2369@example-domain.com,San Diego,California,92101,2024-01-07,Consumer,Taylor Hernandez,Hibernating,123,6.0,356.0,5.0,2086.15,2816.3
CUST_02370,Ethan,Rodriguez,ethan.rodriguez2370@example-domain.com,Buffalo,New York,14201,2023-08-20,Corporate,Ethan Rodriguez,Potential Loyalists,423,9.0,26.0,5.0,2071.21,2796.13
CUST_02371,Cameron,Smith,cameron.smith2371@example-domain.com,New York City,New York,10001,2024-01-22,Consumer,Cameron Smith,Loyal Customers,431,8.0,33.0,6.0,896.23,1209.91
CUST_02372,Riley,Gonzalez,riley.gonzalez2372@example-domain.com,New York City,New York,10001,2023-05-07,Corporate,Riley Gonzalez,Customers Needing Attention,223,7.0,201.0,5.0,2064.18,2786.64
CUST_02373,Chris,Taylor,chris.taylor2373@example-domain.com,Orlando,Florida,32801,2024-08-25,Consumer,Chris Taylor,Champions,552,12.0,3.0,10.0,1513.74,2043.55
CUST_02374,Emma,Brown,emma.brown2374@example-domain.com,Raleigh,North Carolina,27601,2023-12-24,Consumer,Emma Brown,Potential Loyalists,522,9.0,5.0,5.0,1545.37,2086.25
CUST_02375,Mia,Martinez,mia.martinez2375@example-domain.com,Columbus,Ohio,43215,2023-10-05,Consumer,Mia Martinez,Lost Customers,111,3.0,310.0,3.0,344.28999999999996,464.79
CUST_02376,Jackson,Brown,jackson.brown2376@example-domain.com,San Francisco,California,94102,2023-06-24,Consumer,Jackson Brown,Customers Needing Attention,223,7.0,116.0,5.0,1661.31,2242.77
CUST_02377,Ethan,Gonzalez,ethan.gonzalez2377@example-domain.com,Houston,Texas,77001,2023-12-20,Consumer,Ethan Gonzalez,Champions,445,13.0,27.0,7.0,3858.37,5208.8
CUST_02378,Lucas,Moore,lucas.moore2378@example-domain.com,Boston,Massachusetts,02108,2024-05-03,Corporate,Lucas Moore,Can't Lose Them,144,9.0,252.0,7.0,2360.32,3186.43
CUST_02379,Mia,Jones,mia.jones2379@example-domain.com,Miami,Florida,33101,2023-01-10,Consumer,Mia Jones,Champions,455,14.0,38.0,13.0,3293.17,4445.78
CUST_02380,Ava,Jones,ava.jones2380@example-domain.com,Buffalo,New York,14201,2023-05-27,Corporate,Ava Jones,Champions,544,13.0,3.0,7.0,2739.2200000000003,3697.95
CUST_02381,Liam,Jackson,liam.jackson2381@example-domain.com,Miami,Florida,33101,2023-02-24,Corporate,Liam Jackson,Lost Customers,111,3.0,281.0,2.0,928.66,1253.69
CUST_02382,Sophia,Davis,sophia.davis2382@example-domain.com,Atlanta,Georgia,30301,2024-12-24,Corporate,Sophia Davis,Champions,552,12.0,20.0,8.0,1135.89,1533.45
CUST_02383,Noah,Garcia,noah.garcia2383@example-domain.com,Denver,Colorado,80202,2023-12-29,Small Business,Noah Garcia,Loyal Customers,333,9.0,90.0,6.0,1822.8,2460.78
CUST_02384,Noah,Taylor,noah.taylor2384@example-domain.com,Orlando,Florida,32801,2023-10-10,Consumer,Noah Taylor,Promising,311,5.0,51.0,1.0,388.71000000000004,524.76
CUST_02385,Olivia,Taylor,olivia.taylor2385@example-domain.com,Dallas,Texas,75201,2023-11-09,Consumer,Olivia Taylor,Loyal Customers,534,12.0,15.0,6.0,2785.6,3760.56
CUST_02386,Taylor,Martinez,taylor.martinez2386@example-domain.com,Atlanta,Georgia,30301,2023-11-17,Consumer,Taylor Martinez,Loyal Customers,333,9.0,49.0,6.0,2120.7799999999997,2863.05
CUST_02387,Taylor,Williams,taylor.williams2387@example-domain.com,San Diego,California,92101,2023-09-03,Consumer,Taylor Williams,Champions,555,15.0,8.0,9.0,3206.35,4328.57
CUST_02388,Taylor,Garcia,taylor.garcia2388@example-domain.com,San Francisco,California,94102,2023-03-28,Consumer,Taylor Garcia,Champions,444,12.0,28.0,7.0,2812.16,3796.42
CUST_02389,Dakota,Moore,dakota.moore2389@example-domain.com,Philadelphia,Pennsylvania,19102,2023-01-11,Corporate,Dakota Moore,Lost Customers,114,6.0,252.0,3.0,2229.94,3010.42
CUST_02390,Olivia,Taylor,olivia.taylor2390@example-domain.com,Buffalo,New York,14201,2024-05-06,Consumer,Olivia Taylor,At Risk,255,12.0,165.0,9.0,3933.3,5309.96
CUST_02391,Emma,Taylor,emma.taylor2391@example-domain.com,Columbus,Ohio,43215,2024-12-15,Consumer,Emma Taylor,Potential Loyalists,423,9.0,44.0,5.0,1810.13,2443.68
CUST_02392,Morgan,Gonzalez,morgan.gonzalez2392@example-domain.com,Los Angeles,California,90001,2024-09-23,Consumer,Morgan Gonzalez,Hibernating,123,6.0,249.0,4.0,2115.87,2856.42
CUST_02393,Pat,Smith,pat.smith2393@example-domain.com,Atlanta,Georgia,30301,2024-12-20,Consumer,Pat Smith,Customers Needing Attention,211,4.0,197.0,3.0,357.79999999999995,483.03
CUST_02394,Lucas,Lopez,lucas.lopez2394@example-domain.com,Dallas,Texas,75201,2024-11-08,Consumer,Lucas Lopez,Champions,455,14.0,26.0,8.0,4887.58,6598.23
CUST_02395,Ava,Martin,ava.martin2395@example-domain.com,San Francisco,California,94102,2024-09-13,Corporate,Ava Martin,Hibernating,121,4.0,474.0,4.0,621.15,838.55
CUST_02396,Noah,Garcia,noah.garcia2396@example-domain.com,Raleigh,North Carolina,27601,2023-08-19,Consumer,Noah Garcia,Potential Loyalists,421,7.0,34.0,4.0,665.6,898.56
CUST_02397,Chris,Williams,chris.williams2397@example-domain.com,Seattle,Washington,98101,2023-05-17,Consumer,Chris Williams,Champions,454,13.0,38.0,8.0,2393.2,3230.82
CUST_02398,Ava,Lopez,ava.lopez2398@example-domain.com,San Francisco,California,94102,2024-03-08,Consumer,Ava Lopez,Lost Customers,111,3.0,253.0,3.0,971.8000000000001,1311.93
CUST_02399,Emma,Gonzalez,emma.gonzalez2399@example-domain.com,Houston,Texas,77001,2024-01-18,Consumer,Emma Gonzalez,Loyal Customers,335,11.0,75.0,6.0,4336.22,5853.9
CUST_02400,Morgan,Hernandez,morgan.hernandez2400@example-domain.com,Dallas,Texas,75201,2024-07-06,Consumer,Morgan Hernandez,Potential Loyalists,514,10.0,17.0,3.0,2576.69,3478.53
CUST_02401,Morgan,Martinez,morgan.martinez2401@example-domain.com,Orlando,Florida,32801,2024-05-09,Consumer,Morgan Martinez,Loyal Customers,332,8.0,56.0,6.0,1517.48,2048.6
CUST_02402,Dakota,Rodriguez,dakota.rodriguez2402@example-domain.com,Austin,Texas,78701,2023-01-03,Consumer,Dakota Rodriguez,Promising,311,5.0,49.0,3.0,838.8499999999999,1132.45
CUST_02403,Mia,Gonzalez,mia.gonzalez2403@example-domain.com,Austin,Texas,78701,2023-11-09,Consumer,Mia Gonzalez,Champions,554,14.0,3.0,10.0,3009.65,4063.03
CUST_02404,Ava,Johnson,ava.johnson2404@example-domain.com,Denver,Colorado,80202,2024-09-24,Consumer,Ava Johnson,Champions,454,13.0,43.0,9.0,3010.35,4063.97
CUST_02405,Emma,Johnson,emma.johnson2405@example-domain.com,Seattle,Washington,98101,2023-01-07,Consumer,Emma Johnson,Lost Customers,111,3.0,613.0,3.0,421.25,568.69
CUST_02406,Jackson,Anderson,jackson.anderson2406@example-domain.com,Chicago,Illinois,60601,2023-11-02,Consumer,Jackson Anderson,Champions,444,12.0,35.0,7.0,2436.76,3289.63
CUST_02407,Sophia,Brown,sophia.brown2407@example-domain.com,Los Angeles,California,90001,2023-12-25,Consumer,Sophia Brown,Champions,555,15.0,17.0,8.0,3692.01,4984.21
CUST_02408,Chris,Gonzalez,chris.gonzalez2408@example-domain.com,Seattle,Washington,98101,2023-01-10,Consumer,Chris Gonzalez,Potential Loyalists,512,8.0,2.0,2.0,1252.12,1690.36
CUST_02409,Morgan,Wilson,morgan.wilson2409@example-domain.com,Philadelphia,Pennsylvania,19102,2023-07-22,Small Business,Morgan Wilson,Champions,444,12.0,34.0,7.0,2432.96,3284.5
CUST_02410,Taylor,Taylor,taylor.taylor2410@example-domain.com,Raleigh,North Carolina,27601,2023-06-07,Consumer,Taylor Taylor,Potential Loyalists,413,8.0,21.0,3.0,1800.26,2430.35
CUST_02411,Olivia,Brown,olivia.brown2411@example-domain.com,Philadelphia,Pennsylvania,19102,2023-01-08,Consumer,Olivia Brown,Loyal Customers,435,12.0,28.0,6.0,3168.7000000000003,4277.75
CUST_02412,Sam,Rodriguez,sam.rodriguez2412@example-domain.com,Dallas,Texas,75201,2024-04-26,Consumer,Sam Rodriguez,Loyal Customers,532,10.0,7.0,6.0,1321.74,1784.35
CUST_02413,Liam,Lopez,liam.lopez2413@example-domain.com,Orlando,Florida,32801,2024-01-09,Consumer,Liam Lopez,At Risk,233,8.0,186.0,6.0,2183.7,2948.0
CUST_02414,Olivia,Garcia,olivia.garcia2414@example-domain.com,Columbus,Ohio,43215,2023-10-03,Consumer,Olivia Garcia,Promising,323,8.0,52.0,4.0,1775.58,2397.03
CUST_02415,Morgan,Anderson,morgan.anderson2415@example-domain.com,Denver,Colorado,80202,2023-06-15,Consumer,Morgan Anderson,At Risk,255,12.0,211.0,8.0,3465.9,4678.96
CUST_02416,Sam,Lopez,sam.lopez2416@example-domain.com,Atlanta,Georgia,30301,2023-01-06,Small Business,Sam Lopez,Champions,555,15.0,8.0,8.0,3314.18,4474.14
CUST_02417,Sophia,Miller,sophia.miller2417@example-domain.com,New York City,New York,10001,2023-07-14,Consumer,Sophia Miller,Champions,555,15.0,17.0,9.0,4081.67,5510.25
CUST_02418,Dakota,Johnson,dakota.johnson2418@example-domain.com,Buffalo,New York,14201,2024-02-09,Consumer,Dakota Johnson,Champions,455,14.0,22.0,10.0,4634.25,6256.24
CUST_02419,Olivia,Hernandez,olivia.hernandez2419@example-domain.com,San Francisco,California,94102,2023-06-14,Consumer,Olivia Hernandez,Potential Loyalists,424,10.0,27.0,5.0,2715.9,3666.46
CUST_02420,Pat,Thomas,pat.thomas2420@example-domain.com,Miami,Florida,33101,2023-05-02,Consumer,Pat Thomas,Loyal Customers,335,11.0,62.0,6.0,4041.47,5455.98
CUST_02421,Olivia,Thomas,olivia.thomas2421@example-domain.com,Columbus,Ohio,43215,2024-05-22,Consumer,Olivia Thomas,At Risk,255,12.0,156.0,10.0,3944.97,5325.71
CUST_02422,Sam,Hernandez,sam.hernandez2422@example-domain.com,Boston,Massachusetts,02108,2024-05-28,Consumer,Sam Hernandez,Customers Needing Attention,222,6.0,158.0,4.0,1427.86,1927.61
CUST_02423,Liam,Jones,liam.jones2423@example-domain.com,New York City,New York,10001,2023-04-21,Corporate,Liam Jones,Loyal Customers,534,12.0,13.0,6.0,2838.87,3832.47
CUST_02424,Alex,Jones,alex.jones2424@example-domain.com,Buffalo,New York,14201,2023-12-19,Consumer,Alex Jones,Champions,443,11.0,36.0,7.0,2026.66,2735.99
CUST_02425,Ava,Smith,ava.smith2425@example-domain.com,Dallas,Texas,75201,2023-02-23,Consumer,Ava Smith,Champions,544,13.0,1.0,7.0,2744.69,3705.33
CUST_02426,Ethan,Wilson,ethan.wilson2426@example-domain.com,Los Angeles,California,90001,2024-03-20,Small Business,Ethan Wilson,Loyal Customers,353,11.0,58.0,10.0,1753.08,2366.66
CUST_02427,Emma,Martinez,emma.martinez2427@example-domain.com,Orlando,Florida,32801,2024-05-12,Consumer,Emma Martinez,Champions,555,15.0,3.0,8.0,3822.99,5161.04
CUST_02428,Taylor,Wilson,taylor.wilson2428@example-domain.com,Dallas,Texas,75201,2024-09-24,Small Business,Taylor Wilson,Loyal Customers,352,10.0,65.0,8.0,1054.93,1424.16
CUST_02429,Sam,Taylor,sam.taylor2429@example-domain.com,Houston,Texas,77001,2023-09-13,Consumer,Sam Taylor,Lost Customers,111,3.0,354.0,3.0,274.32,370.33
CUST_02430,Cameron,Brown,cameron.brown2430@example-domain.com,Miami,Florida,33101,2024-12-18,Corporate,Cameron Brown,Promising,322,7.0,72.0,5.0,1210.4,1634.04
CUST_02431,Riley,Wilson,riley.wilson2431@example-domain.com,Austin,Texas,78701,2024-04-30,Consumer,Riley Wilson,Champions,552,12.0,5.0,8.0,1519.5,2051.33
CUST_02432,Morgan,Taylor,morgan.taylor2432@example-domain.com,Houston,Texas,77001,2023-07-13,Corporate,Morgan Taylor,Can't Lose Them,154,10.0,227.0,9.0,2373.13,3203.73
CUST_02433,Mia,Jones,mia.jones2433@example-domain.com,Dallas,Texas,75201,2023-05-04,Small Business,Mia Jones,Potential Loyalists,423,9.0,34.0,5.0,2149.12,2901.31
CUST_02434,Sam,Gonzalez,sam.gonzalez2434@example-domain.com,San Francisco,California,94102,2023-10-08,Consumer,Sam Gonzalez,Hibernating,133,7.0,350.0,6.0,2185.98,2951.07
CUST_02435,Pat,Jones,pat.jones2435@example-domain.com,Atlanta,Georgia,30301,2023-01-19,Small Business,Pat Jones,Champions,454,13.0,39.0,8.0,2323.2,3136.32
CUST_02436,Jackson,Miller,jackson.miller2436@example-domain.com,San Diego,California,92101,2023-02-22,Consumer,Jackson Miller,Hibernating,133,7.0,299.0,6.0,2090.0,2821.5
CUST_02437,Liam,Wilson,liam.wilson2437@example-domain.com,Raleigh,North Carolina,27601,2023-11-10,Consumer,Liam Wilson,Promising,313,7.0,47.0,3.0,1760.61,2376.82
CUST_02438,Riley,Davis,riley.davis2438@example-domain.com,Chicago,Illinois,60601,2024-03-12,Consumer,Riley Davis,Potential Loyalists,423,9.0,36.0,5.0,1619.8200000000002,2186.76
CUST_02439,Emma,Johnson,emma.johnson2439@example-domain.com,Raleigh,North Carolina,27601,2024-03-13,Consumer,Emma Johnson,Potential Loyalists,411,6.0,35.0,3.0,656.45,886.21
CUST_02440,Jordan,Martinez,jordan.martinez2440@example-domain.com,New York City,New York,10001,2023-10-03,Consumer,Jordan Martinez,At Risk,252,9.0,95.0,8.0,1473.98,1989.87
CUST_02441,Sophia,Rodriguez,sophia.rodriguez2441@example-domain.com,Seattle,Washington,98101,2024-12-29,Consumer,Sophia Rodriguez,Promising,323,8.0,47.0,5.0,2056.75,2776.61
CUST_02442,Olivia,Davis,olivia.davis2442@example-domain.com,Chicago,Illinois,60601,2023-02-18,Consumer,Olivia Davis,Loyal Customers,344,11.0,50.0,7.0,2383.35,3217.52
CUST_02443,Chris,Johnson,chris.johnson2443@example-domain.com,Los Angeles,California,90001,2023-02-23,Corporate,Chris Johnson,Champions,544,13.0,6.0,7.0,2611.38,3525.36
CUST_02444,Ethan,Miller,ethan.miller2444@example-domain.com,Orlando,Florida,32801,2024-04-28,Corporate,Ethan Miller,Customers Needing Attention,211,4.0,110.0,3.0,872.3399999999999,1177.66
CUST_02445,Cameron,Martin,cameron.martin2445@example-domain.com,New York City,New York,10001,2024-03-17,Consumer,Cameron Martin,Hibernating,123,6.0,266.0,4.0,2091.1499999999996,2823.05
CUST_02446,Chris,Rodriguez,chris.rodriguez2446@example-domain.com,Philadelphia,Pennsylvania,19102,2024-01-08,Consumer,Chris Rodriguez,Champions,553,13.0,19.0,8.0,2047.19,2763.71
CUST_02447,Ethan,Martinez,ethan.martinez2447@example-domain.com,New York City,New York,10001,2023-04-10,Consumer,Ethan Martinez,At Risk,243,9.0,101.0,7.0,1826.76,2466.13
CUST_02448,Alex,Moore,alex.moore2448@example-domain.com,Buffalo,New York,14201,2023-12-06,Consumer,Alex Moore,Champions,454,13.0,24.0,9.0,2734.79,3691.97
CUST_02449,Sophia,Lopez,sophia.lopez2449@example-domain.com,Raleigh,North Carolina,27601,2024-09-11,Consumer,Sophia Lopez,Customers Needing Attention,221,5.0,185.0,4.0,729.3,984.56
CUST_02450,Sophia,Davis,sophia.davis2450@example-domain.com,Miami,Florida,33101,2023-08-04,Consumer,Sophia Davis,Champions,552,12.0,13.0,8.0,1166.24,1574.42
CUST_02451,Mia,Gonzalez,mia.gonzalez2451@example-domain.com,San Diego,California,92101,2023-04-19,Consumer,Mia Gonzalez,Promising,321,6.0,61.0,4.0,754.84,1019.03
CUST_02452,Sam,Martin,sam.martin2452@example-domain.com,New York City,New York,10001,2023-02-12,Small Business,Sam Martin,Potential Loyalists,424,10.0,21.0,4.0,2438.0299999999997,3291.34
CUST_02453,Mia,Miller,mia.miller2453@example-domain.com,Austin,Texas,78701,2024-12-22,Consumer,Mia Miller,Loyal Customers,343,10.0,72.0,7.0,2040.93,2755.26
CUST_02454,Noah,Brown,noah.brown2454@example-domain.com,San Diego,California,92101,2024-07-13,Consumer,Noah Brown,Potential Loyalists,423,9.0,37.0,4.0,1925.81,2599.84
CUST_02455,Jackson,Hernandez,jackson.hernandez2455@example-domain.com,Orlando,Florida,32801,2024-04-30,Consumer,Jackson Hernandez,Champions,554,14.0,7.0,9.0,2857.5099999999998,3857.64
CUST_02456,Pat,Moore,pat.moore2456@example-domain.com,Buffalo,New York,14201,2023-02-14,Consumer,Pat Moore,Champions,455,14.0,30.0,13.0,4743.88,6404.24
CUST_02457,Sam,Miller,sam.miller2457@example-domain.com,Atlanta,Georgia,30301,2024-07-17,Consumer,Sam Miller,Champions,455,14.0,32.0,12.0,3368.73,4547.79
CUST_02458,Cameron,Moore,cameron.moore2458@example-domain.com,Seattle,Washington,98101,2024-01-10,Consumer,Cameron Moore,Champions,555,15.0,7.0,12.0,4667.39,6300.98
CUST_02459,Noah,Brown,noah.brown2459@example-domain.com,Atlanta,Georgia,30301,2023-03-11,Consumer,Noah Brown,Hibernating,121,4.0,342.0,4.0,694.69,937.83
CUST_02460,Emma,Wilson,emma.wilson2460@example-domain.com,Raleigh,North Carolina,27601,2024-05-30,Consumer,Emma Wilson,Champions,445,13.0,33.0,7.0,3260.56,4401.76
CUST_02461,Alex,Garcia,alex.garcia2461@example-domain.com,Miami,Florida,33101,2024-12-14,Small Business,Alex Garcia,Loyal Customers,432,9.0,30.0,6.0,1576.79,2128.67
CUST_02462,Sam,Martinez,sam.martinez2462@example-domain.com,San Francisco,California,94102,2024-08-02,Corporate,Sam Martinez,Customers Needing Attention,223,7.0,139.0,5.0,1653.24,2231.87
CUST_02463,Jordan,Miller,jordan.miller2463@example-domain.com,Boston,Massachusetts,02108,2024-05-21,Consumer,Jordan Miller,Champions,555,15.0,17.0,8.0,3450.12,4657.66
CUST_02464,Lucas,Taylor,lucas.taylor2464@example-domain.com,San Diego,California,92101,2023-06-19,Consumer,Lucas Taylor,Champions,555,15.0,1.0,10.0,4688.25,6329.14
CUST_02465,Noah,Taylor,noah.taylor2465@example-domain.com,Boston,Massachusetts,02108,2024-07-29,Consumer,Noah Taylor,Potential Loyalists,521,8.0,19.0,5.0,740.46,999.62
CUST_02466,Liam,Gonzalez,liam.gonzalez2466@example-domain.com,Miami,Florida,33101,2023-07-31,Consumer,Liam Gonzalez,Champions,544,13.0,16.0,7.0,2266.23,3059.41
CUST_02467,Chris,Smith,chris.smith2467@example-domain.com,Houston,Texas,77001,2024-08-08,Consumer,Chris Smith,Champions,453,12.0,27.0,9.0,1868.72,2522.77
CUST_02468,Pat,Jackson,pat.jackson2468@example-domain.com,Los Angeles,California,90001,2024-06-09,Consumer,Pat Jackson,Champions,455,14.0,24.0,11.0,5530.78,7466.55
CUST_02469,Noah,Taylor,noah.taylor2469@example-domain.com,Raleigh,North Carolina,27601,2023-09-23,Consumer,Noah Taylor,Loyal Customers,333,9.0,56.0,6.0,1748.58,2360.58
CUST_02470,Dakota,Davis,dakota.davis2470@example-domain.com,Orlando,Florida,32801,2024-12-26,Consumer,Dakota Davis,At Risk,243,9.0,197.0,7.0,1794.84,2423.03
CUST_02471,Cameron,Moore,cameron.moore2471@example-domain.com,New York City,New York,10001,2023-06-25,Consumer,Cameron Moore,Loyal Customers,345,12.0,86.0,7.0,3731.39,5037.38
CUST_02472,Riley,Johnson,riley.johnson2472@example-domain.com,Columbus,Ohio,43215,2023-09-01,Small Business,Riley Johnson,Lost Customers,112,4.0,396.0,3.0,1326.2,1790.37
CUST_02473,Dakota,Johnson,dakota.johnson2473@example-domain.com,Buffalo,New York,14201,2023-10-12,Small Business,Dakota Johnson,Champions,443,11.0,43.0,7.0,2188.5,2954.48
CUST_02474,Sam,Rodriguez,sam.rodriguez2474@example-domain.com,San Francisco,California,94102,2024-10-19,Corporate,Sam Rodriguez,Potential Loyalists,412,7.0,39.0,3.0,1289.2400000000002,1740.47
CUST_02475,Riley,Miller,riley.miller2475@example-domain.com,Columbus,Ohio,43215,2023-04-29,Consumer,Riley Miller,Customers Needing Attention,223,7.0,124.0,5.0,2068.96,2793.1
CUST_02476,Alex,Lopez,alex.lopez2476@example-domain.com,Seattle,Washington,98101,2023-11-29,Corporate,Alex Lopez,Champions,553,13.0,14.0,8.0,2152.51,2905.89
CUST_02477,Taylor,Moore,taylor.moore2477@example-domain.com,Miami,Florida,33101,2023-05-17,Consumer,Taylor Moore,Loyal Customers,355,13.0,70.0,12.0,3741.1099999999997,5050.5
CUST_02478,Olivia,Martin,olivia.martin2478@example-domain.com,Orlando,Florida,32801,2023-11-29,Corporate,Olivia Martin,Champions,443,11.0,43.0,7.0,1690.39,2282.03
CUST_02479,Jordan,Smith,jordan.smith2479@example-domain.com,Seattle,Washington,98101,2023-08-13,Consumer,Jordan Smith,Loyal Customers,433,10.0,42.0,6.0,1977.5900000000001,2669.75
CUST_02480,Cameron,Garcia,cameron.garcia2480@example-domain.com,Miami,Florida,33101,2023-01-17,Corporate,Cameron Garcia,Customers Needing Attention,223,7.0,197.0,5.0,1876.3,2533.0
CUST_02481,Lucas,Jackson,lucas.jackson2481@example-domain.com,New York City,New York,10001,2024-12-05,Consumer,Lucas Jackson,Hibernating,122,5.0,339.0,4.0,1348.46,1820.42
CUST_02482,Liam,Rodriguez,liam.rodriguez2482@example-domain.com,Columbus,Ohio,43215,2023-07-31,Corporate,Liam Rodriguez,Hibernating,121,4.0,352.0,5.0,1005.9200000000001,1357.99
CUST_02483,Noah,Davis,noah.davis2483@example-domain.com,Chicago,Illinois,60601,2023-10-03,Small Business,Noah Davis,Champions,453,12.0,31.0,9.0,2186.95,2952.38
CUST_02484,Pat,Jackson,pat.jackson2484@example-domain.com,Boston,Massachusetts,02108,2023-06-09,Consumer,Pat Jackson,Champions,545,14.0,2.0,7.0,3126.74,4221.1
CUST_02485,Noah,Davis,noah.davis2485@example-domain.com,Atlanta,Georgia,30301,2024-01-13,Consumer,Noah Davis,Loyal Customers,344,11.0,54.0,7.0,2234.4900000000002,3016.56
CUST_02486,Sam,Thomas,sam.thomas2486@example-domain.com,San Diego,California,92101,2024-05-22,Small Business,Sam Thomas,At Risk,243,9.0,128.0,7.0,1830.93,2471.76
CUST_02487,Chris,Anderson,chris.anderson2487@example-domain.com,Houston,Texas,77001,2023-06-30,Consumer,Chris Anderson,Customers Needing Attention,222,6.0,106.0,4.0,1499.48,2024.3
CUST_02488,Pat,Jackson,pat.jackson2488@example-domain.com,Philadelphia,Pennsylvania,19102,2023-07-04,Corporate,Pat Jackson,Champions,452,11.0,31.0,9.0,1461.03,1972.39
CUST_02489,Dakota,Smith,dakota.smith2489@example-domain.com,Orlando,Florida,32801,2023-06-16,Consumer,Dakota Smith,Champions,445,13.0,31.0,7.0,3553.1600000000003,4796.77
CUST_02490,Chris,Gonzalez,chris.gonzalez2490@example-domain.com,Austin,Texas,78701,2023-03-13,Consumer,Chris Gonzalez,Customers Needing Attention,222,6.0,127.0,5.0,1125.86,1519.91
CUST_02491,Sam,Williams,sam.williams2491@example-domain.com,Atlanta,Georgia,30301,2023-09-09,Consumer,Sam Williams,Customers Needing Attention,222,6.0,198.0,5.0,1595.7500000000002,2154.26
CUST_02492,Noah,Gonzalez,noah.gonzalez2492@example-domain.com,New York City,New York,10001,2024-06-23,Consumer,Noah Gonzalez,Loyal Customers,534,12.0,2.0,6.0,2522.13,3404.88
CUST_02493,Sam,Smith,sam.smith2493@example-domain.com,New York City,New York,10001,2024-01-22,Corporate,Sam Smith,Potential Loyalists,421,7.0,41.0,5.0,905.4,1222.29
CUST_02494,Liam,Smith,liam.smith2494@example-domain.com,New York City,New York,10001,2023-01-14,Consumer,Liam Smith,Loyal Customers,355,13.0,47.0,9.0,4485.21,6055.03
CUST_02495,Jordan,Jones,jordan.jones2495@example-domain.com,Dallas,Texas,75201,2023-03-27,Consumer,Jordan Jones,Hibernating,122,5.0,271.0,4.0,1070.9,1445.72
CUST_02496,Cameron,Jones,cameron.jones2496@example-domain.com,Los Angeles,California,90001,2023-01-10,Consumer,Cameron Jones,Customers Needing Attention,212,5.0,148.0,3.0,1242.03,1676.74
CUST_02497,Morgan,Moore,morgan.moore2497@example-domain.com,Chicago,Illinois,60601,2024-12-25,Consumer,Morgan Moore,Hibernating,133,7.0,270.0,6.0,1757.68,2372.87
CUST_02498,Taylor,Miller,taylor.miller2498@example-domain.com,Buffalo,New York,14201,2024-05-06,Corporate,Taylor Miller,Champions,554,14.0,2.0,9.0,3028.06,4087.88
CUST_02499,Mia,Anderson,mia.anderson2499@example-domain.com,Houston,Texas,77001,2023-11-11,Small Business,Mia Anderson,Customers Needing Attention,222,6.0,109.0,4.0,1064.09,1436.52
CUST_02500,Ethan,Thomas,ethan.thomas2500@example-domain.com,Buffalo,New York,14201,2023-09-07,Consumer,Ethan Thomas,Potential Loyalists,511,7.0,19.0,1.0,145.55,196.49
CUST_02501,Jordan,Moore,jordan.moore2501@example-domain.com,Miami,Florida,33101,2024-10-04,Corporate,Jordan Moore,At Risk,254,11.0,186.0,9.0,2323.9900000000002,3137.39
CUST_02502,Lucas,Brown,lucas.brown2502@example-domain.com,Los Angeles,California,90001,2023-02-15,Corporate,Lucas Brown,Promising,322,7.0,46.0,5.0,1205.9,1627.96
CUST_02503,Morgan,Moore,morgan.moore2503@example-domain.com,Orlando,Florida,32801,2023-04-16,Consumer,Morgan Moore,Promising,311,5.0,49.0,3.0,873.9,1179.77
CUST_02504,Ava,Wilson,ava.wilson2504@example-domain.com,Buffalo,New York,14201,2023-01-02,Small Business,Ava Wilson,Champions,555,15.0,5.0,10.0,4309.26,5817.5
CUST_02505,Riley,Smith,riley.smith2505@example-domain.com,Dallas,Texas,75201,2024-03-13,Consumer,Riley Smith,Promising,323,8.0,67.0,5.0,1916.15,2586.8
CUST_02506,Liam,Jones,liam.jones2506@example-domain.com,Seattle,Washington,98101,2024-11-02,Consumer,Liam Jones,Potential Loyalists,524,11.0,4.0,5.0,2529.54,3414.88
CUST_02507,Dakota,Davis,dakota.davis2507@example-domain.com,Boston,Massachusetts,02108,2024-12-04,Corporate,Dakota Davis,Promising,323,8.0,82.0,4.0,1813.09,2447.67
CUST_02508,Morgan,Thomas,morgan.thomas2508@example-domain.com,Houston,Texas,77001,2023-04-23,Consumer,Morgan Thomas,At Risk,234,9.0,199.0,6.0,2717.91,3669.18
CUST_02509,Riley,Brown,riley.brown2509@example-domain.com,Orlando,Florida,32801,2024-01-01,Corporate,Riley Brown,Potential Loyalists,421,7.0,31.0,4.0,684.46,924.02
CUST_02510,Taylor,Martin,taylor.martin2510@example-domain.com,Chicago,Illinois,60601,2023-05-02,Corporate,Taylor Martin,Potential Loyalists,521,8.0,6.0,5.0,602.03,812.74
CUST_02511,Sophia,Williams,sophia.williams2511@example-domain.com,San Francisco,California,94102,2024-09-11,Consumer,Sophia Williams,Customers Needing Attention,222,6.0,172.0,5.0,1078.73,1456.29
CUST_02512,Sam,Garcia,sam.garcia2512@example-domain.com,Atlanta,Georgia,30301,2024-06-27,Corporate,Sam Garcia,Potential Loyalists,411,6.0,25.0,3.0,913.58,1233.33
CUST_02513,Ethan,Martin,ethan.martin2513@example-domain.com,Houston,Texas,77001,2024-11-26,Consumer,Ethan Martin,At Risk,245,11.0,145.0,7.0,4445.89,6001.95
CUST_02514,Olivia,Jones,olivia.jones2514@example-domain.com,Orlando,Florida,32801,2024-10-01,Consumer,Olivia Jones,Customers Needing Attention,211,4.0,102.0,3.0,840.87,1135.17
CUST_02515,Dakota,Lopez,dakota.lopez2515@example-domain.com,New York City,New York,10001,2023-10-05,Consumer,Dakota Lopez,Lost Customers,111,3.0,341.0,2.0,171.12,231.01
CUST_02516,Emma,Lopez,emma.lopez2516@example-domain.com,Miami,Florida,33101,2024-12-29,Small Business,Emma Lopez,Loyal Customers,534,12.0,17.0,6.0,2439.45,3293.26
CUST_02517,Taylor,Smith,taylor.smith2517@example-domain.com,Buffalo,New York,14201,2024-11-02,Consumer,Taylor Smith,Champions,554,14.0,4.0,8.0,2447.74,3304.45
CUST_02518,Sam,Hernandez,sam.hernandez2518@example-domain.com,Buffalo,New York,14201,2024-02-04,Consumer,Sam Hernandez,Hibernating,133,7.0,328.0,6.0,1666.1399999999999,2249.29
CUST_02519,Noah,Thomas,noah.thomas2519@example-domain.com,San Diego,California,92101,2023-04-26,Consumer,Noah Thomas,Loyal Customers,355,13.0,73.0,9.0,3110.21,4198.78
CUST_02520,Mia,Wilson,mia.wilson2520@example-domain.com,Miami,Florida,33101,2023-05-29,Corporate,Mia Wilson,At Risk,244,10.0,108.0,7.0,2824.52,3813.1
CUST_02521,Taylor,Hernandez,taylor.hernandez2521@example-domain.com,Buffalo,New York,14201,2023-07-06,Consumer,Taylor Hernandez,Loyal Customers,434,11.0,33.0,6.0,2383.51,3217.74
CUST_02522,Liam,Lopez,liam.lopez2522@example-domain.com,Chicago,Illinois,60601,2024-05-21,Consumer,Liam Lopez,Lost Customers,112,4.0,588.0,3.0,1442.67,1947.6
CUST_02523,Olivia,Thomas,olivia.thomas2523@example-domain.com,Atlanta,Georgia,30301,2024-09-08,Consumer,Olivia Thomas,Loyal Customers,355,13.0,65.0,14.0,3679.67,4967.55
CUST_02524,Ethan,Jones,ethan.jones2524@example-domain.com,Dallas,Texas,75201,2024-01-28,Consumer,Ethan Jones,Customers Needing Attention,211,4.0,146.0,3.0,870.29,1174.89
CUST_02525,Olivia,Moore,olivia.moore2525@example-domain.com,Philadelphia,Pennsylvania,19102,2024-07-05,Corporate,Olivia Moore,Champions,445,13.0,35.0,7.0,3610.0899999999997,4873.62
CUST_02526,Lucas,Thomas,lucas.thomas2526@example-domain.com,Columbus,Ohio,43215,2024-07-03,Consumer,Lucas Thomas,Promising,322,7.0,51.0,5.0,1316.13,1776.78
CUST_02527,Riley,Gonzalez,riley.gonzalez2527@example-domain.com,San Diego,California,92101,2024-08-17,Consumer,Riley Gonzalez,Hibernating,132,6.0,290.0,6.0,1040.8899999999999,1405.2
CUST_02528,Olivia,Taylor,olivia.taylor2528@example-domain.com,Dallas,Texas,75201,2024-12-20,Small Business,Olivia Taylor,Loyal Customers,534,12.0,3.0,6.0,2683.75,3623.06
CUST_02529,Taylor,Davis,taylor.davis2529@example-domain.com,Seattle,Washington,98101,2023-01-03,Consumer,Taylor Davis,Champions,454,13.0,22.0,8.0,2881.68,3890.27
CUST_02530,Pat,Smith,pat.smith2530@example-domain.com,Seattle,Washington,98101,2024-07-25,Small Business,Pat Smith,Hibernating,122,5.0,402.0,4.0,1323.17,1786.28
CUST_02531,Emma,Jones,emma.jones2531@example-domain.com,New York City,New York,10001,2023-03-03,Consumer,Emma Jones,Hibernating,131,5.0,398.0,6.0,877.25,1184.29
CUST_02532,Sophia,Lopez,sophia.lopez2532@example-domain.com,Buffalo,New York,14201,2023-10-29,Corporate,Sophia Lopez,Lost Customers,111,3.0,316.0,3.0,338.34000000000003,456.76
CUST_02533,Noah,Jones,noah.jones2533@example-domain.com,Columbus,Ohio,43215,2024-03-07,Consumer,Noah Jones,Customers Needing Attention,223,7.0,186.0,4.0,2014.16,2719.12
CUST_02534,Riley,Miller,riley.miller2534@example-domain.com,Dallas,Texas,75201,2023-02-27,Consumer,Riley Miller,Customers Needing Attention,224,8.0,206.0,4.0,2308.04,3115.85
CUST_02535,Sam,Brown,sam.brown2535@example-domain.com,Buffalo,New York,14201,2024-01-22,Corporate,Sam Brown,Champions,454,13.0,41.0,8.0,2346.09,3167.22
CUST_02536,Alex,Wilson,alex.wilson2536@example-domain.com,Seattle,Washington,98101,2023-02-25,Corporate,Alex Wilson,Potential Loyalists,524,11.0,5.0,4.0,2637.04,3560.0
CUST_02537,Morgan,Jackson,morgan.jackson2537@example-domain.com,San Diego,California,92101,2024-05-03,Corporate,Morgan Jackson,Loyal Customers,535,13.0,10.0,6.0,4903.049999999999,6619.12
CUST_02538,Jackson,Garcia,jackson.garcia2538@example-domain.com,Los Angeles,California,90001,2023-05-31,Consumer,Jackson Garcia,Promising,321,6.0,88.0,4.0,968.21,1307.08
CUST_02539,Sophia,Jones,sophia.jones2539@example-domain.com,San Diego,California,92101,2023-09-08,Corporate,Sophia Jones,Can't Lose Them,142,7.0,396.0,7.0,1421.82,1919.46
CUST_02540,Taylor,Smith,taylor.smith2540@example-domain.com,Atlanta,Georgia,30301,2023-06-03,Corporate,Taylor Smith,At Risk,253,10.0,98.0,8.0,2150.09,2902.62
CUST_02541,Chris,Thomas,chris.thomas2541@example-domain.com,Buffalo,New York,14201,2024-06-24,Consumer,Chris Thomas,Potential Loyalists,422,8.0,41.0,4.0,1163.1399999999999,1570.24
CUST_02542,Dakota,Thomas,dakota.thomas2542@example-domain.com,Atlanta,Georgia,30301,2023-12-12,Corporate,Dakota Thomas,Potential Loyalists,423,9.0,31.0,5.0,1626.6,2195.91
CUST_02543,Noah,Smith,noah.smith2543@example-domain.com,Orlando,Florida,32801,2023-04-24,Corporate,Noah Smith,Customers Needing Attention,211,4.0,114.0,2.0,197.05,266.02
CUST_02544,Sam,Johnson,sam.johnson2544@example-domain.com,San Francisco,California,94102,2024-09-10,Consumer,Sam Johnson,Champions,442,10.0,36.0,7.0,1296.5,1750.28
CUST_02545,Chris,Taylor,chris.taylor2545@example-domain.com,Houston,Texas,77001,2023-01-12,Consumer,Chris Taylor,Customers Needing Attention,211,4.0,151.0,1.0,46.02,62.13
CUST_02546,Liam,Wilson,liam.wilson2546@example-domain.com,Denver,Colorado,80202,2024-07-21,Consumer,Liam Wilson,Customers Needing Attention,222,6.0,190.0,5.0,1178.69,1591.23
CUST_02547,Cameron,Jackson,cameron.jackson2547@example-domain.com,Raleigh,North Carolina,27601,2023-11-10,Consumer,Cameron Jackson,Champions,543,12.0,10.0,7.0,2206.43,2978.68
CUST_02548,Riley,Wilson,riley.wilson2548@example-domain.com,Houston,Texas,77001,2023-10-06,Consumer,Riley Wilson,Promising,322,7.0,91.0,5.0,1339.77,1808.69
CUST_02549,Taylor,Taylor,taylor.taylor2549@example-domain.com,Boston,Massachusetts,02108,2023-05-09,Consumer,Taylor Taylor,Customers Needing Attention,211,4.0,138.0,2.0,103.25,139.39
CUST_02550,Pat,Gonzalez,pat.gonzalez2550@example-domain.com,San Francisco,California,94102,2023-08-13,Consumer,Pat Gonzalez,At Risk,232,7.0,164.0,6.0,1469.48,1983.8
CUST_02551,Liam,Garcia,liam.garcia2551@example-domain.com,Columbus,Ohio,43215,2024-09-11,Consumer,Liam Garcia,Loyal Customers,435,12.0,43.0,6.0,6040.52,8154.7
CUST_02552,Taylor,Anderson,taylor.anderson2552@example-domain.com,Philadelphia,Pennsylvania,19102,2023-11-17,Consumer,Taylor Anderson,At Risk,232,7.0,120.0,6.0,1608.67,2171.7
CUST_02553,Liam,Gonzalez,liam.gonzalez2553@example-domain.com,Houston,Texas,77001,2023-02-25,Corporate,Liam Gonzalez,Loyal Customers,355,13.0,62.0,9.0,3512.98,4742.52
CUST_02554,Sophia,Wilson,sophia.wilson2554@example-domain.com,Austin,Texas,78701,2023-10-04,Small Business,Sophia Wilson,At Risk,255,12.0,149.0,11.0,4421.17,5968.58
CUST_02555,Morgan,Brown,morgan.brown2555@example-domain.com,San Diego,California,92101,2024-01-07,Consumer,Morgan Brown,Lost Customers,113,5.0,354.0,3.0,1980.49,2673.66
CUST_02556,Jackson,Hernandez,jackson.hernandez2556@example-domain.com,Los Angeles,California,90001,2023-09-03,Small Business,Jackson Hernandez,At Risk,232,7.0,175.0,6.0,1571.61,2121.67
CUST_02557,Dakota,Garcia,dakota.garcia2557@example-domain.com,Columbus,Ohio,43215,2023-04-20,Consumer,Dakota Garcia,Lost Customers,111,3.0,238.0,3.0,320.39,432.53
CUST_02558,Taylor,Miller,taylor.miller2558@example-domain.com,Los Angeles,California,90001,2023-11-13,Consumer,Taylor Miller,Champions,553,13.0,7.0,8.0,2123.96,2867.35
CUST_02559,Pat,Moore,pat.moore2559@example-domain.com,Austin,Texas,78701,2024-10-15,Consumer,Pat Moore,Potential Loyalists,411,6.0,43.0,2.0,206.1,278.24
CUST_02560,Jordan,Davis,jordan.davis2560@example-domain.com,Miami,Florida,33101,2023-03-29,Consumer,Jordan Davis,Loyal Customers,353,11.0,49.0,9.0,1623.41,2191.6
CUST_02561,Mia,Jackson,mia.jackson2561@example-domain.com,San Francisco,California,94102,2024-07-31,Corporate,Mia Jackson,Loyal Customers,533,11.0,6.0,6.0,1659.23,2239.96
CUST_02562,Emma,Johnson,emma.johnson2562@example-domain.com,San Francisco,California,94102,2023-11-19,Corporate,Emma Johnson,Champions,443,11.0,37.0,7.0,2207.06,2979.53
CUST_02563,Taylor,Martinez,taylor.martinez2563@example-domain.com,Los Angeles,California,90001,2024-01-01,Consumer,Taylor Martinez,Promising,311,5.0,59.0,3.0,911.62,1230.69
CUST_02564,Dakota,Gonzalez,dakota.gonzalez2564@example-domain.com,Raleigh,North Carolina,27601,2023-07-19,Consumer,Dakota Gonzalez,Hibernating,122,5.0,502.0,4.0,1233.3700000000001,1665.05
CUST_02565,Ethan,Gonzalez,ethan.gonzalez2565@example-domain.com,Seattle,Washington,98101,2023-05-13,Consumer,Ethan Gonzalez,Champions,555,15.0,17.0,8.0,4329.71,5845.11
CUST_02566,Morgan,Hernandez,morgan.hernandez2566@example-domain.com,Atlanta,Georgia,30301,2024-05-30,Consumer,Morgan Hernandez,Lost Customers,112,4.0,552.0,3.0,1491.49,2013.51
CUST_02567,Morgan,Taylor,morgan.taylor2567@example-domain.com,Buffalo,New York,14201,2023-01-25,Consumer,Morgan Taylor,Loyal Customers,433,10.0,40.0,6.0,2204.53,2976.12
CUST_02568,Mia,Gonzalez,mia.gonzalez2568@example-domain.com,Philadelphia,Pennsylvania,19102,2024-08-23,Consumer,Mia Gonzalez,Hibernating,123,6.0,283.0,4.0,1821.63,2459.2
CUST_02569,Jordan,Martinez,jordan.martinez2569@example-domain.com,Houston,Texas,77001,2023-06-05,Corporate,Jordan Martinez,Can't Lose Them,144,9.0,248.0,7.0,2755.83,3720.37
CUST_02570,Noah,Williams,noah.williams2570@example-domain.com,San Diego,California,92101,2023-08-26,Small Business,Noah Williams,Loyal Customers,434,11.0,25.0,6.0,2512.43,3391.78
CUST_02571,Pat,Jones,pat.jones2571@example-domain.com,Houston,Texas,77001,2024-05-28,Consumer,Pat Jones,Loyal Customers,354,12.0,74.0,10.0,2691.94,3634.12
CUST_02572,Ava,Martin,ava.martin2572@example-domain.com,Raleigh,North Carolina,27601,2023-12-16,Small Business,Ava Martin,Hibernating,134,8.0,403.0,6.0,2639.5099999999998,3563.34
CUST_02573,Noah,Jones,noah.jones2573@example-domain.com,Chicago,Illinois,60601,2023-10-25,Consumer,Noah Jones,Can't Lose Them,144,9.0,273.0,7.0,2450.52,3308.2
CUST_02574,Sophia,Martin,sophia.martin2574@example-domain.com,Atlanta,Georgia,30301,2023-02-10,Consumer,Sophia Martin,Champions,554,14.0,10.0,8.0,2312.81,3122.29
CUST_02575,Liam,Davis,liam.davis2575@example-domain.com,Austin,Texas,78701,2024-09-17,Consumer,Liam Davis,Champions,555,15.0,13.0,12.0,3508.9,4737.02
CUST_02576,Jackson,Williams,jackson.williams2576@example-domain.com,Buffalo,New York,14201,2024-08-03,Consumer,Jackson Williams,Potential Loyalists,521,8.0,8.0,4.0,847.41,1144.0
CUST_02577,Emma,Brown,emma.brown2577@example-domain.com,Los Angeles,California,90001,2023-05-27,Small Business,Emma Brown,At Risk,242,8.0,94.0,7.0,1261.1,1702.48
CUST_02578,Dakota,Moore,dakota.moore2578@example-domain.com,San Diego,California,92101,2024-05-25,Consumer,Dakota Moore,Hibernating,122,5.0,420.0,5.0,1248.64,1685.66
CUST_02579,Morgan,Anderson,morgan.anderson2579@example-domain.com,Chicago,Illinois,60601,2023-06-23,Consumer,Morgan Anderson,Loyal Customers,353,11.0,55.0,11.0,1992.39,2689.73
CUST_02580,Dakota,Garcia,dakota.garcia2580@example-domain.com,San Diego,California,92101,2023-10-14,Consumer,Dakota Garcia,At Risk,234,9.0,142.0,6.0,2586.42,3491.67
CUST_02581,Mia,Lopez,mia.lopez2581@example-domain.com,Seattle,Washington,98101,2023-04-02,Consumer,Mia Lopez,Champions,453,12.0,35.0,9.0,1703.56,2299.81
CUST_02582,Taylor,Garcia,taylor.garcia2582@example-domain.com,Denver,Colorado,80202,2023-09-22,Corporate,Taylor Garcia,Customers Needing Attention,221,5.0,123.0,5.0,679.73,917.64
CUST_02583,Emma,Rodriguez,emma.rodriguez2583@example-domain.com,Denver,Colorado,80202,2024-10-27,Consumer,Emma Rodriguez,Potential Loyalists,421,7.0,32.0,4.0,552.89,746.4
CUST_02584,Sam,Brown,sam.brown2584@example-domain.com,Philadelphia,Pennsylvania,19102,2023-02-10,Consumer,Sam Brown,Hibernating,123,6.0,293.0,4.0,1836.46,2479.22
CUST_02585,Sophia,Martinez,sophia.martinez2585@example-domain.com,Boston,Massachusetts,02108,2024-02-23,Consumer,Sophia Martinez,Customers Needing Attention,211,4.0,107.0,3.0,674.39,910.43
CUST_02586,Jackson,Jones,jackson.jones2586@example-domain.com,Denver,Colorado,80202,2024-01-11,Consumer,Jackson Jones,Promising,323,8.0,53.0,5.0,1623.4,2191.59
CUST_02587,Ava,Martin,ava.martin2587@example-domain.com,Chicago,Illinois,60601,2024-01-18,Consumer,Ava Martin,Loyal Customers,343,10.0,91.0,7.0,1635.54,2207.98
CUST_02588,Taylor,Wilson,taylor.wilson2588@example-domain.com,Raleigh,North Carolina,27601,2024-04-05,Consumer,Taylor Wilson,Customers Needing Attention,221,5.0,142.0,4.0,850.04,1147.55
CUST_02589,Cameron,Johnson,cameron.johnson2589@example-domain.com,San Francisco,California,94102,2023-09-08,Consumer,Cameron Johnson,Promising,311,5.0,58.0,3.0,960.03,1296.04
CUST_02590,Lucas,Smith,lucas.smith2590@example-domain.com,Buffalo,New York,14201,2023-04-18,Corporate,Lucas Smith,Potential Loyalists,422,8.0,31.0,4.0,1106.1,1493.24
CUST_02591,Dakota,Gonzalez,dakota.gonzalez2591@example-domain.com,Houston,Texas,77001,2024-08-06,Corporate,Dakota Gonzalez,Loyal Customers,433,10.0,30.0,6.0,2195.56,2964.01
CUST_02592,Liam,Williams,liam.williams2592@example-domain.com,Dallas,Texas,75201,2024-02-02,Corporate,Liam Williams,Champions,441,9.0,24.0,7.0,748.49,1010.46
CUST_02593,Noah,Williams,noah.williams2593@example-domain.com,Seattle,Washington,98101,2024-04-22,Consumer,Noah Williams,Loyal Customers,334,10.0,76.0,6.0,2516.7400000000002,3397.6
CUST_02594,Noah,Moore,noah.moore2594@example-domain.com,Denver,Colorado,80202,2023-04-22,Consumer,Noah Moore,,,,,,,
CUST_02595,Taylor,Garcia,taylor.garcia2595@example-domain.com,New York City,New York,10001,2024-02-11,Consumer,Taylor Garcia,Loyal Customers,435,12.0,38.0,6.0,3450.32,4657.93
CUST_02596,Olivia,Miller,olivia.miller2596@example-domain.com,Boston,Massachusetts,02108,2023-12-03,Corporate,Olivia Miller,Champions,444,12.0,25.0,7.0,3006.51,4058.79
CUST_02597,Taylor,Hernandez,taylor.hernandez2597@example-domain.com,Chicago,Illinois,60601,2024-09-10,Consumer,Taylor Hernandez,Can't Lose Them,154,10.0,291.0,10.0,2415.49,3260.91
CUST_02598,Emma,Miller,emma.miller2598@example-domain.com,Philadelphia,Pennsylvania,19102,2023-04-28,Consumer,Emma Miller,At Risk,245,11.0,175.0,7.0,3133.35,4230.02
CUST_02599,Cameron,Anderson,cameron.anderson2599@example-domain.com,San Francisco,California,94102,2024-07-12,Consumer,Cameron Anderson,At Risk,232,7.0,203.0,6.0,1458.49,1968.96
CUST_02600,Sam,Thomas,sam.thomas2600@example-domain.com,Buffalo,New York,14201,2024-10-17,Consumer,Sam Thomas,Can't Lose Them,155,11.0,311.0,9.0,5456.87,7366.77
CUST_02601,Pat,Hernandez,pat.hernandez2601@example-domain.com,San Francisco,California,94102,2024-09-07,Consumer,Pat Hernandez,Champions,455,14.0,23.0,8.0,3540.51,4779.69
CUST_02602,Liam,Johnson,liam.johnson2602@example-domain.com,Seattle,Washington,98101,2024-03-16,Consumer,Liam Johnson,Customers Needing Attention,222,6.0,147.0,4.0,1288.91,1740.03
CUST_02603,Emma,Miller,emma.miller2603@example-domain.com,San Francisco,California,94102,2023-08-05,Corporate,Emma Miller,Loyal Customers,342,9.0,59.0,7.0,1367.46,1846.07
CUST_02604,Alex,Wilson,alex.wilson2604@example-domain.com,Miami,Florida,33101,2023-09-16,Consumer,Alex Wilson,At Risk,242,8.0,177.0,7.0,1125.28,1519.13
CUST_02605,Chris,Williams,chris.williams2605@example-domain.com,Buffalo,New York,14201,2023-03-12,Consumer,Chris Williams,Hibernating,122,5.0,226.0,5.0,1279.32,1727.08
CUST_02606,Cameron,Gonzalez,cameron.gonzalez2606@example-domain.com,San Diego,California,92101,2023-11-02,Consumer,Cameron Gonzalez,Champions,454,13.0,24.0,10.0,2231.85,3013.0
CUST_02607,Noah,Wilson,noah.wilson2607@example-domain.com,Raleigh,North Carolina,27601,2023-08-08,Consumer,Noah Wilson,Customers Needing Attention,221,5.0,214.0,4.0,584.7,789.35
CUST_02608,Cameron,Garcia,cameron.garcia2608@example-domain.com,San Francisco,California,94102,2023-04-05,Consumer,Cameron Garcia,Customers Needing Attention,224,8.0,130.0,5.0,3059.14,4129.84
CUST_02609,Olivia,Hernandez,olivia.hernandez2609@example-domain.com,Orlando,Florida,32801,2023-06-18,Corporate,Olivia Hernandez,Loyal Customers,434,11.0,36.0,6.0,2436.58,3289.38
CUST_02610,Pat,Lopez,pat.lopez2610@example-domain.com,Atlanta,Georgia,30301,2024-05-08,Consumer,Pat Lopez,Customers Needing Attention,224,8.0,213.0,4.0,2799.68,3779.57
CUST_02611,Emma,Moore,emma.moore2611@example-domain.com,Houston,Texas,77001,2024-12-14,Corporate,Emma Moore,Loyal Customers,341,8.0,48.0,7.0,749.44,1011.74
CUST_02612,Olivia,Lopez,olivia.lopez2612@example-domain.com,Boston,Massachusetts,02108,2023-01-11,Consumer,Olivia Lopez,Potential Loyalists,524,11.0,14.0,4.0,2263.77,3056.09
CUST_02613,Lucas,Martin,lucas.martin2613@example-domain.com,Austin,Texas,78701,2023-03-21,Consumer,Lucas Martin,Can't Lose Them,143,8.0,347.0,7.0,1634.53,2206.62
CUST_02614,Mia,Martin,mia.martin2614@example-domain.com,Buffalo,New York,14201,2023-11-28,Corporate,Mia Martin,Loyal Customers,435,12.0,28.0,6.0,4271.0599999999995,5765.93
CUST_02615,Ethan,Smith,ethan.smith2615@example-domain.com,Buffalo,New York,14201,2024-04-14,Consumer,Ethan Smith,Customers Needing Attention,211,4.0,139.0,3.0,505.31,682.17
CUST_02616,Sam,Thomas,sam.thomas2616@example-domain.com,Chicago,Illinois,60601,2023-04-27,Consumer,Sam Thomas,Potential Loyalists,522,9.0,18.0,5.0,1044.6100000000001,1410.22
CUST_02617,Olivia,Rodriguez,olivia.rodriguez2617@example-domain.com,Raleigh,North Carolina,27601,2023-01-04,Consumer,Olivia Rodriguez,Champions,553,13.0,4.0,9.0,1770.11,2389.65
CUST_02618,Noah,Jones,noah.jones2618@example-domain.com,Denver,Colorado,80202,2024-10-16,Consumer,Noah Jones,Promising,311,5.0,73.0,2.0,572.4599999999999,772.82
CUST_02619,Mia,Brown,mia.brown2619@example-domain.com,San Francisco,California,94102,2023-08-12,Corporate,Mia Brown,Promising,324,9.0,82.0,4.0,2588.9600000000005,3495.1
CUST_02620,Pat,Wilson,pat.wilson2620@example-domain.com,Columbus,Ohio,43215,2023-06-20,Consumer,Pat Wilson,Hibernating,124,7.0,352.0,4.0,2927.0,3951.45
CUST_02621,Jackson,Gonzalez,jackson.gonzalez2621@example-domain.com,Austin,Texas,78701,2023-12-23,Corporate,Jackson Gonzalez,Champions,442,10.0,25.0,7.0,1390.93,1877.76
CUST_02622,Pat,Miller,pat.miller2622@example-domain.com,Los Angeles,California,90001,2024-01-15,Corporate,Pat Miller,Champions,552,12.0,17.0,10.0,1395.6100000000001,1884.07
CUST_02623,Sophia,Smith,sophia.smith2623@example-domain.com,Orlando,Florida,32801,2023-11-11,Consumer,Sophia Smith,Champions,443,11.0,26.0,7.0,1995.89,2694.45
CUST_02624,Ava,Brown,ava.brown2624@example-domain.com,Philadelphia,Pennsylvania,19102,2024-10-26,Small Business,Ava Brown,Promising,323,8.0,49.0,4.0,2163.45,2920.66
CUST_02625,Noah,Wilson,noah.wilson2625@example-domain.com,Atlanta,Georgia,30301,2023-12-27,Consumer,Noah Wilson,Hibernating,121,4.0,386.0,5.0,688.55,929.54
CUST_02626,Sophia,Moore,sophia.moore2626@example-domain.com,Atlanta,Georgia,30301,2024-06-19,Small Business,Sophia Moore,At Risk,255,12.0,103.0,9.0,3748.01,5059.81
CUST_02627,Ethan,Brown,ethan.brown2627@example-domain.com,Houston,Texas,77001,2024-04-14,Consumer,Ethan Brown,Loyal Customers,333,9.0,72.0,6.0,1961.44,2647.94
CUST_02628,Olivia,Lopez,olivia.lopez2628@example-domain.com,Houston,Texas,77001,2024-07-20,Consumer,Olivia Lopez,Loyal Customers,355,13.0,46.0,10.0,3910.85,5279.65
CUST_02629,Jackson,Garcia,jackson.garcia2629@example-domain.com,Columbus,Ohio,43215,2024-03-22,Consumer,Jackson Garcia,Loyal Customers,354,12.0,60.0,8.0,2482.84,3351.83
CUST_02630,Liam,Martinez,liam.martinez2630@example-domain.com,Atlanta,Georgia,30301,2024-10-11,Consumer,Liam Martinez,Champions,554,14.0,10.0,8.0,2884.6,3894.21
CUST_02631,Dakota,Martin,dakota.martin2631@example-domain.com,New York City,New York,10001,2023-03-31,Consumer,Dakota Martin,At Risk,245,11.0,167.0,7.0,4030.48,5441.15
CUST_02632,Morgan,Williams,morgan.williams2632@example-domain.com,Los Angeles,California,90001,2024-09-23,Corporate,Morgan Williams,Loyal Customers,345,12.0,48.0,7.0,3214.28,4339.28
CUST_02633,Olivia,Brown,olivia.brown2633@example-domain.com,Philadelphia,Pennsylvania,19102,2024-09-30,Consumer,Olivia Brown,At Risk,254,11.0,203.0,9.0,2430.09,3280.62
CUST_02634,Lucas,Brown,lucas.brown2634@example-domain.com,Denver,Colorado,80202,2024-05-30,Consumer,Lucas Brown,Champions,445,13.0,29.0,7.0,3108.04,4195.85
CUST_02635,Mia,Johnson,mia.johnson2635@example-domain.com,Orlando,Florida,32801,2024-03-06,Corporate,Mia Johnson,Potential Loyalists,511,7.0,11.0,3.0,549.0699999999999,741.24
CUST_02636,Pat,Davis,pat.davis2636@example-domain.com,Denver,Colorado,80202,2024-07-18,Consumer,Pat Davis,Loyal Customers,434,11.0,43.0,6.0,2442.0,3296.7
CUST_02637,Liam,Brown,liam.brown2637@example-domain.com,Austin,Texas,78701,2024-04-25,Small Business,Liam Brown,,,,,,,
CUST_02638,Morgan,Lopez,morgan.lopez2638@example-domain.com,Denver,Colorado,80202,2024-02-27,Corporate,Morgan Lopez,Promising,321,6.0,59.0,5.0,811.15,1095.05
CUST_02639,Liam,Smith,liam.smith2639@example-domain.com,Seattle,Washington,98101,2023-08-18,Small Business,Liam Smith,Customers Needing Attention,221,5.0,205.0,4.0,566.96,765.4
CUST_02640,Ava,Martinez,ava.martinez2640@example-domain.com,Miami,Florida,33101,2024-11-05,Corporate,Ava Martinez,Hibernating,125,8.0,296.0,5.0,3516.98,4747.92
CUST_02641,Cameron,Martinez,cameron.martinez2641@example-domain.com,Atlanta,Georgia,30301,2024-11-20,Consumer,Cameron Martinez,Lost Customers,111,3.0,252.0,3.0,977.09,1319.07
CUST_02642,Riley,Smith,riley.smith2642@example-domain.com,Atlanta,Georgia,30301,2023-02-03,Consumer,Riley Smith,At Risk,255,12.0,159.0,12.0,5747.24,7758.77
CUST_02643,Alex,Smith,alex.smith2643@example-domain.com,Buffalo,New York,14201,2024-01-19,Corporate,Alex Smith,Loyal Customers,353,11.0,65.0,10.0,1739.82,2348.76
CUST_02644,Ava,Martin,ava.martin2644@example-domain.com,Chicago,Illinois,60601,2023-12-10,Consumer,Ava Martin,Can't Lose Them,144,9.0,251.0,7.0,2777.11,3749.1
CUST_02645,Chris,Jackson,chris.jackson2645@example-domain.com,Atlanta,Georgia,30301,2023-09-05,Consumer,Chris Jackson,Champions,455,14.0,33.0,10.0,5518.8,7450.38
CUST_02646,Lucas,Gonzalez,lucas.gonzalez2646@example-domain.com,Austin,Texas,78701,2024-09-23,Consumer,Lucas Gonzalez,Customers Needing Attention,222,6.0,194.0,4.0,1199.0900000000001,1618.77
CUST_02647,Liam,Johnson,liam.johnson2647@example-domain.com,Atlanta,Georgia,30301,2023-05-12,Small Business,Liam Johnson,At Risk,234,9.0,111.0,6.0,2597.0299999999997,3505.99
CUST_02648,Liam,Garcia,liam.garcia2648@example-domain.com,Boston,Massachusetts,02108,2023-11-22,Consumer,Liam Garcia,Champions,552,12.0,9.0,8.0,1222.43,1650.28
CUST_02649,Ava,Garcia,ava.garcia2649@example-domain.com,Atlanta,Georgia,30301,2023-08-25,Consumer,Ava Garcia,Loyal Customers,333,9.0,51.0,6.0,1792.8500000000001,2420.35
CUST_02650,Morgan,Jones,morgan.jones2650@example-domain.com,Raleigh,North Carolina,27601,2023-05-02,Consumer,Morgan Jones,Loyal Customers,432,9.0,22.0,6.0,1167.51,1576.14
CUST_02651,Mia,Gonzalez,mia.gonzalez2651@example-domain.com,Miami,Florida,33101,2024-07-20,Consumer,Mia Gonzalez,Champions,444,12.0,41.0,7.0,2420.55,3267.74
CUST_02652,Chris,Hernandez,chris.hernandez2652@example-domain.com,Austin,Texas,78701,2023-04-06,Consumer,Chris Hernandez,Hibernating,134,8.0,291.0,6.0,2384.46,3219.02
CUST_02653,Taylor,Smith,taylor.smith2653@example-domain.com,Atlanta,Georgia,30301,2023-01-12,Consumer,Taylor Smith,Can't Lose Them,155,11.0,249.0,11.0,4747.74,6409.45
CUST_02654,Mia,Jones,mia.jones2654@example-domain.com,Los Angeles,California,90001,2024-09-24,Consumer,Mia Jones,Potential Loyalists,522,9.0,7.0,5.0,1382.87,1866.87
CUST_02655,Lucas,Williams,lucas.williams2655@example-domain.com,Boston,Massachusetts,02108,2023-01-26,Corporate,Lucas Williams,Loyal Customers,353,11.0,49.0,11.0,2028.54,2738.53
CUST_02656,Sam,Anderson,sam.anderson2656@example-domain.com,Seattle,Washington,98101,2023-07-11,Consumer,Sam Anderson,Champions,455,14.0,32.0,9.0,3478.83,4696.42
CUST_02657,Riley,Davis,riley.davis2657@example-domain.com,Orlando,Florida,32801,2023-07-18,Corporate,Riley Davis,Potential Loyalists,522,9.0,15.0,5.0,1133.4,1530.09
CUST_02658,Lucas,Davis,lucas.davis2658@example-domain.com,Boston,Massachusetts,02108,2023-09-24,Corporate,Lucas Davis,At Risk,255,12.0,207.0,10.0,3961.95,5348.63
CUST_02659,Jordan,Rodriguez,jordan.rodriguez2659@example-domain.com,San Diego,California,92101,2023-05-28,Consumer,Jordan Rodriguez,Hibernating,122,5.0,256.0,5.0,1063.68,1435.97
CUST_02660,Alex,Jackson,alex.jackson2660@example-domain.com,New York City,New York,10001,2023-04-24,Consumer,Alex Jackson,Loyal Customers,432,9.0,37.0,6.0,1417.54,1913.68
CUST_02661,Noah,Martin,noah.martin2661@example-domain.com,New York City,New York,10001,2023-04-20,Consumer,Noah Martin,,,,,,,
CUST_02662,Sam,Martinez,sam.martinez2662@example-domain.com,Miami,Florida,33101,2023-07-04,Corporate,Sam Martinez,Loyal Customers,344,11.0,63.0,7.0,2429.24,3279.47
CUST_02663,Taylor,Williams,taylor.williams2663@example-domain.com,Philadelphia,Pennsylvania,19102,2024-01-06,Consumer,Taylor Williams,Potential Loyalists,521,8.0,19.0,5.0,862.84,1164.83
CUST_02664,Pat,Gonzalez,pat.gonzalez2664@example-domain.com,New York City,New York,10001,2024-05-17,Consumer,Pat Gonzalez,Promising,323,8.0,79.0,5.0,2094.9,2828.12
CUST_02665,Alex,Wilson,alex.wilson2665@example-domain.com,San Diego,California,92101,2024-05-13,Consumer,Alex Wilson,At Risk,241,7.0,100.0,7.0,701.8299999999999,947.47
CUST_02666,Taylor,Miller,taylor.miller2666@example-domain.com,Atlanta,Georgia,30301,2024-01-20,Consumer,Taylor Miller,At Risk,235,10.0,103.0,6.0,3159.28,4265.03
CUST_02667,Ethan,Anderson,ethan.anderson2667@example-domain.com,Houston,Texas,77001,2023-07-04,Consumer,Ethan Anderson,Promising,312,6.0,54.0,3.0,1376.32,1858.03
CUST_02668,Dakota,Smith,dakota.smith2668@example-domain.com,Houston,Texas,77001,2024-11-06,Consumer,Dakota Smith,Potential Loyalists,423,9.0,38.0,4.0,1615.27,2180.61
CUST_02669,Mia,Martin,mia.martin2669@example-domain.com,San Francisco,California,94102,2023-05-01,Corporate,Mia Martin,Loyal Customers,433,10.0,37.0,6.0,1617.29,2183.34
CUST_02670,Ethan,Lopez,ethan.lopez2670@example-domain.com,Philadelphia,Pennsylvania,19102,2024-09-20,Consumer,Ethan Lopez,Champions,452,11.0,37.0,8.0,1380.28,1863.38
CUST_02671,Jackson,Moore,jackson.moore2671@example-domain.com,Los Angeles,California,90001,2023-06-12,Consumer,Jackson Moore,Hibernating,124,7.0,416.0,5.0,2441.7,3296.3
CUST_02672,Ava,Rodriguez,ava.rodriguez2672@example-domain.com,New York City,New York,10001,2023-07-17,Consumer,Ava Rodriguez,Champions,554,14.0,5.0,11.0,2408.27,3251.16
CUST_02673,Jackson,Smith,jackson.smith2673@example-domain.com,Columbus,Ohio,43215,2023-01-24,Corporate,Jackson Smith,Loyal Customers,355,13.0,56.0,9.0,5101.349999999999,6886.82
CUST_02674,Ava,Taylor,ava.taylor2674@example-domain.com,Buffalo,New York,14201,2023-08-10,Consumer,Ava Taylor,Promising,323,8.0,45.0,5.0,1775.07,2396.34
CUST_02675,Sophia,Brown,sophia.brown2675@example-domain.com,Austin,Texas,78701,2023-01-31,Corporate,Sophia Brown,Potential Loyalists,413,8.0,39.0,3.0,2069.67,2794.05
CUST_02676,Ethan,Jones,ethan.jones2676@example-domain.com,Dallas,Texas,75201,2023-03-27,Consumer,Ethan Jones,At Risk,234,9.0,196.0,6.0,2776.7200000000003,3748.57
CUST_02677,Sam,Rodriguez,sam.rodriguez2677@example-domain.com,Miami,Florida,33101,2024-05-08,Consumer,Sam Rodriguez,Hibernating,122,5.0,235.0,4.0,1478.51,1995.99
CUST_02678,Pat,Williams,pat.williams2678@example-domain.com,Seattle,Washington,98101,2024-12-26,Consumer,Pat Williams,Can't Lose Them,153,9.0,304.0,9.0,1925.68,2599.67
CUST_02679,Lucas,Martinez,lucas.martinez2679@example-domain.com,Denver,Colorado,80202,2024-05-22,Consumer,Lucas Martinez,Champions,444,12.0,37.0,7.0,2917.86,3939.11
CUST_02680,Olivia,Taylor,olivia.taylor2680@example-domain.com,Boston,Massachusetts,02108,2023-07-17,Consumer,Olivia Taylor,Champions,555,15.0,8.0,8.0,3237.6,4370.76
CUST_02681,Cameron,Garcia,cameron.garcia2681@example-domain.com,Austin,Texas,78701,2024-12-04,Consumer,Cameron Garcia,Champions,445,13.0,39.0,7.0,4621.4,6238.89
CUST_02682,Cameron,Gonzalez,cameron.gonzalez2682@example-domain.com,New York City,New York,10001,2024-08-20,Corporate,Cameron Gonzalez,Champions,444,12.0,33.0,7.0,2314.76,3124.93
CUST_02683,Mia,Martinez,mia.martinez2683@example-domain.com,Houston,Texas,77001,2023-07-30,Consumer,Mia Martinez,Hibernating,121,4.0,310.0,5.0,434.26,586.25
CUST_02684,Emma,Wilson,emma.wilson2684@example-domain.com,Denver,Colorado,80202,2024-03-09,Consumer,Emma Wilson,Champions,555,15.0,4.0,8.0,3383.92,4568.29
CUST_02685,Jackson,Rodriguez,jackson.rodriguez2685@example-domain.com,Chicago,Illinois,60601,2024-09-29,Consumer,Jackson Rodriguez,Potential Loyalists,521,8.0,3.0,5.0,998.12,1347.46
CUST_02686,Morgan,Martin,morgan.martin2686@example-domain.com,Boston,Massachusetts,02108,2024-03-15,Consumer,Morgan Martin,Potential Loyalists,422,8.0,38.0,5.0,1028.33,1388.25
CUST_02687,Pat,Jackson,pat.jackson2687@example-domain.com,Seattle,Washington,98101,2024-01-18,Consumer,Pat Jackson,Champions,455,14.0,37.0,8.0,4139.1900000000005,5587.91
CUST_02688,Taylor,Anderson,taylor.anderson2688@example-domain.com,Houston,Texas,77001,2023-02-04,Consumer,Taylor Anderson,Loyal Customers,333,9.0,61.0,6.0,1702.1399999999999,2297.89
CUST_02689,Ava,Rodriguez,ava.rodriguez2689@example-domain.com,Atlanta,Georgia,30301,2023-10-28,Consumer,Ava Rodriguez,Promising,324,9.0,62.0,5.0,2637.63,3560.8
CUST_02690,Jackson,Taylor,jackson.taylor2690@example-domain.com,Seattle,Washington,98101,2024-02-12,Consumer,Jackson Taylor,Hibernating,121,4.0,220.0,5.0,773.08,1043.66
CUST_02691,Alex,Brown,alex.brown2691@example-domain.com,Houston,Texas,77001,2023-11-27,Consumer,Alex Brown,Customers Needing Attention,223,7.0,121.0,4.0,1852.71,2501.16
CUST_02692,Olivia,Garcia,olivia.garcia2692@example-domain.com,Seattle,Washington,98101,2023-09-09,Consumer,Olivia Garcia,Can't Lose Them,155,11.0,268.0,12.0,3277.77,4424.99
CUST_02693,Taylor,Miller,taylor.miller2693@example-domain.com,Seattle,Washington,98101,2024-01-16,Consumer,Taylor Miller,At Risk,232,7.0,206.0,6.0,1492.7,2015.15
CUST_02694,Sam,Hernandez,sam.hernandez2694@example-domain.com,New York City,New York,10001,2023-01-10,Consumer,Sam Hernandez,Champions,455,14.0,42.0,9.0,3840.5,5184.68
CUST_02695,Ethan,Smith,ethan.smith2695@example-domain.com,Chicago,Illinois,60601,2023-08-07,Small Business,Ethan Smith,Loyal Customers,344,11.0,49.0,7.0,2736.9700000000003,3694.91
CUST_02696,Noah,Jackson,noah.jackson2696@example-domain.com,Chicago,Illinois,60601,2023-08-27,Consumer,Noah Jackson,Loyal Customers,433,10.0,39.0,6.0,2000.79,2701.07
CUST_02697,Lucas,Williams,lucas.williams2697@example-domain.com,Boston,Massachusetts,02108,2023-10-18,Consumer,Lucas Williams,Champions,441,9.0,30.0,7.0,640.4,864.54
CUST_02698,Jackson,Miller,jackson.miller2698@example-domain.com,Raleigh,North Carolina,27601,2023-08-11,Consumer,Jackson Miller,Can't Lose Them,144,9.0,296.0,7.0,2832.21,3823.48
CUST_02699,Morgan,Moore,morgan.moore2699@example-domain.com,Miami,Florida,33101,2024-09-14,Corporate,Morgan Moore,Hibernating,124,7.0,291.0,5.0,2356.42,3181.17
CUST_02700,Taylor,Jackson,taylor.jackson2700@example-domain.com,Atlanta,Georgia,30301,2024-11-29,Corporate,Taylor Jackson,Champions,441,9.0,23.0,7.0,672.84,908.33
CUST_02701,Olivia,Hernandez,olivia.hernandez2701@example-domain.com,Chicago,Illinois,60601,2023-07-22,Consumer,Olivia Hernandez,At Risk,254,11.0,106.0,8.0,2391.24,3228.17
CUST_02702,Pat,Johnson,pat.johnson2702@example-domain.com,Philadelphia,Pennsylvania,19102,2024-05-25,Small Business,Pat Johnson,Hibernating,122,5.0,413.0,4.0,1141.49,1541.01
CUST_02703,Jordan,Rodriguez,jordan.rodriguez2703@example-domain.com,Atlanta,Georgia,30301,2023-05-03,Consumer,Jordan Rodriguez,Loyal Customers,342,9.0,51.0,7.0,1369.12,1848.31
CUST_02704,Morgan,Anderson,morgan.anderson2704@example-domain.com,Houston,Texas,77001,2024-09-07,Consumer,Morgan Anderson,At Risk,254,11.0,187.0,9.0,2550.9,3443.72
CUST_02705,Ethan,Jackson,ethan.jackson2705@example-domain.com,Boston,Massachusetts,02108,2023-08-31,Corporate,Ethan Jackson,Champions,443,11.0,40.0,7.0,1617.77,2183.99
CUST_02706,Mia,Smith,mia.smith2706@example-domain.com,Orlando,Florida,32801,2023-01-19,Corporate,Mia Smith,Champions,455,14.0,41.0,11.0,7993.33,10791.0
CUST_02707,Mia,Smith,mia.smith2707@example-domain.com,Denver,Colorado,80202,2023-10-19,Consumer,Mia Smith,Customers Needing Attention,221,5.0,110.0,4.0,864.71,1167.36
CUST_02708,Sam,Gonzalez,sam.gonzalez2708@example-domain.com,San Francisco,California,94102,2024-06-30,Consumer,Sam Gonzalez,Loyal Customers,533,11.0,11.0,6.0,1907.9099999999999,2575.68
CUST_02709,Ava,Johnson,ava.johnson2709@example-domain.com,Chicago,Illinois,60601,2024-10-22,Consumer,Ava Johnson,Potential Loyalists,522,9.0,16.0,5.0,1253.27,1691.91
CUST_02710,Alex,Williams,alex.williams2710@example-domain.com,Philadelphia,Pennsylvania,19102,2023-04-08,Consumer,Alex Williams,Customers Needing Attention,222,6.0,183.0,5.0,1327.1000000000001,1791.59
CUST_02711,Olivia,Martinez,olivia.martinez2711@example-domain.com,Miami,Florida,33101,2023-11-21,Corporate,Olivia Martinez,Champions,542,11.0,9.0,7.0,1166.97,1575.41
CUST_02712,Sophia,Gonzalez,sophia.gonzalez2712@example-domain.com,San Diego,California,92101,2024-07-23,Consumer,Sophia Gonzalez,Customers Needing Attention,222,6.0,197.0,4.0,1199.67,1619.55
CUST_02713,Ethan,Thomas,ethan.thomas2713@example-domain.com,San Francisco,California,94102,2024-02-07,Consumer,Ethan Thomas,Loyal Customers,355,13.0,48.0,13.0,3976.53,5368.32
CUST_02714,Dakota,Anderson,dakota.anderson2714@example-domain.com,Philadelphia,Pennsylvania,19102,2024-10-18,Consumer,Dakota Anderson,Promising,311,5.0,45.0,3.0,267.57,361.22
CUST_02715,Morgan,Lopez,morgan.lopez2715@example-domain.com,New York City,New York,10001,2023-01-30,Consumer,Morgan Lopez,Loyal Customers,355,13.0,81.0,10.0,3779.87,5102.82
CUST_02716,Riley,Johnson,riley.johnson2716@example-domain.com,Los Angeles,California,90001,2023-05-23,Consumer,Riley Johnson,Champions,544,13.0,20.0,7.0,2482.82,3351.81
CUST_02717,Morgan,Hernandez,morgan.hernandez2717@example-domain.com,Atlanta,Georgia,30301,2023-08-20,Consumer,Morgan Hernandez,Hibernating,122,5.0,423.0,5.0,1518.45,2049.91
CUST_02718,Chris,Williams,chris.williams2718@example-domain.com,Austin,Texas,78701,2024-01-13,Small Business,Chris Williams,Champions,545,14.0,10.0,7.0,3695.65,4989.13
CUST_02719,Lucas,Smith,lucas.smith2719@example-domain.com,San Francisco,California,94102,2023-09-23,Corporate,Lucas Smith,Hibernating,134,8.0,378.0,6.0,2658.38,3588.81
CUST_02720,Jordan,Brown,jordan.brown2720@example-domain.com,San Francisco,California,94102,2023-11-08,Consumer,Jordan Brown,Loyal Customers,533,11.0,15.0,6.0,1974.81,2665.99
CUST_02721,Taylor,Rodriguez,taylor.rodriguez2721@example-domain.com,Chicago,Illinois,60601,2024-12-05,Corporate,Taylor Rodriguez,Customers Needing Attention,211,4.0,179.0,3.0,536.97,724.91
CUST_02722,Jackson,Gonzalez,jackson.gonzalez2722@example-domain.com,Miami,Florida,33101,2024-12-16,Corporate,Jackson Gonzalez,Potential Loyalists,522,9.0,18.0,5.0,1030.76,1391.53
CUST_02723,Chris,Jones,chris.jones2723@example-domain.com,Denver,Colorado,80202,2023-05-03,Corporate,Chris Jones,Can't Lose Them,153,9.0,235.0,9.0,1616.71,2182.56
CUST_02724,Sam,Hernandez,sam.hernandez2724@example-domain.com,Buffalo,New York,14201,2024-08-21,Consumer,Sam Hernandez,Champions,545,14.0,10.0,7.0,3611.3,4875.26
CUST_02725,Olivia,Anderson,olivia.anderson2725@example-domain.com,New York City,New York,10001,2024-06-18,Consumer,Olivia Anderson,Champions,553,13.0,10.0,8.0,1812.8600000000001,2447.36
CUST_02726,Ava,Davis,ava.davis2726@example-domain.com,Philadelphia,Pennsylvania,19102,2024-11-08,Consumer,Ava Davis,Loyal Customers,355,13.0,63.0,12.0,6974.73,9415.89
CUST_02727,Emma,Rodriguez,emma.rodriguez2727@example-domain.com,Chicago,Illinois,60601,2024-05-09,Consumer,Emma Rodriguez,Loyal Customers,342,9.0,46.0,7.0,1282.08,1730.81
CUST_02728,Riley,Williams,riley.williams2728@example-domain.com,Miami,Florida,33101,2023-10-31,Consumer,Riley Williams,Potential Loyalists,523,10.0,16.0,5.0,1771.19,2391.11
CUST_02729,Taylor,Lopez,taylor.lopez2729@example-domain.com,Columbus,Ohio,43215,2023-09-06,Consumer,Taylor Lopez,Champions,455,14.0,25.0,10.0,4664.150000000001,6296.6
CUST_02730,Pat,Williams,pat.williams2730@example-domain.com,San Diego,California,92101,2024-05-21,Consumer,Pat Williams,Champions,553,13.0,12.0,11.0,2148.63,2900.65
CUST_02731,Jordan,Miller,jordan.miller2731@example-domain.com,Los Angeles,California,90001,2024-11-17,Corporate,Jordan Miller,Champions,445,13.0,22.0,7.0,3417.78,4614.0
CUST_02732,Pat,Anderson,pat.anderson2732@example-domain.com,Boston,Massachusetts,02108,2023-07-12,Consumer,Pat Anderson,At Risk,244,10.0,97.0,7.0,2631.71,3552.81
CUST_02733,Emma,Brown,emma.brown2733@example-domain.com,Chicago,Illinois,60601,2023-08-02,Consumer,Emma Brown,Hibernating,121,4.0,340.0,5.0,831.65,1122.73
CUST_02734,Mia,Taylor,mia.taylor2734@example-domain.com,Raleigh,North Carolina,27601,2023-11-17,Small Business,Mia Taylor,Loyal Customers,344,11.0,47.0,7.0,2729.2400000000002,3684.47
CUST_02735,Dakota,Anderson,dakota.anderson2735@example-domain.com,Buffalo,New York,14201,2024-05-31,Small Business,Dakota Anderson,Can't Lose Them,145,10.0,357.0,7.0,4162.6900000000005,5619.63
CUST_02736,Morgan,Jones,morgan.jones2736@example-domain.com,Dallas,Texas,75201,2024-01-08,Corporate,Morgan Jones,Champions,555,15.0,13.0,10.0,4671.64,6306.71
CUST_02737,Liam,Anderson,liam.anderson2737@example-domain.com,Raleigh,North Carolina,27601,2023-07-27,Small Business,Liam Anderson,Lost Customers,111,3.0,581.0,1.0,30.91,41.73
CUST_02738,Liam,Miller,liam.miller2738@example-domain.com,San Diego,California,92101,2023-10-12,Consumer,Liam Miller,Hibernating,121,4.0,390.0,4.0,689.6,930.96
CUST_02739,Olivia,Garcia,olivia.garcia2739@example-domain.com,Orlando,Florida,32801,2024-08-14,Small Business,Olivia Garcia,Can't Lose Them,145,10.0,299.0,7.0,4431.76,5982.88
CUST_02740,Morgan,Jones,morgan.jones2740@example-domain.com,Denver,Colorado,80202,2023-04-20,Consumer,Morgan Jones,Customers Needing Attention,211,4.0,211.0,2.0,735.88,993.44
CUST_02741,Morgan,Davis,morgan.davis2741@example-domain.com,Los Angeles,California,90001,2024-04-16,Consumer,Morgan Davis,Hibernating,121,4.0,230.0,5.0,904.3399999999999,1220.86
CUST_02742,Chris,Rodriguez,chris.rodriguez2742@example-domain.com,Los Angeles,California,90001,2024-05-02,Consumer,Chris Rodriguez,Can't Lose Them,141,6.0,310.0,7.0,845.24,1141.07
CUST_02743,Ava,Anderson,ava.anderson2743@example-domain.com,Seattle,Washington,98101,2023-09-29,Consumer,Ava Anderson,Loyal Customers,431,8.0,28.0,6.0,809.62,1092.99
CUST_02744,Morgan,Moore,morgan.moore2744@example-domain.com,San Diego,California,92101,2023-12-29,Consumer,Morgan Moore,Potential Loyalists,421,7.0,27.0,4.0,419.09,565.77
CUST_02745,Olivia,Miller,olivia.miller2745@example-domain.com,Buffalo,New York,14201,2024-02-11,Consumer,Olivia Miller,Promising,322,7.0,58.0,5.0,1394.03,1881.94
CUST_02746,Ava,Wilson,ava.wilson2746@example-domain.com,Raleigh,North Carolina,27601,2023-12-08,Corporate,Ava Wilson,Hibernating,122,5.0,435.0,5.0,1564.4099999999999,2111.95
CUST_02747,Jordan,Anderson,jordan.anderson2747@example-domain.com,Miami,Florida,33101,2024-01-14,Consumer,Jordan Anderson,At Risk,255,12.0,99.0,11.0,4353.97,5877.86
CUST_02748,Morgan,Johnson,morgan.johnson2748@example-domain.com,Boston,Massachusetts,02108,2024-03-08,Consumer,Morgan Johnson,Champions,455,14.0,33.0,8.0,3278.21,4425.58
CUST_02749,Pat,Martinez,pat.martinez2749@example-domain.com,Austin,Texas,78701,2024-02-17,Corporate,Pat Martinez,Potential Loyalists,511,7.0,16.0,2.0,309.15,417.35
CUST_02750,Chris,Martin,chris.martin2750@example-domain.com,Miami,Florida,33101,2024-06-26,Consumer,Chris Martin,Potential Loyalists,423,9.0,21.0,5.0,1966.64,2654.96
CUST_02751,Jackson,Thomas,jackson.thomas2751@example-domain.com,Raleigh,North Carolina,27601,2024-03-19,Consumer,Jackson Thomas,Promising,323,8.0,59.0,5.0,2176.96,2938.9
CUST_02752,Morgan,Johnson,morgan.johnson2752@example-domain.com,Dallas,Texas,75201,2023-04-24,Consumer,Morgan Johnson,Champions,444,12.0,44.0,7.0,2435.55,3287.99
CUST_02753,Riley,Brown,riley.brown2753@example-domain.com,San Francisco,California,94102,2023-02-06,Consumer,Riley Brown,Potential Loyalists,421,7.0,34.0,4.0,749.4100000000001,1011.7
CUST_02754,Mia,Rodriguez,mia.rodriguez2754@example-domain.com,Dallas,Texas,75201,2023-03-09,Consumer,Mia Rodriguez,At Risk,233,8.0,118.0,6.0,1809.54,2442.88
CUST_02755,Lucas,Brown,lucas.brown2755@example-domain.com,Miami,Florida,33101,2023-08-20,Small Business,Lucas Brown,Loyal Customers,533,11.0,18.0,6.0,2119.05,2860.72
CUST_02756,Jackson,Gonzalez,jackson.gonzalez2756@example-domain.com,Boston,Massachusetts,02108,2024-02-07,Consumer,Jackson Gonzalez,Champions,455,14.0,32.0,9.0,3846.75,5193.11
CUST_02757,Morgan,Davis,morgan.davis2757@example-domain.com,Miami,Florida,33101,2024-05-22,Consumer,Morgan Davis,Customers Needing Attention,211,4.0,190.0,2.0,713.86,963.71
CUST_02758,Pat,Garcia,pat.garcia2758@example-domain.com,Austin,Texas,78701,2023-12-22,Corporate,Pat Garcia,Champions,554,14.0,15.0,10.0,2602.86,3513.86
CUST_02759,Dakota,Martin,dakota.martin2759@example-domain.com,Orlando,Florida,32801,2023-01-04,Corporate,Dakota Martin,Champions,453,12.0,39.0,8.0,1960.1,2646.14
CUST_02760,Morgan,Garcia,morgan.garcia2760@example-domain.com,Raleigh,North Carolina,27601,2024-12-18,Consumer,Morgan Garcia,Champions,444,12.0,31.0,7.0,2379.13,3211.83
CUST_02761,Jackson,Thomas,jackson.thomas2761@example-domain.com,Orlando,Florida,32801,2024-12-05,Consumer,Jackson Thomas,Potential Loyalists,425,11.0,33.0,5.0,3124.64,4218.26
CUST_02762,Riley,Garcia,riley.garcia2762@example-domain.com,Chicago,Illinois,60601,2024-11-28,Consumer,Riley Garcia,Lost Customers,112,4.0,397.0,3.0,1254.22,1693.2
CUST_02763,Taylor,Garcia,taylor.garcia2763@example-domain.com,Houston,Texas,77001,2023-12-07,Consumer,Taylor Garcia,Hibernating,124,7.0,312.0,5.0,2529.52,3414.85
CUST_02764,Noah,Jones,noah.jones2764@example-domain.com,Los Angeles,California,90001,2024-11-13,Consumer,Noah Jones,Champions,454,13.0,34.0,10.0,2866.74,3870.1
CUST_02765,Emma,Wilson,emma.wilson2765@example-domain.com,Chicago,Illinois,60601,2023-01-22,Consumer,Emma Wilson,Loyal Customers,435,12.0,31.0,6.0,3608.95,4872.08
CUST_02766,Chris,Rodriguez,chris.rodriguez2766@example-domain.com,San Diego,California,92101,2023-06-24,Small Business,Chris Rodriguez,At Risk,255,12.0,130.0,8.0,3682.14,4970.89
CUST_02767,Alex,Martin,alex.martin2767@example-domain.com,Seattle,Washington,98101,2024-04-30,Consumer,Alex Martin,Loyal Customers,355,13.0,61.0,9.0,5006.86,6759.26
CUST_02768,Mia,Smith,mia.smith2768@example-domain.com,Philadelphia,Pennsylvania,19102,2023-09-11,Consumer,Mia Smith,Champions,545,14.0,9.0,7.0,3861.7799999999997,5213.4
CUST_02769,Emma,Brown,emma.brown2769@example-domain.com,San Francisco,California,94102,2023-01-18,Consumer,Emma Brown,Loyal Customers,355,13.0,79.0,8.0,4531.84,6117.98
CUST_02770,Mia,Martinez,mia.martinez2770@example-domain.com,Dallas,Texas,75201,2024-06-21,Consumer,Mia Martinez,Loyal Customers,535,13.0,13.0,6.0,3398.5,4587.98
CUST_02771,Ava,Garcia,ava.garcia2771@example-domain.com,Buffalo,New York,14201,2023-04-07,Consumer,Ava Garcia,Lost Customers,111,3.0,231.0,3.0,728.51,983.49
CUST_02772,Morgan,Martinez,morgan.martinez2772@example-domain.com,Chicago,Illinois,60601,2024-04-08,Consumer,Morgan Martinez,Lost Customers,113,5.0,589.0,3.0,1915.48,2585.9
CUST_02773,Emma,Lopez,emma.lopez2773@example-domain.com,Columbus,Ohio,43215,2023-09-21,Corporate,Emma Lopez,Customers Needing Attention,224,8.0,159.0,5.0,2369.48,3198.8
CUST_02774,Emma,Rodriguez,emma.rodriguez2774@example-domain.com,Seattle,Washington,98101,2024-04-14,Consumer,Emma Rodriguez,Champions,442,10.0,44.0,7.0,1382.1599999999999,1865.92
CUST_02775,Alex,Lopez,alex.lopez2775@example-domain.com,Orlando,Florida,32801,2024-12-28,Consumer,Alex Lopez,Champions,454,13.0,23.0,12.0,2446.57,3302.87
CUST_02776,Ethan,Taylor,ethan.taylor2776@example-domain.com,Philadelphia,Pennsylvania,19102,2023-04-26,Consumer,Ethan Taylor,Champions,453,12.0,30.0,8.0,1908.34,2576.26
CUST_02777,Cameron,Taylor,cameron.taylor2777@example-domain.com,Los Angeles,California,90001,2023-06-01,Consumer,Cameron Taylor,Lost Customers,111,3.0,746.0,2.0,125.13,168.93
CUST_02778,Olivia,Davis,olivia.davis2778@example-domain.com,Buffalo,New York,14201,2024-01-01,Consumer,Olivia Davis,Potential Loyalists,524,11.0,13.0,5.0,2728.5699999999997,3683.57
CUST_02779,Emma,Smith,emma.smith2779@example-domain.com,Dallas,Texas,75201,2024-08-14,Consumer,Emma Smith,Hibernating,122,5.0,355.0,4.0,1089.72,1471.12
CUST_02780,Olivia,Lopez,olivia.lopez2780@example-domain.com,Austin,Texas,78701,2023-04-02,Consumer,Olivia Lopez,Loyal Customers,355,13.0,70.0,8.0,3118.65,4210.18
CUST_02781,Pat,Gonzalez,pat.gonzalez2781@example-domain.com,New York City,New York,10001,2023-10-08,Consumer,Pat Gonzalez,Loyal Customers,534,12.0,18.0,6.0,2352.54,3175.93
CUST_02782,Lucas,Anderson,lucas.anderson2782@example-domain.com,Raleigh,North Carolina,27601,2023-06-29,Corporate,Lucas Anderson,At Risk,251,8.0,102.0,8.0,977.6999999999999,1319.9
CUST_02783,Cameron,Lopez,cameron.lopez2783@example-domain.com,Chicago,Illinois,60601,2024-02-05,Small Business,Cameron Lopez,Hibernating,125,8.0,289.0,5.0,3097.3199999999997,4181.38
CUST_02784,Mia,Wilson,mia.wilson2784@example-domain.com,Miami,Florida,33101,2023-11-13,Corporate,Mia Wilson,Champions,555,15.0,1.0,14.0,3355.19,4529.51
CUST_02785,Pat,Johnson,pat.johnson2785@example-domain.com,Raleigh,North Carolina,27601,2024-12-19,Corporate,Pat Johnson,Hibernating,135,9.0,376.0,6.0,3324.58,4488.18
CUST_02786,Ethan,Martin,ethan.martin2786@example-domain.com,New York City,New York,10001,2024-03-19,Consumer,Ethan Martin,Hibernating,122,5.0,485.0,4.0,1240.63,1674.85
CUST_02787,Noah,Jackson,noah.jackson2787@example-domain.com,Seattle,Washington,98101,2023-10-23,Small Business,Noah Jackson,Loyal Customers,533,11.0,11.0,6.0,1983.6999999999998,2678.0
CUST_02788,Morgan,Smith,morgan.smith2788@example-domain.com,Philadelphia,Pennsylvania,19102,2024-12-02,Consumer,Morgan Smith,Champions,452,11.0,22.0,10.0,1246.85,1683.25
CUST_02789,Sam,Anderson,sam.anderson2789@example-domain.com,Buffalo,New York,14201,2024-06-19,Small Business,Sam Anderson,Champions,555,15.0,16.0,8.0,3101.11,4186.5
CUST_02790,Dakota,Martin,dakota.martin2790@example-domain.com,Columbus,Ohio,43215,2024-11-11,Small Business,Dakota Martin,Can't Lose Them,143,8.0,414.0,7.0,1723.28,2326.43
CUST_02791,Chris,Martinez,chris.martinez2791@example-domain.com,Philadelphia,Pennsylvania,19102,2023-10-23,Corporate,Chris Martinez,Customers Needing Attention,222,6.0,138.0,5.0,1400.6100000000001,1890.82
CUST_02792,Taylor,Martinez,taylor.martinez2792@example-domain.com,Los Angeles,California,90001,2024-04-09,Small Business,Taylor Martinez,Potential Loyalists,422,8.0,44.0,4.0,1062.71,1434.66
CUST_02793,Jordan,Miller,jordan.miller2793@example-domain.com,Orlando,Florida,32801,2024-08-30,Consumer,Jordan Miller,Customers Needing Attention,222,6.0,200.0,5.0,1193.84,1611.68
CUST_02794,Morgan,Johnson,morgan.johnson2794@example-domain.com,Philadelphia,Pennsylvania,19102,2023-11-10,Consumer,Morgan Johnson,Lost Customers,112,4.0,432.0,3.0,1184.17,1598.63
CUST_02795,Alex,Wilson,alex.wilson2795@example-domain.com,Seattle,Washington,98101,2024-11-07,Consumer,Alex Wilson,Loyal Customers,353,11.0,80.0,8.0,1743.02,2353.08
CUST_02796,Alex,Johnson,alex.johnson2796@example-domain.com,Miami,Florida,33101,2023-05-22,Consumer,Alex Johnson,Potential Loyalists,421,7.0,23.0,4.0,754.9399999999999,1019.17
CUST_02797,Sophia,Martinez,sophia.martinez2797@example-domain.com,Raleigh,North Carolina,27601,2024-11-12,Consumer,Sophia Martinez,Customers Needing Attention,212,5.0,156.0,3.0,1164.24,1571.72
CUST_02798,Lucas,Jones,lucas.jones2798@example-domain.com,San Diego,California,92101,2024-12-31,Consumer,Lucas Jones,Potential Loyalists,412,7.0,29.0,1.0,1097.3,1481.36
CUST_02799,Cameron,Jones,cameron.jones2799@example-domain.com,Austin,Texas,78701,2024-03-18,Small Business,Cameron Jones,Loyal Customers,344,11.0,45.0,7.0,2318.5299999999997,3130.02
CUST_02800,Mia,Williams,mia.williams2800@example-domain.com,Orlando,Florida,32801,2023-08-13,Consumer,Mia Williams,Can't Lose Them,143,8.0,217.0,7.0,1663.8899999999999,2246.25
CUST_02801,Jordan,Thomas,jordan.thomas2801@example-domain.com,Seattle,Washington,98101,2023-09-12,Corporate,Jordan Thomas,Customers Needing Attention,223,7.0,207.0,4.0,1912.8700000000001,2582.37
CUST_02802,Liam,Wilson,liam.wilson2802@example-domain.com,Boston,Massachusetts,02108,2023-04-11,Small Business,Liam Wilson,Champions,545,14.0,4.0,7.0,3140.24,4239.32
CUST_02803,Cameron,Martinez,cameron.martinez2803@example-domain.com,Orlando,Florida,32801,2023-06-27,Small Business,Cameron Martinez,At Risk,234,9.0,199.0,6.0,2323.71,3137.01
CUST_02804,Mia,Wilson,mia.wilson2804@example-domain.com,Chicago,Illinois,60601,2024-08-15,Small Business,Mia Wilson,Potential Loyalists,513,9.0,14.0,3.0,1916.6100000000001,2587.42
CUST_02805,Sam,Miller,sam.miller2805@example-domain.com,Miami,Florida,33101,2023-05-19,Consumer,Sam Miller,Champions,555,15.0,16.0,12.0,6689.31,9030.57
CUST_02806,Olivia,Moore,olivia.moore2806@example-domain.com,Austin,Texas,78701,2023-11-05,Small Business,Olivia Moore,Loyal Customers,334,10.0,72.0,6.0,3079.8,4157.73
CUST_02807,Dakota,Williams,dakota.williams2807@example-domain.com,Orlando,Florida,32801,2024-08-03,Corporate,Dakota Williams,At Risk,255,12.0,195.0,8.0,3648.77,4925.84
CUST_02808,Noah,Moore,noah.moore2808@example-domain.com,Houston,Texas,77001,2024-01-20,Consumer,Noah Moore,Champions,452,11.0,21.0,8.0,1587.71,2143.41
CUST_02809,Olivia,Brown,olivia.brown2809@example-domain.com,Buffalo,New York,14201,2024-06-23,Consumer,Olivia Brown,Champions,545,14.0,5.0,7.0,3727.44,5032.04
CUST_02810,Noah,Hernandez,noah.hernandez2810@example-domain.com,Raleigh,North Carolina,27601,2024-12-02,Corporate,Noah Hernandez,Hibernating,121,4.0,310.0,4.0,1024.1200000000001,1382.56
CUST_02811,Sophia,Anderson,sophia.anderson2811@example-domain.com,Seattle,Washington,98101,2024-03-13,Consumer,Sophia Anderson,Potential Loyalists,423,9.0,36.0,5.0,1623.95,2192.33
CUST_02812,Noah,Wilson,noah.wilson2812@example-domain.com,Atlanta,Georgia,30301,2024-04-17,Consumer,Noah Wilson,Hibernating,132,6.0,326.0,6.0,1092.07,1474.29
CUST_02813,Alex,Moore,alex.moore2813@example-domain.com,Los Angeles,California,90001,2024-03-07,Consumer,Alex Moore,Loyal Customers,344,11.0,51.0,7.0,2832.38,3823.71
CUST_02814,Taylor,Jones,taylor.jones2814@example-domain.com,Orlando,Florida,32801,2023-09-06,Consumer,Taylor Jones,Loyal Customers,333,9.0,80.0,6.0,1872.3200000000002,2527.63
CUST_02815,Mia,Taylor,mia.taylor2815@example-domain.com,Seattle,Washington,98101,2023-05-11,Consumer,Mia Taylor,Potential Loyalists,511,7.0,13.0,2.0,647.76,874.48
CUST_02816,Jackson,Moore,jackson.moore2816@example-domain.com,Orlando,Florida,32801,2023-02-24,Corporate,Jackson Moore,Loyal Customers,332,8.0,56.0,6.0,1080.09,1458.12
CUST_02817,Liam,Jones,liam.jones2817@example-domain.com,Boston,Massachusetts,02108,2024-11-17,Consumer,Liam Jones,Potential Loyalists,422,8.0,29.0,5.0,1136.33,1534.05
CUST_02818,Alex,Anderson,alex.anderson2818@example-domain.com,Raleigh,North Carolina,27601,2024-04-16,Consumer,Alex Anderson,Champions,444,12.0,33.0,7.0,2304.29,3110.79
CUST_02819,Jordan,Williams,jordan.williams2819@example-domain.com,San Francisco,California,94102,2023-10-04,Consumer,Jordan Williams,Potential Loyalists,411,6.0,39.0,3.0,674.33,910.35
CUST_02820,Morgan,Hernandez,morgan.hernandez2820@example-domain.com,New York City,New York,10001,2023-10-25,Consumer,Morgan Hernandez,Champions,442,10.0,43.0,7.0,1054.01,1422.91
CUST_02821,Mia,Thomas,mia.thomas2821@example-domain.com,Chicago,Illinois,60601,2023-03-04,Small Business,Mia Thomas,Champions,555,15.0,1.0,10.0,4887.13,6597.63
CUST_02822,Morgan,Jackson,morgan.jackson2822@example-domain.com,Raleigh,North Carolina,27601,2023-02-24,Consumer,Morgan Jackson,Customers Needing Attention,211,4.0,179.0,2.0,249.4,336.69
CUST_02823,Pat,Taylor,pat.taylor2823@example-domain.com,Buffalo,New York,14201,2024-07-29,Consumer,Pat Taylor,Champions,543,12.0,7.0,7.0,1889.81,2551.24
CUST_02824,Emma,Jones,emma.jones2824@example-domain.com,Dallas,Texas,75201,2024-11-22,Consumer,Emma Jones,Loyal Customers,332,8.0,53.0,6.0,1212.23,1636.51
CUST_02825,Sam,Martinez,sam.martinez2825@example-domain.com,Orlando,Florida,32801,2023-01-07,Consumer,Sam Martinez,At Risk,255,12.0,211.0,10.0,4128.2699999999995,5573.16
CUST_02826,Emma,Martin,emma.martin2826@example-domain.com,Austin,Texas,78701,2023-04-28,Corporate,Emma Martin,Champions,454,13.0,38.0,8.0,2444.7799999999997,3300.45
CUST_02827,Taylor,Smith,taylor.smith2827@example-domain.com,Buffalo,New York,14201,2024-09-10,Corporate,Taylor Smith,Champions,553,13.0,2.0,8.0,2120.4,2862.54
CUST_02828,Morgan,Taylor,morgan.taylor2828@example-domain.com,New York City,New York,10001,2023-09-11,Consumer,Morgan Taylor,Hibernating,121,4.0,365.0,5.0,577.04,779.0
CUST_02829,Pat,Brown,pat.brown2829@example-domain.com,Philadelphia,Pennsylvania,19102,2023-01-26,Consumer,Pat Brown,Promising,311,5.0,68.0,3.0,319.75,431.66
CUST_02830,Ava,Anderson,ava.anderson2830@example-domain.com,Boston,Massachusetts,02108,2023-02-26,Consumer,Ava Anderson,Customers Needing Attention,225,9.0,181.0,5.0,3674.83,4961.02
CUST_02831,Morgan,Martinez,morgan.martinez2831@example-domain.com,Boston,Massachusetts,02108,2024-05-10,Consumer,Morgan Martinez,At Risk,254,11.0,140.0,11.0,2744.45,3705.01
CUST_02832,Chris,Davis,chris.davis2832@example-domain.com,Columbus,Ohio,43215,2023-09-24,Consumer,Chris Davis,At Risk,243,9.0,127.0,7.0,2063.94,2786.32
CUST_02833,Jackson,Anderson,jackson.anderson2833@example-domain.com,New York City,New York,10001,2024-03-18,Consumer,Jackson Anderson,Potential Loyalists,523,10.0,15.0,4.0,2090.9500000000003,2822.78
CUST_02834,Sam,Smith,sam.smith2834@example-domain.com,Houston,Texas,77001,2023-05-26,Consumer,Sam Smith,Potential Loyalists,411,6.0,30.0,1.0,390.98,527.82
CUST_02835,Riley,Garcia,riley.garcia2835@example-domain.com,Raleigh,North Carolina,27601,2024-12-17,Consumer,Riley Garcia,Potential Loyalists,421,7.0,44.0,5.0,865.78,1168.8
CUST_02836,Lucas,Miller,lucas.miller2836@example-domain.com,Philadelphia,Pennsylvania,19102,2024-05-06,Small Business,Lucas Miller,Loyal Customers,435,12.0,30.0,6.0,3095.92,4179.49
CUST_02837,Dakota,Martinez,dakota.martinez2837@example-domain.com,New York City,New York,10001,2024-08-25,Small Business,Dakota Martinez,Loyal Customers,434,11.0,38.0,6.0,2485.92,3355.99
CUST_02838,Emma,Lopez,emma.lopez2838@example-domain.com,Miami,Florida,33101,2024-02-05,Consumer,Emma Lopez,Customers Needing Attention,211,4.0,210.0,2.0,364.53,492.12
CUST_02839,Liam,Brown,liam.brown2839@example-domain.com,Denver,Colorado,80202,2024-03-02,Corporate,Liam Brown,Loyal Customers,435,12.0,22.0,6.0,3451.34,4659.31
CUST_02840,Olivia,Jones,olivia.jones2840@example-domain.com,Los Angeles,California,90001,2023-10-18,Consumer,Olivia Jones,Loyal Customers,354,12.0,47.0,10.0,2833.6099999999997,3825.37
CUST_02841,Noah,Brown,noah.brown2841@example-domain.com,Boston,Massachusetts,02108,2023-01-12,Consumer,Noah Brown,Hibernating,121,4.0,244.0,4.0,748.16,1010.02
CUST_02842,Mia,Martinez,mia.martinez2842@example-domain.com,San Francisco,California,94102,2024-10-22,Corporate,Mia Martinez,At Risk,231,6.0,118.0,6.0,818.18,1104.54
CUST_02843,Jackson,Anderson,jackson.anderson2843@example-domain.com,San Francisco,California,94102,2023-12-30,Small Business,Jackson Anderson,Customers Needing Attention,222,6.0,182.0,5.0,1382.74,1866.7
CUST_02844,Sam,Anderson,sam.anderson2844@example-domain.com,Denver,Colorado,80202,2023-10-11,Small Business,Sam Anderson,Loyal Customers,333,9.0,45.0,6.0,1814.43,2449.48
CUST_02845,Alex,Garcia,alex.garcia2845@example-domain.com,Seattle,Washington,98101,2024-05-27,Consumer,Alex Garcia,Hibernating,134,8.0,259.0,6.0,2751.55,3714.59
CUST_02846,Ava,Miller,ava.miller2846@example-domain.com,Seattle,Washington,98101,2024-12-24,Consumer,Ava Miller,Champions,543,12.0,10.0,7.0,1703.0700000000002,2299.14
CUST_02847,Ava,Gonzalez,ava.gonzalez2847@example-domain.com,Raleigh,North Carolina,27601,2023-03-06,Corporate,Ava Gonzalez,Champions,553,13.0,3.0,8.0,1686.25,2276.44
CUST_02848,Chris,Jones,chris.jones2848@example-domain.com,Seattle,Washington,98101,2024-11-02,Consumer,Chris Jones,At Risk,233,8.0,171.0,6.0,1764.08,2381.51
CUST_02849,Mia,Hernandez,mia.hernandez2849@example-domain.com,Denver,Colorado,80202,2023-05-24,Consumer,Mia Hernandez,Loyal Customers,355,13.0,55.0,10.0,5067.12,6840.61
CUST_02850,Cameron,Martinez,cameron.martinez2850@example-domain.com,Boston,Massachusetts,02108,2023-03-11,Consumer,Cameron Martinez,Lost Customers,111,3.0,487.0,1.0,35.51,47.94
CUST_02851,Emma,Gonzalez,emma.gonzalez2851@example-domain.com,Philadelphia,Pennsylvania,19102,2024-09-12,Consumer,Emma Gonzalez,,,,,,,
CUST_02852,Chris,Jackson,chris.jackson2852@example-domain.com,Raleigh,North Carolina,27601,2024-11-05,Consumer,Chris Jackson,Promising,321,6.0,61.0,4.0,776.22,1047.9
CUST_02853,Ava,Rodriguez,ava.rodriguez2853@example-domain.com,Buffalo,New York,14201,2024-12-15,Consumer,Ava Rodriguez,Loyal Customers,355,13.0,45.0,11.0,4889.01,6600.16
CUST_02854,Ethan,Jackson,ethan.jackson2854@example-domain.com,Seattle,Washington,98101,2024-08-21,Small Business,Ethan Jackson,Hibernating,121,4.0,496.0,4.0,750.29,1012.89
CUST_02855,Jackson,Gonzalez,jackson.gonzalez2855@example-domain.com,San Diego,California,92101,2023-02-16,Consumer,Jackson Gonzalez,Lost Customers,111,3.0,732.0,3.0,216.79,292.67
CUST_02856,Alex,Garcia,alex.garcia2856@example-domain.com,Dallas,Texas,75201,2023-04-09,Consumer,Alex Garcia,Champions,454,13.0,28.0,8.0,2708.83,3656.92
CUST_02857,Morgan,Thomas,morgan.thomas2857@example-domain.com,Philadelphia,Pennsylvania,19102,2023-11-28,Consumer,Morgan Thomas,Hibernating,124,7.0,276.0,5.0,2541.79,3431.42
CUST_02858,Riley,Davis,riley.davis2858@example-domain.com,New York City,New York,10001,2023-06-28,Consumer,Riley Davis,At Risk,245,11.0,101.0,7.0,3809.75,5143.16
CUST_02859,Liam,Wilson,liam.wilson2859@example-domain.com,San Diego,California,92101,2023-03-05,Consumer,Liam Wilson,At Risk,233,8.0,114.0,6.0,1871.0500000000002,2525.92
CUST_02860,Jackson,Rodriguez,jackson.rodriguez2860@example-domain.com,New York City,New York,10001,2023-02-08,Consumer,Jackson Rodriguez,Champions,454,13.0,44.0,9.0,3004.76,4056.43
CUST_02861,Taylor,Anderson,taylor.anderson2861@example-domain.com,Seattle,Washington,98101,2024-09-13,Corporate,Taylor Anderson,Loyal Customers,334,10.0,51.0,6.0,2347.49,3169.11
CUST_02862,Alex,Garcia,alex.garcia2862@example-domain.com,Chicago,Illinois,60601,2023-04-21,Consumer,Alex Garcia,Champions,554,14.0,12.0,8.0,2557.22,3452.25
CUST_02863,Noah,Gonzalez,noah.gonzalez2863@example-domain.com,Buffalo,New York,14201,2024-10-14,Small Business,Noah Gonzalez,Can't Lose Them,144,9.0,388.0,7.0,2982.08,4025.81
CUST_02864,Mia,Moore,mia.moore2864@example-domain.com,Austin,Texas,78701,2023-07-20,Consumer,Mia Moore,Lost Customers,111,3.0,322.0,3.0,253.42000000000002,342.12
CUST_02865,Cameron,Thomas,cameron.thomas2865@example-domain.com,Denver,Colorado,80202,2024-11-26,Consumer,Cameron Thomas,Loyal Customers,342,9.0,59.0,7.0,1097.98,1482.27
CUST_02866,Dakota,Davis,dakota.davis2866@example-domain.com,Austin,Texas,78701,2023-06-15,Consumer,Dakota Davis,Potential Loyalists,524,11.0,11.0,4.0,2501.9,3377.57
CUST_02867,Olivia,Taylor,olivia.taylor2867@example-domain.com,Austin,Texas,78701,2023-03-30,Consumer,Olivia Taylor,At Risk,253,10.0,154.0,11.0,2041.69,2756.28
CUST_02868,Mia,Smith,mia.smith2868@example-domain.com,New York City,New York,10001,2023-07-28,Corporate,Mia Smith,Hibernating,124,7.0,219.0,4.0,2371.05,3200.92
CUST_02869,Jordan,Jones,jordan.jones2869@example-domain.com,Los Angeles,California,90001,2024-01-04,Consumer,Jordan Jones,Potential Loyalists,522,9.0,4.0,5.0,1181.35,1594.82
CUST_02870,Olivia,Jackson,olivia.jackson2870@example-domain.com,Columbus,Ohio,43215,2023-03-15,Consumer,Olivia Jackson,At Risk,243,9.0,168.0,7.0,1742.5900000000001,2352.5
CUST_02871,Ethan,Garcia,ethan.garcia2871@example-domain.com,Raleigh,North Carolina,27601,2024-05-23,Corporate,Ethan Garcia,Hibernating,125,8.0,551.0,5.0,3508.83,4736.92
CUST_02872,Pat,Miller,pat.miller2872@example-domain.com,Philadelphia,Pennsylvania,19102,2024-05-27,Small Business,Pat Miller,Loyal Customers,435,12.0,37.0,6.0,4105.1900000000005,5542.01
CUST_02873,Sophia,Lopez,sophia.lopez2873@example-domain.com,Columbus,Ohio,43215,2023-05-22,Corporate,Sophia Lopez,Hibernating,121,4.0,570.0,4.0,814.5,1099.58
CUST_02874,Taylor,Anderson,taylor.anderson2874@example-domain.com,Atlanta,Georgia,30301,2024-10-02,Consumer,Taylor Anderson,Hibernating,123,6.0,289.0,4.0,1730.65,2336.38
CUST_02875,Liam,Williams,liam.williams2875@example-domain.com,San Diego,California,92101,2023-05-11,Corporate,Liam Williams,Hibernating,122,5.0,241.0,5.0,1252.5,1690.88
CUST_02876,Ava,Martinez,ava.martinez2876@example-domain.com,New York City,New York,10001,2023-05-01,Consumer,Ava Martinez,Lost Customers,111,3.0,371.0,3.0,486.72,657.07
CUST_02877,Emma,Davis,emma.davis2877@example-domain.com,San Francisco,California,94102,2024-09-07,Consumer,Emma Davis,At Risk,253,10.0,118.0,10.0,1746.64,2357.96
CUST_02878,Lucas,Hernandez,lucas.hernandez2878@example-domain.com,Los Angeles,California,90001,2023-08-18,Consumer,Lucas Hernandez,Hibernating,122,5.0,240.0,4.0,1294.26,1747.25
CUST_02879,Dakota,Rodriguez,dakota.rodriguez2879@example-domain.com,Boston,Massachusetts,02108,2024-12-21,Consumer,Dakota Rodriguez,Hibernating,135,9.0,276.0,6.0,3415.13,4610.43
CUST_02880,Sophia,Williams,sophia.williams2880@example-domain.com,Houston,Texas,77001,2023-10-22,Consumer,Sophia Williams,At Risk,233,8.0,204.0,6.0,1734.8999999999999,2342.11
CUST_02881,Taylor,Moore,taylor.moore2881@example-domain.com,Dallas,Texas,75201,2024-06-14,Consumer,Taylor Moore,Champions,544,13.0,9.0,7.0,2974.48,4015.55
CUST_02882,Jackson,Taylor,jackson.taylor2882@example-domain.com,Orlando,Florida,32801,2024-02-13,Corporate,Jackson Taylor,Potential Loyalists,411,6.0,28.0,3.0,384.07,518.49
CUST_02883,Jackson,Johnson,jackson.johnson2883@example-domain.com,Columbus,Ohio,43215,2024-12-15,Consumer,Jackson Johnson,Lost Customers,111,3.0,381.0,1.0,338.2,456.57
CUST_02884,Morgan,Jackson,morgan.jackson2884@example-domain.com,Philadelphia,Pennsylvania,19102,2023-09-27,Consumer,Morgan Jackson,Potential Loyalists,421,7.0,40.0,5.0,320.28,432.38
CUST_02885,Alex,Johnson,alex.johnson2885@example-domain.com,Chicago,Illinois,60601,2024-03-07,Consumer,Alex Johnson,Champions,443,11.0,42.0,7.0,2122.9,2865.92
CUST_02886,Cameron,Miller,cameron.miller2886@example-domain.com,Chicago,Illinois,60601,2023-03-02,Small Business,Cameron Miller,Promising,321,6.0,58.0,5.0,989.77,1336.19
CUST_02887,Sam,Miller,sam.miller2887@example-domain.com,Columbus,Ohio,43215,2023-12-04,Consumer,Sam Miller,Champions,453,12.0,31.0,8.0,1977.44,2669.54
CUST_02888,Jordan,Davis,jordan.davis2888@example-domain.com,Philadelphia,Pennsylvania,19102,2023-03-16,Consumer,Jordan Davis,Loyal Customers,434,11.0,23.0,6.0,2762.72,3729.67
CUST_02889,Mia,Martin,mia.martin2889@example-domain.com,San Francisco,California,94102,2023-12-21,Corporate,Mia Martin,Potential Loyalists,524,11.0,2.0,5.0,2890.7200000000003,3902.47
CUST_02890,Taylor,Wilson,taylor.wilson2890@example-domain.com,San Diego,California,92101,2024-07-18,Corporate,Taylor Wilson,Potential Loyalists,511,7.0,15.0,3.0,1023.31,1381.47
CUST_02891,Emma,Jones,emma.jones2891@example-domain.com,Miami,Florida,33101,2023-02-12,Consumer,Emma Jones,Potential Loyalists,413,8.0,30.0,3.0,1808.9099999999999,2442.03
CUST_02892,Morgan,Johnson,morgan.johnson2892@example-domain.com,Philadelphia,Pennsylvania,19102,2024-06-03,Consumer,Morgan Johnson,Potential Loyalists,522,9.0,20.0,5.0,1301.67,1757.25
CUST_02893,Riley,Lopez,riley.lopez2893@example-domain.com,Atlanta,Georgia,30301,2024-05-04,Corporate,Riley Lopez,Loyal Customers,431,8.0,40.0,6.0,994.97,1343.21
CUST_02894,Dakota,Davis,dakota.davis2894@example-domain.com,Los Angeles,California,90001,2023-02-26,Consumer,Dakota Davis,Potential Loyalists,421,7.0,44.0,4.0,503.73,680.04
CUST_02895,Alex,Miller,alex.miller2895@example-domain.com,Columbus,Ohio,43215,2024-09-14,Consumer,Alex Miller,Can't Lose Them,142,7.0,255.0,7.0,1252.06,1690.28
CUST_02896,Liam,Smith,liam.smith2896@example-domain.com,Columbus,Ohio,43215,2024-05-08,Corporate,Liam Smith,Hibernating,123,6.0,397.0,5.0,2177.06,2939.03
CUST_02897,Jordan,Gonzalez,jordan.gonzalez2897@example-domain.com,Boston,Massachusetts,02108,2024-12-13,Consumer,Jordan Gonzalez,Customers Needing Attention,212,5.0,135.0,2.0,1558.24,2103.62
CUST_02898,Sam,Wilson,sam.wilson2898@example-domain.com,Atlanta,Georgia,30301,2024-07-16,Consumer,Sam Wilson,Potential Loyalists,524,11.0,5.0,5.0,2381.13,3214.53
CUST_02899,Sam,Brown,sam.brown2899@example-domain.com,Denver,Colorado,80202,2023-05-01,Consumer,Sam Brown,At Risk,254,11.0,117.0,8.0,2763.04,3730.1
CUST_02900,Jackson,Lopez,jackson.lopez2900@example-domain.com,Seattle,Washington,98101,2023-07-18,Consumer,Jackson Lopez,Loyal Customers,531,9.0,13.0,6.0,776.2,1047.87
CUST_02901,Ethan,Wilson,ethan.wilson2901@example-domain.com,San Francisco,California,94102,2023-09-01,Consumer,Ethan Wilson,Customers Needing Attention,222,6.0,115.0,5.0,1377.45,1859.56
CUST_02902,Riley,Williams,riley.williams2902@example-domain.com,Los Angeles,California,90001,2023-08-21,Corporate,Riley Williams,Can't Lose Them,154,10.0,385.0,8.0,2668.59,3602.6
CUST_02903,Olivia,Moore,olivia.moore2903@example-domain.com,San Francisco,California,94102,2023-01-16,Consumer,Olivia Moore,Potential Loyalists,423,9.0,30.0,5.0,1946.15,2627.3
CUST_02904,Riley,Johnson,riley.johnson2904@example-domain.com,San Diego,California,92101,2023-02-28,Consumer,Riley Johnson,Hibernating,133,7.0,281.0,6.0,1692.5300000000002,2284.92
CUST_02905,Sam,Anderson,sam.anderson2905@example-domain.com,Houston,Texas,77001,2023-10-17,Consumer,Sam Anderson,Champions,544,13.0,4.0,7.0,2869.5099999999998,3873.84
CUST_02906,Jordan,Hernandez,jordan.hernandez2906@example-domain.com,Seattle,Washington,98101,2024-09-08,Consumer,Jordan Hernandez,Promising,324,9.0,72.0,4.0,2351.06,3173.93
CUST_02907,Riley,Martinez,riley.martinez2907@example-domain.com,Buffalo,New York,14201,2024-09-12,Small Business,Riley Martinez,Champions,453,12.0,36.0,9.0,2091.4900000000002,2823.51
CUST_02908,Liam,Thomas,liam.thomas2908@example-domain.com,New York City,New York,10001,2024-11-03,Consumer,Liam Thomas,Lost Customers,111,3.0,422.0,3.0,441.37,595.85
CUST_02909,Taylor,Williams,taylor.williams2909@example-domain.com,Miami,Florida,33101,2024-07-10,Consumer,Taylor Williams,Loyal Customers,534,12.0,2.0,6.0,2316.05,3126.67
CUST_02910,Pat,Thomas,pat.thomas2910@example-domain.com,Seattle,Washington,98101,2023-08-14,Consumer,Pat Thomas,Champions,542,11.0,20.0,7.0,1578.96,2131.6
CUST_02911,Noah,Martinez,noah.martinez2911@example-domain.com,Seattle,Washington,98101,2024-07-18,Consumer,Noah Martinez,Can't Lose Them,155,11.0,239.0,9.0,4714.39,6364.43
CUST_02912,Dakota,Davis,dakota.davis2912@example-domain.com,Raleigh,North Carolina,27601,2023-10-01,Consumer,Dakota Davis,Loyal Customers,434,11.0,21.0,6.0,2646.52,3572.8
CUST_02913,Ethan,Moore,ethan.moore2913@example-domain.com,Raleigh,North Carolina,27601,2023-04-17,Corporate,Ethan Moore,Promising,321,6.0,59.0,5.0,870.6700000000001,1175.4
CUST_02914,Jordan,Lopez,jordan.lopez2914@example-domain.com,Atlanta,Georgia,30301,2024-12-23,Small Business,Jordan Lopez,Customers Needing Attention,222,6.0,172.0,5.0,1603.45,2164.66
CUST_02915,Jackson,Thomas,jackson.thomas2915@example-domain.com,Miami,Florida,33101,2023-03-22,Consumer,Jackson Thomas,Loyal Customers,343,10.0,75.0,7.0,1877.19,2534.21
CUST_02916,Pat,Jones,pat.jones2916@example-domain.com,Raleigh,North Carolina,27601,2023-08-25,Consumer,Pat Jones,At Risk,254,11.0,196.0,8.0,2626.81,3546.19
CUST_02917,Dakota,Moore,dakota.moore2917@example-domain.com,Austin,Texas,78701,2023-05-06,Corporate,Dakota Moore,Lost Customers,113,5.0,268.0,3.0,1612.28,2176.58
CUST_02918,Sophia,Jones,sophia.jones2918@example-domain.com,San Francisco,California,94102,2023-08-29,Corporate,Sophia Jones,Loyal Customers,533,11.0,7.0,6.0,2067.82,2791.56
CUST_02919,Noah,Anderson,noah.anderson2919@example-domain.com,New York City,New York,10001,2023-01-22,Consumer,Noah Anderson,At Risk,253,10.0,142.0,8.0,2148.91,2901.03
CUST_02920,Emma,Johnson,emma.johnson2920@example-domain.com,Miami,Florida,33101,2023-10-12,Consumer,Emma Johnson,Potential Loyalists,521,8.0,9.0,4.0,606.31,818.52
CUST_02921,Mia,Gonzalez,mia.gonzalez2921@example-domain.com,Orlando,Florida,32801,2023-03-28,Consumer,Mia Gonzalez,Promising,311,5.0,63.0,3.0,777.4100000000001,1049.5
CUST_02922,Jordan,Rodriguez,jordan.rodriguez2922@example-domain.com,Boston,Massachusetts,02108,2024-05-22,Corporate,Jordan Rodriguez,Loyal Customers,344,11.0,50.0,7.0,2273.61,3069.37
CUST_02923,Alex,Gonzalez,alex.gonzalez2923@example-domain.com,Boston,Massachusetts,02108,2024-03-30,Corporate,Alex Gonzalez,Lost Customers,111,3.0,248.0,2.0,501.69,677.28
CUST_02924,Jordan,Davis,jordan.davis2924@example-domain.com,Austin,Texas,78701,2024-01-24,Consumer,Jordan Davis,Promising,322,7.0,87.0,5.0,1087.7,1468.4
CUST_02925,Chris,Wilson,chris.wilson2925@example-domain.com,Columbus,Ohio,43215,2023-02-23,Consumer,Chris Wilson,Customers Needing Attention,221,5.0,197.0,4.0,989.87,1336.32
CUST_02926,Dakota,Johnson,dakota.johnson2926@example-domain.com,Columbus,Ohio,43215,2023-12-23,Small Business,Dakota Johnson,Potential Loyalists,511,7.0,17.0,3.0,468.66999999999996,632.7
CUST_02927,Alex,Martin,alex.martin2927@example-domain.com,Chicago,Illinois,60601,2023-09-26,Corporate,Alex Martin,At Risk,253,10.0,97.0,8.0,1616.48,2182.25
CUST_02928,Mia,Miller,mia.miller2928@example-domain.com,Los Angeles,California,90001,2023-12-16,Small Business,Mia Miller,Potential Loyalists,422,8.0,25.0,4.0,1153.71,1557.51
CUST_02929,Jackson,Wilson,jackson.wilson2929@example-domain.com,Atlanta,Georgia,30301,2023-02-28,Corporate,Jackson Wilson,Champions,544,13.0,16.0,7.0,2723.02,3676.08
CUST_02930,Morgan,Moore,morgan.moore2930@example-domain.com,Boston,Massachusetts,02108,2024-11-25,Consumer,Morgan Moore,At Risk,232,7.0,97.0,6.0,1334.61,1801.72
CUST_02931,Dakota,Moore,dakota.moore2931@example-domain.com,Denver,Colorado,80202,2024-03-10,Consumer,Dakota Moore,Champions,555,15.0,17.0,12.0,4800.7699999999995,6481.04
CUST_02932,Mia,Jackson,mia.jackson2932@example-domain.com,Raleigh,North Carolina,27601,2023-09-24,Consumer,Mia Jackson,At Risk,255,12.0,165.0,10.0,3288.41,4439.35
CUST_02933,Chris,Gonzalez,chris.gonzalez2933@example-domain.com,Denver,Colorado,80202,2023-09-01,Consumer,Chris Gonzalez,Customers Needing Attention,221,5.0,113.0,5.0,640.0,864.0
CUST_02934,Sam,Smith,sam.smith2934@example-domain.com,Miami,Florida,33101,2024-11-29,Consumer,Sam Smith,Hibernating,121,4.0,266.0,5.0,529.57,714.92
CUST_02935,Cameron,Williams,cameron.williams2935@example-domain.com,Dallas,Texas,75201,2024-07-09,Corporate,Cameron Williams,Promising,321,6.0,91.0,4.0,463.21000000000004,625.33
CUST_02936,Dakota,Hernandez,dakota.hernandez2936@example-domain.com,Boston,Massachusetts,02108,2023-02-09,Consumer,Dakota Hernandez,Hibernating,134,8.0,269.0,6.0,2323.12,3136.21
CUST_02937,Jackson,Rodriguez,jackson.rodriguez2937@example-domain.com,Seattle,Washington,98101,2023-10-03,Corporate,Jackson Rodriguez,Hibernating,125,8.0,356.0,5.0,3547.43,4789.03
CUST_02938,Cameron,Martin,cameron.martin2938@example-domain.com,Los Angeles,California,90001,2023-05-08,Consumer,Cameron Martin,Can't Lose Them,154,10.0,223.0,8.0,2330.54,3146.23
CUST_02939,Dakota,Jackson,dakota.jackson2939@example-domain.com,Chicago,Illinois,60601,2023-09-28,Small Business,Dakota Jackson,Potential Loyalists,425,11.0,29.0,5.0,3632.9100000000003,4904.43
CUST_02940,Chris,Anderson,chris.anderson2940@example-domain.com,Denver,Colorado,80202,2023-01-18,Consumer,Chris Anderson,Loyal Customers,334,10.0,47.0,6.0,2568.5699999999997,3467.57
CUST_02941,Noah,Smith,noah.smith2941@example-domain.com,Denver,Colorado,80202,2023-02-07,Consumer,Noah Smith,Hibernating,122,5.0,493.0,4.0,1321.39,1783.88
CUST_02942,Sophia,Thomas,sophia.thomas2942@example-domain.com,Columbus,Ohio,43215,2023-08-12,Consumer,Sophia Thomas,Potential Loyalists,411,6.0,39.0,2.0,339.21000000000004,457.93
CUST_02943,Olivia,Johnson,olivia.johnson2943@example-domain.com,San Diego,California,92101,2023-10-11,Consumer,Olivia Johnson,Loyal Customers,344,11.0,49.0,7.0,2524.15,3407.6
CUST_02944,Jackson,Moore,jackson.moore2944@example-domain.com,Chicago,Illinois,60601,2023-03-07,Corporate,Jackson Moore,At Risk,255,12.0,144.0,8.0,3249.17,4386.38
CUST_02945,Noah,Garcia,noah.garcia2945@example-domain.com,Miami,Florida,33101,2023-10-10,Corporate,Noah Garcia,Hibernating,122,5.0,760.0,4.0,1329.6699999999998,1795.05
CUST_02946,Cameron,Thomas,cameron.thomas2946@example-domain.com,Buffalo,New York,14201,2023-08-21,Consumer,Cameron Thomas,Promising,321,6.0,63.0,5.0,883.5799999999999,1192.83
CUST_02947,Chris,Jones,chris.jones2947@example-domain.com,San Francisco,California,94102,2023-08-27,Consumer,Chris Jones,Loyal Customers,432,9.0,44.0,6.0,1115.1100000000001,1505.4
CUST_02948,Morgan,Johnson,morgan.johnson2948@example-domain.com,Houston,Texas,77001,2024-12-01,Consumer,Morgan Johnson,Champions,455,14.0,30.0,9.0,3396.56,4585.36
CUST_02949,Ava,Anderson,ava.anderson2949@example-domain.com,Chicago,Illinois,60601,2023-02-12,Consumer,Ava Anderson,Potential Loyalists,424,10.0,41.0,5.0,2645.31,3571.17
CUST_02950,Lucas,Davis,lucas.davis2950@example-domain.com,San Francisco,California,94102,2023-09-23,Small Business,Lucas Davis,Lost Customers,112,4.0,386.0,2.0,1116.69,1507.53
CUST_02951,Cameron,Smith,cameron.smith2951@example-domain.com,Seattle,Washington,98101,2024-07-07,Corporate,Cameron Smith,Champions,455,14.0,33.0,9.0,3467.78,4681.5
CUST_02952,Jordan,Martin,jordan.martin2952@example-domain.com,Dallas,Texas,75201,2023-12-25,Consumer,Jordan Martin,Champions,453,12.0,31.0,9.0,2131.97,2878.16
CUST_02953,Morgan,Williams,morgan.williams2953@example-domain.com,Raleigh,North Carolina,27601,2024-03-30,Corporate,Morgan Williams,Potential Loyalists,411,6.0,27.0,3.0,411.09,554.97
CUST_02954,Morgan,Taylor,morgan.taylor2954@example-domain.com,San Diego,California,92101,2023-08-31,Consumer,Morgan Taylor,Potential Loyalists,522,9.0,14.0,4.0,1319.86,1781.81
CUST_02955,Pat,Hernandez,pat.hernandez2955@example-domain.com,Seattle,Washington,98101,2024-11-28,Small Business,Pat Hernandez,Hibernating,131,5.0,231.0,6.0,343.12,463.21
CUST_02956,Olivia,Williams,olivia.williams2956@example-domain.com,Atlanta,Georgia,30301,2023-10-17,Consumer,Olivia Williams,Loyal Customers,354,12.0,50.0,9.0,2908.99,3927.14
CUST_02957,Sam,Smith,sam.smith2957@example-domain.com,Chicago,Illinois,60601,2024-09-13,Corporate,Sam Smith,Loyal Customers,333,9.0,74.0,6.0,1658.47,2238.93
CUST_02958,Sophia,Hernandez,sophia.hernandez2958@example-domain.com,Atlanta,Georgia,30301,2024-10-29,Corporate,Sophia Hernandez,Loyal Customers,431,8.0,29.0,6.0,789.1800000000001,1065.39
CUST_02959,Sophia,Thomas,sophia.thomas2959@example-domain.com,Orlando,Florida,32801,2024-09-28,Consumer,Sophia Thomas,Can't Lose Them,153,9.0,223.0,9.0,1785.56,2410.51
CUST_02960,Alex,Garcia,alex.garcia2960@example-domain.com,Seattle,Washington,98101,2023-02-15,Corporate,Alex Garcia,Loyal Customers,353,11.0,70.0,9.0,2115.39,2855.78
CUST_02961,Dakota,Jones,dakota.jones2961@example-domain.com,Los Angeles,California,90001,2023-04-19,Consumer,Dakota Jones,Customers Needing Attention,223,7.0,99.0,5.0,2080.17,2808.23
CUST_02962,Jackson,Miller,jackson.miller2962@example-domain.com,Chicago,Illinois,60601,2024-06-07,Consumer,Jackson Miller,Lost Customers,111,3.0,571.0,2.0,177.47,239.58
CUST_02963,Ava,Jackson,ava.jackson2963@example-domain.com,Seattle,Washington,98101,2023-08-09,Consumer,Ava Jackson,Hibernating,122,5.0,439.0,5.0,1442.3600000000001,1947.19
CUST_02964,Liam,Jackson,liam.jackson2964@example-domain.com,San Francisco,California,94102,2024-11-03,Small Business,Liam Jackson,Potential Loyalists,524,11.0,12.0,4.0,2821.75,3809.36
CUST_02965,Sam,Gonzalez,sam.gonzalez2965@example-domain.com,San Diego,California,92101,2023-03-21,Corporate,Sam Gonzalez,At Risk,244,10.0,127.0,7.0,3001.52,4052.05
CUST_02966,Riley,Jackson,riley.jackson2966@example-domain.com,Raleigh,North Carolina,27601,2024-08-11,Corporate,Riley Jackson,Loyal Customers,355,13.0,75.0,10.0,5003.1900000000005,6754.31
CUST_02967,Lucas,Wilson,lucas.wilson2967@example-domain.com,Columbus,Ohio,43215,2023-05-05,Corporate,Lucas Wilson,Champions,544,13.0,9.0,7.0,2988.15,4034.0
CUST_02968,Ava,Johnson,ava.johnson2968@example-domain.com,Philadelphia,Pennsylvania,19102,2024-11-06,Consumer,Ava Johnson,Hibernating,121,4.0,276.0,4.0,452.48,610.85
CUST_02969,Ava,Taylor,ava.taylor2969@example-domain.com,Denver,Colorado,80202,2023-11-21,Small Business,Ava Taylor,Lost Customers,111,3.0,333.0,2.0,849.4200000000001,1146.72
CUST_02970,Cameron,Miller,cameron.miller2970@example-domain.com,Orlando,Florida,32801,2023-09-07,Consumer,Cameron Miller,Loyal Customers,343,10.0,56.0,7.0,1969.84,2659.28
CUST_02971,Ethan,Davis,ethan.davis2971@example-domain.com,Seattle,Washington,98101,2023-08-25,Consumer,Ethan Davis,Hibernating,123,6.0,256.0,5.0,1683.06,2272.13
CUST_02972,Noah,Hernandez,noah.hernandez2972@example-domain.com,New York City,New York,10001,2024-12-10,Consumer,Noah Hernandez,Lost Customers,111,3.0,386.0,1.0,225.08,303.86
CUST_02973,Riley,Anderson,riley.anderson2973@example-domain.com,Atlanta,Georgia,30301,2024-01-06,Corporate,Riley Anderson,Hibernating,132,6.0,389.0,6.0,1508.2400000000002,2036.12
CUST_02974,Taylor,Lopez,taylor.lopez2974@example-domain.com,Columbus,Ohio,43215,2024-06-01,Corporate,Taylor Lopez,Champions,455,14.0,26.0,10.0,6987.57,9433.22
CUST_02975,Taylor,Lopez,taylor.lopez2975@example-domain.com,Philadelphia,Pennsylvania,19102,2024-09-11,Consumer,Taylor Lopez,Loyal Customers,432,9.0,44.0,6.0,1550.7,2093.45
CUST_02976,Riley,Anderson,riley.anderson2976@example-domain.com,Atlanta,Georgia,30301,2023-08-24,Consumer,Riley Anderson,Champions,444,12.0,27.0,7.0,2331.11,3147.0
CUST_02977,Mia,Jones,mia.jones2977@example-domain.com,Columbus,Ohio,43215,2023-09-08,Corporate,Mia Jones,Customers Needing Attention,213,6.0,176.0,2.0,2103.58,2839.83
CUST_02978,Olivia,Jackson,olivia.jackson2978@example-domain.com,Buffalo,New York,14201,2024-09-12,Consumer,Olivia Jackson,Potential Loyalists,522,9.0,10.0,5.0,1269.9,1714.37
CUST_02979,Cameron,Martinez,cameron.martinez2979@example-domain.com,Chicago,Illinois,60601,2023-11-18,Corporate,Cameron Martinez,Champions,455,14.0,38.0,12.0,3382.0899999999997,4565.82
CUST_02980,Morgan,Williams,morgan.williams2980@example-domain.com,Atlanta,Georgia,30301,2024-03-07,Small Business,Morgan Williams,Promising,321,6.0,58.0,5.0,516.7,697.54
CUST_02981,Ava,Jones,ava.jones2981@example-domain.com,Philadelphia,Pennsylvania,19102,2024-10-09,Consumer,Ava Jones,Loyal Customers,533,11.0,17.0,6.0,1816.27,2451.96
CUST_02982,Pat,Garcia,pat.garcia2982@example-domain.com,Denver,Colorado,80202,2023-01-16,Consumer,Pat Garcia,Lost Customers,111,3.0,797.0,2.0,200.24,270.32
CUST_02983,Chris,Brown,chris.brown2983@example-domain.com,Atlanta,Georgia,30301,2023-09-27,Corporate,Chris Brown,Champions,554,14.0,9.0,8.0,2510.68,3389.42
CUST_02984,Lucas,Thomas,lucas.thomas2984@example-domain.com,New York City,New York,10001,2023-05-10,Corporate,Lucas Thomas,At Risk,243,9.0,117.0,7.0,1719.87,2321.82
CUST_02985,Jordan,Wilson,jordan.wilson2985@example-domain.com,Los Angeles,California,90001,2024-12-07,Consumer,Jordan Wilson,Champions,543,12.0,19.0,7.0,2126.59,2870.9
CUST_02986,Chris,Williams,chris.williams2986@example-domain.com,Buffalo,New York,14201,2024-06-11,Small Business,Chris Williams,Hibernating,121,4.0,267.0,5.0,873.3,1178.96
CUST_02987,Ava,Gonzalez,ava.gonzalez2987@example-domain.com,Atlanta,Georgia,30301,2023-12-29,Consumer,Ava Gonzalez,Champions,443,11.0,38.0,7.0,1732.49,2338.86
CUST_02988,Sam,Gonzalez,sam.gonzalez2988@example-domain.com,Columbus,Ohio,43215,2023-09-05,Consumer,Sam Gonzalez,Loyal Customers,343,10.0,56.0,7.0,2166.54,2924.83
CUST_02989,Dakota,Brown,dakota.brown2989@example-domain.com,Chicago,Illinois,60601,2023-12-11,Corporate,Dakota Brown,Loyal Customers,342,9.0,70.0,7.0,1135.29,1532.64
CUST_02990,Mia,Martin,mia.martin2990@example-domain.com,New York City,New York,10001,2023-02-16,Corporate,Mia Martin,Potential Loyalists,423,9.0,33.0,5.0,1709.1,2307.28
CUST_02991,Taylor,Lopez,taylor.lopez2991@example-domain.com,Denver,Colorado,80202,2024-02-23,Consumer,Taylor Lopez,Can't Lose Them,144,9.0,227.0,7.0,3054.36,4123.39
CUST_02992,Noah,Wilson,noah.wilson2992@example-domain.com,Orlando,Florida,32801,2024-05-03,Corporate,Noah Wilson,Champions,445,13.0,38.0,7.0,3581.9,4835.57
CUST_02993,Sam,Garcia,sam.garcia2993@example-domain.com,Raleigh,North Carolina,27601,2023-03-27,Consumer,Sam Garcia,Hibernating,122,5.0,433.0,4.0,1054.56,1423.66
CUST_02994,Sam,Smith,sam.smith2994@example-domain.com,Seattle,Washington,98101,2024-11-21,Consumer,Sam Smith,Potential Loyalists,522,9.0,1.0,5.0,1352.16,1825.42
CUST_02995,Noah,Gonzalez,noah.gonzalez2995@example-domain.com,Chicago,Illinois,60601,2024-03-25,Consumer,Noah Gonzalez,Champions,554,14.0,19.0,13.0,3040.43,4104.58
CUST_02996,Chris,Taylor,chris.taylor2996@example-domain.com,Miami,Florida,33101,2023-04-10,Corporate,Chris Taylor,Champions,554,14.0,9.0,9.0,2596.25,3504.94
CUST_02997,Riley,Martinez,riley.martinez2997@example-domain.com,Philadelphia,Pennsylvania,19102,2023-12-16,Consumer,Riley Martinez,Potential Loyalists,521,8.0,7.0,4.0,1013.4699999999999,1368.18
CUST_02998,Jordan,Jackson,jordan.jackson2998@example-domain.com,Raleigh,North Carolina,27601,2024-06-21,Consumer,Jordan Jackson,Hibernating,122,5.0,374.0,4.0,1520.21,2052.28
CUST_02999,Mia,Taylor,mia.taylor2999@example-domain.com,Atlanta,Georgia,30301,2023-10-20,Consumer,Mia Taylor,Promising,311,5.0,59.0,2.0,467.21,630.73
CUST_03000,Ethan,Gonzalez,ethan.gonzalez3000@example-domain.com,Chicago,Illinois,60601,2023-07-02,Corporate,Ethan Gonzalez,Promising,325,10.0,59.0,4.0,3207.0099999999998,4329.46
CUST_03001,Sam,Johnson,sam.johnson3001@example-domain.com,Austin,Texas,78701,2024-03-16,Consumer,Sam Johnson,Champions,453,12.0,32.0,9.0,1880.32,2538.43
CUST_03002,Ava,Rodriguez,ava.rodriguez3002@example-domain.com,Chicago,Illinois,60601,2023-04-12,Corporate,Ava Rodriguez,Potential Loyalists,522,9.0,4.0,5.0,1167.05,1575.52
CUST_03003,Sophia,Martinez,sophia.martinez3003@example-domain.com,Houston,Texas,77001,2023-05-02,Consumer,Sophia Martinez,Promising,322,7.0,61.0,4.0,1282.28,1731.08
CUST_03004,Dakota,Rodriguez,dakota.rodriguez3004@example-domain.com,Philadelphia,Pennsylvania,19102,2024-03-25,Consumer,Dakota Rodriguez,Champions,443,11.0,21.0,7.0,2024.74,2733.4
CUST_03005,Riley,Garcia,riley.garcia3005@example-domain.com,Orlando,Florida,32801,2023-09-23,Consumer,Riley Garcia,Potential Loyalists,422,8.0,31.0,5.0,1039.21,1402.93
CUST_03006,Jackson,Brown,jackson.brown3006@example-domain.com,Dallas,Texas,75201,2024-11-13,Corporate,Jackson Brown,At Risk,234,9.0,127.0,6.0,2545.0,3435.75
CUST_03007,Cameron,Jones,cameron.jones3007@example-domain.com,New York City,New York,10001,2023-07-31,Small Business,Cameron Jones,Hibernating,124,7.0,242.0,5.0,2864.96,3867.7
CUST_03008,Lucas,Taylor,lucas.taylor3008@example-domain.com,Houston,Texas,77001,2023-01-29,Consumer,Lucas Taylor,Promising,322,7.0,81.0,5.0,1392.78,1880.25
CUST_03009,Jackson,Johnson,jackson.johnson3009@example-domain.com,Columbus,Ohio,43215,2024-07-04,Consumer,Jackson Johnson,Customers Needing Attention,222,6.0,130.0,5.0,1126.57,1520.87
CUST_03010,Pat,Smith,pat.smith3010@example-domain.com,Philadelphia,Pennsylvania,19102,2023-01-27,Consumer,Pat Smith,Customers Needing Attention,221,5.0,111.0,4.0,575.4200000000001,776.82
CUST_03011,Sophia,Miller,sophia.miller3011@example-domain.com,Orlando,Florida,32801,2024-08-07,Consumer,Sophia Miller,,,,,,,
CUST_03012,Olivia,Anderson,olivia.anderson3012@example-domain.com,Raleigh,North Carolina,27601,2023-05-10,Consumer,Olivia Anderson,Loyal Customers,333,9.0,57.0,6.0,2130.65,2876.38
CUST_03013,Noah,Martinez,noah.martinez3013@example-domain.com,New York City,New York,10001,2024-12-24,Consumer,Noah Martinez,Loyal Customers,355,13.0,55.0,8.0,4556.31,6151.02
CUST_03014,Morgan,Anderson,morgan.anderson3014@example-domain.com,Atlanta,Georgia,30301,2024-05-20,Consumer,Morgan Anderson,Champions,455,14.0,30.0,8.0,3320.25,4482.34
CUST_03015,Cameron,Williams,cameron.williams3015@example-domain.com,Buffalo,New York,14201,2023-10-13,Consumer,Cameron Williams,Loyal Customers,335,11.0,56.0,6.0,3690.58,4982.28
CUST_03016,Morgan,Lopez,morgan.lopez3016@example-domain.com,San Diego,California,92101,2023-08-16,Consumer,Morgan Lopez,Promising,312,6.0,50.0,3.0,1068.06,1441.88
CUST_03017,Taylor,Hernandez,taylor.hernandez3017@example-domain.com,Houston,Texas,77001,2024-06-03,Corporate,Taylor Hernandez,At Risk,233,8.0,104.0,6.0,1724.17,2327.63
CUST_03018,Ethan,Rodriguez,ethan.rodriguez3018@example-domain.com,Denver,Colorado,80202,2024-10-07,Consumer,Ethan Rodriguez,Loyal Customers,353,11.0,61.0,8.0,2052.68,2771.12
CUST_03019,Ava,Williams,ava.williams3019@example-domain.com,Chicago,Illinois,60601,2023-02-09,Consumer,Ava Williams,Promising,312,6.0,48.0,3.0,1329.82,1795.26
CUST_03020,Olivia,Brown,olivia.brown3020@example-domain.com,Raleigh,North Carolina,27601,2023-11-22,Corporate,Olivia Brown,Promising,322,7.0,48.0,4.0,1101.53,1487.07
CUST_03021,Pat,Moore,pat.moore3021@example-domain.com,San Francisco,California,94102,2024-10-11,Consumer,Pat Moore,Loyal Customers,333,9.0,72.0,6.0,1919.8000000000002,2591.73
CUST_03022,Alex,Davis,alex.davis3022@example-domain.com,Buffalo,New York,14201,2024-08-23,Consumer,Alex Davis,Lost Customers,111,3.0,494.0,3.0,478.85999999999996,646.46
CUST_03023,Liam,Davis,liam.davis3023@example-domain.com,Austin,Texas,78701,2023-09-29,Consumer,Liam Davis,Hibernating,123,6.0,512.0,5.0,2029.26,2739.5
CUST_03024,Emma,Jones,emma.jones3024@example-domain.com,Philadelphia,Pennsylvania,19102,2023-07-11,Consumer,Emma Jones,Loyal Customers,334,10.0,85.0,6.0,2813.1600000000003,3797.77
CUST_03025,Emma,Martinez,emma.martinez3025@example-domain.com,Buffalo,New York,14201,2023-07-23,Consumer,Emma Martinez,Lost Customers,111,3.0,236.0,3.0,1013.88,1368.74
CUST_03026,Taylor,Taylor,taylor.taylor3026@example-domain.com,Austin,Texas,78701,2023-01-04,Consumer,Taylor Taylor,Loyal Customers,434,11.0,31.0,6.0,2218.72,2995.27
CUST_03027,Olivia,Williams,olivia.williams3027@example-domain.com,Philadelphia,Pennsylvania,19102,2024-07-25,Small Business,Olivia Williams,At Risk,254,11.0,204.0,8.0,2817.58,3803.73
CUST_03028,Jackson,Miller,jackson.miller3028@example-domain.com,Houston,Texas,77001,2023-02-09,Consumer,Jackson Miller,Loyal Customers,434,11.0,38.0,6.0,2275.54,3071.98
CUST_03029,Olivia,Rodriguez,olivia.rodriguez3029@example-domain.com,Boston,Massachusetts,02108,2024-10-08,Consumer,Olivia Rodriguez,Promising,323,8.0,50.0,5.0,2193.09,2960.67
CUST_03030,Mia,Davis,mia.davis3030@example-domain.com,Seattle,Washington,98101,2024-05-10,Consumer,Mia Davis,Hibernating,125,8.0,292.0,5.0,3370.28,4549.88
CUST_03031,Ava,Garcia,ava.garcia3031@example-domain.com,Orlando,Florida,32801,2023-08-26,Consumer,Ava Garcia,Potential Loyalists,521,8.0,17.0,4.0,979.9499999999999,1322.93
CUST_03032,Dakota,Thomas,dakota.thomas3032@example-domain.com,Philadelphia,Pennsylvania,19102,2024-10-07,Consumer,Dakota Thomas,Lost Customers,113,5.0,417.0,2.0,1624.2800000000002,2192.78
CUST_03033,Liam,Martin,liam.martin3033@example-domain.com,Seattle,Washington,98101,2024-07-10,Corporate,Liam Martin,Promising,322,7.0,71.0,5.0,1288.67,1739.7
CUST_03034,Emma,Martinez,emma.martinez3034@example-domain.com,New York City,New York,10001,2023-08-13,Consumer,Emma Martinez,Customers Needing Attention,222,6.0,189.0,4.0,1166.26,1574.45
CUST_03035,Morgan,Martinez,morgan.martinez3035@example-domain.com,Atlanta,Georgia,30301,2024-04-02,Consumer,Morgan Martinez,At Risk,243,9.0,115.0,7.0,2020.94,2728.27
CUST_03036,Ethan,Davis,ethan.davis3036@example-domain.com,Atlanta,Georgia,30301,2023-04-29,Consumer,Ethan Davis,At Risk,255,12.0,107.0,8.0,4209.64,5683.01
CUST_03037,Chris,Anderson,chris.anderson3037@example-domain.com,Chicago,Illinois,60601,2024-11-07,Consumer,Chris Anderson,Promising,311,5.0,48.0,3.0,781.6099999999999,1055.17
CUST_03038,Morgan,Lopez,morgan.lopez3038@example-domain.com,Boston,Massachusetts,02108,2024-12-22,Small Business,Morgan Lopez,At Risk,254,11.0,131.0,9.0,3011.82,4065.96
CUST_03039,Sam,Thomas,sam.thomas3039@example-domain.com,Philadelphia,Pennsylvania,19102,2024-09-07,Consumer,Sam Thomas,Hibernating,123,6.0,347.0,5.0,2110.26,2848.85
CUST_03040,Olivia,Davis,olivia.davis3040@example-domain.com,Los Angeles,California,90001,2023-10-25,Consumer,Olivia Davis,Loyal Customers,332,8.0,56.0,6.0,1330.88,1796.69
CUST_03041,Cameron,Taylor,cameron.taylor3041@example-domain.com,Austin,Texas,78701,2024-02-23,Consumer,Cameron Taylor,Loyal Customers,333,9.0,53.0,6.0,1885.1399999999999,2544.94
CUST_03042,Jordan,Moore,jordan.moore3042@example-domain.com,Chicago,Illinois,60601,2023-09-25,Small Business,Jordan Moore,Potential Loyalists,425,11.0,29.0,4.0,3300.58,4455.78
CUST_03043,Ethan,Wilson,ethan.wilson3043@example-domain.com,Boston,Massachusetts,02108,2024-03-28,Consumer,Ethan Wilson,Champions,454,13.0,25.0,10.0,2939.6,3968.46
CUST_03044,Olivia,Gonzalez,olivia.gonzalez3044@example-domain.com,Miami,Florida,33101,2023-02-25,Consumer,Olivia Gonzalez,Loyal Customers,334,10.0,54.0,6.0,2481.41,3349.9
CUST_03045,Cameron,Thomas,cameron.thomas3045@example-domain.com,Dallas,Texas,75201,2023-12-14,Corporate,Cameron Thomas,Loyal Customers,355,13.0,76.0,11.0,4222.47,5700.33
CUST_03046,Jordan,Martinez,jordan.martinez3046@example-domain.com,Denver,Colorado,80202,2024-02-24,Corporate,Jordan Martinez,Lost Customers,111,3.0,321.0,2.0,509.56,687.91
CUST_03047,Riley,Jackson,riley.jackson3047@example-domain.com,Houston,Texas,77001,2024-07-02,Consumer,Riley Jackson,At Risk,255,12.0,179.0,8.0,3968.8500000000004,5357.95
CUST_03048,Pat,Brown,pat.brown3048@example-domain.com,Chicago,Illinois,60601,2023-05-13,Consumer,Pat Brown,Champions,442,10.0,42.0,7.0,1175.98,1587.57
CUST_03049,Jackson,Moore,jackson.moore3049@example-domain.com,Los Angeles,California,90001,2023-01-22,Consumer,Jackson Moore,Champions,455,14.0,31.0,10.0,3571.24,4821.17
CUST_03050,Liam,Williams,liam.williams3050@example-domain.com,Chicago,Illinois,60601,2023-12-28,Consumer,Liam Williams,Potential Loyalists,522,9.0,6.0,5.0,1605.6000000000001,2167.56
CUST_03051,Lucas,Williams,lucas.williams3051@example-domain.com,San Francisco,California,94102,2024-06-15,Consumer,Lucas Williams,Hibernating,124,7.0,420.0,4.0,2682.57,3621.47
CUST_03052,Pat,Lopez,pat.lopez3052@example-domain.com,Columbus,Ohio,43215,2023-07-23,Consumer,Pat Lopez,Loyal Customers,355,13.0,76.0,8.0,4267.25,5760.79
CUST_03053,Chris,Moore,chris.moore3053@example-domain.com,Boston,Massachusetts,02108,2023-08-23,Consumer,Chris Moore,At Risk,234,9.0,199.0,6.0,3069.39,4143.68
CUST_03054,Dakota,Garcia,dakota.garcia3054@example-domain.com,Seattle,Washington,98101,2023-12-06,Consumer,Dakota Garcia,Loyal Customers,532,10.0,6.0,6.0,1253.09,1691.67
CUST_03055,Olivia,Miller,olivia.miller3055@example-domain.com,Columbus,Ohio,43215,2023-09-12,Consumer,Olivia Miller,Lost Customers,112,4.0,287.0,3.0,1588.98,2145.12
CUST_03056,Alex,Johnson,alex.johnson3056@example-domain.com,Los Angeles,California,90001,2024-06-23,Small Business,Alex Johnson,Hibernating,121,4.0,537.0,5.0,693.18,935.79
CUST_03057,Morgan,Taylor,morgan.taylor3057@example-domain.com,Boston,Massachusetts,02108,2024-05-11,Consumer,Morgan Taylor,Loyal Customers,342,9.0,60.0,7.0,1139.23,1537.96
CUST_03058,Jordan,Garcia,jordan.garcia3058@example-domain.com,Orlando,Florida,32801,2023-11-05,Consumer,Jordan Garcia,Champions,455,14.0,36.0,11.0,4165.59,5623.55
CUST_03059,Alex,Davis,alex.davis3059@example-domain.com,Dallas,Texas,75201,2023-02-04,Consumer,Alex Davis,At Risk,244,10.0,201.0,7.0,2701.71,3647.31
CUST_03060,Cameron,Brown,cameron.brown3060@example-domain.com,Boston,Massachusetts,02108,2024-11-02,Small Business,Cameron Brown,Potential Loyalists,522,9.0,15.0,5.0,1183.41,1597.6
CUST_03061,Liam,Jones,liam.jones3061@example-domain.com,Miami,Florida,33101,2023-03-28,Consumer,Liam Jones,Potential Loyalists,522,9.0,12.0,4.0,1569.49,2118.81
CUST_03062,Taylor,Williams,taylor.williams3062@example-domain.com,Raleigh,North Carolina,27601,2024-12-21,Consumer,Taylor Williams,At Risk,242,8.0,97.0,7.0,1283.45,1732.66
CUST_03063,Olivia,Smith,olivia.smith3063@example-domain.com,Los Angeles,California,90001,2024-07-08,Consumer,Olivia Smith,Champions,453,12.0,33.0,9.0,1764.75,2382.41
CUST_03064,Jackson,Jones,jackson.jones3064@example-domain.com,New York City,New York,10001,2024-08-25,Consumer,Jackson Jones,Potential Loyalists,524,11.0,20.0,5.0,2624.5299999999997,3543.12
CUST_03065,Liam,Miller,liam.miller3065@example-domain.com,Orlando,Florida,32801,2023-11-28,Consumer,Liam Miller,Champions,454,13.0,24.0,9.0,2631.36,3552.34
CUST_03066,Olivia,Taylor,olivia.taylor3066@example-domain.com,Los Angeles,California,90001,2023-11-06,Consumer,Olivia Taylor,Champions,451,10.0,23.0,9.0,738.27,996.66
CUST_03067,Cameron,Anderson,cameron.anderson3067@example-domain.com,Austin,Texas,78701,2023-04-13,Consumer,Cameron Anderson,At Risk,255,12.0,191.0,9.0,3202.14,4322.89
CUST_03068,Cameron,Jackson,cameron.jackson3068@example-domain.com,Philadelphia,Pennsylvania,19102,2024-01-21,Small Business,Cameron Jackson,Lost Customers,111,3.0,237.0,3.0,628.5799999999999,848.58
CUST_03069,Dakota,Wilson,dakota.wilson3069@example-domain.com,San Diego,California,92101,2023-08-16,Consumer,Dakota Wilson,Loyal Customers,354,12.0,51.0,9.0,2649.0099999999998,3576.16
CUST_03070,Olivia,Moore,olivia.moore3070@example-domain.com,Miami,Florida,33101,2024-05-09,Consumer,Olivia Moore,Hibernating,122,5.0,314.0,4.0,1117.0,1507.95
CUST_03071,Dakota,Moore,dakota.moore3071@example-domain.com,Raleigh,North Carolina,27601,2023-09-08,Corporate,Dakota Moore,At Risk,255,12.0,124.0,9.0,4581.469999999999,6184.98
CUST_03072,Liam,Smith,liam.smith3072@example-domain.com,Philadelphia,Pennsylvania,19102,2024-02-08,Consumer,Liam Smith,Loyal Customers,535,13.0,1.0,6.0,4681.3,6319.76
CUST_03073,Sophia,Moore,sophia.moore3073@example-domain.com,New York City,New York,10001,2024-04-08,Consumer,Sophia Moore,Can't Lose Them,143,8.0,397.0,7.0,1946.99,2628.44
CUST_03074,Riley,Jackson,riley.jackson3074@example-domain.com,Los Angeles,California,90001,2024-02-11,Consumer,Riley Jackson,,,,,,,
CUST_03075,Riley,Anderson,riley.anderson3075@example-domain.com,Seattle,Washington,98101,2024-05-03,Consumer,Riley Anderson,Customers Needing Attention,222,6.0,208.0,5.0,1327.3600000000001,1791.94
CUST_03076,Mia,Brown,mia.brown3076@example-domain.com,Orlando,Florida,32801,2023-12-07,Corporate,Mia Brown,At Risk,254,11.0,116.0,8.0,3051.79,4119.92
CUST_03077,Sam,Williams,sam.williams3077@example-domain.com,New York City,New York,10001,2024-07-28,Small Business,Sam Williams,Promising,312,6.0,87.0,3.0,1104.22,1490.7
CUST_03078,Chris,Miller,chris.miller3078@example-domain.com,Philadelphia,Pennsylvania,19102,2024-08-30,Consumer,Chris Miller,Customers Needing Attention,212,5.0,173.0,3.0,1189.29,1605.54
CUST_03079,Riley,Williams,riley.williams3079@example-domain.com,Buffalo,New York,14201,2024-02-17,Consumer,Riley Williams,Champions,543,12.0,1.0,7.0,1859.5,2510.33
CUST_03080,Jackson,Thomas,jackson.thomas3080@example-domain.com,Raleigh,North Carolina,27601,2024-08-03,Small Business,Jackson Thomas,Potential Loyalists,422,8.0,28.0,5.0,1285.1,1734.88
CUST_03081,Riley,Johnson,riley.johnson3081@example-domain.com,Philadelphia,Pennsylvania,19102,2023-09-16,Corporate,Riley Johnson,Hibernating,122,5.0,414.0,5.0,1208.01,1630.81
CUST_03082,Olivia,Martinez,olivia.martinez3082@example-domain.com,Chicago,Illinois,60601,2023-06-04,Corporate,Olivia Martinez,Hibernating,124,7.0,310.0,5.0,2855.32,3854.68
CUST_03083,Jordan,Hernandez,jordan.hernandez3083@example-domain.com,Atlanta,Georgia,30301,2023-01-06,Consumer,Jordan Hernandez,At Risk,243,9.0,151.0,7.0,1832.44,2473.79
CUST_03084,Cameron,Miller,cameron.miller3084@example-domain.com,Columbus,Ohio,43215,2024-05-15,Consumer,Cameron Miller,At Risk,234,9.0,97.0,6.0,2517.8599999999997,3399.11
CUST_03085,Lucas,Thomas,lucas.thomas3085@example-domain.com,Chicago,Illinois,60601,2024-10-29,Corporate,Lucas Thomas,Lost Customers,113,5.0,266.0,3.0,1733.79,2340.62
CUST_03086,Riley,Hernandez,riley.hernandez3086@example-domain.com,Denver,Colorado,80202,2024-12-26,Consumer,Riley Hernandez,Loyal Customers,355,13.0,50.0,11.0,5084.95,6864.68
CUST_03087,Emma,Taylor,emma.taylor3087@example-domain.com,Columbus,Ohio,43215,2023-03-25,Consumer,Emma Taylor,Loyal Customers,342,9.0,45.0,7.0,1403.1200000000001,1894.21
CUST_03088,Morgan,Wilson,morgan.wilson3088@example-domain.com,San Diego,California,92101,2024-01-20,Consumer,Morgan Wilson,Hibernating,133,7.0,289.0,6.0,1634.41,2206.45
CUST_03089,Sam,Smith,sam.smith3089@example-domain.com,Houston,Texas,77001,2024-06-16,Consumer,Sam Smith,Potential Loyalists,511,7.0,8.0,3.0,395.82,534.36
CUST_03090,Morgan,Garcia,morgan.garcia3090@example-domain.com,Austin,Texas,78701,2024-03-24,Consumer,Morgan Garcia,At Risk,232,7.0,141.0,6.0,1455.3600000000001,1964.74
CUST_03091,Morgan,Johnson,morgan.johnson3091@example-domain.com,Atlanta,Georgia,30301,2024-05-22,Consumer,Morgan Johnson,Champions,554,14.0,20.0,8.0,2286.67,3087.0
CUST_03092,Chris,Taylor,chris.taylor3092@example-domain.com,Philadelphia,Pennsylvania,19102,2023-05-24,Small Business,Chris Taylor,Loyal Customers,353,11.0,81.0,11.0,2194.01,2961.91
CUST_03093,Lucas,Wilson,lucas.wilson3093@example-domain.com,Boston,Massachusetts,02108,2023-01-10,Consumer,Lucas Wilson,Potential Loyalists,424,10.0,28.0,4.0,2857.76,3857.98
CUST_03094,Dakota,Brown,dakota.brown3094@example-domain.com,Atlanta,Georgia,30301,2023-10-29,Corporate,Dakota Brown,Promising,311,5.0,77.0,1.0,586.97,792.41
CUST_03095,Cameron,Taylor,cameron.taylor3095@example-domain.com,Chicago,Illinois,60601,2024-09-21,Consumer,Cameron Taylor,Lost Customers,111,3.0,244.0,2.0,215.04999999999998,290.32
CUST_03096,Sophia,Jackson,sophia.jackson3096@example-domain.com,Houston,Texas,77001,2023-05-25,Consumer,Sophia Jackson,Potential Loyalists,421,7.0,27.0,5.0,623.7,842.0
CUST_03097,Dakota,Taylor,dakota.taylor3097@example-domain.com,Austin,Texas,78701,2024-09-20,Small Business,Dakota Taylor,Loyal Customers,334,10.0,81.0,6.0,2507.0,3384.45
CUST_03098,Sophia,Taylor,sophia.taylor3098@example-domain.com,Miami,Florida,33101,2024-04-28,Consumer,Sophia Taylor,Potential Loyalists,521,8.0,12.0,5.0,588.48,794.45
CUST_03099,Noah,Miller,noah.miller3099@example-domain.com,Chicago,Illinois,60601,2023-05-19,Consumer,Noah Miller,Can't Lose Them,155,11.0,306.0,8.0,3349.79,4522.22
CUST_03100,Chris,Taylor,chris.taylor3100@example-domain.com,Philadelphia,Pennsylvania,19102,2023-01-11,Consumer,Chris Taylor,Can't Lose Them,155,11.0,221.0,10.0,3253.13,4391.73
CUST_03101,Ethan,Wilson,ethan.wilson3101@example-domain.com,Houston,Texas,77001,2023-06-03,Consumer,Ethan Wilson,Promising,321,6.0,87.0,5.0,860.5,1161.68
CUST_03102,Emma,Williams,emma.williams3102@example-domain.com,Los Angeles,California,90001,2023-11-16,Corporate,Emma Williams,Loyal Customers,355,13.0,84.0,8.0,4610.43,6224.08
CUST_03103,Pat,Miller,pat.miller3103@example-domain.com,New York City,New York,10001,2024-07-04,Small Business,Pat Miller,Customers Needing Attention,221,5.0,102.0,5.0,666.31,899.52
CUST_03104,Noah,Hernandez,noah.hernandez3104@example-domain.com,New York City,New York,10001,2023-03-04,Consumer,Noah Hernandez,Promising,322,7.0,60.0,5.0,1147.0400000000002,1548.5
CUST_03105,Jackson,Anderson,jackson.anderson3105@example-domain.com,Houston,Texas,77001,2023-03-10,Consumer,Jackson Anderson,Potential Loyalists,422,8.0,43.0,4.0,1331.87,1798.02
CUST_03106,Sophia,Moore,sophia.moore3106@example-domain.com,Dallas,Texas,75201,2023-12-20,Consumer,Sophia Moore,Loyal Customers,353,11.0,83.0,9.0,2128.36,2873.29
CUST_03107,Alex,Miller,alex.miller3107@example-domain.com,Miami,Florida,33101,2023-10-19,Corporate,Alex Miller,Potential Loyalists,421,7.0,40.0,4.0,768.84,1037.93
CUST_03108,Olivia,Jackson,olivia.jackson3108@example-domain.com,Orlando,Florida,32801,2024-01-12,Consumer,Olivia Jackson,Champions,455,14.0,35.0,13.0,4807.59,6490.25
CUST_03109,Jackson,Gonzalez,jackson.gonzalez3109@example-domain.com,Miami,Florida,33101,2024-07-28,Consumer,Jackson Gonzalez,Champions,544,13.0,8.0,7.0,2909.86,3928.31
CUST_03110,Lucas,Miller,lucas.miller3110@example-domain.com,San Diego,California,92101,2024-08-29,Consumer,Lucas Miller,At Risk,233,8.0,211.0,6.0,1790.16,2416.72
CUST_03111,Sam,Brown,sam.brown3111@example-domain.com,Austin,Texas,78701,2023-10-14,Consumer,Sam Brown,Loyal Customers,535,13.0,17.0,6.0,4764.93,6432.66
CUST_03112,Chris,Rodriguez,chris.rodriguez3112@example-domain.com,New York City,New York,10001,2023-05-10,Consumer,Chris Rodriguez,Loyal Customers,433,10.0,35.0,6.0,2082.75,2811.71
CUST_03113,Ava,Jackson,ava.jackson3113@example-domain.com,Boston,Massachusetts,02108,2023-12-05,Corporate,Ava Jackson,Loyal Customers,353,11.0,49.0,8.0,1926.03,2600.14
CUST_03114,Mia,Jackson,mia.jackson3114@example-domain.com,Miami,Florida,33101,2024-09-22,Consumer,Mia Jackson,Loyal Customers,355,13.0,47.0,8.0,4836.82,6529.71
CUST_03115,Emma,Miller,emma.miller3115@example-domain.com,Houston,Texas,77001,2023-01-03,Consumer,Emma Miller,Loyal Customers,345,12.0,77.0,7.0,3163.2700000000004,4270.41
CUST_03116,Riley,Miller,riley.miller3116@example-domain.com,San Diego,California,92101,2024-09-21,Corporate,Riley Miller,Customers Needing Attention,223,7.0,94.0,5.0,2048.1,2764.94
CUST_03117,Sam,Jones,sam.jones3117@example-domain.com,Houston,Texas,77001,2024-05-01,Corporate,Sam Jones,Champions,455,14.0,29.0,11.0,3538.4900000000002,4776.96
CUST_03118,Alex,Hernandez,alex.hernandez3118@example-domain.com,San Diego,California,92101,2023-02-23,Consumer,Alex Hernandez,Promising,323,8.0,75.0,5.0,1954.15,2638.1
CUST_03119,Sam,Taylor,sam.taylor3119@example-domain.com,Denver,Colorado,80202,2024-03-11,Consumer,Sam Taylor,Loyal Customers,431,8.0,27.0,6.0,744.55,1005.14
CUST_03120,Emma,Hernandez,emma.hernandez3120@example-domain.com,Orlando,Florida,32801,2024-05-27,Consumer,Emma Hernandez,Promising,321,6.0,47.0,5.0,995.1,1343.39
CUST_03121,Morgan,Davis,morgan.davis3121@example-domain.com,Columbus,Ohio,43215,2024-02-07,Consumer,Morgan Davis,Loyal Customers,533,11.0,13.0,6.0,2029.19,2739.41
CUST_03122,Liam,Gonzalez,liam.gonzalez3122@example-domain.com,Philadelphia,Pennsylvania,19102,2023-12-30,Consumer,Liam Gonzalez,Loyal Customers,355,13.0,51.0,9.0,3191.0,4307.85
CUST_03123,Dakota,Taylor,dakota.taylor3123@example-domain.com,Chicago,Illinois,60601,2024-06-27,Consumer,Dakota Taylor,Champions,554,14.0,4.0,10.0,2756.37,3721.1
CUST_03124,Taylor,Martin,taylor.martin3124@example-domain.com,Austin,Texas,78701,2023-06-20,Consumer,Taylor Martin,Can't Lose Them,155,11.0,283.0,10.0,4820.67,6507.9
CUST_03125,Cameron,Jones,cameron.jones3125@example-domain.com,Atlanta,Georgia,30301,2024-07-27,Corporate,Cameron Jones,Champions,554,14.0,12.0,8.0,2790.03,3766.54
CUST_03126,Noah,Thomas,noah.thomas3126@example-domain.com,Miami,Florida,33101,2024-12-02,Consumer,Noah Thomas,Customers Needing Attention,223,7.0,116.0,5.0,1677.03,2263.99
CUST_03127,Morgan,Moore,morgan.moore3127@example-domain.com,Atlanta,Georgia,30301,2024-10-29,Consumer,Morgan Moore,Loyal Customers,534,12.0,2.0,6.0,2403.2,3244.32
CUST_03128,Sophia,Garcia,sophia.garcia3128@example-domain.com,Los Angeles,California,90001,2024-01-10,Consumer,Sophia Garcia,Customers Needing Attention,221,5.0,95.0,4.0,968.81,1307.89
CUST_03129,Noah,Lopez,noah.lopez3129@example-domain.com,Atlanta,Georgia,30301,2023-08-07,Small Business,Noah Lopez,At Risk,233,8.0,181.0,6.0,1867.32,2520.88
CUST_03130,Jackson,Moore,jackson.moore3130@example-domain.com,Austin,Texas,78701,2024-01-27,Corporate,Jackson Moore,Champions,555,15.0,12.0,9.0,3377.5,4559.62
CUST_03131,Sophia,Garcia,sophia.garcia3131@example-domain.com,Los Angeles,California,90001,2023-07-20,Corporate,Sophia Garcia,Loyal Customers,532,10.0,2.0,6.0,1467.88,1981.64
CUST_03132,Noah,Lopez,noah.lopez3132@example-domain.com,Raleigh,North Carolina,27601,2023-07-19,Corporate,Noah Lopez,Champions,444,12.0,33.0,7.0,2784.9700000000003,3759.71
CUST_03133,Alex,Jackson,alex.jackson3133@example-domain.com,Orlando,Florida,32801,2023-12-03,Small Business,Alex Jackson,Potential Loyalists,422,8.0,39.0,5.0,1558.26,2103.65
CUST_03134,Morgan,Lopez,morgan.lopez3134@example-domain.com,Miami,Florida,33101,2024-05-29,Consumer,Morgan Lopez,Hibernating,121,4.0,268.0,5.0,410.55,554.24
CUST_03135,Alex,Martin,alex.martin3135@example-domain.com,Miami,Florida,33101,2023-02-04,Consumer,Alex Martin,Hibernating,122,5.0,339.0,5.0,1311.24,1770.17
CUST_03136,Cameron,Thomas,cameron.thomas3136@example-domain.com,Boston,Massachusetts,02108,2023-02-14,Consumer,Cameron Thomas,Promising,324,9.0,72.0,5.0,2222.35,3000.17
CUST_03137,Cameron,Rodriguez,cameron.rodriguez3137@example-domain.com,San Francisco,California,94102,2024-08-08,Corporate,Cameron Rodriguez,Can't Lose Them,155,11.0,344.0,8.0,3674.88,4961.09
CUST_03138,Alex,Thomas,alex.thomas3138@example-domain.com,Denver,Colorado,80202,2024-05-17,Corporate,Alex Thomas,At Risk,255,12.0,117.0,11.0,3665.79,4948.82
CUST_03139,Chris,Thomas,chris.thomas3139@example-domain.com,Columbus,Ohio,43215,2023-04-17,Consumer,Chris Thomas,Hibernating,122,5.0,241.0,5.0,1089.17,1470.38
CUST_03140,Jordan,Lopez,jordan.lopez3140@example-domain.com,Los Angeles,California,90001,2024-09-19,Consumer,Jordan Lopez,Champions,554,14.0,1.0,8.0,2508.66,3386.69
CUST_03141,Sam,Garcia,sam.garcia3141@example-domain.com,Buffalo,New York,14201,2023-03-26,Consumer,Sam Garcia,Potential Loyalists,423,9.0,37.0,4.0,1845.14,2490.94
CUST_03142,Olivia,Brown,olivia.brown3142@example-domain.com,San Francisco,California,94102,2024-03-30,Small Business,Olivia Brown,Potential Loyalists,511,7.0,20.0,3.0,427.56,577.21
CUST_03143,Jordan,Hernandez,jordan.hernandez3143@example-domain.com,New York City,New York,10001,2024-07-11,Consumer,Jordan Hernandez,Champions,442,10.0,23.0,7.0,1050.43,1418.08
CUST_03144,Cameron,Miller,cameron.miller3144@example-domain.com,Los Angeles,California,90001,2023-12-07,Consumer,Cameron Miller,At Risk,244,10.0,95.0,7.0,2986.66,4031.99
CUST_03145,Ethan,Garcia,ethan.garcia3145@example-domain.com,Seattle,Washington,98101,2024-06-12,Consumer,Ethan Garcia,Potential Loyalists,523,10.0,10.0,5.0,1635.9499999999998,2208.53
CUST_03146,Alex,Gonzalez,alex.gonzalez3146@example-domain.com,Atlanta,Georgia,30301,2024-11-14,Consumer,Alex Gonzalez,Champions,554,14.0,14.0,11.0,2315.88,3126.44
CUST_03147,Jordan,Williams,jordan.williams3147@example-domain.com,Austin,Texas,78701,2024-05-28,Corporate,Jordan Williams,Champions,455,14.0,41.0,9.0,4781.9,6455.56
CUST_03148,Sam,Rodriguez,sam.rodriguez3148@example-domain.com,San Diego,California,92101,2023-06-26,Consumer,Sam Rodriguez,At Risk,255,12.0,118.0,9.0,3856.36,5206.09
CUST_03149,Noah,Johnson,noah.johnson3149@example-domain.com,Miami,Florida,33101,2024-09-15,Corporate,Noah Johnson,Loyal Customers,434,11.0,35.0,5.0,2541.38,3430.86
CUST_03150,Pat,Taylor,pat.taylor3150@example-domain.com,Atlanta,Georgia,30301,2023-06-27,Consumer,Pat Taylor,Loyal Customers,344,11.0,90.0,7.0,2667.07,3600.54
CUST_03151,Alex,Martinez,alex.martinez3151@example-domain.com,Miami,Florida,33101,2024-07-28,Consumer,Alex Martinez,Loyal Customers,334,10.0,70.0,6.0,2389.02,3225.18
CUST_03152,Sophia,Brown,sophia.brown3152@example-domain.com,Chicago,Illinois,60601,2024-04-22,Consumer,Sophia Brown,Customers Needing Attention,222,6.0,128.0,4.0,1102.94,1488.97
CUST_03153,Mia,Williams,mia.williams3153@example-domain.com,Denver,Colorado,80202,2023-04-01,Corporate,Mia Williams,Loyal Customers,431,8.0,25.0,6.0,533.38,720.06
CUST_03154,Morgan,Williams,morgan.williams3154@example-domain.com,Houston,Texas,77001,2023-03-30,Consumer,Morgan Williams,At Risk,235,10.0,155.0,6.0,3581.19,4834.61
CUST_03155,Chris,Hernandez,chris.hernandez3155@example-domain.com,Los Angeles,California,90001,2023-06-23,Consumer,Chris Hernandez,Champions,455,14.0,32.0,10.0,3516.75,4747.61
CUST_03156,Alex,Miller,alex.miller3156@example-domain.com,Seattle,Washington,98101,2024-04-16,Consumer,Alex Miller,Champions,554,14.0,9.0,8.0,2739.4,3698.19
CUST_03157,Taylor,Davis,taylor.davis3157@example-domain.com,Orlando,Florida,32801,2024-11-28,Small Business,Taylor Davis,Potential Loyalists,511,7.0,19.0,2.0,100.65,135.88
CUST_03158,Pat,Jones,pat.jones3158@example-domain.com,Orlando,Florida,32801,2023-02-24,Consumer,Pat Jones,Potential Loyalists,422,8.0,28.0,4.0,1231.05,1661.92
CUST_03159,Liam,Martinez,liam.martinez3159@example-domain.com,Houston,Texas,77001,2023-10-13,Corporate,Liam Martinez,Loyal Customers,433,10.0,24.0,6.0,1636.07,2208.69
CUST_03160,Sam,Jackson,sam.jackson3160@example-domain.com,Chicago,Illinois,60601,2024-02-28,Consumer,Sam Jackson,Champions,442,10.0,41.0,7.0,1332.57,1798.97
CUST_03161,Riley,Miller,riley.miller3161@example-domain.com,Miami,Florida,33101,2023-07-24,Consumer,Riley Miller,At Risk,232,7.0,214.0,5.0,1574.1399999999999,2125.09
CUST_03162,Chris,Martinez,chris.martinez3162@example-domain.com,Miami,Florida,33101,2024-12-15,Consumer,Chris Martinez,Potential Loyalists,421,7.0,34.0,4.0,480.69,648.93
CUST_03163,Noah,Rodriguez,noah.rodriguez3163@example-domain.com,San Diego,California,92101,2024-05-16,Consumer,Noah Rodriguez,Champions,555,15.0,20.0,10.0,4107.84,5545.58
CUST_03164,Sophia,Jackson,sophia.jackson3164@example-domain.com,Seattle,Washington,98101,2023-12-24,Consumer,Sophia Jackson,Can't Lose Them,153,9.0,363.0,8.0,1621.84,2189.48
CUST_03165,Ava,Anderson,ava.anderson3165@example-domain.com,Houston,Texas,77001,2023-02-07,Consumer,Ava Anderson,Champions,554,14.0,2.0,8.0,2978.7200000000003,4021.27
CUST_03166,Mia,Gonzalez,mia.gonzalez3166@example-domain.com,Buffalo,New York,14201,2024-07-04,Consumer,Mia Gonzalez,Loyal Customers,354,12.0,65.0,11.0,2836.05,3828.67
CUST_03167,Mia,Miller,mia.miller3167@example-domain.com,Atlanta,Georgia,30301,2023-12-22,Small Business,Mia Miller,Loyal Customers,353,11.0,49.0,8.0,2069.37,2793.65
CUST_03168,Dakota,Miller,dakota.miller3168@example-domain.com,Chicago,Illinois,60601,2024-12-17,Consumer,Dakota Miller,Can't Lose Them,144,9.0,320.0,7.0,2427.67,3277.35
CUST_03169,Ava,Moore,ava.moore3169@example-domain.com,Miami,Florida,33101,2023-04-03,Corporate,Ava Moore,Potential Loyalists,422,8.0,39.0,4.0,1596.33,2155.05
CUST_03170,Ava,Miller,ava.miller3170@example-domain.com,Miami,Florida,33101,2023-08-12,Consumer,Ava Miller,Champions,453,12.0,43.0,10.0,2132.91,2879.43
CUST_03171,Noah,Rodriguez,noah.rodriguez3171@example-domain.com,San Francisco,California,94102,2023-04-29,Consumer,Noah Rodriguez,Lost Customers,111,3.0,403.0,1.0,176.01999999999998,237.63
CUST_03172,Ava,Garcia,ava.garcia3172@example-domain.com,Philadelphia,Pennsylvania,19102,2023-05-24,Consumer,Ava Garcia,Loyal Customers,433,10.0,34.0,5.0,2011.8,2715.93
CUST_03173,Noah,Jackson,noah.jackson3173@example-domain.com,Chicago,Illinois,60601,2024-01-17,Consumer,Noah Jackson,Potential Loyalists,411,6.0,41.0,2.0,954.63,1288.75
CUST_03174,Mia,Gonzalez,mia.gonzalez3174@example-domain.com,San Francisco,California,94102,2023-11-27,Consumer,Mia Gonzalez,Loyal Customers,343,10.0,53.0,7.0,1992.74,2690.2
CUST_03175,Morgan,Lopez,morgan.lopez3175@example-domain.com,Los Angeles,California,90001,2023-06-12,Consumer,Morgan Lopez,At Risk,245,11.0,104.0,7.0,3202.0099999999998,4322.71
CUST_03176,Olivia,Thomas,olivia.thomas3176@example-domain.com,Chicago,Illinois,60601,2023-12-11,Consumer,Olivia Thomas,Lost Customers,111,3.0,276.0,3.0,285.13,384.93
CUST_03177,Morgan,Garcia,morgan.garcia3177@example-domain.com,Seattle,Washington,98101,2023-11-10,Consumer,Morgan Garcia,Lost Customers,111,3.0,362.0,3.0,657.27,887.31
CUST_03178,Chris,Anderson,chris.anderson3178@example-domain.com,Columbus,Ohio,43215,2023-07-10,Corporate,Chris Anderson,Champions,554,14.0,19.0,8.0,2686.2,3626.37
CUST_03179,Alex,Anderson,alex.anderson3179@example-domain.com,Denver,Colorado,80202,2024-08-30,Corporate,Alex Anderson,Hibernating,133,7.0,277.0,6.0,1869.6,2523.96
CUST_03180,Mia,Wilson,mia.wilson3180@example-domain.com,Boston,Massachusetts,02108,2024-04-29,Consumer,Mia Wilson,Loyal Customers,353,11.0,48.0,8.0,1667.6,2251.26
CUST_03181,Riley,Rodriguez,riley.rodriguez3181@example-domain.com,Seattle,Washington,98101,2024-09-07,Consumer,Riley Rodriguez,At Risk,234,9.0,203.0,6.0,2930.4700000000003,3956.13
CUST_03182,Ethan,Thomas,ethan.thomas3182@example-domain.com,Boston,Massachusetts,02108,2023-11-04,Consumer,Ethan Thomas,Loyal Customers,342,9.0,49.0,7.0,1030.28,1390.88
CUST_03183,Jordan,Davis,jordan.davis3183@example-domain.com,Raleigh,North Carolina,27601,2023-04-21,Consumer,Jordan Davis,Champions,555,15.0,10.0,9.0,4849.51,6546.84
CUST_03184,Olivia,Wilson,olivia.wilson3184@example-domain.com,Miami,Florida,33101,2024-08-14,Consumer,Olivia Wilson,Loyal Customers,432,9.0,38.0,6.0,1225.1399999999999,1653.94
CUST_03185,Liam,Jackson,liam.jackson3185@example-domain.com,Los Angeles,California,90001,2023-06-17,Consumer,Liam Jackson,Hibernating,121,4.0,748.0,4.0,639.63,863.5
CUST_03186,Ava,Garcia,ava.garcia3186@example-domain.com,Orlando,Florida,32801,2024-09-03,Consumer,Ava Garcia,Loyal Customers,533,11.0,3.0,6.0,1767.9,2386.67
CUST_03187,Ava,Miller,ava.miller3187@example-domain.com,Buffalo,New York,14201,2023-05-14,Consumer,Ava Miller,Loyal Customers,432,9.0,41.0,6.0,1251.48,1689.5
CUST_03188,Ethan,Johnson,ethan.johnson3188@example-domain.com,San Diego,California,92101,2023-11-13,Consumer,Ethan Johnson,Loyal Customers,355,13.0,73.0,11.0,4311.15,5820.05
CUST_03189,Sam,Lopez,sam.lopez3189@example-domain.com,Denver,Colorado,80202,2024-02-10,Corporate,Sam Lopez,Champions,455,14.0,35.0,9.0,3388.13,4573.98
CUST_03190,Chris,Anderson,chris.anderson3190@example-domain.com,Los Angeles,California,90001,2024-11-05,Corporate,Chris Anderson,Loyal Customers,334,10.0,70.0,6.0,2382.75,3216.71
CUST_03191,Sam,Miller,sam.miller3191@example-domain.com,Houston,Texas,77001,2023-11-05,Consumer,Sam Miller,Loyal Customers,433,10.0,26.0,6.0,1804.17,2435.63
CUST_03192,Dakota,Williams,dakota.williams3192@example-domain.com,Houston,Texas,77001,2023-08-30,Small Business,Dakota Williams,Loyal Customers,334,10.0,55.0,6.0,2722.23,3675.01
CUST_03193,Pat,Wilson,pat.wilson3193@example-domain.com,San Diego,California,92101,2023-09-08,Small Business,Pat Wilson,Champions,455,14.0,38.0,13.0,5332.93,7199.46
CUST_03194,Sam,Moore,sam.moore3194@example-domain.com,Seattle,Washington,98101,2023-01-06,Consumer,Sam Moore,Champions,544,13.0,11.0,7.0,2688.73,3629.79
CUST_03195,Emma,Garcia,emma.garcia3195@example-domain.com,Seattle,Washington,98101,2023-04-13,Consumer,Emma Garcia,At Risk,233,8.0,178.0,5.0,1885.3400000000001,2545.21
CUST_03196,Emma,Moore,emma.moore3196@example-domain.com,Boston,Massachusetts,02108,2024-12-16,Consumer,Emma Moore,Loyal Customers,434,11.0,27.0,6.0,2923.27,3946.41
CUST_03197,Pat,Thomas,pat.thomas3197@example-domain.com,Boston,Massachusetts,02108,2024-04-19,Small Business,Pat Thomas,Customers Needing Attention,222,6.0,145.0,4.0,1171.13,1581.03
CUST_03198,Riley,Brown,riley.brown3198@example-domain.com,Boston,Massachusetts,02108,2023-05-12,Corporate,Riley Brown,Potential Loyalists,423,9.0,25.0,4.0,1905.83,2572.87
CUST_03199,Ethan,Jones,ethan.jones3199@example-domain.com,Boston,Massachusetts,02108,2023-12-01,Consumer,Ethan Jones,Loyal Customers,435,12.0,41.0,6.0,3529.67,4765.05
CUST_03200,Dakota,Wilson,dakota.wilson3200@example-domain.com,Boston,Massachusetts,02108,2024-06-30,Consumer,Dakota Wilson,Loyal Customers,344,11.0,63.0,7.0,2736.84,3694.73
CUST_03201,Taylor,Lopez,taylor.lopez3201@example-domain.com,Philadelphia,Pennsylvania,19102,2024-11-16,Consumer,Taylor Lopez,Loyal Customers,431,8.0,27.0,6.0,480.65,648.88
CUST_03202,Mia,Smith,mia.smith3202@example-domain.com,Dallas,Texas,75201,2024-09-15,Consumer,Mia Smith,At Risk,252,9.0,206.0,8.0,1383.58,1867.83
CUST_03203,Chris,Davis,chris.davis3203@example-domain.com,Seattle,Washington,98101,2024-01-06,Consumer,Chris Davis,At Risk,254,11.0,135.0,8.0,3048.0299999999997,4114.84
CUST_03204,Ethan,Taylor,ethan.taylor3204@example-domain.com,Los Angeles,California,90001,2024-09-17,Corporate,Ethan Taylor,Champions,555,15.0,20.0,11.0,6077.52,8204.65
CUST_03205,Jackson,Gonzalez,jackson.gonzalez3205@example-domain.com,San Diego,California,92101,2024-10-23,Consumer,Jackson Gonzalez,Promising,321,6.0,58.0,4.0,966.31,1304.52
CUST_03206,Riley,Jones,riley.jones3206@example-domain.com,Philadelphia,Pennsylvania,19102,2023-07-12,Corporate,Riley Jones,Champions,554,14.0,17.0,10.0,2893.28,3905.93
CUST_03207,Jordan,Miller,jordan.miller3207@example-domain.com,Orlando,Florida,32801,2024-03-21,Corporate,Jordan Miller,Loyal Customers,433,10.0,39.0,6.0,2218.49,2994.96
CUST_03208,Taylor,Hernandez,taylor.hernandez3208@example-domain.com,Boston,Massachusetts,02108,2024-10-31,Corporate,Taylor Hernandez,Champions,443,11.0,31.0,7.0,1701.1,2296.48
CUST_03209,Chris,Wilson,chris.wilson3209@example-domain.com,Buffalo,New York,14201,2023-10-19,Consumer,Chris Wilson,At Risk,232,7.0,157.0,5.0,1127.46,1522.07
CUST_03210,Dakota,Gonzalez,dakota.gonzalez3210@example-domain.com,Philadelphia,Pennsylvania,19102,2023-02-05,Consumer,Dakota Gonzalez,Loyal Customers,432,9.0,43.0,5.0,1194.88,1613.09
CUST_03211,Cameron,Wilson,cameron.wilson3211@example-domain.com,Houston,Texas,77001,2023-06-17,Consumer,Cameron Wilson,Champions,452,11.0,27.0,8.0,1364.34,1841.86
CUST_03212,Liam,Taylor,liam.taylor3212@example-domain.com,New York City,New York,10001,2024-04-21,Consumer,Liam Taylor,Loyal Customers,533,11.0,1.0,5.0,2161.59,2918.15
CUST_03213,Taylor,Lopez,taylor.lopez3213@example-domain.com,New York City,New York,10001,2024-11-02,Consumer,Taylor Lopez,Hibernating,131,5.0,374.0,5.0,706.07,953.19
CUST_03214,Liam,Smith,liam.smith3214@example-domain.com,Houston,Texas,77001,2023-11-23,Consumer,Liam Smith,Lost Customers,112,4.0,268.0,2.0,1216.42,1642.17
CUST_03215,Sam,Jackson,sam.jackson3215@example-domain.com,Raleigh,North Carolina,27601,2024-01-29,Consumer,Sam Jackson,Can't Lose Them,152,8.0,223.0,9.0,1589.0900000000001,2145.27
CUST_03216,Noah,Smith,noah.smith3216@example-domain.com,Philadelphia,Pennsylvania,19102,2024-10-31,Consumer,Noah Smith,Can't Lose Them,143,8.0,224.0,7.0,1761.03,2377.39
CUST_03217,Liam,Wilson,liam.wilson3217@example-domain.com,San Francisco,California,94102,2023-11-07,Consumer,Liam Wilson,Loyal Customers,533,11.0,11.0,5.0,1800.14,2430.19
CUST_03218,Olivia,Rodriguez,olivia.rodriguez3218@example-domain.com,New York City,New York,10001,2024-09-10,Consumer,Olivia Rodriguez,Champions,555,15.0,6.0,9.0,4961.28,6697.73
CUST_03219,Noah,Taylor,noah.taylor3219@example-domain.com,Seattle,Washington,98101,2024-04-29,Corporate,Noah Taylor,Champions,455,14.0,29.0,10.0,5003.05,6754.12
CUST_03220,Ethan,Moore,ethan.moore3220@example-domain.com,Seattle,Washington,98101,2023-04-25,Corporate,Ethan Moore,Hibernating,134,8.0,373.0,6.0,2311.07,3119.94
CUST_03221,Chris,Wilson,chris.wilson3221@example-domain.com,Columbus,Ohio,43215,2024-01-28,Consumer,Chris Wilson,At Risk,243,9.0,105.0,7.0,1781.94,2405.62
CUST_03222,Taylor,Jones,taylor.jones3222@example-domain.com,Los Angeles,California,90001,2023-12-12,Consumer,Taylor Jones,Promising,322,7.0,73.0,4.0,1159.31,1565.07
CUST_03223,Mia,Rodriguez,mia.rodriguez3223@example-domain.com,Austin,Texas,78701,2024-06-11,Consumer,Mia Rodriguez,Champions,555,15.0,4.0,11.0,3372.62,4553.04
CUST_03224,Jackson,Anderson,jackson.anderson3224@example-domain.com,Atlanta,Georgia,30301,2023-02-19,Consumer,Jackson Anderson,At Risk,255,12.0,112.0,10.0,4164.35,5621.87
CUST_03225,Noah,Martinez,noah.martinez3225@example-domain.com,San Francisco,California,94102,2023-05-05,Consumer,Noah Martinez,Loyal Customers,345,12.0,58.0,7.0,3194.14,4312.09
CUST_03226,Emma,Anderson,emma.anderson3226@example-domain.com,Seattle,Washington,98101,2023-02-21,Corporate,Emma Anderson,Loyal Customers,334,10.0,64.0,6.0,2540.36,3429.49
CUST_03227,Jackson,Lopez,jackson.lopez3227@example-domain.com,Miami,Florida,33101,2024-03-11,Consumer,Jackson Lopez,Promising,323,8.0,89.0,4.0,1981.35,2674.82
CUST_03228,Ethan,Martinez,ethan.martinez3228@example-domain.com,Los Angeles,California,90001,2024-07-09,Consumer,Ethan Martinez,Champions,455,14.0,29.0,11.0,4316.08,5826.71
CUST_03229,Cameron,Garcia,cameron.garcia3229@example-domain.com,Orlando,Florida,32801,2024-01-01,Consumer,Cameron Garcia,Champions,444,12.0,35.0,7.0,2457.96,3318.25
CUST_03230,Olivia,Smith,olivia.smith3230@example-domain.com,Denver,Colorado,80202,2023-11-29,Consumer,Olivia Smith,At Risk,245,11.0,94.0,7.0,3152.34,4255.66
CUST_03231,Dakota,Johnson,dakota.johnson3231@example-domain.com,New York City,New York,10001,2024-01-01,Consumer,Dakota Johnson,Loyal Customers,533,11.0,16.0,6.0,1920.13,2592.18
CUST_03232,Jordan,Moore,jordan.moore3232@example-domain.com,Boston,Massachusetts,02108,2023-09-12,Consumer,Jordan Moore,Lost Customers,111,3.0,220.0,2.0,693.7,936.5
CUST_03233,Chris,Williams,chris.williams3233@example-domain.com,Columbus,Ohio,43215,2023-04-07,Consumer,Chris Williams,Loyal Customers,432,9.0,40.0,5.0,1207.67,1630.35
CUST_03234,Sam,Jones,sam.jones3234@example-domain.com,Philadelphia,Pennsylvania,19102,2024-03-17,Consumer,Sam Jones,Champions,554,14.0,15.0,9.0,3016.8900000000003,4072.8
CUST_03235,Cameron,Lopez,cameron.lopez3235@example-domain.com,Denver,Colorado,80202,2024-12-06,Consumer,Cameron Lopez,At Risk,255,12.0,152.0,8.0,6303.17,8509.28
CUST_03236,Jackson,Davis,jackson.davis3236@example-domain.com,Raleigh,North Carolina,27601,2024-08-05,Consumer,Jackson Davis,Loyal Customers,355,13.0,63.0,8.0,3547.77,4789.49
CUST_03237,Noah,Johnson,noah.johnson3237@example-domain.com,San Diego,California,92101,2023-12-01,Consumer,Noah Johnson,Champions,543,12.0,1.0,7.0,1780.7,2403.95
CUST_03238,Sophia,Johnson,sophia.johnson3238@example-domain.com,Buffalo,New York,14201,2024-09-15,Small Business,Sophia Johnson,Loyal Customers,432,9.0,25.0,5.0,1461.84,1973.48
CUST_03239,Morgan,Gonzalez,morgan.gonzalez3239@example-domain.com,Raleigh,North Carolina,27601,2023-03-22,Consumer,Morgan Gonzalez,Champions,554,14.0,10.0,9.0,2286.48,3086.75
CUST_03240,Ethan,Martinez,ethan.martinez3240@example-domain.com,Atlanta,Georgia,30301,2024-02-15,Consumer,Ethan Martinez,Potential Loyalists,511,7.0,3.0,3.0,825.02,1113.78
CUST_03241,Alex,Garcia,alex.garcia3241@example-domain.com,Miami,Florida,33101,2024-10-30,Consumer,Alex Garcia,At Risk,235,10.0,178.0,6.0,3290.22,4441.8
CUST_03242,Taylor,Wilson,taylor.wilson3242@example-domain.com,New York City,New York,10001,2023-07-16,Consumer,Taylor Wilson,Hibernating,121,4.0,256.0,4.0,842.99,1138.04
CUST_03243,Mia,Rodriguez,mia.rodriguez3243@example-domain.com,Orlando,Florida,32801,2024-09-22,Consumer,Mia Rodriguez,Champions,552,12.0,7.0,8.0,1217.69,1643.88
CUST_03244,Ava,Moore,ava.moore3244@example-domain.com,Dallas,Texas,75201,2024-12-11,Consumer,Ava Moore,Loyal Customers,331,7.0,93.0,6.0,935.4799999999999,1262.9
CUST_03245,Jordan,Lopez,jordan.lopez3245@example-domain.com,Philadelphia,Pennsylvania,19102,2023-08-09,Corporate,Jordan Lopez,Lost Customers,113,5.0,277.0,3.0,1802.13,2432.88
CUST_03246,Olivia,Rodriguez,olivia.rodriguez3246@example-domain.com,Houston,Texas,77001,2023-10-11,Consumer,Olivia Rodriguez,Hibernating,132,6.0,328.0,5.0,1405.6399999999999,1897.61
CUST_03247,Ava,Johnson,ava.johnson3247@example-domain.com,Boston,Massachusetts,02108,2023-07-05,Consumer,Ava Johnson,At Risk,244,10.0,149.0,7.0,3060.95,4132.28
CUST_03248,Dakota,Rodriguez,dakota.rodriguez3248@example-domain.com,Los Angeles,California,90001,2024-02-21,Consumer,Dakota Rodriguez,Loyal Customers,532,10.0,8.0,6.0,1244.75,1680.41
CUST_03249,Pat,Smith,pat.smith3249@example-domain.com,Atlanta,Georgia,30301,2024-11-03,Corporate,Pat Smith,Champions,455,14.0,39.0,9.0,3373.45,4554.16
CUST_03250,Sam,Rodriguez,sam.rodriguez3250@example-domain.com,Miami,Florida,33101,2024-04-18,Consumer,Sam Rodriguez,At Risk,254,11.0,105.0,8.0,2833.63,3825.4
CUST_03251,Jackson,Hernandez,jackson.hernandez3251@example-domain.com,New York City,New York,10001,2023-08-15,Consumer,Jackson Hernandez,Loyal Customers,434,11.0,25.0,5.0,2817.91,3804.18
CUST_03252,Riley,Smith,riley.smith3252@example-domain.com,Chicago,Illinois,60601,2023-08-15,Consumer,Riley Smith,Potential Loyalists,521,8.0,9.0,4.0,880.51,1188.69
CUST_03253,Taylor,Martin,taylor.martin3253@example-domain.com,Orlando,Florida,32801,2024-12-30,Consumer,Taylor Martin,Loyal Customers,432,9.0,24.0,5.0,1452.88,1961.39
CUST_03254,Jackson,Anderson,jackson.anderson3254@example-domain.com,Atlanta,Georgia,30301,2024-10-12,Consumer,Jackson Anderson,Champions,555,15.0,14.0,13.0,4620.52,6237.7
CUST_03255,Jackson,Hernandez,jackson.hernandez3255@example-domain.com,Columbus,Ohio,43215,2024-02-03,Consumer,Jackson Hernandez,,,,,,,
CUST_03256,Emma,Moore,emma.moore3256@example-domain.com,Los Angeles,California,90001,2023-12-18,Consumer,Emma Moore,Champions,545,14.0,4.0,7.0,3449.2999999999997,4656.56
CUST_03257,Ethan,Hernandez,ethan.hernandez3257@example-domain.com,Seattle,Washington,98101,2024-03-31,Consumer,Ethan Hernandez,Can't Lose Them,153,9.0,339.0,8.0,2187.96,2953.75
CUST_03258,Sam,Anderson,sam.anderson3258@example-domain.com,Philadelphia,Pennsylvania,19102,2023-08-04,Consumer,Sam Anderson,Can't Lose Them,142,7.0,281.0,7.0,1245.59,1681.55
CUST_03259,Lucas,Garcia,lucas.garcia3259@example-domain.com,Boston,Massachusetts,02108,2023-09-19,Consumer,Lucas Garcia,Loyal Customers,434,11.0,35.0,6.0,2301.23,3106.66
CUST_03260,Liam,Johnson,liam.johnson3260@example-domain.com,San Diego,California,92101,2024-10-08,Corporate,Liam Johnson,Loyal Customers,343,10.0,59.0,7.0,2140.09,2889.12
CUST_03261,Emma,Moore,emma.moore3261@example-domain.com,Seattle,Washington,98101,2023-03-27,Consumer,Emma Moore,At Risk,254,11.0,104.0,10.0,2929.66,3955.04
CUST_03262,Pat,Taylor,pat.taylor3262@example-domain.com,Seattle,Washington,98101,2023-11-08,Consumer,Pat Taylor,Loyal Customers,433,10.0,25.0,6.0,2126.25,2870.44
CUST_03263,Dakota,Hernandez,dakota.hernandez3263@example-domain.com,Denver,Colorado,80202,2024-11-21,Consumer,Dakota Hernandez,Champions,444,12.0,32.0,7.0,2639.9500000000003,3563.93
CUST_03264,Noah,Smith,noah.smith3264@example-domain.com,Buffalo,New York,14201,2024-10-01,Consumer,Noah Smith,Loyal Customers,332,8.0,85.0,6.0,1371.69,1851.78
CUST_03265,Mia,Garcia,mia.garcia3265@example-domain.com,Seattle,Washington,98101,2024-08-01,Corporate,Mia Garcia,Customers Needing Attention,221,5.0,203.0,4.0,272.84000000000003,368.33
CUST_03266,Olivia,Wilson,olivia.wilson3266@example-domain.com,Los Angeles,California,90001,2023-10-18,Consumer,Olivia Wilson,Champions,454,13.0,43.0,9.0,2825.58,3814.53
CUST_03267,Lucas,Thomas,lucas.thomas3267@example-domain.com,Dallas,Texas,75201,2024-01-20,Consumer,Lucas Thomas,Loyal Customers,354,12.0,88.0,9.0,2849.91,3847.38
CUST_03268,Lucas,Jones,lucas.jones3268@example-domain.com,Boston,Massachusetts,02108,2024-09-13,Consumer,Lucas Jones,Loyal Customers,334,10.0,71.0,6.0,2419.6,3266.46
CUST_03269,Morgan,Brown,morgan.brown3269@example-domain.com,Boston,Massachusetts,02108,2023-08-12,Consumer,Morgan Brown,Champions,543,12.0,5.0,7.0,1699.67,2294.55
CUST_03270,Pat,Brown,pat.brown3270@example-domain.com,Orlando,Florida,32801,2023-07-02,Consumer,Pat Brown,Lost Customers,111,3.0,266.0,3.0,958.9200000000001,1294.54
CUST_03271,Chris,Gonzalez,chris.gonzalez3271@example-domain.com,Columbus,Ohio,43215,2024-02-23,Consumer,Chris Gonzalez,Hibernating,131,5.0,390.0,5.0,1006.91,1359.33
CUST_03272,Sophia,Miller,sophia.miller3272@example-domain.com,Atlanta,Georgia,30301,2024-09-05,Consumer,Sophia Miller,Champions,553,13.0,3.0,8.0,1854.74,2503.9
CUST_03273,Cameron,Hernandez,cameron.hernandez3273@example-domain.com,Seattle,Washington,98101,2024-10-07,Corporate,Cameron Hernandez,Customers Needing Attention,211,4.0,138.0,3.0,296.96,400.9
CUST_03274,Morgan,Hernandez,morgan.hernandez3274@example-domain.com,Raleigh,North Carolina,27601,2024-07-02,Consumer,Morgan Hernandez,Loyal Customers,335,11.0,70.0,6.0,4178.29,5640.69
CUST_03275,Lucas,Gonzalez,lucas.gonzalez3275@example-domain.com,Dallas,Texas,75201,2024-02-18,Corporate,Lucas Gonzalez,Loyal Customers,334,10.0,78.0,6.0,2838.95,3832.58
CUST_03276,Emma,Anderson,emma.anderson3276@example-domain.com,Orlando,Florida,32801,2024-04-05,Corporate,Emma Anderson,Champions,444,12.0,33.0,7.0,2239.64,3023.51
CUST_03277,Chris,Garcia,chris.garcia3277@example-domain.com,Boston,Massachusetts,02108,2023-10-23,Corporate,Chris Garcia,Champions,442,10.0,31.0,7.0,1260.67,1701.9
CUST_03278,Alex,Moore,alex.moore3278@example-domain.com,Chicago,Illinois,60601,2024-04-20,Consumer,Alex Moore,Champions,555,15.0,14.0,10.0,3317.09,4478.07
CUST_03279,Chris,Brown,chris.brown3279@example-domain.com,Boston,Massachusetts,02108,2024-08-17,Consumer,Chris Brown,Champions,555,15.0,10.0,9.0,3283.38,4432.56
CUST_03280,Olivia,Wilson,olivia.wilson3280@example-domain.com,Atlanta,Georgia,30301,2023-07-13,Corporate,Olivia Wilson,Loyal Customers,343,10.0,49.0,7.0,1729.01,2334.16
CUST_03281,Alex,Martin,alex.martin3281@example-domain.com,Dallas,Texas,75201,2023-05-22,Consumer,Alex Martin,Lost Customers,111,3.0,402.0,1.0,817.01,1102.96
CUST_03282,Jackson,Martin,jackson.martin3282@example-domain.com,Raleigh,North Carolina,27601,2023-03-24,Consumer,Jackson Martin,Loyal Customers,531,9.0,15.0,5.0,824.54,1113.13
CUST_03283,Jackson,Jackson,jackson.jackson3283@example-domain.com,Atlanta,Georgia,30301,2023-01-24,Corporate,Jackson Jackson,Can't Lose Them,154,10.0,314.0,8.0,2840.82,3835.11
CUST_03284,Ethan,Martin,ethan.martin3284@example-domain.com,Dallas,Texas,75201,2023-06-20,Corporate,Ethan Martin,Customers Needing Attention,221,5.0,193.0,4.0,916.21,1236.88
CUST_03285,Mia,Thomas,mia.thomas3285@example-domain.com,San Diego,California,92101,2024-01-15,Consumer,Mia Thomas,At Risk,255,12.0,204.0,8.0,3581.25,4834.69
CUST_03286,Alex,Martin,alex.martin3286@example-domain.com,Boston,Massachusetts,02108,2024-07-19,Consumer,Alex Martin,Potential Loyalists,524,11.0,15.0,4.0,2777.7400000000002,3749.95
CUST_03287,Ava,Miller,ava.miller3287@example-domain.com,Houston,Texas,77001,2024-04-13,Consumer,Ava Miller,Hibernating,135,9.0,353.0,5.0,3415.11,4610.4
CUST_03288,Sophia,Davis,sophia.davis3288@example-domain.com,Houston,Texas,77001,2024-04-28,Corporate,Sophia Davis,Promising,322,7.0,78.0,4.0,1315.51,1775.94
CUST_03289,Pat,Hernandez,pat.hernandez3289@example-domain.com,Buffalo,New York,14201,2023-10-28,Small Business,Pat Hernandez,Champions,454,13.0,38.0,10.0,2891.7799999999997,3903.9
CUST_03290,Taylor,Smith,taylor.smith3290@example-domain.com,Austin,Texas,78701,2024-08-14,Consumer,Taylor Smith,Hibernating,132,6.0,307.0,5.0,1038.9,1402.52
CUST_03291,Noah,Anderson,noah.anderson3291@example-domain.com,Dallas,Texas,75201,2024-12-01,Consumer,Noah Anderson,At Risk,231,6.0,198.0,5.0,1000.76,1351.03
CUST_03292,Jackson,Anderson,jackson.anderson3292@example-domain.com,Dallas,Texas,75201,2023-07-01,Corporate,Jackson Anderson,Loyal Customers,333,9.0,54.0,5.0,2136.87,2884.77
CUST_03293,Noah,Taylor,noah.taylor3293@example-domain.com,New York City,New York,10001,2024-09-10,Consumer,Noah Taylor,At Risk,255,12.0,174.0,9.0,3509.34,4737.61
CUST_03294,Ethan,Garcia,ethan.garcia3294@example-domain.com,Dallas,Texas,75201,2024-04-18,Consumer,Ethan Garcia,Lost Customers,111,3.0,622.0,1.0,851.39,1149.38
CUST_03295,Taylor,Smith,taylor.smith3295@example-domain.com,San Francisco,California,94102,2024-11-29,Small Business,Taylor Smith,Lost Customers,111,3.0,297.0,1.0,76.72,103.57
CUST_03296,Olivia,Taylor,olivia.taylor3296@example-domain.com,Philadelphia,Pennsylvania,19102,2024-01-30,Consumer,Olivia Taylor,Champions,555,15.0,11.0,10.0,4235.21,5717.53
CUST_03297,Taylor,Wilson,taylor.wilson3297@example-domain.com,Miami,Florida,33101,2024-07-04,Consumer,Taylor Wilson,Lost Customers,111,3.0,545.0,1.0,189.19,255.41
CUST_03298,Morgan,Martin,morgan.martin3298@example-domain.com,Columbus,Ohio,43215,2023-01-25,Consumer,Morgan Martin,Champions,555,15.0,19.0,11.0,3363.27,4540.41
CUST_03299,Noah,Thomas,noah.thomas3299@example-domain.com,San Francisco,California,94102,2023-10-27,Consumer,Noah Thomas,Champions,543,12.0,5.0,7.0,2148.52,2900.5
CUST_03300,Liam,Johnson,liam.johnson3300@example-domain.com,Seattle,Washington,98101,2024-02-14,Corporate,Liam Johnson,Champions,553,13.0,3.0,8.0,2083.18,2812.29
CUST_03301,Ava,Anderson,ava.anderson3301@example-domain.com,Atlanta,Georgia,30301,2023-05-08,Consumer,Ava Anderson,Champions,455,14.0,36.0,12.0,5928.93,8004.06
CUST_03302,Morgan,Jones,morgan.jones3302@example-domain.com,Miami,Florida,33101,2024-08-16,Small Business,Morgan Jones,At Risk,255,12.0,210.0,9.0,4898.88,6613.49
CUST_03303,Morgan,Garcia,morgan.garcia3303@example-domain.com,Seattle,Washington,98101,2024-02-27,Consumer,Morgan Garcia,Customers Needing Attention,211,4.0,133.0,2.0,90.86,122.66
CUST_03304,Ethan,Jones,ethan.jones3304@example-domain.com,Dallas,Texas,75201,2024-05-09,Consumer,Ethan Jones,Champions,452,11.0,28.0,10.0,1273.29,1718.94
CUST_03305,Pat,Rodriguez,pat.rodriguez3305@example-domain.com,New York City,New York,10001,2023-12-04,Consumer,Pat Rodriguez,Loyal Customers,334,10.0,89.0,6.0,2410.8900000000003,3254.7
CUST_03306,Taylor,Anderson,taylor.anderson3306@example-domain.com,Philadelphia,Pennsylvania,19102,2023-09-08,Consumer,Taylor Anderson,Champions,544,13.0,4.0,7.0,2924.25,3947.74
CUST_03307,Cameron,Hernandez,cameron.hernandez3307@example-domain.com,Orlando,Florida,32801,2024-12-06,Consumer,Cameron Hernandez,Champions,555,15.0,11.0,11.0,4231.13,5712.03
CUST_03308,Noah,Hernandez,noah.hernandez3308@example-domain.com,Denver,Colorado,80202,2024-12-17,Consumer,Noah Hernandez,Champions,544,13.0,10.0,7.0,2976.36,4018.09
CUST_03309,Cameron,Jackson,cameron.jackson3309@example-domain.com,Miami,Florida,33101,2024-08-31,Consumer,Cameron Jackson,Loyal Customers,345,12.0,54.0,7.0,4188.88,5654.99
CUST_03310,Jordan,Jones,jordan.jones3310@example-domain.com,Buffalo,New York,14201,2024-06-18,Consumer,Jordan Jones,Loyal Customers,534,12.0,6.0,6.0,2454.01,3312.91
CUST_03311,Dakota,Smith,dakota.smith3311@example-domain.com,Dallas,Texas,75201,2024-01-15,Corporate,Dakota Smith,At Risk,232,7.0,110.0,6.0,1091.07,1472.94
CUST_03312,Mia,Lopez,mia.lopez3312@example-domain.com,Orlando,Florida,32801,2023-11-11,Consumer,Mia Lopez,Loyal Customers,435,12.0,35.0,6.0,3437.6800000000003,4640.87
CUST_03313,Chris,Jackson,chris.jackson3313@example-domain.com,Orlando,Florida,32801,2024-05-01,Corporate,Chris Jackson,Champions,555,15.0,4.0,13.0,4429.79,5980.22
CUST_03314,Noah,Martinez,noah.martinez3314@example-domain.com,Buffalo,New York,14201,2024-12-12,Consumer,Noah Martinez,Champions,455,14.0,28.0,9.0,3434.04,4635.95
CUST_03315,Sam,Jones,sam.jones3315@example-domain.com,Orlando,Florida,32801,2024-01-29,Consumer,Sam Jones,Potential Loyalists,511,7.0,7.0,3.0,852.61,1151.02
CUST_03316,Cameron,Davis,cameron.davis3316@example-domain.com,Los Angeles,California,90001,2023-08-05,Consumer,Cameron Davis,Loyal Customers,344,11.0,54.0,7.0,2604.3,3515.8
CUST_03317,Mia,Martinez,mia.martinez3317@example-domain.com,Buffalo,New York,14201,2024-08-21,Consumer,Mia Martinez,Loyal Customers,534,12.0,19.0,6.0,3063.6600000000003,4135.94
CUST_03318,Alex,Rodriguez,alex.rodriguez3318@example-domain.com,Seattle,Washington,98101,2024-06-04,Consumer,Alex Rodriguez,Champions,455,14.0,35.0,10.0,5145.52,6946.45
CUST_03319,Ava,Gonzalez,ava.gonzalez3319@example-domain.com,Philadelphia,Pennsylvania,19102,2024-09-25,Corporate,Ava Gonzalez,Loyal Customers,433,10.0,34.0,6.0,2009.06,2712.23
CUST_03320,Chris,Lopez,chris.lopez3320@example-domain.com,Buffalo,New York,14201,2024-08-24,Corporate,Chris Lopez,Champions,555,15.0,15.0,13.0,3909.19,5277.41
CUST_03321,Ava,Hernandez,ava.hernandez3321@example-domain.com,Raleigh,North Carolina,27601,2024-01-19,Consumer,Ava Hernandez,Can't Lose Them,155,11.0,283.0,8.0,3643.24,4918.37
CUST_03322,Liam,Thomas,liam.thomas3322@example-domain.com,Houston,Texas,77001,2024-06-21,Consumer,Liam Thomas,Lost Customers,113,5.0,254.0,2.0,1618.8400000000001,2185.43
CUST_03323,Emma,Garcia,emma.garcia3323@example-domain.com,Philadelphia,Pennsylvania,19102,2024-01-24,Corporate,Emma Garcia,Loyal Customers,534,12.0,16.0,5.0,2301.92,3107.59
CUST_03324,Alex,Williams,alex.williams3324@example-domain.com,Chicago,Illinois,60601,2023-08-19,Consumer,Alex Williams,Loyal Customers,334,10.0,91.0,5.0,2480.7000000000003,3348.95
CUST_03325,Dakota,Miller,dakota.miller3325@example-domain.com,Dallas,Texas,75201,2023-06-03,Corporate,Dakota Miller,Hibernating,132,6.0,271.0,5.0,1146.2,1547.37
CUST_03326,Cameron,Martin,cameron.martin3326@example-domain.com,New York City,New York,10001,2024-10-27,Corporate,Cameron Martin,Loyal Customers,353,11.0,58.0,8.0,2049.54,2766.88
CUST_03327,Pat,Lopez,pat.lopez3327@example-domain.com,Philadelphia,Pennsylvania,19102,2024-04-15,Corporate,Pat Lopez,Loyal Customers,431,8.0,21.0,5.0,623.67,841.95
CUST_03328,Mia,Smith,mia.smith3328@example-domain.com,Raleigh,North Carolina,27601,2023-08-22,Consumer,Mia Smith,Loyal Customers,354,12.0,48.0,9.0,3077.51,4154.64
CUST_03329,Pat,Lopez,pat.lopez3329@example-domain.com,San Francisco,California,94102,2024-02-13,Consumer,Pat Lopez,Loyal Customers,531,9.0,14.0,6.0,956.03,1290.64
CUST_03330,Morgan,Hernandez,morgan.hernandez3330@example-domain.com,Raleigh,North Carolina,27601,2023-03-10,Consumer,Morgan Hernandez,At Risk,253,10.0,154.0,9.0,1931.99,2608.19
CUST_03331,Cameron,Moore,cameron.moore3331@example-domain.com,Columbus,Ohio,43215,2024-07-04,Consumer,Cameron Moore,Loyal Customers,534,12.0,4.0,6.0,2334.29,3151.29
CUST_03332,Taylor,Johnson,taylor.johnson3332@example-domain.com,Denver,Colorado,80202,2024-08-03,Corporate,Taylor Johnson,Champions,555,15.0,11.0,10.0,3312.17,4471.43
CUST_03333,Ava,Davis,ava.davis3333@example-domain.com,Dallas,Texas,75201,2023-09-20,Consumer,Ava Davis,Champions,555,15.0,11.0,9.0,3415.5,4610.92
CUST_03334,Chris,Davis,chris.davis3334@example-domain.com,Dallas,Texas,75201,2024-12-07,Consumer,Chris Davis,Loyal Customers,432,9.0,42.0,5.0,1294.16,1747.12
CUST_03335,Noah,Garcia,noah.garcia3335@example-domain.com,San Francisco,California,94102,2024-09-15,Corporate,Noah Garcia,Loyal Customers,344,11.0,61.0,7.0,2797.7799999999997,3777.0
CUST_03336,Cameron,Moore,cameron.moore3336@example-domain.com,Miami,Florida,33101,2023-04-04,Corporate,Cameron Moore,Champions,454,13.0,38.0,11.0,2865.01,3867.76
CUST_03337,Pat,Williams,pat.williams3337@example-domain.com,Buffalo,New York,14201,2024-06-19,Small Business,Pat Williams,Loyal Customers,354,12.0,89.0,8.0,2510.43,3389.08
CUST_03338,Dakota,Johnson,dakota.johnson3338@example-domain.com,Austin,Texas,78701,2023-08-22,Corporate,Dakota Johnson,Customers Needing Attention,224,8.0,174.0,4.0,2396.5099999999998,3235.29
CUST_03339,Riley,Jackson,riley.jackson3339@example-domain.com,Philadelphia,Pennsylvania,19102,2024-04-20,Consumer,Riley Jackson,Loyal Customers,333,9.0,76.0,6.0,1989.71,2686.11
CUST_03340,Morgan,Moore,morgan.moore3340@example-domain.com,San Francisco,California,94102,2023-11-23,Consumer,Morgan Moore,Loyal Customers,334,10.0,47.0,6.0,2517.21,3398.23
CUST_03341,Taylor,Miller,taylor.miller3341@example-domain.com,Philadelphia,Pennsylvania,19102,2023-04-30,Corporate,Taylor Miller,Champions,554,14.0,9.0,12.0,2915.67,3936.15
CUST_03342,Noah,Williams,noah.williams3342@example-domain.com,Philadelphia,Pennsylvania,19102,2023-07-22,Consumer,Noah Williams,Hibernating,131,5.0,389.0,5.0,691.3299999999999,933.3
CUST_03343,Morgan,Moore,morgan.moore3343@example-domain.com,Austin,Texas,78701,2024-09-04,Consumer,Morgan Moore,Champions,541,10.0,16.0,7.0,966.55,1304.84
CUST_03344,Emma,Martinez,emma.martinez3344@example-domain.com,Los Angeles,California,90001,2024-08-18,Consumer,Emma Martinez,Hibernating,131,5.0,499.0,6.0,674.89,911.1
CUST_03345,Olivia,Brown,olivia.brown3345@example-domain.com,Denver,Colorado,80202,2024-10-20,Consumer,Olivia Brown,Champions,555,15.0,15.0,8.0,4336.85,5854.75
CUST_03346,Pat,Jackson,pat.jackson3346@example-domain.com,Denver,Colorado,80202,2023-01-01,Corporate,Pat Jackson,Loyal Customers,433,10.0,43.0,6.0,2053.59,2772.35
CUST_03347,Cameron,Wilson,cameron.wilson3347@example-domain.com,Miami,Florida,33101,2024-05-19,Consumer,Cameron Wilson,At Risk,232,7.0,214.0,6.0,1097.58,1481.73
CUST_03348,Chris,Hernandez,chris.hernandez3348@example-domain.com,Raleigh,North Carolina,27601,2024-05-09,Consumer,Chris Hernandez,Lost Customers,111,3.0,469.0,2.0,395.35,533.72
CUST_03349,Ava,Martinez,ava.martinez3349@example-domain.com,Orlando,Florida,32801,2023-09-28,Consumer,Ava Martinez,Loyal Customers,344,11.0,46.0,7.0,2897.7000000000003,3911.9
CUST_03350,Lucas,Davis,lucas.davis3350@example-domain.com,Chicago,Illinois,60601,2023-10-09,Consumer,Lucas Davis,Lost Customers,111,3.0,251.0,3.0,399.21,538.93
CUST_03351,Lucas,Taylor,lucas.taylor3351@example-domain.com,Orlando,Florida,32801,2024-10-02,Consumer,Lucas Taylor,Potential Loyalists,411,6.0,39.0,2.0,256.3,346.01
CUST_03352,Noah,Brown,noah.brown3352@example-domain.com,Houston,Texas,77001,2024-05-14,Consumer,Noah Brown,Hibernating,123,6.0,243.0,4.0,1723.76,2327.08
CUST_03353,Alex,Hernandez,alex.hernandez3353@example-domain.com,Raleigh,North Carolina,27601,2024-04-26,Small Business,Alex Hernandez,Customers Needing Attention,212,5.0,213.0,3.0,1285.8,1735.83
CUST_03354,Emma,Garcia,emma.garcia3354@example-domain.com,Houston,Texas,77001,2023-03-09,Consumer,Emma Garcia,Lost Customers,112,4.0,281.0,2.0,1270.58,1715.28
CUST_03355,Olivia,Martinez,olivia.martinez3355@example-domain.com,New York City,New York,10001,2024-03-29,Consumer,Olivia Martinez,Loyal Customers,344,11.0,87.0,7.0,2401.88,3242.54
CUST_03356,Ethan,Moore,ethan.moore3356@example-domain.com,Houston,Texas,77001,2023-07-18,Consumer,Ethan Moore,Potential Loyalists,421,7.0,31.0,4.0,797.11,1076.1
CUST_03357,Morgan,Davis,morgan.davis3357@example-domain.com,Austin,Texas,78701,2023-11-11,Consumer,Morgan Davis,Lost Customers,111,3.0,278.0,3.0,485.36,655.24
CUST_03358,Ava,Martinez,ava.martinez3358@example-domain.com,Chicago,Illinois,60601,2024-06-27,Consumer,Ava Martinez,Customers Needing Attention,212,5.0,185.0,3.0,1254.53,1693.62
CUST_03359,Emma,Brown,emma.brown3359@example-domain.com,Orlando,Florida,32801,2024-09-16,Corporate,Emma Brown,Champions,545,14.0,14.0,7.0,3217.54,4343.68
CUST_03360,Pat,Jackson,pat.jackson3360@example-domain.com,Buffalo,New York,14201,2023-11-28,Consumer,Pat Jackson,Loyal Customers,354,12.0,45.0,12.0,2908.07,3925.89
CUST_03361,Chris,Miller,chris.miller3361@example-domain.com,Boston,Massachusetts,02108,2023-06-25,Corporate,Chris Miller,Hibernating,122,5.0,296.0,4.0,1194.83,1613.02
CUST_03362,Chris,Martin,chris.martin3362@example-domain.com,Houston,Texas,77001,2023-11-30,Consumer,Chris Martin,Customers Needing Attention,224,8.0,184.0,4.0,2329.83,3145.27
CUST_03363,Ava,Thomas,ava.thomas3363@example-domain.com,Atlanta,Georgia,30301,2023-10-03,Consumer,Ava Thomas,At Risk,232,7.0,139.0,5.0,1467.06,1980.53
CUST_03364,Riley,Rodriguez,riley.rodriguez3364@example-domain.com,Philadelphia,Pennsylvania,19102,2023-11-07,Consumer,Riley Rodriguez,Potential Loyalists,423,9.0,36.0,4.0,2024.77,2733.44
CUST_03365,Sophia,Jones,sophia.jones3365@example-domain.com,Orlando,Florida,32801,2023-12-08,Small Business,Sophia Jones,Hibernating,122,5.0,437.0,4.0,1543.75,2084.06
CUST_03366,Sophia,Hernandez,sophia.hernandez3366@example-domain.com,Denver,Colorado,80202,2023-11-12,Consumer,Sophia Hernandez,Champions,453,12.0,21.0,8.0,1895.5,2558.93
CUST_03367,Olivia,Jackson,olivia.jackson3367@example-domain.com,Boston,Massachusetts,02108,2024-03-03,Consumer,Olivia Jackson,Potential Loyalists,411,6.0,44.0,2.0,258.86,349.46
CUST_03368,Alex,Gonzalez,alex.gonzalez3368@example-domain.com,San Francisco,California,94102,2024-02-23,Consumer,Alex Gonzalez,At Risk,234,9.0,157.0,6.0,2567.75,3466.46
CUST_03369,Sophia,Jones,sophia.jones3369@example-domain.com,Denver,Colorado,80202,2023-10-08,Consumer,Sophia Jones,Customers Needing Attention,222,6.0,208.0,4.0,1230.47,1661.13
CUST_03370,Alex,Miller,alex.miller3370@example-domain.com,Austin,Texas,78701,2024-11-08,Consumer,Alex Miller,Promising,311,5.0,63.0,2.0,366.79,495.17
CUST_03371,Cameron,Martinez,cameron.martinez3371@example-domain.com,Seattle,Washington,98101,2023-01-25,Consumer,Cameron Martinez,Champions,444,12.0,38.0,7.0,2767.78,3736.5
CUST_03372,Ethan,Wilson,ethan.wilson3372@example-domain.com,Boston,Massachusetts,02108,2023-11-30,Consumer,Ethan Wilson,Champions,553,13.0,10.0,8.0,1792.07,2419.29
CUST_03373,Lucas,Moore,lucas.moore3373@example-domain.com,Austin,Texas,78701,2023-08-09,Consumer,Lucas Moore,Promising,311,5.0,72.0,3.0,573.54,774.28
CUST_03374,Jackson,Taylor,jackson.taylor3374@example-domain.com,Denver,Colorado,80202,2023-10-08,Consumer,Jackson Taylor,Loyal Customers,354,12.0,87.0,8.0,2763.63,3730.9
CUST_03375,Morgan,Williams,morgan.williams3375@example-domain.com,Dallas,Texas,75201,2023-06-14,Corporate,Morgan Williams,At Risk,254,11.0,131.0,8.0,2692.92,3635.44
CUST_03376,Ethan,Thomas,ethan.thomas3376@example-domain.com,Philadelphia,Pennsylvania,19102,2023-02-17,Corporate,Ethan Thomas,At Risk,243,9.0,162.0,7.0,1843.8,2489.13
CUST_03377,Liam,Thomas,liam.thomas3377@example-domain.com,Dallas,Texas,75201,2023-10-14,Corporate,Liam Thomas,Can't Lose Them,154,10.0,395.0,8.0,3054.23,4123.21
CUST_03378,Jackson,Jackson,jackson.jackson3378@example-domain.com,Boston,Massachusetts,02108,2023-03-02,Consumer,Jackson Jackson,At Risk,234,9.0,165.0,6.0,2625.46,3544.37
CUST_03379,Morgan,Johnson,morgan.johnson3379@example-domain.com,Chicago,Illinois,60601,2023-10-10,Consumer,Morgan Johnson,Hibernating,121,4.0,245.0,4.0,874.69,1180.83
CUST_03380,Lucas,Lopez,lucas.lopez3380@example-domain.com,Denver,Colorado,80202,2023-10-19,Consumer,Lucas Lopez,Champions,542,11.0,14.0,7.0,1162.85,1569.85
CUST_03381,Morgan,Thomas,morgan.thomas3381@example-domain.com,Buffalo,New York,14201,2023-03-17,Consumer,Morgan Thomas,Loyal Customers,353,11.0,52.0,8.0,2049.0,2766.15
CUST_03382,Ethan,Wilson,ethan.wilson3382@example-domain.com,Buffalo,New York,14201,2023-06-04,Consumer,Ethan Wilson,Potential Loyalists,421,7.0,32.0,4.0,566.72,765.07
CUST_03383,Mia,Martinez,mia.martinez3383@example-domain.com,Austin,Texas,78701,2024-07-29,Consumer,Mia Martinez,Champions,443,11.0,32.0,7.0,1776.07,2397.69
CUST_03384,Taylor,Anderson,taylor.anderson3384@example-domain.com,Dallas,Texas,75201,2023-12-02,Consumer,Taylor Anderson,Hibernating,133,7.0,378.0,5.0,2016.1,2721.74
CUST_03385,Mia,Moore,mia.moore3385@example-domain.com,Miami,Florida,33101,2024-07-24,Consumer,Mia Moore,Loyal Customers,333,9.0,52.0,5.0,1747.92,2359.69
CUST_03386,Ava,Martinez,ava.martinez3386@example-domain.com,Los Angeles,California,90001,2023-05-24,Corporate,Ava Martinez,Champions,552,12.0,10.0,8.0,1279.32,1727.08
CUST_03387,Taylor,Hernandez,taylor.hernandez3387@example-domain.com,Seattle,Washington,98101,2024-04-01,Consumer,Taylor Hernandez,Hibernating,132,6.0,251.0,6.0,1288.64,1739.66
CUST_03388,Pat,Garcia,pat.garcia3388@example-domain.com,Chicago,Illinois,60601,2024-04-24,Consumer,Pat Garcia,At Risk,234,9.0,120.0,5.0,2482.68,3351.62
CUST_03389,Riley,Anderson,riley.anderson3389@example-domain.com,Seattle,Washington,98101,2023-12-08,Consumer,Riley Anderson,Promising,321,6.0,59.0,4.0,908.84,1226.93
CUST_03390,Pat,Rodriguez,pat.rodriguez3390@example-domain.com,Miami,Florida,33101,2024-09-10,Consumer,Pat Rodriguez,Loyal Customers,354,12.0,53.0,9.0,2617.77,3533.99
CUST_03391,Alex,Jones,alex.jones3391@example-domain.com,New York City,New York,10001,2024-10-19,Consumer,Alex Jones,Hibernating,121,4.0,355.0,4.0,547.79,739.52
CUST_03392,Olivia,Wilson,olivia.wilson3392@example-domain.com,Boston,Massachusetts,02108,2024-05-13,Corporate,Olivia Wilson,Loyal Customers,343,10.0,50.0,7.0,2162.1,2918.84
CUST_03393,Jordan,Taylor,jordan.taylor3393@example-domain.com,San Francisco,California,94102,2024-06-08,Corporate,Jordan Taylor,Champions,455,14.0,38.0,8.0,4007.22,5409.75
CUST_03394,Sophia,Smith,sophia.smith3394@example-domain.com,Atlanta,Georgia,30301,2023-02-02,Consumer,Sophia Smith,Loyal Customers,434,11.0,29.0,5.0,2499.38,3374.16
CUST_03395,Ava,Hernandez,ava.hernandez3395@example-domain.com,Columbus,Ohio,43215,2024-05-18,Small Business,Ava Hernandez,Champions,555,15.0,11.0,8.0,3972.79,5363.27
CUST_03396,Dakota,Jackson,dakota.jackson3396@example-domain.com,Chicago,Illinois,60601,2024-10-11,Small Business,Dakota Jackson,Promising,311,5.0,49.0,1.0,165.93,224.01
CUST_03397,Taylor,Williams,taylor.williams3397@example-domain.com,San Diego,California,92101,2024-07-25,Corporate,Taylor Williams,Potential Loyalists,521,8.0,19.0,4.0,742.79,1002.77
CUST_03398,Morgan,Moore,morgan.moore3398@example-domain.com,Houston,Texas,77001,2024-06-09,Corporate,Morgan Moore,Potential Loyalists,411,6.0,26.0,2.0,171.17,231.08
CUST_03399,Taylor,Jackson,taylor.jackson3399@example-domain.com,Denver,Colorado,80202,2024-09-16,Consumer,Taylor Jackson,Potential Loyalists,511,7.0,13.0,2.0,974.6,1315.71
CUST_03400,Pat,Williams,pat.williams3400@example-domain.com,Atlanta,Georgia,30301,2023-10-11,Consumer,Pat Williams,Hibernating,122,5.0,409.0,4.0,1569.07,2118.24
CUST_03401,Noah,Anderson,noah.anderson3401@example-domain.com,Buffalo,New York,14201,2024-10-28,Consumer,Noah Anderson,Loyal Customers,331,7.0,48.0,6.0,994.5,1342.58
CUST_03402,Ethan,Williams,ethan.williams3402@example-domain.com,Houston,Texas,77001,2024-10-25,Consumer,Ethan Williams,Can't Lose Them,155,11.0,247.0,10.0,5394.16,7282.12
CUST_03403,Mia,Hernandez,mia.hernandez3403@example-domain.com,Denver,Colorado,80202,2024-06-24,Small Business,Mia Hernandez,Loyal Customers,531,9.0,14.0,5.0,762.58,1029.48
CUST_03404,Olivia,Smith,olivia.smith3404@example-domain.com,Boston,Massachusetts,02108,2024-08-11,Consumer,Olivia Smith,Customers Needing Attention,211,4.0,97.0,2.0,222.33999999999997,300.16
CUST_03405,Dakota,Smith,dakota.smith3405@example-domain.com,Boston,Massachusetts,02108,2023-01-20,Corporate,Dakota Smith,Loyal Customers,345,12.0,66.0,7.0,3259.85,4400.8
CUST_03406,Alex,Davis,alex.davis3406@example-domain.com,Chicago,Illinois,60601,2024-03-13,Corporate,Alex Davis,Loyal Customers,344,11.0,92.0,7.0,2662.27,3594.06
CUST_03407,Sam,Rodriguez,sam.rodriguez3407@example-domain.com,Dallas,Texas,75201,2024-08-21,Corporate,Sam Rodriguez,Champions,454,13.0,29.0,8.0,2593.21,3500.83
CUST_03408,Ethan,Moore,ethan.moore3408@example-domain.com,Denver,Colorado,80202,2024-10-31,Small Business,Ethan Moore,Promising,321,6.0,56.0,4.0,412.47,556.83
CUST_03409,Pat,Jackson,pat.jackson3409@example-domain.com,Seattle,Washington,98101,2024-08-13,Consumer,Pat Jackson,Lost Customers,111,3.0,505.0,2.0,881.3699999999999,1189.85
CUST_03410,Sam,Miller,sam.miller3410@example-domain.com,Buffalo,New York,14201,2023-07-31,Consumer,Sam Miller,Promising,311,5.0,47.0,3.0,820.13,1107.18
CUST_03411,Dakota,Garcia,dakota.garcia3411@example-domain.com,New York City,New York,10001,2023-01-27,Consumer,Dakota Garcia,Potential Loyalists,422,8.0,24.0,4.0,1036.96,1399.9
CUST_03412,Lucas,Martin,lucas.martin3412@example-domain.com,San Francisco,California,94102,2023-05-11,Consumer,Lucas Martin,Hibernating,133,7.0,311.0,5.0,1961.2,2647.62
CUST_03413,Lucas,Lopez,lucas.lopez3413@example-domain.com,San Diego,California,92101,2023-12-02,Consumer,Lucas Lopez,Loyal Customers,345,12.0,48.0,7.0,3237.3,4370.36
CUST_03414,Ethan,Davis,ethan.davis3414@example-domain.com,Austin,Texas,78701,2023-07-26,Consumer,Ethan Davis,Champions,554,14.0,16.0,11.0,3028.34,4088.26
CUST_03415,Dakota,Garcia,dakota.garcia3415@example-domain.com,Atlanta,Georgia,30301,2023-10-05,Corporate,Dakota Garcia,Champions,542,11.0,15.0,7.0,1538.51,2076.99
CUST_03416,Riley,Miller,riley.miller3416@example-domain.com,Seattle,Washington,98101,2023-01-28,Consumer,Riley Miller,At Risk,252,9.0,159.0,8.0,1386.45,1871.71
CUST_03417,Sam,Anderson,sam.anderson3417@example-domain.com,New York City,New York,10001,2024-01-20,Consumer,Sam Anderson,Loyal Customers,534,12.0,16.0,6.0,2837.18,3830.19
CUST_03418,Alex,Anderson,alex.anderson3418@example-domain.com,Austin,Texas,78701,2024-01-25,Consumer,Alex Anderson,Champions,454,13.0,35.0,10.0,2560.7400000000002,3457.0
CUST_03419,Jordan,Anderson,jordan.anderson3419@example-domain.com,Denver,Colorado,80202,2024-02-13,Consumer,Jordan Anderson,Champions,554,14.0,17.0,9.0,2562.72,3459.67
CUST_03420,Pat,Miller,pat.miller3420@example-domain.com,Boston,Massachusetts,02108,2024-08-27,Consumer,Pat Miller,At Risk,232,7.0,207.0,6.0,1275.3799999999999,1721.76
CUST_03421,Morgan,Williams,morgan.williams3421@example-domain.com,Houston,Texas,77001,2024-06-02,Corporate,Morgan Williams,Potential Loyalists,421,7.0,27.0,4.0,221.55,299.09
CUST_03422,Mia,Taylor,mia.taylor3422@example-domain.com,New York City,New York,10001,2023-06-16,Consumer,Mia Taylor,Promising,313,7.0,60.0,3.0,1787.1399999999999,2412.64
CUST_03423,Pat,Brown,pat.brown3423@example-domain.com,Philadelphia,Pennsylvania,19102,2024-09-11,Corporate,Pat Brown,Loyal Customers,431,8.0,36.0,5.0,818.76,1105.33
CUST_03424,Sophia,Hernandez,sophia.hernandez3424@example-domain.com,Atlanta,Georgia,30301,2023-07-15,Consumer,Sophia Hernandez,At Risk,254,11.0,121.0,10.0,2743.0699999999997,3703.14
CUST_03425,Pat,Williams,pat.williams3425@example-domain.com,Raleigh,North Carolina,27601,2024-01-04,Corporate,Pat Williams,Lost Customers,111,3.0,726.0,1.0,144.29,194.79
CUST_03426,Emma,Rodriguez,emma.rodriguez3426@example-domain.com,Raleigh,North Carolina,27601,2023-04-25,Consumer,Emma Rodriguez,Champions,555,15.0,3.0,10.0,4947.67,6679.35
CUST_03427,Noah,Smith,noah.smith3427@example-domain.com,Los Angeles,California,90001,2024-01-25,Consumer,Noah Smith,Hibernating,121,4.0,314.0,4.0,957.39,1292.48
CUST_03428,Olivia,Gonzalez,olivia.gonzalez3428@example-domain.com,New York City,New York,10001,2023-12-30,Consumer,Olivia Gonzalez,Customers Needing Attention,211,4.0,157.0,3.0,756.78,1021.65
CUST_03429,Sophia,Martinez,sophia.martinez3429@example-domain.com,San Diego,California,92101,2024-03-20,Corporate,Sophia Martinez,Champions,554,14.0,9.0,9.0,2402.96,3244.0
CUST_03430,Dakota,Davis,dakota.davis3430@example-domain.com,San Diego,California,92101,2024-10-28,Consumer,Dakota Davis,Customers Needing Attention,211,4.0,146.0,3.0,450.84,608.63
CUST_03431,Liam,Thomas,liam.thomas3431@example-domain.com,Los Angeles,California,90001,2023-10-09,Consumer,Liam Thomas,Champions,553,13.0,19.0,8.0,2169.7,2929.1
CUST_03432,Ethan,Johnson,ethan.johnson3432@example-domain.com,Buffalo,New York,14201,2023-09-12,Small Business,Ethan Johnson,Hibernating,134,8.0,301.0,6.0,2818.19,3804.56
CUST_03433,Chris,Jackson,chris.jackson3433@example-domain.com,Los Angeles,California,90001,2023-05-12,Corporate,Chris Jackson,Lost Customers,113,5.0,330.0,2.0,1921.21,2593.63
CUST_03434,Ava,Jones,ava.jones3434@example-domain.com,Buffalo,New York,14201,2024-12-12,Consumer,Ava Jones,Potential Loyalists,422,8.0,31.0,4.0,1086.0,1466.1
CUST_03435,Emma,Johnson,emma.johnson3435@example-domain.com,San Francisco,California,94102,2024-09-02,Corporate,Emma Johnson,At Risk,243,9.0,108.0,7.0,1734.47,2341.53
CUST_03436,Pat,Martinez,pat.martinez3436@example-domain.com,Seattle,Washington,98101,2024-09-24,Consumer,Pat Martinez,At Risk,255,12.0,140.0,10.0,4812.11,6496.35
CUST_03437,Olivia,Garcia,olivia.garcia3437@example-domain.com,Atlanta,Georgia,30301,2023-06-26,Consumer,Olivia Garcia,Loyal Customers,355,13.0,52.0,8.0,3615.15,4880.45
CUST_03438,Chris,Taylor,chris.taylor3438@example-domain.com,Buffalo,New York,14201,2024-11-15,Consumer,Chris Taylor,Can't Lose Them,144,9.0,312.0,7.0,2239.97,3023.96
CUST_03439,Chris,Lopez,chris.lopez3439@example-domain.com,New York City,New York,10001,2023-06-16,Small Business,Chris Lopez,Loyal Customers,355,13.0,68.0,13.0,3883.0299999999997,5242.09
CUST_03440,Alex,Thomas,alex.thomas3440@example-domain.com,Austin,Texas,78701,2023-11-10,Small Business,Alex Thomas,Can't Lose Them,155,11.0,358.0,13.0,6814.64,9199.76
CUST_03441,Liam,Lopez,liam.lopez3441@example-domain.com,Miami,Florida,33101,2024-09-28,Consumer,Liam Lopez,Champions,545,14.0,12.0,7.0,3304.04,4460.45
CUST_03442,Ethan,Smith,ethan.smith3442@example-domain.com,Los Angeles,California,90001,2023-12-06,Consumer,Ethan Smith,Can't Lose Them,144,9.0,288.0,7.0,2936.1,3963.74
CUST_03443,Alex,Thomas,alex.thomas3443@example-domain.com,San Francisco,California,94102,2023-05-28,Consumer,Alex Thomas,Loyal Customers,354,12.0,92.0,8.0,2251.06,3038.93
CUST_03444,Olivia,Johnson,olivia.johnson3444@example-domain.com,Columbus,Ohio,43215,2024-01-22,Small Business,Olivia Johnson,Can't Lose Them,143,8.0,264.0,7.0,1841.53,2486.07
CUST_03445,Jackson,Taylor,jackson.taylor3445@example-domain.com,Houston,Texas,77001,2023-06-11,Small Business,Jackson Taylor,At Risk,233,8.0,200.0,6.0,1722.1499999999999,2324.9
CUST_03446,Morgan,Smith,morgan.smith3446@example-domain.com,Seattle,Washington,98101,2023-08-17,Consumer,Morgan Smith,Lost Customers,111,3.0,374.0,3.0,469.61,633.97
CUST_03447,Taylor,Wilson,taylor.wilson3447@example-domain.com,San Diego,California,92101,2023-04-26,Corporate,Taylor Wilson,Customers Needing Attention,222,6.0,141.0,4.0,1409.12,1902.31
CUST_03448,Emma,Anderson,emma.anderson3448@example-domain.com,Atlanta,Georgia,30301,2024-07-03,Corporate,Emma Anderson,,,,,,,
CUST_03449,Noah,Jones,noah.jones3449@example-domain.com,Los Angeles,California,90001,2023-11-15,Consumer,Noah Jones,Hibernating,134,8.0,375.0,6.0,2903.4700000000003,3919.68
CUST_03450,Emma,Thomas,emma.thomas3450@example-domain.com,Miami,Florida,33101,2023-05-12,Consumer,Emma Thomas,Can't Lose Them,144,9.0,359.0,7.0,2274.13,3070.08
CUST_03451,Ethan,Moore,ethan.moore3451@example-domain.com,Seattle,Washington,98101,2024-09-20,Consumer,Ethan Moore,At Risk,233,8.0,206.0,5.0,2150.29,2902.89
CUST_03452,Morgan,Thomas,morgan.thomas3452@example-domain.com,Philadelphia,Pennsylvania,19102,2024-08-07,Consumer,Morgan Thomas,Loyal Customers,335,11.0,60.0,6.0,4775.9,6447.46
CUST_03453,Pat,Jones,pat.jones3453@example-domain.com,Dallas,Texas,75201,2024-06-11,Consumer,Pat Jones,Promising,321,6.0,86.0,4.0,549.8,742.23
CUST_03454,Sam,Jones,sam.jones3454@example-domain.com,Dallas,Texas,75201,2024-11-06,Consumer,Sam Jones,Loyal Customers,434,11.0,31.0,5.0,2675.46,3611.87
CUST_03455,Taylor,Brown,taylor.brown3455@example-domain.com,Boston,Massachusetts,02108,2023-10-17,Small Business,Taylor Brown,Can't Lose Them,155,11.0,233.0,13.0,4598.19,6207.56
CUST_03456,Jackson,Brown,jackson.brown3456@example-domain.com,Dallas,Texas,75201,2023-08-20,Consumer,Jackson Brown,Loyal Customers,533,11.0,18.0,6.0,1839.78,2483.7
CUST_03457,Cameron,Garcia,cameron.garcia3457@example-domain.com,Orlando,Florida,32801,2023-12-03,Consumer,Cameron Garcia,Hibernating,132,6.0,347.0,6.0,1426.31,1925.52
CUST_03458,Noah,Jackson,noah.jackson3458@example-domain.com,Raleigh,North Carolina,27601,2024-06-13,Consumer,Noah Jackson,At Risk,245,11.0,208.0,7.0,3134.78,4231.95
CUST_03459,Mia,Rodriguez,mia.rodriguez3459@example-domain.com,Buffalo,New York,14201,2023-12-02,Consumer,Mia Rodriguez,Customers Needing Attention,214,7.0,116.0,2.0,2360.79,3187.07
CUST_03460,Olivia,Lopez,olivia.lopez3460@example-domain.com,Buffalo,New York,14201,2024-08-16,Consumer,Olivia Lopez,At Risk,244,10.0,104.0,7.0,2248.25,3035.14
CUST_03461,Jordan,Gonzalez,jordan.gonzalez3461@example-domain.com,San Francisco,California,94102,2023-07-22,Consumer,Jordan Gonzalez,Champions,454,13.0,40.0,10.0,2514.57,3394.67
CUST_03462,Chris,Smith,chris.smith3462@example-domain.com,Buffalo,New York,14201,2024-10-11,Consumer,Chris Smith,At Risk,243,9.0,106.0,7.0,1613.44,2178.14
CUST_03463,Jordan,Davis,jordan.davis3463@example-domain.com,Houston,Texas,77001,2024-02-11,Consumer,Jordan Davis,Champions,454,13.0,40.0,8.0,2607.39,3519.98
CUST_03464,Ethan,Smith,ethan.smith3464@example-domain.com,Philadelphia,Pennsylvania,19102,2024-05-10,Consumer,Ethan Smith,Loyal Customers,531,9.0,20.0,5.0,820.94,1108.27
CUST_03465,Sophia,Miller,sophia.miller3465@example-domain.com,Boston,Massachusetts,02108,2024-04-07,Consumer,Sophia Miller,Loyal Customers,344,11.0,73.0,7.0,2599.21,3508.93
CUST_03466,Pat,Anderson,pat.anderson3466@example-domain.com,Miami,Florida,33101,2024-07-12,Corporate,Pat Anderson,Hibernating,131,5.0,370.0,5.0,518.8,700.38
CUST_03467,Noah,Brown,noah.brown3467@example-domain.com,Miami,Florida,33101,2024-11-02,Consumer,Noah Brown,Lost Customers,113,5.0,423.0,1.0,1990.21,2686.78
CUST_03468,Ava,Hernandez,ava.hernandez3468@example-domain.com,Chicago,Illinois,60601,2023-07-10,Consumer,Ava Hernandez,Customers Needing Attention,221,5.0,114.0,4.0,348.49,470.46
CUST_03469,Cameron,Hernandez,cameron.hernandez3469@example-domain.com,Philadelphia,Pennsylvania,19102,2024-07-16,Corporate,Cameron Hernandez,Loyal Customers,532,10.0,6.0,6.0,1508.88,2036.99
CUST_03470,Noah,Brown,noah.brown3470@example-domain.com,Chicago,Illinois,60601,2024-06-15,Consumer,Noah Brown,Lost Customers,111,3.0,563.0,3.0,435.55,587.99
CUST_03471,Cameron,Williams,cameron.williams3471@example-domain.com,Seattle,Washington,98101,2024-03-12,Consumer,Cameron Williams,Loyal Customers,433,10.0,27.0,5.0,2064.11,2786.55
CUST_03472,Alex,Moore,alex.moore3472@example-domain.com,Buffalo,New York,14201,2023-04-07,Corporate,Alex Moore,Customers Needing Attention,221,5.0,210.0,4.0,582.77,786.74
CUST_03473,Riley,Anderson,riley.anderson3473@example-domain.com,New York City,New York,10001,2023-05-04,Consumer,Riley Anderson,Potential Loyalists,523,10.0,18.0,4.0,1631.22,2202.15
CUST_03474,Lucas,Martinez,lucas.martinez3474@example-domain.com,Buffalo,New York,14201,2023-12-22,Consumer,Lucas Martinez,Loyal Customers,535,13.0,19.0,6.0,3228.75,4358.81
CUST_03475,Dakota,Anderson,dakota.anderson3475@example-domain.com,Atlanta,Georgia,30301,2024-07-20,Corporate,Dakota Anderson,Potential Loyalists,422,8.0,38.0,4.0,1280.12,1728.16
CUST_03476,Taylor,Taylor,taylor.taylor3476@example-domain.com,Houston,Texas,77001,2024-02-12,Corporate,Taylor Taylor,Promising,321,6.0,48.0,4.0,581.54,785.08
CUST_03477,Ava,Miller,ava.miller3477@example-domain.com,Buffalo,New York,14201,2024-11-27,Small Business,Ava Miller,Champions,453,12.0,39.0,8.0,2129.01,2874.16
CUST_03478,Riley,Smith,riley.smith3478@example-domain.com,Austin,Texas,78701,2023-12-29,Consumer,Riley Smith,Lost Customers,111,3.0,732.0,1.0,94.59,127.7
CUST_03479,Ava,Martin,ava.martin3479@example-domain.com,Buffalo,New York,14201,2024-07-30,Consumer,Ava Martin,Loyal Customers,355,13.0,61.0,12.0,4204.81,5676.49
CUST_03480,Ava,Taylor,ava.taylor3480@example-domain.com,San Francisco,California,94102,2024-06-29,Consumer,Ava Taylor,At Risk,233,8.0,144.0,6.0,1827.85,2467.6
CUST_03481,Sophia,Moore,sophia.moore3481@example-domain.com,Dallas,Texas,75201,2024-12-11,Consumer,Sophia Moore,Loyal Customers,354,12.0,56.0,9.0,3090.14,4171.69
CUST_03482,Ava,Garcia,ava.garcia3482@example-domain.com,Seattle,Washington,98101,2023-06-12,Consumer,Ava Garcia,Loyal Customers,354,12.0,58.0,9.0,3011.77,4065.89
CUST_03483,Morgan,Garcia,morgan.garcia3483@example-domain.com,Dallas,Texas,75201,2023-06-05,Consumer,Morgan Garcia,Loyal Customers,433,10.0,22.0,5.0,1664.8,2247.48
CUST_03484,Lucas,Martin,lucas.martin3484@example-domain.com,Atlanta,Georgia,30301,2023-07-27,Small Business,Lucas Martin,Potential Loyalists,523,10.0,10.0,4.0,1953.32,2636.98
CUST_03485,Cameron,Johnson,cameron.johnson3485@example-domain.com,Boston,Massachusetts,02108,2023-10-31,Consumer,Cameron Johnson,Loyal Customers,354,12.0,68.0,10.0,2594.7,3502.84
CUST_03486,Liam,Taylor,liam.taylor3486@example-domain.com,Atlanta,Georgia,30301,2024-05-02,Consumer,Liam Taylor,At Risk,231,6.0,185.0,5.0,989.23,1335.46
CUST_03487,Noah,Hernandez,noah.hernandez3487@example-domain.com,Buffalo,New York,14201,2023-11-04,Consumer,Noah Hernandez,At Risk,242,8.0,135.0,7.0,1585.13,2139.93
CUST_03488,Alex,Williams,alex.williams3488@example-domain.com,Miami,Florida,33101,2024-12-26,Consumer,Alex Williams,Champions,444,12.0,23.0,7.0,2807.84,3790.58
CUST_03489,Lucas,Martinez,lucas.martinez3489@example-domain.com,Austin,Texas,78701,2024-09-19,Consumer,Lucas Martinez,Champions,453,12.0,25.0,9.0,2100.96,2836.3
CUST_03490,Jackson,Williams,jackson.williams3490@example-domain.com,San Francisco,California,94102,2024-02-25,Consumer,Jackson Williams,Loyal Customers,534,12.0,1.0,5.0,2417.16,3263.17
CUST_03491,Sam,Jones,sam.jones3491@example-domain.com,Philadelphia,Pennsylvania,19102,2023-06-14,Consumer,Sam Jones,Hibernating,132,6.0,255.0,5.0,1197.58,1616.73
CUST_03492,Riley,Gonzalez,riley.gonzalez3492@example-domain.com,Houston,Texas,77001,2024-10-23,Consumer,Riley Gonzalez,At Risk,231,6.0,103.0,5.0,455.04999999999995,614.32
CUST_03493,Olivia,Gonzalez,olivia.gonzalez3493@example-domain.com,Austin,Texas,78701,2023-09-12,Corporate,Olivia Gonzalez,At Risk,233,8.0,213.0,5.0,2191.65,2958.73
CUST_03494,Sophia,Williams,sophia.williams3494@example-domain.com,Dallas,Texas,75201,2023-10-10,Corporate,Sophia Williams,Hibernating,121,4.0,470.0,4.0,627.1700000000001,846.68
CUST_03495,Sam,Gonzalez,sam.gonzalez3495@example-domain.com,New York City,New York,10001,2024-08-22,Consumer,Sam Gonzalez,Customers Needing Attention,224,8.0,116.0,4.0,2231.01,3011.86
CUST_03496,Sam,Miller,sam.miller3496@example-domain.com,Denver,Colorado,80202,2023-05-26,Consumer,Sam Miller,Customers Needing Attention,212,5.0,96.0,3.0,1057.77,1427.99
CUST_03497,Cameron,Hernandez,cameron.hernandez3497@example-domain.com,Los Angeles,California,90001,2024-10-14,Corporate,Cameron Hernandez,Lost Customers,112,4.0,442.0,2.0,1075.83,1452.37
CUST_03498,Morgan,Taylor,morgan.taylor3498@example-domain.com,Orlando,Florida,32801,2024-06-20,Corporate,Morgan Taylor,Potential Loyalists,421,7.0,29.0,4.0,763.92,1031.29
CUST_03499,Morgan,Martin,morgan.martin3499@example-domain.com,Philadelphia,Pennsylvania,19102,2023-08-26,Consumer,Morgan Martin,Loyal Customers,353,11.0,49.0,12.0,1934.4499999999998,2611.51
CUST_03500,Noah,Martinez,noah.martinez3500@example-domain.com,New York City,New York,10001,2024-07-08,Corporate,Noah Martinez,Lost Customers,111,3.0,540.0,3.0,293.11,395.7
